Input System module state changed to: Initialized.
[Physics::Module] Initialized fallback backend.
[Physics::Module] Id: 0xdecafbad
Loading player data from E:/3.21FeatherLand/featherlandunit_Data/data.unity3d
Initialize engine version: 6000.0.58f2 (92dee566b325)
[Subsystems] Discovering subsystems at path E:/3.21FeatherLand/featherlandunit_Data/UnitySubsystems
kGfxThreadingModeSplitJobs is not supported on Direct3D 11. Reverting to kGfxThreadingModeClientWorkerJobs instead.
GfxDevice: creating device client; kGfxThreadingModeClientWorkerJobs
Direct3D:
    Version:  Direct3D 11.0 [level 11.1]
    Renderer: NVIDIA GeForce RTX 4090 Laptop GPU (ID=0x2757)
    Vendor:   NVIDIA
    VRAM:     16050 MB
    Driver:   32.0.15.7680
<RI> Initializing input.
Using Windows.Gaming.Input
<RI> Input initialized.
UnloadTime: 0.273100 ms
Odin Serializer ArchitectureInfo initialization with defaults (all unaligned read/writes disabled).
UnityEngine.DebugLogHandler:Internal_Log(LogType, LogOption, String, Object)
UnityEngine.Logger:Log(LogType, Object)
UnityEngine.Debug:Log(Object)
Sirenix.Serialization.UnitySerializationInitializer:Initialize()

Odin Serializer detected whitelisted runtime platform WindowsPlayer and memory read test succeeded; enabling all unaligned memory read/writes.
UnityEngine.DebugLogHandler:Internal_Log(LogType, LogOption, String, Object)
UnityEngine.Logger:Log(LogType, Object)
UnityEngine.Debug:Log(Object)
Sirenix.Serialization.ArchitectureInfo:SetRuntimePlatform(RuntimePlatform)
Sirenix.Serialization.UnitySerializationInitializer:Initialize()

SteamAPI initialized successfully!
UnityEngine.DebugLogHandler:Internal_Log(LogType, LogOption, String, Object)
UnityEngine.Logger:Log(LogType, Object)
UnityEngine.Debug:Log(Object)
BirdGame.SteamSystem:OnInit() (at E:/Unity/Projects/Work/FeatherLandNew/Assets/Scripts/New/Systems/ISteamSystem.cs:27)
QFramework.Architecture`1:MakeSureArchitecture() (at E:/Unity/Projects/Work/FeatherLandNew/Assets/QFramework/Framework/Scripts/QFramework.cs:104)
QFramework.Architecture`1:get_Interface() (at E:/Unity/Projects/Work/FeatherLandNew/Assets/QFramework/Framework/Scripts/QFramework.cs:80)
QFramework.CanRegisterEventExtension:RegisterEvent(ICanRegisterEvent, Action`1) (at E:/Unity/Projects/Work/FeatherLandNew/Assets/QFramework/Framework/Scripts/QFramework.cs:402)
BirdGame.GameEntry:Start() (at E:/Unity/Projects/Work/FeatherLandNew/Assets/Scripts/New/ViewController/Game/GameEntry.cs:50)

Player's name: fuleo2400
UnityEngine.DebugLogHandler:Internal_Log(LogType, LogOption, String, Object)
UnityEngine.Logger:Log(LogType, Object)
UnityEngine.Debug:Log(Object)
BirdGame.SteamSystem:OnInit() (at E:/Unity/Projects/Work/FeatherLandNew/Assets/Scripts/New/Systems/ISteamSystem.cs:30)
QFramework.Architecture`1:MakeSureArchitecture() (at E:/Unity/Projects/Work/FeatherLandNew/Assets/QFramework/Framework/Scripts/QFramework.cs:104)
QFramework.Architecture`1:get_Interface() (at E:/Unity/Projects/Work/FeatherLandNew/Assets/QFramework/Framework/Scripts/QFramework.cs:80)
QFramework.CanRegisterEventExtension:RegisterEvent(ICanRegisterEvent, Action`1) (at E:/Unity/Projects/Work/FeatherLandNew/Assets/QFramework/Framework/Scripts/QFramework.cs:402)
BirdGame.GameEntry:Start() (at E:/Unity/Projects/Work/FeatherLandNew/Assets/Scripts/New/ViewController/Game/GameEntry.cs:50)

RenderGraph is now enabled.
UnityEngine.DebugLogHandler:Internal_Log(LogType, LogOption, String, Object)
UnityEngine.Logger:Log(LogType, Object)
UnityEngine.Debug:Log(Object)
UnityEngine.Rendering.Universal.UniversalRenderPipeline:.ctor(UniversalRenderPipelineAsset) (at ./Library/PackageCache/com.unity.render-pipelines.universal@e1fa89d1f997/Runtime/UniversalRenderPipeline.cs:259)
UnityEngine.Rendering.Universal.UniversalRenderPipelineAsset:CreatePipeline() (at ./Library/PackageCache/com.unity.render-pipelines.universal@e1fa89d1f997/Runtime/Data/UniversalRenderPipelineAsset.cs:793)
UnityEngine.Rendering.RenderPipelineAsset:InternalCreatePipeline()
UnityEngine.Rendering.RenderPipelineManager:TryPrepareRenderPipeline(RenderPipelineAsset)
UnityEngine.Rendering.RenderPipelineManager:DoRenderLoop_Internal(RenderPipelineAsset, IntPtr, Object)

LocalizationConfig加载完成，包含 8 种语言:
UnityEngine.DebugLogHandler:Internal_Log(LogType, LogOption, String, Object)
UnityEngine.Logger:Log(LogType, Object)
UnityEngine.Debug:Log(Object)
BirdGame.LoadGameCommand:OnLocalizationConfigComplete(LocalizationConfig) (at E:/Unity/Projects/Work/FeatherLandNew/Assets/Scripts/New/Commands/LoadGameCommand.cs:89)
UnityEngine.UI.CoroutineTween.FloatTween:get_duration() (at ./Library/PackageCache/com.unity.ugui@aa507f3228f0/Runtime/UGUI/UI/Animation/CoroutineTween.cs:142)
System.Threading.ExecutionContext:RunInternal(ExecutionContext, ContextCallback, Object, Boolean)
System.Runtime.CompilerServices.MoveNextRunner:Run()
Cysharp.Threading.Tasks.Awaiter:GetResult() (at E:/Unity/Projects/Work/FeatherLandNew/Assets/Plugins/UniTask/Runtime/UniTask.cs:317)
Cysharp.Threading.Tasks.Internal.ContinuationQueue:RunCore() (at E:/Unity/Projects/Work/FeatherLandNew/Assets/Plugins/UniTask/Runtime/Internal/ContinuationQueue.cs:194)

  - English: 357 个翻译条目
UnityEngine.DebugLogHandler:Internal_Log(LogType, LogOption, String, Object)
UnityEngine.Logger:Log(LogType, Object)
UnityEngine.Debug:Log(Object)
BirdGame.LoadGameCommand:OnLocalizationConfigComplete(LocalizationConfig) (at E:/Unity/Projects/Work/FeatherLandNew/Assets/Scripts/New/Commands/LoadGameCommand.cs:92)
UnityEngine.UI.CoroutineTween.FloatTween:get_duration() (at ./Library/PackageCache/com.unity.ugui@aa507f3228f0/Runtime/UGUI/UI/Animation/CoroutineTween.cs:142)
System.Threading.ExecutionContext:RunInternal(ExecutionContext, ContextCallback, Object, Boolean)
System.Runtime.CompilerServices.MoveNextRunner:Run()
Cysharp.Threading.Tasks.Awaiter:GetResult() (at E:/Unity/Projects/Work/FeatherLandNew/Assets/Plugins/UniTask/Runtime/UniTask.cs:317)
Cysharp.Threading.Tasks.Internal.ContinuationQueue:RunCore() (at E:/Unity/Projects/Work/FeatherLandNew/Assets/Plugins/UniTask/Runtime/Internal/ContinuationQueue.cs:194)

  - ChineseSimplified: 357 个翻译条目
UnityEngine.DebugLogHandler:Internal_Log(LogType, LogOption, String, Object)
UnityEngine.Logger:Log(LogType, Object)
UnityEngine.Debug:Log(Object)
BirdGame.LoadGameCommand:OnLocalizationConfigComplete(LocalizationConfig) (at E:/Unity/Projects/Work/FeatherLandNew/Assets/Scripts/New/Commands/LoadGameCommand.cs:92)
UnityEngine.UI.CoroutineTween.FloatTween:get_duration() (at ./Library/PackageCache/com.unity.ugui@aa507f3228f0/Runtime/UGUI/UI/Animation/CoroutineTween.cs:142)
System.Threading.ExecutionContext:RunInternal(ExecutionContext, ContextCallback, Object, Boolean)
System.Runtime.CompilerServices.MoveNextRunner:Run()
Cysharp.Threading.Tasks.Awaiter:GetResult() (at E:/Unity/Projects/Work/FeatherLandNew/Assets/Plugins/UniTask/Runtime/UniTask.cs:317)
Cysharp.Threading.Tasks.Internal.ContinuationQueue:RunCore() (at E:/Unity/Projects/Work/FeatherLandNew/Assets/Plugins/UniTask/Runtime/Internal/ContinuationQueue.cs:194)

  - ChineseTraditional: 357 个翻译条目
UnityEngine.DebugLogHandler:Internal_Log(LogType, LogOption, String, Object)
UnityEngine.Logger:Log(LogType, Object)
UnityEngine.Debug:Log(Object)
BirdGame.LoadGameCommand:OnLocalizationConfigComplete(LocalizationConfig) (at E:/Unity/Projects/Work/FeatherLandNew/Assets/Scripts/New/Commands/LoadGameCommand.cs:92)
UnityEngine.UI.CoroutineTween.FloatTween:get_duration() (at ./Library/PackageCache/com.unity.ugui@aa507f3228f0/Runtime/UGUI/UI/Animation/CoroutineTween.cs:142)
System.Threading.ExecutionContext:RunInternal(ExecutionContext, ContextCallback, Object, Boolean)
System.Runtime.CompilerServices.MoveNextRunner:Run()
Cysharp.Threading.Tasks.Awaiter:GetResult() (at E:/Unity/Projects/Work/FeatherLandNew/Assets/Plugins/UniTask/Runtime/UniTask.cs:317)
Cysharp.Threading.Tasks.Internal.ContinuationQueue:RunCore() (at E:/Unity/Projects/Work/FeatherLandNew/Assets/Plugins/UniTask/Runtime/Internal/ContinuationQueue.cs:194)

  - Japanese: 357 个翻译条目
UnityEngine.DebugLogHandler:Internal_Log(LogType, LogOption, String, Object)
UnityEngine.Logger:Log(LogType, Object)
UnityEngine.Debug:Log(Object)
BirdGame.LoadGameCommand:OnLocalizationConfigComplete(LocalizationConfig) (at E:/Unity/Projects/Work/FeatherLandNew/Assets/Scripts/New/Commands/LoadGameCommand.cs:92)
UnityEngine.UI.CoroutineTween.FloatTween:get_duration() (at ./Library/PackageCache/com.unity.ugui@aa507f3228f0/Runtime/UGUI/UI/Animation/CoroutineTween.cs:142)
System.Threading.ExecutionContext:RunInternal(ExecutionContext, ContextCallback, Object, Boolean)
System.Runtime.CompilerServices.MoveNextRunner:Run()
Cysharp.Threading.Tasks.Awaiter:GetResult() (at E:/Unity/Projects/Work/FeatherLandNew/Assets/Plugins/UniTask/Runtime/UniTask.cs:317)
Cysharp.Threading.Tasks.Internal.ContinuationQueue:RunCore() (at E:/Unity/Projects/Work/FeatherLandNew/Assets/Plugins/UniTask/Runtime/Internal/ContinuationQueue.cs:194)

  - Korean: 357 个翻译条目
UnityEngine.DebugLogHandler:Internal_Log(LogType, LogOption, String, Object)
UnityEngine.Logger:Log(LogType, Object)
UnityEngine.Debug:Log(Object)
BirdGame.LoadGameCommand:OnLocalizationConfigComplete(LocalizationConfig) (at E:/Unity/Projects/Work/FeatherLandNew/Assets/Scripts/New/Commands/LoadGameCommand.cs:92)
UnityEngine.UI.CoroutineTween.FloatTween:get_duration() (at ./Library/PackageCache/com.unity.ugui@aa507f3228f0/Runtime/UGUI/UI/Animation/CoroutineTween.cs:142)
System.Threading.ExecutionContext:RunInternal(ExecutionContext, ContextCallback, Object, Boolean)
System.Runtime.CompilerServices.MoveNextRunner:Run()
Cysharp.Threading.Tasks.Awaiter:GetResult() (at E:/Unity/Projects/Work/FeatherLandNew/Assets/Plugins/UniTask/Runtime/UniTask.cs:317)
Cysharp.Threading.Tasks.Internal.ContinuationQueue:RunCore() (at E:/Unity/Projects/Work/FeatherLandNew/Assets/Plugins/UniTask/Runtime/Internal/ContinuationQueue.cs:194)

  - Russian: 357 个翻译条目
UnityEngine.DebugLogHandler:Internal_Log(LogType, LogOption, String, Object)
UnityEngine.Logger:Log(LogType, Object)
UnityEngine.Debug:Log(Object)
BirdGame.LoadGameCommand:OnLocalizationConfigComplete(LocalizationConfig) (at E:/Unity/Projects/Work/FeatherLandNew/Assets/Scripts/New/Commands/LoadGameCommand.cs:92)
UnityEngine.UI.CoroutineTween.FloatTween:get_duration() (at ./Library/PackageCache/com.unity.ugui@aa507f3228f0/Runtime/UGUI/UI/Animation/CoroutineTween.cs:142)
System.Threading.ExecutionContext:RunInternal(ExecutionContext, ContextCallback, Object, Boolean)
System.Runtime.CompilerServices.MoveNextRunner:Run()
Cysharp.Threading.Tasks.Awaiter:GetResult() (at E:/Unity/Projects/Work/FeatherLandNew/Assets/Plugins/UniTask/Runtime/UniTask.cs:317)
Cysharp.Threading.Tasks.Internal.ContinuationQueue:RunCore() (at E:/Unity/Projects/Work/FeatherLandNew/Assets/Plugins/UniTask/Runtime/Internal/ContinuationQueue.cs:194)

  - French: 357 个翻译条目
UnityEngine.DebugLogHandler:Internal_Log(LogType, LogOption, String, Object)
UnityEngine.Logger:Log(LogType, Object)
UnityEngine.Debug:Log(Object)
BirdGame.LoadGameCommand:OnLocalizationConfigComplete(LocalizationConfig) (at E:/Unity/Projects/Work/FeatherLandNew/Assets/Scripts/New/Commands/LoadGameCommand.cs:92)
UnityEngine.UI.CoroutineTween.FloatTween:get_duration() (at ./Library/PackageCache/com.unity.ugui@aa507f3228f0/Runtime/UGUI/UI/Animation/CoroutineTween.cs:142)
System.Threading.ExecutionContext:RunInternal(ExecutionContext, ContextCallback, Object, Boolean)
System.Runtime.CompilerServices.MoveNextRunner:Run()
Cysharp.Threading.Tasks.Awaiter:GetResult() (at E:/Unity/Projects/Work/FeatherLandNew/Assets/Plugins/UniTask/Runtime/UniTask.cs:317)
Cysharp.Threading.Tasks.Internal.ContinuationQueue:RunCore() (at E:/Unity/Projects/Work/FeatherLandNew/Assets/Plugins/UniTask/Runtime/Internal/ContinuationQueue.cs:194)

  - Spanish: 357 个翻译条目
UnityEngine.DebugLogHandler:Internal_Log(LogType, LogOption, String, Object)
UnityEngine.Logger:Log(LogType, Object)
UnityEngine.Debug:Log(Object)
BirdGame.LoadGameCommand:OnLocalizationConfigComplete(LocalizationConfig) (at E:/Unity/Projects/Work/FeatherLandNew/Assets/Scripts/New/Commands/LoadGameCommand.cs:92)
UnityEngine.UI.CoroutineTween.FloatTween:get_duration() (at ./Library/PackageCache/com.unity.ugui@aa507f3228f0/Runtime/UGUI/UI/Animation/CoroutineTween.cs:142)
System.Threading.ExecutionContext:RunInternal(ExecutionContext, ContextCallback, Object, Boolean)
System.Runtime.CompilerServices.MoveNextRunner:Run()
Cysharp.Threading.Tasks.Awaiter:GetResult() (at E:/Unity/Projects/Work/FeatherLandNew/Assets/Plugins/UniTask/Runtime/UniTask.cs:317)
Cysharp.Threading.Tasks.Internal.ContinuationQueue:RunCore() (at E:/Unity/Projects/Work/FeatherLandNew/Assets/Plugins/UniTask/Runtime/Internal/ContinuationQueue.cs:194)

当前Windows系统语言: English
UnityEngine.DebugLogHandler:Internal_Log(LogType, LogOption, String, Object)
UnityEngine.Logger:Log(LogType, Object)
UnityEngine.Debug:Log(Object)
BirdGame.SettingData:.ctor() (at E:/Unity/Projects/Work/FeatherLandNew/Assets/Scripts/New/Models/ISaveModel.cs:95)
UnityEngine.JsonUtility:FromJsonInternal(String, Object, Type)
UnityEngine.JsonUtility:FromJson(String)
BirdGame.SaveSystem:GetData(String) (at E:/Unity/Projects/Work/FeatherLandNew/Assets/Scripts/New/Systems/ISaveSystem.cs:122)
BirdGame.SaveSystem:InitData() (at E:/Unity/Projects/Work/FeatherLandNew/Assets/Scripts/New/Systems/ISaveSystem.cs:269)
BirdGame.LoadGameCommand:OnMapConfigComplete(MapConfig) (at E:/Unity/Projects/Work/FeatherLandNew/Assets/Scripts/New/Commands/LoadGameCommand.cs:104)
UnityEngine.UI.CoroutineTween.FloatTween:get_duration() (at ./Library/PackageCache/com.unity.ugui@aa507f3228f0/Runtime/UGUI/UI/Animation/CoroutineTween.cs:142)
System.Threading.ExecutionContext:RunInternal(ExecutionContext, ContextCallback, Object, Boolean)
System.Runtime.CompilerServices.MoveNextRunner:Run()
Cysharp.Threading.Tasks.Awaiter:GetResult() (at E:/Unity/Projects/Work/FeatherLandNew/Assets/Plugins/UniTask/Runtime/UniTask.cs:317)
Cysharp.Threading.Tasks.Internal.ContinuationQueue:RunCore() (at E:/Unity/Projects/Work/FeatherLandNew/Assets/Plugins/UniTask/Runtime/Internal/ContinuationQueue.cs:194)

场景加载完成
UnityEngine.DebugLogHandler:Internal_Log(LogType, LogOption, String, Object)
UnityEngine.Logger:Log(LogType, Object)
UnityEngine.Debug:Log(Object)
BirdGame.<>c__DisplayClass3_0:<LoadScene>b__0(GameObject) (at E:/Unity/Projects/Work/FeatherLandNew/Assets/Scripts/New/Systems/ISceneSystem.cs:40)
UnityEngine.UI.CoroutineTween.FloatTween:get_duration() (at ./Library/PackageCache/com.unity.ugui@aa507f3228f0/Runtime/UGUI/UI/Animation/CoroutineTween.cs:142)
Cysharp.Threading.Tasks.CompilerServices.AsyncUniTaskMethodBuilder:Start(TStateMachine&) (at E:/Unity/Projects/Work/FeatherLandNew/Assets/Plugins/UniTask/Runtime/CompilerServices/AsyncUniTaskMethodBuilder.cs:112)
UnityEngine.AddressableAssets.AssetReference:LoadAssetAsync() (at ./Library/PackageCache/com.unity.addressables@d929cbc70804/Runtime/AssetReference.cs:558)
BirdGame.SceneSystem:LoadScene(Int32, Action`1, Action) (at E:/Unity/Projects/Work/FeatherLandNew/Assets/Scripts/New/Systems/ISceneSystem.cs:42)
BirdGame.LoadGameCommand:OnMapConfigComplete(MapConfig) (at E:/Unity/Projects/Work/FeatherLandNew/Assets/Scripts/New/Commands/LoadGameCommand.cs:142)
UnityEngine.UI.CoroutineTween.FloatTween:get_duration() (at ./Library/PackageCache/com.unity.ugui@aa507f3228f0/Runtime/UGUI/UI/Animation/CoroutineTween.cs:142)
System.Threading.ExecutionContext:RunInternal(ExecutionContext, ContextCallback, Object, Boolean)
System.Runtime.CompilerServices.MoveNextRunner:Run()
Cysharp.Threading.Tasks.Awaiter:GetResult() (at E:/Unity/Projects/Work/FeatherLandNew/Assets/Plugins/UniTask/Runtime/UniTask.cs:317)
Cysharp.Threading.Tasks.Internal.ContinuationQueue:RunCore() (at E:/Unity/Projects/Work/FeatherLandNew/Assets/Plugins/UniTask/Runtime/Internal/ContinuationQueue.cs:194)

🎮 开始预加载常用资源...
UnityEngine.DebugLogHandler:Internal_Log(LogType, LogOption, String, Object)
UnityEngine.Logger:Log(LogType, Object)
UnityEngine.Debug:Log(Object)
BirdGame.<PreloadCommonAssets>d__3:MoveNext() (at E:/Unity/Projects/Work/FeatherLandNew/Assets/Scripts/New/Systems/AssetPreloadSystem.cs:41)
Cysharp.Threading.Tasks.CompilerServices.AsyncUniTaskMethodBuilder:Start(TStateMachine&) (at E:/Unity/Projects/Work/FeatherLandNew/Assets/Plugins/UniTask/Runtime/CompilerServices/AsyncUniTaskMethodBuilder.cs:111)
BirdGame.<PreloadCommonAssetsAsync>d__12:MoveNext() (at E:/Unity/Projects/Work/FeatherLandNew/Assets/Scripts/New/Commands/LoadGameCommand.cs:275)
Cysharp.Threading.Tasks.CompilerServices.AsyncUniTaskMethodBuilder:Start(TStateMachine&) (at E:/Unity/Projects/Work/FeatherLandNew/Assets/Plugins/UniTask/Runtime/CompilerServices/AsyncUniTaskMethodBuilder.cs:112)
BirdGame.LoadGameCommand:InitializeDefaultFood() (at E:/Unity/Projects/Work/FeatherLandNew/Assets/Scripts/New/Commands/LoadGameCommand.cs:239)
BirdGame.LoadGameCommand:OnAllLoaded() (at E:/Unity/Projects/Work/FeatherLandNew/Assets/Scripts/New/Commands/LoadGameCommand.cs:152)
BirdGame.AssetSystem:get_AssetRefAtlasReferenceCounts() (at E:/Unity/Projects/Work/FeatherLandNew/Assets/Scripts/New/Systems/IAssetSystem.cs:92)
BirdGame.<>c__DisplayClass3_0:<LoadScene>b__0(GameObject) (at E:/Unity/Projects/Work/FeatherLandNew/Assets/Scripts/New/Systems/ISceneSystem.cs:41)
UnityEngine.UI.CoroutineTween.FloatTween:get_duration() (at ./Library/PackageCache/com.unity.ugui@aa507f3228f0/Runtime/UGUI/UI/Animation/CoroutineTween.cs:142)
Cysharp.Threading.Tasks.CompilerServices.AsyncUniTaskMethodBuilder:Start(TStateMachine&) (at E:/Unity/Projects/Work/FeatherLandNew/Assets/Plugins/UniTask/Runtime/CompilerServices/AsyncUniTaskMethodBuilder.cs:112)
UnityEngine.AddressableAssets.AssetReference:LoadAssetAsync() (at ./Library/PackageCache/com.unity.addressables@d929cbc70804/Runtime/AssetReference.cs:558)
BirdGame.SceneSystem:LoadScene(Int32, Action`1, Action) (at E:/Unity/Projects/Work/FeatherLandNew/Assets/Scripts/New/Systems/ISceneSystem.cs:42)
BirdGame.LoadGameCommand:OnMapConfigComplete(MapConfig) (at E:/Unity/Projects/Work/FeatherLandNew/Assets/Scripts/New/Commands/LoadGameCommand.cs:142)
UnityEngine.UI.CoroutineTween.FloatTween:get_duration() (at ./Library/PackageCache/com.unity.ugui@aa507f3228f0/Runtime/UGUI/UI/Animation/CoroutineTween.cs:142)
System.Threading.ExecutionContext:RunInternal(ExecutionContext, ContextCallback, Object, Boolean)
System.Runtime.CompilerServices.MoveNextRunner:Run()
Cysharp.Threading.Tasks.Awaiter:GetResult() (at E:/Unity/Projects/Work/FeatherLandNew/Assets/Plugins/UniTask/Runtime/UniTask.cs:317)
Cysharp.Threading.Tasks.Internal.ContinuationQueue:RunCore() (at E:/Unity/Projects/Work/FeatherLandNew/Assets/Plugins/UniTask/Runtime/Internal/ContinuationQueue.cs:194)

加载鸟
UnityEngine.DebugLogHandler:Internal_Log(LogType, LogOption, String, Object)
UnityEngine.Logger:Log(LogType, Object)
UnityEngine.Debug:Log(Object)
BirdGame.BirdSystem:GenerateBirdsFromSave() (at E:/Unity/Projects/Work/FeatherLandNew/Assets/Scripts/New/Systems/IBirdSystem.cs:185)
BirdGame.LoadGameCommand:OnAllLoaded() (at E:/Unity/Projects/Work/FeatherLandNew/Assets/Scripts/New/Commands/LoadGameCommand.cs:155)
BirdGame.AssetSystem:get_AssetRefAtlasReferenceCounts() (at E:/Unity/Projects/Work/FeatherLandNew/Assets/Scripts/New/Systems/IAssetSystem.cs:92)
BirdGame.<>c__DisplayClass3_0:<LoadScene>b__0(GameObject) (at E:/Unity/Projects/Work/FeatherLandNew/Assets/Scripts/New/Systems/ISceneSystem.cs:41)
UnityEngine.UI.CoroutineTween.FloatTween:get_duration() (at ./Library/PackageCache/com.unity.ugui@aa507f3228f0/Runtime/UGUI/UI/Animation/CoroutineTween.cs:142)
Cysharp.Threading.Tasks.CompilerServices.AsyncUniTaskMethodBuilder:Start(TStateMachine&) (at E:/Unity/Projects/Work/FeatherLandNew/Assets/Plugins/UniTask/Runtime/CompilerServices/AsyncUniTaskMethodBuilder.cs:112)
UnityEngine.AddressableAssets.AssetReference:LoadAssetAsync() (at ./Library/PackageCache/com.unity.addressables@d929cbc70804/Runtime/AssetReference.cs:558)
BirdGame.SceneSystem:LoadScene(Int32, Action`1, Action) (at E:/Unity/Projects/Work/FeatherLandNew/Assets/Scripts/New/Systems/ISceneSystem.cs:42)
BirdGame.LoadGameCommand:OnMapConfigComplete(MapConfig) (at E:/Unity/Projects/Work/FeatherLandNew/Assets/Scripts/New/Commands/LoadGameCommand.cs:142)
UnityEngine.UI.CoroutineTween.FloatTween:get_duration() (at ./Library/PackageCache/com.unity.ugui@aa507f3228f0/Runtime/UGUI/UI/Animation/CoroutineTween.cs:142)
System.Threading.ExecutionContext:RunInternal(ExecutionContext, ContextCallback, Object, Boolean)
System.Runtime.CompilerServices.MoveNextRunner:Run()
Cysharp.Threading.Tasks.Awaiter:GetResult() (at E:/Unity/Projects/Work/FeatherLandNew/Assets/Plugins/UniTask/Runtime/UniTask.cs:317)
Cysharp.Threading.Tasks.Internal.ContinuationQueue:RunCore() (at E:/Unity/Projects/Work/FeatherLandNew/Assets/Plugins/UniTask/Runtime/Internal/ContinuationQueue.cs:194)

加载鸟: 8
UnityEngine.DebugLogHandler:Internal_Log(LogType, LogOption, String, Object)
UnityEngine.Logger:Log(LogType, Object)
UnityEngine.Debug:Log(Object)
BirdGame.BirdSystem:GenerateBirdFromSaveData(SerializableBirdData) (at E:/Unity/Projects/Work/FeatherLandNew/Assets/Scripts/New/Systems/IBirdSystem.cs:292)
BirdGame.BirdSystem:GenerateBirdsFromSave() (at E:/Unity/Projects/Work/FeatherLandNew/Assets/Scripts/New/Systems/IBirdSystem.cs:205)
BirdGame.LoadGameCommand:OnAllLoaded() (at E:/Unity/Projects/Work/FeatherLandNew/Assets/Scripts/New/Commands/LoadGameCommand.cs:155)
BirdGame.AssetSystem:get_AssetRefAtlasReferenceCounts() (at E:/Unity/Projects/Work/FeatherLandNew/Assets/Scripts/New/Systems/IAssetSystem.cs:92)
BirdGame.<>c__DisplayClass3_0:<LoadScene>b__0(GameObject) (at E:/Unity/Projects/Work/FeatherLandNew/Assets/Scripts/New/Systems/ISceneSystem.cs:41)
UnityEngine.UI.CoroutineTween.FloatTween:get_duration() (at ./Library/PackageCache/com.unity.ugui@aa507f3228f0/Runtime/UGUI/UI/Animation/CoroutineTween.cs:142)
Cysharp.Threading.Tasks.CompilerServices.AsyncUniTaskMethodBuilder:Start(TStateMachine&) (at E:/Unity/Projects/Work/FeatherLandNew/Assets/Plugins/UniTask/Runtime/CompilerServices/AsyncUniTaskMethodBuilder.cs:112)
UnityEngine.AddressableAssets.AssetReference:LoadAssetAsync() (at ./Library/PackageCache/com.unity.addressables@d929cbc70804/Runtime/AssetReference.cs:558)
BirdGame.SceneSystem:LoadScene(Int32, Action`1, Action) (at E:/Unity/Projects/Work/FeatherLandNew/Assets/Scripts/New/Systems/ISceneSystem.cs:42)
BirdGame.LoadGameCommand:OnMapConfigComplete(MapConfig) (at E:/Unity/Projects/Work/FeatherLandNew/Assets/Scripts/New/Commands/LoadGameCommand.cs:142)
UnityEngine.UI.CoroutineTween.FloatTween:get_duration() (at ./Library/PackageCache/com.unity.ugui@aa507f3228f0/Runtime/UGUI/UI/Animation/CoroutineTween.cs:142)
System.Threading.ExecutionContext:RunInternal(ExecutionContext, ContextCallback, Object, Boolean)
System.Runtime.CompilerServices.MoveNextRunner:Run()
Cysharp.Threading.Tasks.Awaiter:GetResult() (at E:/Unity/Projects/Work/FeatherLandNew/Assets/Plugins/UniTask/Runtime/UniTask.cs:317)
Cysharp.Threading.Tasks.Internal.ContinuationQueue:RunCore() (at E:/Unity/Projects/Work/FeatherLandNew/Assets/Plugins/UniTask/Runtime/Internal/ContinuationQueue.cs:194)

加载鸟: 6
UnityEngine.DebugLogHandler:Internal_Log(LogType, LogOption, String, Object)
UnityEngine.Logger:Log(LogType, Object)
UnityEngine.Debug:Log(Object)
BirdGame.BirdSystem:GenerateBirdFromSaveData(SerializableBirdData) (at E:/Unity/Projects/Work/FeatherLandNew/Assets/Scripts/New/Systems/IBirdSystem.cs:292)
BirdGame.BirdSystem:GenerateBirdsFromSave() (at E:/Unity/Projects/Work/FeatherLandNew/Assets/Scripts/New/Systems/IBirdSystem.cs:205)
BirdGame.LoadGameCommand:OnAllLoaded() (at E:/Unity/Projects/Work/FeatherLandNew/Assets/Scripts/New/Commands/LoadGameCommand.cs:155)
BirdGame.AssetSystem:get_AssetRefAtlasReferenceCounts() (at E:/Unity/Projects/Work/FeatherLandNew/Assets/Scripts/New/Systems/IAssetSystem.cs:92)
BirdGame.<>c__DisplayClass3_0:<LoadScene>b__0(GameObject) (at E:/Unity/Projects/Work/FeatherLandNew/Assets/Scripts/New/Systems/ISceneSystem.cs:41)
UnityEngine.UI.CoroutineTween.FloatTween:get_duration() (at ./Library/PackageCache/com.unity.ugui@aa507f3228f0/Runtime/UGUI/UI/Animation/CoroutineTween.cs:142)
Cysharp.Threading.Tasks.CompilerServices.AsyncUniTaskMethodBuilder:Start(TStateMachine&) (at E:/Unity/Projects/Work/FeatherLandNew/Assets/Plugins/UniTask/Runtime/CompilerServices/AsyncUniTaskMethodBuilder.cs:112)
UnityEngine.AddressableAssets.AssetReference:LoadAssetAsync() (at ./Library/PackageCache/com.unity.addressables@d929cbc70804/Runtime/AssetReference.cs:558)
BirdGame.SceneSystem:LoadScene(Int32, Action`1, Action) (at E:/Unity/Projects/Work/FeatherLandNew/Assets/Scripts/New/Systems/ISceneSystem.cs:42)
BirdGame.LoadGameCommand:OnMapConfigComplete(MapConfig) (at E:/Unity/Projects/Work/FeatherLandNew/Assets/Scripts/New/Commands/LoadGameCommand.cs:142)
UnityEngine.UI.CoroutineTween.FloatTween:get_duration() (at ./Library/PackageCache/com.unity.ugui@aa507f3228f0/Runtime/UGUI/UI/Animation/CoroutineTween.cs:142)
System.Threading.ExecutionContext:RunInternal(ExecutionContext, ContextCallback, Object, Boolean)
System.Runtime.CompilerServices.MoveNextRunner:Run()
Cysharp.Threading.Tasks.Awaiter:GetResult() (at E:/Unity/Projects/Work/FeatherLandNew/Assets/Plugins/UniTask/Runtime/UniTask.cs:317)
Cysharp.Threading.Tasks.Internal.ContinuationQueue:RunCore() (at E:/Unity/Projects/Work/FeatherLandNew/Assets/Plugins/UniTask/Runtime/Internal/ContinuationQueue.cs:194)

加载鸟: 4
UnityEngine.DebugLogHandler:Internal_Log(LogType, LogOption, String, Object)
UnityEngine.Logger:Log(LogType, Object)
UnityEngine.Debug:Log(Object)
BirdGame.BirdSystem:GenerateBirdFromSaveData(SerializableBirdData) (at E:/Unity/Projects/Work/FeatherLandNew/Assets/Scripts/New/Systems/IBirdSystem.cs:292)
BirdGame.BirdSystem:GenerateBirdsFromSave() (at E:/Unity/Projects/Work/FeatherLandNew/Assets/Scripts/New/Systems/IBirdSystem.cs:205)
BirdGame.LoadGameCommand:OnAllLoaded() (at E:/Unity/Projects/Work/FeatherLandNew/Assets/Scripts/New/Commands/LoadGameCommand.cs:155)
BirdGame.AssetSystem:get_AssetRefAtlasReferenceCounts() (at E:/Unity/Projects/Work/FeatherLandNew/Assets/Scripts/New/Systems/IAssetSystem.cs:92)
BirdGame.<>c__DisplayClass3_0:<LoadScene>b__0(GameObject) (at E:/Unity/Projects/Work/FeatherLandNew/Assets/Scripts/New/Systems/ISceneSystem.cs:41)
UnityEngine.UI.CoroutineTween.FloatTween:get_duration() (at ./Library/PackageCache/com.unity.ugui@aa507f3228f0/Runtime/UGUI/UI/Animation/CoroutineTween.cs:142)
Cysharp.Threading.Tasks.CompilerServices.AsyncUniTaskMethodBuilder:Start(TStateMachine&) (at E:/Unity/Projects/Work/FeatherLandNew/Assets/Plugins/UniTask/Runtime/CompilerServices/AsyncUniTaskMethodBuilder.cs:112)
UnityEngine.AddressableAssets.AssetReference:LoadAssetAsync() (at ./Library/PackageCache/com.unity.addressables@d929cbc70804/Runtime/AssetReference.cs:558)
BirdGame.SceneSystem:LoadScene(Int32, Action`1, Action) (at E:/Unity/Projects/Work/FeatherLandNew/Assets/Scripts/New/Systems/ISceneSystem.cs:42)
BirdGame.LoadGameCommand:OnMapConfigComplete(MapConfig) (at E:/Unity/Projects/Work/FeatherLandNew/Assets/Scripts/New/Commands/LoadGameCommand.cs:142)
UnityEngine.UI.CoroutineTween.FloatTween:get_duration() (at ./Library/PackageCache/com.unity.ugui@aa507f3228f0/Runtime/UGUI/UI/Animation/CoroutineTween.cs:142)
System.Threading.ExecutionContext:RunInternal(ExecutionContext, ContextCallback, Object, Boolean)
System.Runtime.CompilerServices.MoveNextRunner:Run()
Cysharp.Threading.Tasks.Awaiter:GetResult() (at E:/Unity/Projects/Work/FeatherLandNew/Assets/Plugins/UniTask/Runtime/UniTask.cs:317)
Cysharp.Threading.Tasks.Internal.ContinuationQueue:RunCore() (at E:/Unity/Projects/Work/FeatherLandNew/Assets/Plugins/UniTask/Runtime/Internal/ContinuationQueue.cs:194)

加载鸟: 4
UnityEngine.DebugLogHandler:Internal_Log(LogType, LogOption, String, Object)
UnityEngine.Logger:Log(LogType, Object)
UnityEngine.Debug:Log(Object)
BirdGame.BirdSystem:GenerateBirdFromSaveData(SerializableBirdData) (at E:/Unity/Projects/Work/FeatherLandNew/Assets/Scripts/New/Systems/IBirdSystem.cs:292)
BirdGame.BirdSystem:GenerateBirdsFromSave() (at E:/Unity/Projects/Work/FeatherLandNew/Assets/Scripts/New/Systems/IBirdSystem.cs:205)
BirdGame.LoadGameCommand:OnAllLoaded() (at E:/Unity/Projects/Work/FeatherLandNew/Assets/Scripts/New/Commands/LoadGameCommand.cs:155)
BirdGame.AssetSystem:get_AssetRefAtlasReferenceCounts() (at E:/Unity/Projects/Work/FeatherLandNew/Assets/Scripts/New/Systems/IAssetSystem.cs:92)
BirdGame.<>c__DisplayClass3_0:<LoadScene>b__0(GameObject) (at E:/Unity/Projects/Work/FeatherLandNew/Assets/Scripts/New/Systems/ISceneSystem.cs:41)
UnityEngine.UI.CoroutineTween.FloatTween:get_duration() (at ./Library/PackageCache/com.unity.ugui@aa507f3228f0/Runtime/UGUI/UI/Animation/CoroutineTween.cs:142)
Cysharp.Threading.Tasks.CompilerServices.AsyncUniTaskMethodBuilder:Start(TStateMachine&) (at E:/Unity/Projects/Work/FeatherLandNew/Assets/Plugins/UniTask/Runtime/CompilerServices/AsyncUniTaskMethodBuilder.cs:112)
UnityEngine.AddressableAssets.AssetReference:LoadAssetAsync() (at ./Library/PackageCache/com.unity.addressables@d929cbc70804/Runtime/AssetReference.cs:558)
BirdGame.SceneSystem:LoadScene(Int32, Action`1, Action) (at E:/Unity/Projects/Work/FeatherLandNew/Assets/Scripts/New/Systems/ISceneSystem.cs:42)
BirdGame.LoadGameCommand:OnMapConfigComplete(MapConfig) (at E:/Unity/Projects/Work/FeatherLandNew/Assets/Scripts/New/Commands/LoadGameCommand.cs:142)
UnityEngine.UI.CoroutineTween.FloatTween:get_duration() (at ./Library/PackageCache/com.unity.ugui@aa507f3228f0/Runtime/UGUI/UI/Animation/CoroutineTween.cs:142)
System.Threading.ExecutionContext:RunInternal(ExecutionContext, ContextCallback, Object, Boolean)
System.Runtime.CompilerServices.MoveNextRunner:Run()
Cysharp.Threading.Tasks.Awaiter:GetResult() (at E:/Unity/Projects/Work/FeatherLandNew/Assets/Plugins/UniTask/Runtime/UniTask.cs:317)
Cysharp.Threading.Tasks.Internal.ContinuationQueue:RunCore() (at E:/Unity/Projects/Work/FeatherLandNew/Assets/Plugins/UniTask/Runtime/Internal/ContinuationQueue.cs:194)

加载鸟: 22
UnityEngine.DebugLogHandler:Internal_Log(LogType, LogOption, String, Object)
UnityEngine.Logger:Log(LogType, Object)
UnityEngine.Debug:Log(Object)
BirdGame.BirdSystem:GenerateBirdFromSaveData(SerializableBirdData) (at E:/Unity/Projects/Work/FeatherLandNew/Assets/Scripts/New/Systems/IBirdSystem.cs:292)
BirdGame.BirdSystem:GenerateBirdsFromSave() (at E:/Unity/Projects/Work/FeatherLandNew/Assets/Scripts/New/Systems/IBirdSystem.cs:205)
BirdGame.LoadGameCommand:OnAllLoaded() (at E:/Unity/Projects/Work/FeatherLandNew/Assets/Scripts/New/Commands/LoadGameCommand.cs:155)
BirdGame.AssetSystem:get_AssetRefAtlasReferenceCounts() (at E:/Unity/Projects/Work/FeatherLandNew/Assets/Scripts/New/Systems/IAssetSystem.cs:92)
BirdGame.<>c__DisplayClass3_0:<LoadScene>b__0(GameObject) (at E:/Unity/Projects/Work/FeatherLandNew/Assets/Scripts/New/Systems/ISceneSystem.cs:41)
UnityEngine.UI.CoroutineTween.FloatTween:get_duration() (at ./Library/PackageCache/com.unity.ugui@aa507f3228f0/Runtime/UGUI/UI/Animation/CoroutineTween.cs:142)
Cysharp.Threading.Tasks.CompilerServices.AsyncUniTaskMethodBuilder:Start(TStateMachine&) (at E:/Unity/Projects/Work/FeatherLandNew/Assets/Plugins/UniTask/Runtime/CompilerServices/AsyncUniTaskMethodBuilder.cs:112)
UnityEngine.AddressableAssets.AssetReference:LoadAssetAsync() (at ./Library/PackageCache/com.unity.addressables@d929cbc70804/Runtime/AssetReference.cs:558)
BirdGame.SceneSystem:LoadScene(Int32, Action`1, Action) (at E:/Unity/Projects/Work/FeatherLandNew/Assets/Scripts/New/Systems/ISceneSystem.cs:42)
BirdGame.LoadGameCommand:OnMapConfigComplete(MapConfig) (at E:/Unity/Projects/Work/FeatherLandNew/Assets/Scripts/New/Commands/LoadGameCommand.cs:142)
UnityEngine.UI.CoroutineTween.FloatTween:get_duration() (at ./Library/PackageCache/com.unity.ugui@aa507f3228f0/Runtime/UGUI/UI/Animation/CoroutineTween.cs:142)
System.Threading.ExecutionContext:RunInternal(ExecutionContext, ContextCallback, Object, Boolean)
System.Runtime.CompilerServices.MoveNextRunner:Run()
Cysharp.Threading.Tasks.Awaiter:GetResult() (at E:/Unity/Projects/Work/FeatherLandNew/Assets/Plugins/UniTask/Runtime/UniTask.cs:317)
Cysharp.Threading.Tasks.Internal.ContinuationQueue:RunCore() (at E:/Unity/Projects/Work/FeatherLandNew/Assets/Plugins/UniTask/Runtime/Internal/ContinuationQueue.cs:194)

加载鸟: 0
UnityEngine.DebugLogHandler:Internal_Log(LogType, LogOption, String, Object)
UnityEngine.Logger:Log(LogType, Object)
UnityEngine.Debug:Log(Object)
BirdGame.BirdSystem:GenerateBirdFromSaveData(SerializableBirdData) (at E:/Unity/Projects/Work/FeatherLandNew/Assets/Scripts/New/Systems/IBirdSystem.cs:292)
BirdGame.BirdSystem:GenerateBirdsFromSave() (at E:/Unity/Projects/Work/FeatherLandNew/Assets/Scripts/New/Systems/IBirdSystem.cs:205)
BirdGame.LoadGameCommand:OnAllLoaded() (at E:/Unity/Projects/Work/FeatherLandNew/Assets/Scripts/New/Commands/LoadGameCommand.cs:155)
BirdGame.AssetSystem:get_AssetRefAtlasReferenceCounts() (at E:/Unity/Projects/Work/FeatherLandNew/Assets/Scripts/New/Systems/IAssetSystem.cs:92)
BirdGame.<>c__DisplayClass3_0:<LoadScene>b__0(GameObject) (at E:/Unity/Projects/Work/FeatherLandNew/Assets/Scripts/New/Systems/ISceneSystem.cs:41)
UnityEngine.UI.CoroutineTween.FloatTween:get_duration() (at ./Library/PackageCache/com.unity.ugui@aa507f3228f0/Runtime/UGUI/UI/Animation/CoroutineTween.cs:142)
Cysharp.Threading.Tasks.CompilerServices.AsyncUniTaskMethodBuilder:Start(TStateMachine&) (at E:/Unity/Projects/Work/FeatherLandNew/Assets/Plugins/UniTask/Runtime/CompilerServices/AsyncUniTaskMethodBuilder.cs:112)
UnityEngine.AddressableAssets.AssetReference:LoadAssetAsync() (at ./Library/PackageCache/com.unity.addressables@d929cbc70804/Runtime/AssetReference.cs:558)
BirdGame.SceneSystem:LoadScene(Int32, Action`1, Action) (at E:/Unity/Projects/Work/FeatherLandNew/Assets/Scripts/New/Systems/ISceneSystem.cs:42)
BirdGame.LoadGameCommand:OnMapConfigComplete(MapConfig) (at E:/Unity/Projects/Work/FeatherLandNew/Assets/Scripts/New/Commands/LoadGameCommand.cs:142)
UnityEngine.UI.CoroutineTween.FloatTween:get_duration() (at ./Library/PackageCache/com.unity.ugui@aa507f3228f0/Runtime/UGUI/UI/Animation/CoroutineTween.cs:142)
System.Threading.ExecutionContext:RunInternal(ExecutionContext, ContextCallback, Object, Boolean)
System.Runtime.CompilerServices.MoveNextRunner:Run()
Cysharp.Threading.Tasks.Awaiter:GetResult() (at E:/Unity/Projects/Work/FeatherLandNew/Assets/Plugins/UniTask/Runtime/UniTask.cs:317)
Cysharp.Threading.Tasks.Internal.ContinuationQueue:RunCore() (at E:/Unity/Projects/Work/FeatherLandNew/Assets/Plugins/UniTask/Runtime/Internal/ContinuationQueue.cs:194)

加载鸟: 0
UnityEngine.DebugLogHandler:Internal_Log(LogType, LogOption, String, Object)
UnityEngine.Logger:Log(LogType, Object)
UnityEngine.Debug:Log(Object)
BirdGame.BirdSystem:GenerateBirdFromSaveData(SerializableBirdData) (at E:/Unity/Projects/Work/FeatherLandNew/Assets/Scripts/New/Systems/IBirdSystem.cs:292)
BirdGame.BirdSystem:GenerateBirdsFromSave() (at E:/Unity/Projects/Work/FeatherLandNew/Assets/Scripts/New/Systems/IBirdSystem.cs:205)
BirdGame.LoadGameCommand:OnAllLoaded() (at E:/Unity/Projects/Work/FeatherLandNew/Assets/Scripts/New/Commands/LoadGameCommand.cs:155)
BirdGame.AssetSystem:get_AssetRefAtlasReferenceCounts() (at E:/Unity/Projects/Work/FeatherLandNew/Assets/Scripts/New/Systems/IAssetSystem.cs:92)
BirdGame.<>c__DisplayClass3_0:<LoadScene>b__0(GameObject) (at E:/Unity/Projects/Work/FeatherLandNew/Assets/Scripts/New/Systems/ISceneSystem.cs:41)
UnityEngine.UI.CoroutineTween.FloatTween:get_duration() (at ./Library/PackageCache/com.unity.ugui@aa507f3228f0/Runtime/UGUI/UI/Animation/CoroutineTween.cs:142)
Cysharp.Threading.Tasks.CompilerServices.AsyncUniTaskMethodBuilder:Start(TStateMachine&) (at E:/Unity/Projects/Work/FeatherLandNew/Assets/Plugins/UniTask/Runtime/CompilerServices/AsyncUniTaskMethodBuilder.cs:112)
UnityEngine.AddressableAssets.AssetReference:LoadAssetAsync() (at ./Library/PackageCache/com.unity.addressables@d929cbc70804/Runtime/AssetReference.cs:558)
BirdGame.SceneSystem:LoadScene(Int32, Action`1, Action) (at E:/Unity/Projects/Work/FeatherLandNew/Assets/Scripts/New/Systems/ISceneSystem.cs:42)
BirdGame.LoadGameCommand:OnMapConfigComplete(MapConfig) (at E:/Unity/Projects/Work/FeatherLandNew/Assets/Scripts/New/Commands/LoadGameCommand.cs:142)
UnityEngine.UI.CoroutineTween.FloatTween:get_duration() (at ./Library/PackageCache/com.unity.ugui@aa507f3228f0/Runtime/UGUI/UI/Animation/CoroutineTween.cs:142)
System.Threading.ExecutionContext:RunInternal(ExecutionContext, ContextCallback, Object, Boolean)
System.Runtime.CompilerServices.MoveNextRunner:Run()
Cysharp.Threading.Tasks.Awaiter:GetResult() (at E:/Unity/Projects/Work/FeatherLandNew/Assets/Plugins/UniTask/Runtime/UniTask.cs:317)
Cysharp.Threading.Tasks.Internal.ContinuationQueue:RunCore() (at E:/Unity/Projects/Work/FeatherLandNew/Assets/Plugins/UniTask/Runtime/Internal/ContinuationQueue.cs:194)

加载鸟: 1
UnityEngine.DebugLogHandler:Internal_Log(LogType, LogOption, String, Object)
UnityEngine.Logger:Log(LogType, Object)
UnityEngine.Debug:Log(Object)
BirdGame.BirdSystem:GenerateBirdFromSaveData(SerializableBirdData) (at E:/Unity/Projects/Work/FeatherLandNew/Assets/Scripts/New/Systems/IBirdSystem.cs:292)
BirdGame.BirdSystem:GenerateBirdsFromSave() (at E:/Unity/Projects/Work/FeatherLandNew/Assets/Scripts/New/Systems/IBirdSystem.cs:205)
BirdGame.LoadGameCommand:OnAllLoaded() (at E:/Unity/Projects/Work/FeatherLandNew/Assets/Scripts/New/Commands/LoadGameCommand.cs:155)
BirdGame.AssetSystem:get_AssetRefAtlasReferenceCounts() (at E:/Unity/Projects/Work/FeatherLandNew/Assets/Scripts/New/Systems/IAssetSystem.cs:92)
BirdGame.<>c__DisplayClass3_0:<LoadScene>b__0(GameObject) (at E:/Unity/Projects/Work/FeatherLandNew/Assets/Scripts/New/Systems/ISceneSystem.cs:41)
UnityEngine.UI.CoroutineTween.FloatTween:get_duration() (at ./Library/PackageCache/com.unity.ugui@aa507f3228f0/Runtime/UGUI/UI/Animation/CoroutineTween.cs:142)
Cysharp.Threading.Tasks.CompilerServices.AsyncUniTaskMethodBuilder:Start(TStateMachine&) (at E:/Unity/Projects/Work/FeatherLandNew/Assets/Plugins/UniTask/Runtime/CompilerServices/AsyncUniTaskMethodBuilder.cs:112)
UnityEngine.AddressableAssets.AssetReference:LoadAssetAsync() (at ./Library/PackageCache/com.unity.addressables@d929cbc70804/Runtime/AssetReference.cs:558)
BirdGame.SceneSystem:LoadScene(Int32, Action`1, Action) (at E:/Unity/Projects/Work/FeatherLandNew/Assets/Scripts/New/Systems/ISceneSystem.cs:42)
BirdGame.LoadGameCommand:OnMapConfigComplete(MapConfig) (at E:/Unity/Projects/Work/FeatherLandNew/Assets/Scripts/New/Commands/LoadGameCommand.cs:142)
UnityEngine.UI.CoroutineTween.FloatTween:get_duration() (at ./Library/PackageCache/com.unity.ugui@aa507f3228f0/Runtime/UGUI/UI/Animation/CoroutineTween.cs:142)
System.Threading.ExecutionContext:RunInternal(ExecutionContext, ContextCallback, Object, Boolean)
System.Runtime.CompilerServices.MoveNextRunner:Run()
Cysharp.Threading.Tasks.Awaiter:GetResult() (at E:/Unity/Projects/Work/FeatherLandNew/Assets/Plugins/UniTask/Runtime/UniTask.cs:317)
Cysharp.Threading.Tasks.Internal.ContinuationQueue:RunCore() (at E:/Unity/Projects/Work/FeatherLandNew/Assets/Plugins/UniTask/Runtime/Internal/ContinuationQueue.cs:194)

加载鸟: 3
UnityEngine.DebugLogHandler:Internal_Log(LogType, LogOption, String, Object)
UnityEngine.Logger:Log(LogType, Object)
UnityEngine.Debug:Log(Object)
BirdGame.BirdSystem:GenerateBirdFromSaveData(SerializableBirdData) (at E:/Unity/Projects/Work/FeatherLandNew/Assets/Scripts/New/Systems/IBirdSystem.cs:292)
BirdGame.BirdSystem:GenerateBirdsFromSave() (at E:/Unity/Projects/Work/FeatherLandNew/Assets/Scripts/New/Systems/IBirdSystem.cs:205)
BirdGame.LoadGameCommand:OnAllLoaded() (at E:/Unity/Projects/Work/FeatherLandNew/Assets/Scripts/New/Commands/LoadGameCommand.cs:155)
BirdGame.AssetSystem:get_AssetRefAtlasReferenceCounts() (at E:/Unity/Projects/Work/FeatherLandNew/Assets/Scripts/New/Systems/IAssetSystem.cs:92)
BirdGame.<>c__DisplayClass3_0:<LoadScene>b__0(GameObject) (at E:/Unity/Projects/Work/FeatherLandNew/Assets/Scripts/New/Systems/ISceneSystem.cs:41)
UnityEngine.UI.CoroutineTween.FloatTween:get_duration() (at ./Library/PackageCache/com.unity.ugui@aa507f3228f0/Runtime/UGUI/UI/Animation/CoroutineTween.cs:142)
Cysharp.Threading.Tasks.CompilerServices.AsyncUniTaskMethodBuilder:Start(TStateMachine&) (at E:/Unity/Projects/Work/FeatherLandNew/Assets/Plugins/UniTask/Runtime/CompilerServices/AsyncUniTaskMethodBuilder.cs:112)
UnityEngine.AddressableAssets.AssetReference:LoadAssetAsync() (at ./Library/PackageCache/com.unity.addressables@d929cbc70804/Runtime/AssetReference.cs:558)
BirdGame.SceneSystem:LoadScene(Int32, Action`1, Action) (at E:/Unity/Projects/Work/FeatherLandNew/Assets/Scripts/New/Systems/ISceneSystem.cs:42)
BirdGame.LoadGameCommand:OnMapConfigComplete(MapConfig) (at E:/Unity/Projects/Work/FeatherLandNew/Assets/Scripts/New/Commands/LoadGameCommand.cs:142)
UnityEngine.UI.CoroutineTween.FloatTween:get_duration() (at ./Library/PackageCache/com.unity.ugui@aa507f3228f0/Runtime/UGUI/UI/Animation/CoroutineTween.cs:142)
System.Threading.ExecutionContext:RunInternal(ExecutionContext, ContextCallback, Object, Boolean)
System.Runtime.CompilerServices.MoveNextRunner:Run()
Cysharp.Threading.Tasks.Awaiter:GetResult() (at E:/Unity/Projects/Work/FeatherLandNew/Assets/Plugins/UniTask/Runtime/UniTask.cs:317)
Cysharp.Threading.Tasks.Internal.ContinuationQueue:RunCore() (at E:/Unity/Projects/Work/FeatherLandNew/Assets/Plugins/UniTask/Runtime/Internal/ContinuationQueue.cs:194)

鸟蛋数量:0
UnityEngine.DebugLogHandler:Internal_Log(LogType, LogOption, String, Object)
UnityEngine.Logger:Log(LogType, Object)
UnityEngine.Debug:Log(Object)
BirdGame.BirdSystem:GenerateBirdsFromSave() (at E:/Unity/Projects/Work/FeatherLandNew/Assets/Scripts/New/Systems/IBirdSystem.cs:211)
BirdGame.LoadGameCommand:OnAllLoaded() (at E:/Unity/Projects/Work/FeatherLandNew/Assets/Scripts/New/Commands/LoadGameCommand.cs:155)
BirdGame.AssetSystem:get_AssetRefAtlasReferenceCounts() (at E:/Unity/Projects/Work/FeatherLandNew/Assets/Scripts/New/Systems/IAssetSystem.cs:92)
BirdGame.<>c__DisplayClass3_0:<LoadScene>b__0(GameObject) (at E:/Unity/Projects/Work/FeatherLandNew/Assets/Scripts/New/Systems/ISceneSystem.cs:41)
UnityEngine.UI.CoroutineTween.FloatTween:get_duration() (at ./Library/PackageCache/com.unity.ugui@aa507f3228f0/Runtime/UGUI/UI/Animation/CoroutineTween.cs:142)
Cysharp.Threading.Tasks.CompilerServices.AsyncUniTaskMethodBuilder:Start(TStateMachine&) (at E:/Unity/Projects/Work/FeatherLandNew/Assets/Plugins/UniTask/Runtime/CompilerServices/AsyncUniTaskMethodBuilder.cs:112)
UnityEngine.AddressableAssets.AssetReference:LoadAssetAsync() (at ./Library/PackageCache/com.unity.addressables@d929cbc70804/Runtime/AssetReference.cs:558)
BirdGame.SceneSystem:LoadScene(Int32, Action`1, Action) (at E:/Unity/Projects/Work/FeatherLandNew/Assets/Scripts/New/Systems/ISceneSystem.cs:42)
BirdGame.LoadGameCommand:OnMapConfigComplete(MapConfig) (at E:/Unity/Projects/Work/FeatherLandNew/Assets/Scripts/New/Commands/LoadGameCommand.cs:142)
UnityEngine.UI.CoroutineTween.FloatTween:get_duration() (at ./Library/PackageCache/com.unity.ugui@aa507f3228f0/Runtime/UGUI/UI/Animation/CoroutineTween.cs:142)
System.Threading.ExecutionContext:RunInternal(ExecutionContext, ContextCallback, Object, Boolean)
System.Runtime.CompilerServices.MoveNextRunner:Run()
Cysharp.Threading.Tasks.Awaiter:GetResult() (at E:/Unity/Projects/Work/FeatherLandNew/Assets/Plugins/UniTask/Runtime/UniTask.cs:317)
Cysharp.Threading.Tasks.Internal.ContinuationQueue:RunCore() (at E:/Unity/Projects/Work/FeatherLandNew/Assets/Plugins/UniTask/Runtime/Internal/ContinuationQueue.cs:194)

💾 开始初始化环境音效，存档中的音量数据：1.00, 0.60, 0.00, 0.00, 0.00, 0.00, 0.00
UnityEngine.DebugLogHandler:Internal_Log(LogType, LogOption, String, Object)
UnityEngine.Logger:Log(LogType, Object)
UnityEngine.Debug:Log(Object)
BirdGame.AudioSystem:InitEnvironments() (at E:/Unity/Projects/Work/FeatherLandNew/Assets/Scripts/New/Systems/IAudioSystem.cs:452)
BirdGame.LoadGameCommand:OnAllLoaded() (at E:/Unity/Projects/Work/FeatherLandNew/Assets/Scripts/New/Commands/LoadGameCommand.cs:162)
BirdGame.AssetSystem:get_AssetRefAtlasReferenceCounts() (at E:/Unity/Projects/Work/FeatherLandNew/Assets/Scripts/New/Systems/IAssetSystem.cs:92)
BirdGame.<>c__DisplayClass3_0:<LoadScene>b__0(GameObject) (at E:/Unity/Projects/Work/FeatherLandNew/Assets/Scripts/New/Systems/ISceneSystem.cs:41)
UnityEngine.UI.CoroutineTween.FloatTween:get_duration() (at ./Library/PackageCache/com.unity.ugui@aa507f3228f0/Runtime/UGUI/UI/Animation/CoroutineTween.cs:142)
Cysharp.Threading.Tasks.CompilerServices.AsyncUniTaskMethodBuilder:Start(TStateMachine&) (at E:/Unity/Projects/Work/FeatherLandNew/Assets/Plugins/UniTask/Runtime/CompilerServices/AsyncUniTaskMethodBuilder.cs:112)
UnityEngine.AddressableAssets.AssetReference:LoadAssetAsync() (at ./Library/PackageCache/com.unity.addressables@d929cbc70804/Runtime/AssetReference.cs:558)
BirdGame.SceneSystem:LoadScene(Int32, Action`1, Action) (at E:/Unity/Projects/Work/FeatherLandNew/Assets/Scripts/New/Systems/ISceneSystem.cs:42)
BirdGame.LoadGameCommand:OnMapConfigComplete(MapConfig) (at E:/Unity/Projects/Work/FeatherLandNew/Assets/Scripts/New/Commands/LoadGameCommand.cs:142)
UnityEngine.UI.CoroutineTween.FloatTween:get_duration() (at ./Library/PackageCache/com.unity.ugui@aa507f3228f0/Runtime/UGUI/UI/Animation/CoroutineTween.cs:142)
System.Threading.ExecutionContext:RunInternal(ExecutionContext, ContextCallback, Object, Boolean)
System.Runtime.CompilerServices.MoveNextRunner:Run()
Cysharp.Threading.Tasks.Awaiter:GetResult() (at E:/Unity/Projects/Work/FeatherLandNew/Assets/Plugins/UniTask/Runtime/UniTask.cs:317)
Cysharp.Threading.Tasks.Internal.ContinuationQueue:RunCore() (at E:/Unity/Projects/Work/FeatherLandNew/Assets/Plugins/UniTask/Runtime/Internal/ContinuationQueue.cs:194)

📢 环境音 [0] Wind: 从存档加载 100%
UnityEngine.DebugLogHandler:Internal_Log(LogType, LogOption, String, Object)
UnityEngine.Logger:Log(LogType, Object)
UnityEngine.Debug:Log(Object)
BirdGame.AudioSystem:InitEnvironments() (at E:/Unity/Projects/Work/FeatherLandNew/Assets/Scripts/New/Systems/IAudioSystem.cs:493)
BirdGame.LoadGameCommand:OnAllLoaded() (at E:/Unity/Projects/Work/FeatherLandNew/Assets/Scripts/New/Commands/LoadGameCommand.cs:162)
BirdGame.AssetSystem:get_AssetRefAtlasReferenceCounts() (at E:/Unity/Projects/Work/FeatherLandNew/Assets/Scripts/New/Systems/IAssetSystem.cs:92)
BirdGame.<>c__DisplayClass3_0:<LoadScene>b__0(GameObject) (at E:/Unity/Projects/Work/FeatherLandNew/Assets/Scripts/New/Systems/ISceneSystem.cs:41)
UnityEngine.UI.CoroutineTween.FloatTween:get_duration() (at ./Library/PackageCache/com.unity.ugui@aa507f3228f0/Runtime/UGUI/UI/Animation/CoroutineTween.cs:142)
Cysharp.Threading.Tasks.CompilerServices.AsyncUniTaskMethodBuilder:Start(TStateMachine&) (at E:/Unity/Projects/Work/FeatherLandNew/Assets/Plugins/UniTask/Runtime/CompilerServices/AsyncUniTaskMethodBuilder.cs:112)
UnityEngine.AddressableAssets.AssetReference:LoadAssetAsync() (at ./Library/PackageCache/com.unity.addressables@d929cbc70804/Runtime/AssetReference.cs:558)
BirdGame.SceneSystem:LoadScene(Int32, Action`1, Action) (at E:/Unity/Projects/Work/FeatherLandNew/Assets/Scripts/New/Systems/ISceneSystem.cs:42)
BirdGame.LoadGameCommand:OnMapConfigComplete(MapConfig) (at E:/Unity/Projects/Work/FeatherLandNew/Assets/Scripts/New/Commands/LoadGameCommand.cs:142)
UnityEngine.UI.CoroutineTween.FloatTween:get_duration() (at ./Library/PackageCache/com.unity.ugui@aa507f3228f0/Runtime/UGUI/UI/Animation/CoroutineTween.cs:142)
System.Threading.ExecutionContext:RunInternal(ExecutionContext, ContextCallback, Object, Boolean)
System.Runtime.CompilerServices.MoveNextRunner:Run()
Cysharp.Threading.Tasks.Awaiter:GetResult() (at E:/Unity/Projects/Work/FeatherLandNew/Assets/Plugins/UniTask/Runtime/UniTask.cs:317)
Cysharp.Threading.Tasks.Internal.ContinuationQueue:RunCore() (at E:/Unity/Projects/Work/FeatherLandNew/Assets/Plugins/UniTask/Runtime/Internal/ContinuationQueue.cs:194)

📢 环境音 [1] Bird: 从存档加载 60%
UnityEngine.DebugLogHandler:Internal_Log(LogType, LogOption, String, Object)
UnityEngine.Logger:Log(LogType, Object)
UnityEngine.Debug:Log(Object)
BirdGame.AudioSystem:InitEnvironments() (at E:/Unity/Projects/Work/FeatherLandNew/Assets/Scripts/New/Systems/IAudioSystem.cs:493)
BirdGame.LoadGameCommand:OnAllLoaded() (at E:/Unity/Projects/Work/FeatherLandNew/Assets/Scripts/New/Commands/LoadGameCommand.cs:162)
BirdGame.AssetSystem:get_AssetRefAtlasReferenceCounts() (at E:/Unity/Projects/Work/FeatherLandNew/Assets/Scripts/New/Systems/IAssetSystem.cs:92)
BirdGame.<>c__DisplayClass3_0:<LoadScene>b__0(GameObject) (at E:/Unity/Projects/Work/FeatherLandNew/Assets/Scripts/New/Systems/ISceneSystem.cs:41)
UnityEngine.UI.CoroutineTween.FloatTween:get_duration() (at ./Library/PackageCache/com.unity.ugui@aa507f3228f0/Runtime/UGUI/UI/Animation/CoroutineTween.cs:142)
Cysharp.Threading.Tasks.CompilerServices.AsyncUniTaskMethodBuilder:Start(TStateMachine&) (at E:/Unity/Projects/Work/FeatherLandNew/Assets/Plugins/UniTask/Runtime/CompilerServices/AsyncUniTaskMethodBuilder.cs:112)
UnityEngine.AddressableAssets.AssetReference:LoadAssetAsync() (at ./Library/PackageCache/com.unity.addressables@d929cbc70804/Runtime/AssetReference.cs:558)
BirdGame.SceneSystem:LoadScene(Int32, Action`1, Action) (at E:/Unity/Projects/Work/FeatherLandNew/Assets/Scripts/New/Systems/ISceneSystem.cs:42)
BirdGame.LoadGameCommand:OnMapConfigComplete(MapConfig) (at E:/Unity/Projects/Work/FeatherLandNew/Assets/Scripts/New/Commands/LoadGameCommand.cs:142)
UnityEngine.UI.CoroutineTween.FloatTween:get_duration() (at ./Library/PackageCache/com.unity.ugui@aa507f3228f0/Runtime/UGUI/UI/Animation/CoroutineTween.cs:142)
System.Threading.ExecutionContext:RunInternal(ExecutionContext, ContextCallback, Object, Boolean)
System.Runtime.CompilerServices.MoveNextRunner:Run()
Cysharp.Threading.Tasks.Awaiter:GetResult() (at E:/Unity/Projects/Work/FeatherLandNew/Assets/Plugins/UniTask/Runtime/UniTask.cs:317)
Cysharp.Threading.Tasks.Internal.ContinuationQueue:RunCore() (at E:/Unity/Projects/Work/FeatherLandNew/Assets/Plugins/UniTask/Runtime/Internal/ContinuationQueue.cs:194)

📢 环境音 [2] Rain: 从存档加载 0%
UnityEngine.DebugLogHandler:Internal_Log(LogType, LogOption, String, Object)
UnityEngine.Logger:Log(LogType, Object)
UnityEngine.Debug:Log(Object)
BirdGame.AudioSystem:InitEnvironments() (at E:/Unity/Projects/Work/FeatherLandNew/Assets/Scripts/New/Systems/IAudioSystem.cs:493)
BirdGame.LoadGameCommand:OnAllLoaded() (at E:/Unity/Projects/Work/FeatherLandNew/Assets/Scripts/New/Commands/LoadGameCommand.cs:162)
BirdGame.AssetSystem:get_AssetRefAtlasReferenceCounts() (at E:/Unity/Projects/Work/FeatherLandNew/Assets/Scripts/New/Systems/IAssetSystem.cs:92)
BirdGame.<>c__DisplayClass3_0:<LoadScene>b__0(GameObject) (at E:/Unity/Projects/Work/FeatherLandNew/Assets/Scripts/New/Systems/ISceneSystem.cs:41)
UnityEngine.UI.CoroutineTween.FloatTween:get_duration() (at ./Library/PackageCache/com.unity.ugui@aa507f3228f0/Runtime/UGUI/UI/Animation/CoroutineTween.cs:142)
Cysharp.Threading.Tasks.CompilerServices.AsyncUniTaskMethodBuilder:Start(TStateMachine&) (at E:/Unity/Projects/Work/FeatherLandNew/Assets/Plugins/UniTask/Runtime/CompilerServices/AsyncUniTaskMethodBuilder.cs:112)
UnityEngine.AddressableAssets.AssetReference:LoadAssetAsync() (at ./Library/PackageCache/com.unity.addressables@d929cbc70804/Runtime/AssetReference.cs:558)
BirdGame.SceneSystem:LoadScene(Int32, Action`1, Action) (at E:/Unity/Projects/Work/FeatherLandNew/Assets/Scripts/New/Systems/ISceneSystem.cs:42)
BirdGame.LoadGameCommand:OnMapConfigComplete(MapConfig) (at E:/Unity/Projects/Work/FeatherLandNew/Assets/Scripts/New/Commands/LoadGameCommand.cs:142)
UnityEngine.UI.CoroutineTween.FloatTween:get_duration() (at ./Library/PackageCache/com.unity.ugui@aa507f3228f0/Runtime/UGUI/UI/Animation/CoroutineTween.cs:142)
System.Threading.ExecutionContext:RunInternal(ExecutionContext, ContextCallback, Object, Boolean)
System.Runtime.CompilerServices.MoveNextRunner:Run()
Cysharp.Threading.Tasks.Awaiter:GetResult() (at E:/Unity/Projects/Work/FeatherLandNew/Assets/Plugins/UniTask/Runtime/UniTask.cs:317)
Cysharp.Threading.Tasks.Internal.ContinuationQueue:RunCore() (at E:/Unity/Projects/Work/FeatherLandNew/Assets/Plugins/UniTask/Runtime/Internal/ContinuationQueue.cs:194)

📢 环境音 [3] Fire: 从存档加载 0%
UnityEngine.DebugLogHandler:Internal_Log(LogType, LogOption, String, Object)
UnityEngine.Logger:Log(LogType, Object)
UnityEngine.Debug:Log(Object)
BirdGame.AudioSystem:InitEnvironments() (at E:/Unity/Projects/Work/FeatherLandNew/Assets/Scripts/New/Systems/IAudioSystem.cs:493)
BirdGame.LoadGameCommand:OnAllLoaded() (at E:/Unity/Projects/Work/FeatherLandNew/Assets/Scripts/New/Commands/LoadGameCommand.cs:162)
BirdGame.AssetSystem:get_AssetRefAtlasReferenceCounts() (at E:/Unity/Projects/Work/FeatherLandNew/Assets/Scripts/New/Systems/IAssetSystem.cs:92)
BirdGame.<>c__DisplayClass3_0:<LoadScene>b__0(GameObject) (at E:/Unity/Projects/Work/FeatherLandNew/Assets/Scripts/New/Systems/ISceneSystem.cs:41)
UnityEngine.UI.CoroutineTween.FloatTween:get_duration() (at ./Library/PackageCache/com.unity.ugui@aa507f3228f0/Runtime/UGUI/UI/Animation/CoroutineTween.cs:142)
Cysharp.Threading.Tasks.CompilerServices.AsyncUniTaskMethodBuilder:Start(TStateMachine&) (at E:/Unity/Projects/Work/FeatherLandNew/Assets/Plugins/UniTask/Runtime/CompilerServices/AsyncUniTaskMethodBuilder.cs:112)
UnityEngine.AddressableAssets.AssetReference:LoadAssetAsync() (at ./Library/PackageCache/com.unity.addressables@d929cbc70804/Runtime/AssetReference.cs:558)
BirdGame.SceneSystem:LoadScene(Int32, Action`1, Action) (at E:/Unity/Projects/Work/FeatherLandNew/Assets/Scripts/New/Systems/ISceneSystem.cs:42)
BirdGame.LoadGameCommand:OnMapConfigComplete(MapConfig) (at E:/Unity/Projects/Work/FeatherLandNew/Assets/Scripts/New/Commands/LoadGameCommand.cs:142)
UnityEngine.UI.CoroutineTween.FloatTween:get_duration() (at ./Library/PackageCache/com.unity.ugui@aa507f3228f0/Runtime/UGUI/UI/Animation/CoroutineTween.cs:142)
System.Threading.ExecutionContext:RunInternal(ExecutionContext, ContextCallback, Object, Boolean)
System.Runtime.CompilerServices.MoveNextRunner:Run()
Cysharp.Threading.Tasks.Awaiter:GetResult() (at E:/Unity/Projects/Work/FeatherLandNew/Assets/Plugins/UniTask/Runtime/UniTask.cs:317)
Cysharp.Threading.Tasks.Internal.ContinuationQueue:RunCore() (at E:/Unity/Projects/Work/FeatherLandNew/Assets/Plugins/UniTask/Runtime/Internal/ContinuationQueue.cs:194)

📢 环境音 [4] Lightning: 从存档加载 0%
UnityEngine.DebugLogHandler:Internal_Log(LogType, LogOption, String, Object)
UnityEngine.Logger:Log(LogType, Object)
UnityEngine.Debug:Log(Object)
BirdGame.AudioSystem:InitEnvironments() (at E:/Unity/Projects/Work/FeatherLandNew/Assets/Scripts/New/Systems/IAudioSystem.cs:493)
BirdGame.LoadGameCommand:OnAllLoaded() (at E:/Unity/Projects/Work/FeatherLandNew/Assets/Scripts/New/Commands/LoadGameCommand.cs:162)
BirdGame.AssetSystem:get_AssetRefAtlasReferenceCounts() (at E:/Unity/Projects/Work/FeatherLandNew/Assets/Scripts/New/Systems/IAssetSystem.cs:92)
BirdGame.<>c__DisplayClass3_0:<LoadScene>b__0(GameObject) (at E:/Unity/Projects/Work/FeatherLandNew/Assets/Scripts/New/Systems/ISceneSystem.cs:41)
UnityEngine.UI.CoroutineTween.FloatTween:get_duration() (at ./Library/PackageCache/com.unity.ugui@aa507f3228f0/Runtime/UGUI/UI/Animation/CoroutineTween.cs:142)
Cysharp.Threading.Tasks.CompilerServices.AsyncUniTaskMethodBuilder:Start(TStateMachine&) (at E:/Unity/Projects/Work/FeatherLandNew/Assets/Plugins/UniTask/Runtime/CompilerServices/AsyncUniTaskMethodBuilder.cs:112)
UnityEngine.AddressableAssets.AssetReference:LoadAssetAsync() (at ./Library/PackageCache/com.unity.addressables@d929cbc70804/Runtime/AssetReference.cs:558)
BirdGame.SceneSystem:LoadScene(Int32, Action`1, Action) (at E:/Unity/Projects/Work/FeatherLandNew/Assets/Scripts/New/Systems/ISceneSystem.cs:42)
BirdGame.LoadGameCommand:OnMapConfigComplete(MapConfig) (at E:/Unity/Projects/Work/FeatherLandNew/Assets/Scripts/New/Commands/LoadGameCommand.cs:142)
UnityEngine.UI.CoroutineTween.FloatTween:get_duration() (at ./Library/PackageCache/com.unity.ugui@aa507f3228f0/Runtime/UGUI/UI/Animation/CoroutineTween.cs:142)
System.Threading.ExecutionContext:RunInternal(ExecutionContext, ContextCallback, Object, Boolean)
System.Runtime.CompilerServices.MoveNextRunner:Run()
Cysharp.Threading.Tasks.Awaiter:GetResult() (at E:/Unity/Projects/Work/FeatherLandNew/Assets/Plugins/UniTask/Runtime/UniTask.cs:317)
Cysharp.Threading.Tasks.Internal.ContinuationQueue:RunCore() (at E:/Unity/Projects/Work/FeatherLandNew/Assets/Plugins/UniTask/Runtime/Internal/ContinuationQueue.cs:194)

📢 环境音 [5] River: 从存档加载 0%
UnityEngine.DebugLogHandler:Internal_Log(LogType, LogOption, String, Object)
UnityEngine.Logger:Log(LogType, Object)
UnityEngine.Debug:Log(Object)
BirdGame.AudioSystem:InitEnvironments() (at E:/Unity/Projects/Work/FeatherLandNew/Assets/Scripts/New/Systems/IAudioSystem.cs:493)
BirdGame.LoadGameCommand:OnAllLoaded() (at E:/Unity/Projects/Work/FeatherLandNew/Assets/Scripts/New/Commands/LoadGameCommand.cs:162)
BirdGame.AssetSystem:get_AssetRefAtlasReferenceCounts() (at E:/Unity/Projects/Work/FeatherLandNew/Assets/Scripts/New/Systems/IAssetSystem.cs:92)
BirdGame.<>c__DisplayClass3_0:<LoadScene>b__0(GameObject) (at E:/Unity/Projects/Work/FeatherLandNew/Assets/Scripts/New/Systems/ISceneSystem.cs:41)
UnityEngine.UI.CoroutineTween.FloatTween:get_duration() (at ./Library/PackageCache/com.unity.ugui@aa507f3228f0/Runtime/UGUI/UI/Animation/CoroutineTween.cs:142)
Cysharp.Threading.Tasks.CompilerServices.AsyncUniTaskMethodBuilder:Start(TStateMachine&) (at E:/Unity/Projects/Work/FeatherLandNew/Assets/Plugins/UniTask/Runtime/CompilerServices/AsyncUniTaskMethodBuilder.cs:112)
UnityEngine.AddressableAssets.AssetReference:LoadAssetAsync() (at ./Library/PackageCache/com.unity.addressables@d929cbc70804/Runtime/AssetReference.cs:558)
BirdGame.SceneSystem:LoadScene(Int32, Action`1, Action) (at E:/Unity/Projects/Work/FeatherLandNew/Assets/Scripts/New/Systems/ISceneSystem.cs:42)
BirdGame.LoadGameCommand:OnMapConfigComplete(MapConfig) (at E:/Unity/Projects/Work/FeatherLandNew/Assets/Scripts/New/Commands/LoadGameCommand.cs:142)
UnityEngine.UI.CoroutineTween.FloatTween:get_duration() (at ./Library/PackageCache/com.unity.ugui@aa507f3228f0/Runtime/UGUI/UI/Animation/CoroutineTween.cs:142)
System.Threading.ExecutionContext:RunInternal(ExecutionContext, ContextCallback, Object, Boolean)
System.Runtime.CompilerServices.MoveNextRunner:Run()
Cysharp.Threading.Tasks.Awaiter:GetResult() (at E:/Unity/Projects/Work/FeatherLandNew/Assets/Plugins/UniTask/Runtime/UniTask.cs:317)
Cysharp.Threading.Tasks.Internal.ContinuationQueue:RunCore() (at E:/Unity/Projects/Work/FeatherLandNew/Assets/Plugins/UniTask/Runtime/Internal/ContinuationQueue.cs:194)

📢 环境音 [6] Snow: 从存档加载 0%
UnityEngine.DebugLogHandler:Internal_Log(LogType, LogOption, String, Object)
UnityEngine.Logger:Log(LogType, Object)
UnityEngine.Debug:Log(Object)
BirdGame.AudioSystem:InitEnvironments() (at E:/Unity/Projects/Work/FeatherLandNew/Assets/Scripts/New/Systems/IAudioSystem.cs:493)
BirdGame.LoadGameCommand:OnAllLoaded() (at E:/Unity/Projects/Work/FeatherLandNew/Assets/Scripts/New/Commands/LoadGameCommand.cs:162)
BirdGame.AssetSystem:get_AssetRefAtlasReferenceCounts() (at E:/Unity/Projects/Work/FeatherLandNew/Assets/Scripts/New/Systems/IAssetSystem.cs:92)
BirdGame.<>c__DisplayClass3_0:<LoadScene>b__0(GameObject) (at E:/Unity/Projects/Work/FeatherLandNew/Assets/Scripts/New/Systems/ISceneSystem.cs:41)
UnityEngine.UI.CoroutineTween.FloatTween:get_duration() (at ./Library/PackageCache/com.unity.ugui@aa507f3228f0/Runtime/UGUI/UI/Animation/CoroutineTween.cs:142)
Cysharp.Threading.Tasks.CompilerServices.AsyncUniTaskMethodBuilder:Start(TStateMachine&) (at E:/Unity/Projects/Work/FeatherLandNew/Assets/Plugins/UniTask/Runtime/CompilerServices/AsyncUniTaskMethodBuilder.cs:112)
UnityEngine.AddressableAssets.AssetReference:LoadAssetAsync() (at ./Library/PackageCache/com.unity.addressables@d929cbc70804/Runtime/AssetReference.cs:558)
BirdGame.SceneSystem:LoadScene(Int32, Action`1, Action) (at E:/Unity/Projects/Work/FeatherLandNew/Assets/Scripts/New/Systems/ISceneSystem.cs:42)
BirdGame.LoadGameCommand:OnMapConfigComplete(MapConfig) (at E:/Unity/Projects/Work/FeatherLandNew/Assets/Scripts/New/Commands/LoadGameCommand.cs:142)
UnityEngine.UI.CoroutineTween.FloatTween:get_duration() (at ./Library/PackageCache/com.unity.ugui@aa507f3228f0/Runtime/UGUI/UI/Animation/CoroutineTween.cs:142)
System.Threading.ExecutionContext:RunInternal(ExecutionContext, ContextCallback, Object, Boolean)
System.Runtime.CompilerServices.MoveNextRunner:Run()
Cysharp.Threading.Tasks.Awaiter:GetResult() (at E:/Unity/Projects/Work/FeatherLandNew/Assets/Plugins/UniTask/Runtime/UniTask.cs:317)
Cysharp.Threading.Tasks.Internal.ContinuationQueue:RunCore() (at E:/Unity/Projects/Work/FeatherLandNew/Assets/Plugins/UniTask/Runtime/Internal/ContinuationQueue.cs:194)

✅ 环境音效初始化完成！
UnityEngine.DebugLogHandler:Internal_Log(LogType, LogOption, String, Object)
UnityEngine.Logger:Log(LogType, Object)
UnityEngine.Debug:Log(Object)
BirdGame.AudioSystem:InitEnvironments() (at E:/Unity/Projects/Work/FeatherLandNew/Assets/Scripts/New/Systems/IAudioSystem.cs:536)
BirdGame.LoadGameCommand:OnAllLoaded() (at E:/Unity/Projects/Work/FeatherLandNew/Assets/Scripts/New/Commands/LoadGameCommand.cs:162)
BirdGame.AssetSystem:get_AssetRefAtlasReferenceCounts() (at E:/Unity/Projects/Work/FeatherLandNew/Assets/Scripts/New/Systems/IAssetSystem.cs:92)
BirdGame.<>c__DisplayClass3_0:<LoadScene>b__0(GameObject) (at E:/Unity/Projects/Work/FeatherLandNew/Assets/Scripts/New/Systems/ISceneSystem.cs:41)
UnityEngine.UI.CoroutineTween.FloatTween:get_duration() (at ./Library/PackageCache/com.unity.ugui@aa507f3228f0/Runtime/UGUI/UI/Animation/CoroutineTween.cs:142)
Cysharp.Threading.Tasks.CompilerServices.AsyncUniTaskMethodBuilder:Start(TStateMachine&) (at E:/Unity/Projects/Work/FeatherLandNew/Assets/Plugins/UniTask/Runtime/CompilerServices/AsyncUniTaskMethodBuilder.cs:112)
UnityEngine.AddressableAssets.AssetReference:LoadAssetAsync() (at ./Library/PackageCache/com.unity.addressables@d929cbc70804/Runtime/AssetReference.cs:558)
BirdGame.SceneSystem:LoadScene(Int32, Action`1, Action) (at E:/Unity/Projects/Work/FeatherLandNew/Assets/Scripts/New/Systems/ISceneSystem.cs:42)
BirdGame.LoadGameCommand:OnMapConfigComplete(MapConfig) (at E:/Unity/Projects/Work/FeatherLandNew/Assets/Scripts/New/Commands/LoadGameCommand.cs:142)
UnityEngine.UI.CoroutineTween.FloatTween:get_duration() (at ./Library/PackageCache/com.unity.ugui@aa507f3228f0/Runtime/UGUI/UI/Animation/CoroutineTween.cs:142)
System.Threading.ExecutionContext:RunInternal(ExecutionContext, ContextCallback, Object, Boolean)
System.Runtime.CompilerServices.MoveNextRunner:Run()
Cysharp.Threading.Tasks.Awaiter:GetResult() (at E:/Unity/Projects/Work/FeatherLandNew/Assets/Plugins/UniTask/Runtime/UniTask.cs:317)
Cysharp.Threading.Tasks.Internal.ContinuationQueue:RunCore() (at E:/Unity/Projects/Work/FeatherLandNew/Assets/Plugins/UniTask/Runtime/Internal/ContinuationQueue.cs:194)

天气index为0
UnityEngine.DebugLogHandler:Internal_Log(LogType, LogOption, String, Object)
UnityEngine.Logger:Log(LogType, Object)
UnityEngine.Debug:Log(Object)
BirdGame.WeatherManager:SwitchWeather(Int32) (at E:/Unity/Projects/Work/FeatherLandNew/Assets/Scripts/New/ViewController/Game/WeatherManager.cs:81)

Sources 5
UnityEngine.DebugLogHandler:Internal_Log(LogType, LogOption, String, Object)
UnityEngine.Logger:Log(LogType, Object)
UnityEngine.Debug:Log(Object)
NavMeshPlus.Extensions.NavMeshBuilder2d:CollectSources(List`1, NavMeshBuilder2dState) (at ./Library/PackageCache/com.h8man.2d.navmeshplus@3fdf1984803c/NavMeshComponents/Scripts/NavMeshBuilder2d.cs:156)
NavMeshPlus.Components.NavMeshSurface:CollectSources(NavMeshBuilderState) (at ./Library/PackageCache/com.h8man.2d.navmeshplus@3fdf1984803c/NavMeshComponents/Scripts/NavMeshSurface.cs:396)
NavMeshPlus.Components.NavMeshSurface:BuildNavMesh() (at ./Library/PackageCache/com.h8man.2d.navmeshplus@3fdf1984803c/NavMeshComponents/Scripts/NavMeshSurface.cs:179)
NavigationManager:RefreshArea() (at E:/Unity/Projects/Work/FeatherLandNew/Assets/Scripts/Managers/NavigationManager.cs:77)

Build
UnityEngine.DebugLogHandler:Internal_Log(LogType, LogOption, String, Object)
UnityEngine.Logger:Log(LogType, Object)
UnityEngine.Debug:Log(Object)

从存档加载的屏幕模式: 2
UnityEngine.DebugLogHandler:Internal_Log(LogType, LogOption, String, Object)
UnityEngine.Logger:Log(LogType, Object)
UnityEngine.Debug:Log(Object)
BirdGame.<InitializeAfterSystems>d__20:MoveNext() (at E:/Unity/Projects/Work/FeatherLandNew/Assets/Scripts/New/ViewController/Game/GameEntry.cs:81)
UnityEngine.SetupCoroutine:InvokeMoveNext(IEnumerator, IntPtr)

SetScreenMode 被调用，模式: 2
UnityEngine.DebugLogHandler:Internal_Log(LogType, LogOption, String, Object)
UnityEngine.Logger:Log(LogType, Object)
UnityEngine.Debug:Log(Object)
BirdGame.GameEntry:SetScreenMode(Int32, Boolean) (at E:/Unity/Projects/Work/FeatherLandNew/Assets/Scripts/New/ViewController/Game/GameEntry.cs:109)
BirdGame.<InitializeAfterSystems>d__20:MoveNext() (at E:/Unity/Projects/Work/FeatherLandNew/Assets/Scripts/New/ViewController/Game/GameEntry.cs:82)
UnityEngine.SetupCoroutine:InvokeMoveNext(IEnumerator, IntPtr)

Init hWnd=73024, style=349110272, exStyle=256
UnityEngine.DebugLogHandler:Internal_Log(LogType, LogOption, String, Object)
UnityEngine.Logger:Log(LogType, Object)
UnityEngine.Debug:Log(Object)
BirdGame.FullScreenUtility:InitializeWindowHandle() (at E:/Unity/Projects/Work/FeatherLandNew/Assets/Scripts/New/Utility/FullScreenUtility.cs:278)
BirdGame.FullScreenUtility:FullscreenMode() (at E:/Unity/Projects/Work/FeatherLandNew/Assets/Scripts/New/Utility/FullScreenUtility.cs:631)
BirdGame.GameEntry:SetScreenMode(Int32, Boolean) (at E:/Unity/Projects/Work/FeatherLandNew/Assets/Scripts/New/ViewController/Game/GameEntry.cs:141)
BirdGame.<InitializeAfterSystems>d__20:MoveNext() (at E:/Unity/Projects/Work/FeatherLandNew/Assets/Scripts/New/ViewController/Game/GameEntry.cs:82)
UnityEngine.SetupCoroutine:InvokeMoveNext(IEnumerator, IntPtr)

[FullscreenMode] 激活 - 2560x1600
UnityEngine.DebugLogHandler:Internal_Log(LogType, LogOption, String, Object)
UnityEngine.Logger:Log(LogType, Object)
UnityEngine.Debug:Log(Object)
BirdGame.FullScreenUtility:FullscreenMode() (at E:/Unity/Projects/Work/FeatherLandNew/Assets/Scripts/New/Utility/FullScreenUtility.cs:665)
BirdGame.GameEntry:SetScreenMode(Int32, Boolean) (at E:/Unity/Projects/Work/FeatherLandNew/Assets/Scripts/New/ViewController/Game/GameEntry.cs:141)
BirdGame.<InitializeAfterSystems>d__20:MoveNext() (at E:/Unity/Projects/Work/FeatherLandNew/Assets/Scripts/New/ViewController/Game/GameEntry.cs:82)
UnityEngine.SetupCoroutine:InvokeMoveNext(IEnumerator, IntPtr)

[FullscreenMode] SimpleMouseForwarder 已禁用
UnityEngine.DebugLogHandler:Internal_Log(LogType, LogOption, String, Object)
UnityEngine.Logger:Log(LogType, Object)
UnityEngine.Debug:Log(Object)
BirdGame.FullScreenUtility:FullscreenMode() (at E:/Unity/Projects/Work/FeatherLandNew/Assets/Scripts/New/Utility/FullScreenUtility.cs:672)
BirdGame.GameEntry:SetScreenMode(Int32, Boolean) (at E:/Unity/Projects/Work/FeatherLandNew/Assets/Scripts/New/ViewController/Game/GameEntry.cs:141)
BirdGame.<InitializeAfterSystems>d__20:MoveNext() (at E:/Unity/Projects/Work/FeatherLandNew/Assets/Scripts/New/ViewController/Game/GameEntry.cs:82)
UnityEngine.SetupCoroutine:InvokeMoveNext(IEnumerator, IntPtr)

[ActivateWindow] 结果 - Foreground: True, BringToTop: True, Focus: True
UnityEngine.DebugLogHandler:Internal_Log(LogType, LogOption, String, Object)
UnityEngine.Logger:Log(LogType, Object)
UnityEngine.Debug:Log(Object)
BirdGame.FullScreenUtility:ActivateWindow() (at E:/Unity/Projects/Work/FeatherLandNew/Assets/Scripts/New/Utility/FullScreenUtility.cs:307)
BirdGame.GameEntry:SetScreenMode(Int32, Boolean) (at E:/Unity/Projects/Work/FeatherLandNew/Assets/Scripts/New/ViewController/Game/GameEntry.cs:141)
BirdGame.<InitializeAfterSystems>d__20:MoveNext() (at E:/Unity/Projects/Work/FeatherLandNew/Assets/Scripts/New/ViewController/Game/GameEntry.cs:82)
UnityEngine.SetupCoroutine:InvokeMoveNext(IEnumerator, IntPtr)

设置为全屏模式 (45 FPS)
UnityEngine.DebugLogHandler:Internal_Log(LogType, LogOption, String, Object)
UnityEngine.Logger:Log(LogType, Object)
UnityEngine.Debug:Log(Object)
BirdGame.GameEntry:SetScreenMode(Int32, Boolean) (at E:/Unity/Projects/Work/FeatherLandNew/Assets/Scripts/New/ViewController/Game/GameEntry.cs:150)
BirdGame.<InitializeAfterSystems>d__20:MoveNext() (at E:/Unity/Projects/Work/FeatherLandNew/Assets/Scripts/New/ViewController/Game/GameEntry.cs:82)
UnityEngine.SetupCoroutine:InvokeMoveNext(IEnumerator, IntPtr)

本地化文本加载成功，Key: new egg，Text: 新的蛋
UnityEngine.DebugLogHandler:Internal_Log(LogType, LogOption, String, Object)
UnityEngine.Logger:Log(LogType, Object)
UnityEngine.Debug:Log(Object)
UnityEngine.Object:Instantiate(Object, Vector3, Quaternion)
NavMeshPlus.Extensions.NavMeshBuilderState:GetExtraState(Boolean) (at ./Library/PackageCache/com.h8man.2d.navmeshplus@3fdf1984803c/NavMeshComponents/Scripts/NavMeshBuilderState.cs:32)
BirdGame.<>c__DisplayClass30_0:<CreateDecorations>b__0(GameObject) (at E:/Unity/Projects/Work/FeatherLandNew/Assets/Scripts/New/Systems/IGameSystem.cs:880)
UnityEngine.UI.CoroutineTween.FloatTween:get_duration() (at ./Library/PackageCache/com.unity.ugui@aa507f3228f0/Runtime/UGUI/UI/Animation/CoroutineTween.cs:142)
System.Threading.ExecutionContext:RunInternal(ExecutionContext, ContextCallback, Object, Boolean)
System.Runtime.CompilerServices.MoveNextRunner:Run()
Cysharp.Threading.Tasks.Awaiter:GetResult() (at E:/Unity/Projects/Work/FeatherLandNew/Assets/Plugins/UniTask/Runtime/UniTask.cs:317)
Cysharp.Threading.Tasks.Internal.ContinuationQueue:RunCore() (at E:/Unity/Projects/Work/FeatherLandNew/Assets/Plugins/UniTask/Runtime/Internal/ContinuationQueue.cs:194)

Sources 5
UnityEngine.DebugLogHandler:Internal_Log(LogType, LogOption, String, Object)
UnityEngine.Logger:Log(LogType, Object)
UnityEngine.Debug:Log(Object)
NavMeshPlus.Extensions.NavMeshBuilder2d:CollectSources(List`1, NavMeshBuilder2dState) (at ./Library/PackageCache/com.h8man.2d.navmeshplus@3fdf1984803c/NavMeshComponents/Scripts/NavMeshBuilder2d.cs:156)
NavMeshPlus.Components.NavMeshSurface:CollectSources(NavMeshBuilderState) (at ./Library/PackageCache/com.h8man.2d.navmeshplus@3fdf1984803c/NavMeshComponents/Scripts/NavMeshSurface.cs:396)
NavMeshPlus.Components.NavMeshSurface:BuildNavMesh() (at ./Library/PackageCache/com.h8man.2d.navmeshplus@3fdf1984803c/NavMeshComponents/Scripts/NavMeshSurface.cs:179)
NavigationManager:RefreshArea() (at E:/Unity/Projects/Work/FeatherLandNew/Assets/Scripts/Managers/NavigationManager.cs:77)
DG.Tweening.Tween:OnTweenCallback(TweenCallback, Tween)
DG.Tweening.Sequence:ApplyInternalCycle(Sequence, Single, Single, UpdateMode, Boolean, Boolean, Boolean)
DG.Tweening.Sequence:DoApplyTween(Sequence, Single, Int32, Int32, Boolean, UpdateMode)
DG.Tweening.Tween:DoGoto(Tween, Single, Int32, UpdateMode)
DG.Tweening.Core.TweenManager:Update(Tween, Single, Single, Boolean)
DG.Tweening.Core.TweenManager:Update(UpdateType, Single, Single)
DG.Tweening.Core.DOTweenComponent:Update()

Build
UnityEngine.DebugLogHandler:Internal_Log(LogType, LogOption, String, Object)
UnityEngine.Logger:Log(LogType, Object)
UnityEngine.Debug:Log(Object)
DG.Tweening.Tween:OnTweenCallback(TweenCallback, Tween)
DG.Tweening.Sequence:ApplyInternalCycle(Sequence, Single, Single, UpdateMode, Boolean, Boolean, Boolean)
DG.Tweening.Sequence:DoApplyTween(Sequence, Single, Int32, Int32, Boolean, UpdateMode)
DG.Tweening.Tween:DoGoto(Tween, Single, Int32, UpdateMode)
DG.Tweening.Core.TweenManager:Update(Tween, Single, Single, Boolean)
DG.Tweening.Core.TweenManager:Update(UpdateType, Single, Single)
DG.Tweening.Core.DOTweenComponent:Update()

<color=#0099bc><b>DOTWEEN ► </b></color>Tween startup failed (NULL target/property - UnityEngine.Color <DOColor>b__0()): the tween will now be killed ► Object reference not set to an instance of an object.
UnityEngine.DebugLogHandler:Internal_Log(LogType, LogOption, String, Object)
UnityEngine.Logger:Log(LogType, Object)
UnityEngine.Debug:LogWarning(Object)
UnityEngine.U2D.Animation.TransformAccessJob:ArrayRemoveAt(T[]&, Int32) (at ./Library/PackageCache/com.unity.2d.animation@81ad133dbdf1/Runtime/BatchedDeformation/TransformAccessJob.cs:111)
DG.Tweening.Tween:DoGoto(Tween, Single, Int32, UpdateMode)
DG.Tweening.Core.TweenManager:Goto(Tween, Single, Boolean, UpdateMode)
DG.Tweening.Sequence:ApplyInternalCycle(Sequence, Single, Single, UpdateMode, Boolean, Boolean, Boolean)
DG.Tweening.Sequence:DoApplyTween(Sequence, Single, Int32, Int32, Boolean, UpdateMode)
DG.Tweening.Tween:DoGoto(Tween, Single, Int32, UpdateMode)
DG.Tweening.Core.TweenManager:Goto(Tween, Single, Boolean, UpdateMode)
DG.Tweening.Sequence:ApplyInternalCycle(Sequence, Single, Single, UpdateMode, Boolean, Boolean, Boolean)
DG.Tweening.Sequence:DoApplyTween(Sequence, Single, Int32, Int32, Boolean, UpdateMode)
DG.Tweening.Tween:DoGoto(Tween, Single, Int32, UpdateMode)
DG.Tweening.Core.TweenManager:Update(Tween, Single, Single, Boolean)
DG.Tweening.Core.TweenManager:Update(UpdateType, Single, Single)
DG.Tweening.Core.DOTweenComponent:Update()

<color=#0099bc><b>DOTWEEN ► </b></color>Tween startup failed (NULL target/property - UnityEngine.Color <DOColor>b__0()): the tween will now be killed ► Object reference not set to an instance of an object.
UnityEngine.DebugLogHandler:Internal_Log(LogType, LogOption, String, Object)
UnityEngine.Logger:Log(LogType, Object)
UnityEngine.Debug:LogWarning(Object)
UnityEngine.U2D.Animation.TransformAccessJob:ArrayRemoveAt(T[]&, Int32) (at ./Library/PackageCache/com.unity.2d.animation@81ad133dbdf1/Runtime/BatchedDeformation/TransformAccessJob.cs:111)
DG.Tweening.Tween:DoGoto(Tween, Single, Int32, UpdateMode)
DG.Tweening.Core.TweenManager:Goto(Tween, Single, Boolean, UpdateMode)
DG.Tweening.Sequence:ApplyInternalCycle(Sequence, Single, Single, UpdateMode, Boolean, Boolean, Boolean)
DG.Tweening.Sequence:DoApplyTween(Sequence, Single, Int32, Int32, Boolean, UpdateMode)
DG.Tweening.Tween:DoGoto(Tween, Single, Int32, UpdateMode)
DG.Tweening.Core.TweenManager:Goto(Tween, Single, Boolean, UpdateMode)
DG.Tweening.Sequence:ApplyInternalCycle(Sequence, Single, Single, UpdateMode, Boolean, Boolean, Boolean)
DG.Tweening.Sequence:DoApplyTween(Sequence, Single, Int32, Int32, Boolean, UpdateMode)
DG.Tweening.Tween:DoGoto(Tween, Single, Int32, UpdateMode)
DG.Tweening.Core.TweenManager:Update(Tween, Single, Single, Boolean)
DG.Tweening.Core.TweenManager:Update(UpdateType, Single, Single)
DG.Tweening.Core.DOTweenComponent:Update()

<color=#0099bc><b>DOTWEEN ► </b></color>Tween startup failed (NULL target/property - UnityEngine.Color <DOColor>b__0()): the tween will now be killed ► Object reference not set to an instance of an object.
UnityEngine.DebugLogHandler:Internal_Log(LogType, LogOption, String, Object)
UnityEngine.Logger:Log(LogType, Object)
UnityEngine.Debug:LogWarning(Object)
UnityEngine.U2D.Animation.TransformAccessJob:ArrayRemoveAt(T[]&, Int32) (at ./Library/PackageCache/com.unity.2d.animation@81ad133dbdf1/Runtime/BatchedDeformation/TransformAccessJob.cs:111)
DG.Tweening.Tween:DoGoto(Tween, Single, Int32, UpdateMode)
DG.Tweening.Core.TweenManager:Goto(Tween, Single, Boolean, UpdateMode)
DG.Tweening.Sequence:ApplyInternalCycle(Sequence, Single, Single, UpdateMode, Boolean, Boolean, Boolean)
DG.Tweening.Sequence:DoApplyTween(Sequence, Single, Int32, Int32, Boolean, UpdateMode)
DG.Tweening.Tween:DoGoto(Tween, Single, Int32, UpdateMode)
DG.Tweening.Core.TweenManager:Goto(Tween, Single, Boolean, UpdateMode)
DG.Tweening.Sequence:ApplyInternalCycle(Sequence, Single, Single, UpdateMode, Boolean, Boolean, Boolean)
DG.Tweening.Sequence:DoApplyTween(Sequence, Single, Int32, Int32, Boolean, UpdateMode)
DG.Tweening.Tween:DoGoto(Tween, Single, Int32, UpdateMode)
DG.Tweening.Core.TweenManager:Update(Tween, Single, Single, Boolean)
DG.Tweening.Core.TweenManager:Update(UpdateType, Single, Single)
DG.Tweening.Core.DOTweenComponent:Update()

<color=#0099bc><b>DOTWEEN ► </b></color>Tween startup failed (NULL target/property - UnityEngine.Color <DOColor>b__0()): the tween will now be killed ► Object reference not set to an instance of an object.
UnityEngine.DebugLogHandler:Internal_Log(LogType, LogOption, String, Object)
UnityEngine.Logger:Log(LogType, Object)
UnityEngine.Debug:LogWarning(Object)
UnityEngine.U2D.Animation.TransformAccessJob:ArrayRemoveAt(T[]&, Int32) (at ./Library/PackageCache/com.unity.2d.animation@81ad133dbdf1/Runtime/BatchedDeformation/TransformAccessJob.cs:111)
DG.Tweening.Tween:DoGoto(Tween, Single, Int32, UpdateMode)
DG.Tweening.Core.TweenManager:Goto(Tween, Single, Boolean, UpdateMode)
DG.Tweening.Sequence:ApplyInternalCycle(Sequence, Single, Single, UpdateMode, Boolean, Boolean, Boolean)
DG.Tweening.Sequence:DoApplyTween(Sequence, Single, Int32, Int32, Boolean, UpdateMode)
DG.Tweening.Tween:DoGoto(Tween, Single, Int32, UpdateMode)
DG.Tweening.Core.TweenManager:Goto(Tween, Single, Boolean, UpdateMode)
DG.Tweening.Sequence:ApplyInternalCycle(Sequence, Single, Single, UpdateMode, Boolean, Boolean, Boolean)
DG.Tweening.Sequence:DoApplyTween(Sequence, Single, Int32, Int32, Boolean, UpdateMode)
DG.Tweening.Tween:DoGoto(Tween, Single, Int32, UpdateMode)
DG.Tweening.Core.TweenManager:Update(Tween, Single, Single, Boolean)
DG.Tweening.Core.TweenManager:Update(UpdateType, Single, Single)
DG.Tweening.Core.DOTweenComponent:Update()

<color=#0099bc><b>DOTWEEN ► </b></color>Tween startup failed (NULL target/property - UnityEngine.Color <DOColor>b__0()): the tween will now be killed ► Object reference not set to an instance of an object.
UnityEngine.DebugLogHandler:Internal_Log(LogType, LogOption, String, Object)
UnityEngine.Logger:Log(LogType, Object)
UnityEngine.Debug:LogWarning(Object)
UnityEngine.U2D.Animation.TransformAccessJob:ArrayRemoveAt(T[]&, Int32) (at ./Library/PackageCache/com.unity.2d.animation@81ad133dbdf1/Runtime/BatchedDeformation/TransformAccessJob.cs:111)
DG.Tweening.Tween:DoGoto(Tween, Single, Int32, UpdateMode)
DG.Tweening.Core.TweenManager:Goto(Tween, Single, Boolean, UpdateMode)
DG.Tweening.Sequence:ApplyInternalCycle(Sequence, Single, Single, UpdateMode, Boolean, Boolean, Boolean)
DG.Tweening.Sequence:DoApplyTween(Sequence, Single, Int32, Int32, Boolean, UpdateMode)
DG.Tweening.Tween:DoGoto(Tween, Single, Int32, UpdateMode)
DG.Tweening.Core.TweenManager:Goto(Tween, Single, Boolean, UpdateMode)
DG.Tweening.Sequence:ApplyInternalCycle(Sequence, Single, Single, UpdateMode, Boolean, Boolean, Boolean)
DG.Tweening.Sequence:DoApplyTween(Sequence, Single, Int32, Int32, Boolean, UpdateMode)
DG.Tweening.Tween:DoGoto(Tween, Single, Int32, UpdateMode)
DG.Tweening.Core.TweenManager:Update(Tween, Single, Single, Boolean)
DG.Tweening.Core.TweenManager:Update(UpdateType, Single, Single)
DG.Tweening.Core.DOTweenComponent:Update()

<color=#0099bc><b>DOTWEEN ► </b></color>Tween startup failed (NULL target/property - UnityEngine.Color <DOColor>b__0()): the tween will now be killed ► Object reference not set to an instance of an object.
UnityEngine.DebugLogHandler:Internal_Log(LogType, LogOption, String, Object)
UnityEngine.Logger:Log(LogType, Object)
UnityEngine.Debug:LogWarning(Object)
UnityEngine.U2D.Animation.TransformAccessJob:ArrayRemoveAt(T[]&, Int32) (at ./Library/PackageCache/com.unity.2d.animation@81ad133dbdf1/Runtime/BatchedDeformation/TransformAccessJob.cs:111)
DG.Tweening.Tween:DoGoto(Tween, Single, Int32, UpdateMode)
DG.Tweening.Core.TweenManager:Goto(Tween, Single, Boolean, UpdateMode)
DG.Tweening.Sequence:ApplyInternalCycle(Sequence, Single, Single, UpdateMode, Boolean, Boolean, Boolean)
DG.Tweening.Sequence:DoApplyTween(Sequence, Single, Int32, Int32, Boolean, UpdateMode)
DG.Tweening.Tween:DoGoto(Tween, Single, Int32, UpdateMode)
DG.Tweening.Core.TweenManager:Goto(Tween, Single, Boolean, UpdateMode)
DG.Tweening.Sequence:ApplyInternalCycle(Sequence, Single, Single, UpdateMode, Boolean, Boolean, Boolean)
DG.Tweening.Sequence:DoApplyTween(Sequence, Single, Int32, Int32, Boolean, UpdateMode)
DG.Tweening.Tween:DoGoto(Tween, Single, Int32, UpdateMode)
DG.Tweening.Core.TweenManager:Update(Tween, Single, Single, Boolean)
DG.Tweening.Core.TweenManager:Update(UpdateType, Single, Single)
DG.Tweening.Core.DOTweenComponent:Update()

<color=#0099bc><b>DOTWEEN ► </b></color>Tween startup failed (NULL target/property - UnityEngine.Color <DOColor>b__0()): the tween will now be killed ► Object reference not set to an instance of an object.
UnityEngine.DebugLogHandler:Internal_Log(LogType, LogOption, String, Object)
UnityEngine.Logger:Log(LogType, Object)
UnityEngine.Debug:LogWarning(Object)
UnityEngine.U2D.Animation.TransformAccessJob:ArrayRemoveAt(T[]&, Int32) (at ./Library/PackageCache/com.unity.2d.animation@81ad133dbdf1/Runtime/BatchedDeformation/TransformAccessJob.cs:111)
DG.Tweening.Tween:DoGoto(Tween, Single, Int32, UpdateMode)
DG.Tweening.Core.TweenManager:Goto(Tween, Single, Boolean, UpdateMode)
DG.Tweening.Sequence:ApplyInternalCycle(Sequence, Single, Single, UpdateMode, Boolean, Boolean, Boolean)
DG.Tweening.Sequence:DoApplyTween(Sequence, Single, Int32, Int32, Boolean, UpdateMode)
DG.Tweening.Tween:DoGoto(Tween, Single, Int32, UpdateMode)
DG.Tweening.Core.TweenManager:Goto(Tween, Single, Boolean, UpdateMode)
DG.Tweening.Sequence:ApplyInternalCycle(Sequence, Single, Single, UpdateMode, Boolean, Boolean, Boolean)
DG.Tweening.Sequence:DoApplyTween(Sequence, Single, Int32, Int32, Boolean, UpdateMode)
DG.Tweening.Tween:DoGoto(Tween, Single, Int32, UpdateMode)
DG.Tweening.Core.TweenManager:Update(Tween, Single, Single, Boolean)
DG.Tweening.Core.TweenManager:Update(UpdateType, Single, Single)
DG.Tweening.Core.DOTweenComponent:Update()

<color=#0099bc><b>DOTWEEN ► </b></color>Tween startup failed (NULL target/property - UnityEngine.Color <DOColor>b__0()): the tween will now be killed ► Object reference not set to an instance of an object.
UnityEngine.DebugLogHandler:Internal_Log(LogType, LogOption, String, Object)
UnityEngine.Logger:Log(LogType, Object)
UnityEngine.Debug:LogWarning(Object)
UnityEngine.U2D.Animation.TransformAccessJob:ArrayRemoveAt(T[]&, Int32) (at ./Library/PackageCache/com.unity.2d.animation@81ad133dbdf1/Runtime/BatchedDeformation/TransformAccessJob.cs:111)
DG.Tweening.Tween:DoGoto(Tween, Single, Int32, UpdateMode)
DG.Tweening.Core.TweenManager:Goto(Tween, Single, Boolean, UpdateMode)
DG.Tweening.Sequence:ApplyInternalCycle(Sequence, Single, Single, UpdateMode, Boolean, Boolean, Boolean)
DG.Tweening.Sequence:DoApplyTween(Sequence, Single, Int32, Int32, Boolean, UpdateMode)
DG.Tweening.Tween:DoGoto(Tween, Single, Int32, UpdateMode)
DG.Tweening.Core.TweenManager:Goto(Tween, Single, Boolean, UpdateMode)
DG.Tweening.Sequence:ApplyInternalCycle(Sequence, Single, Single, UpdateMode, Boolean, Boolean, Boolean)
DG.Tweening.Sequence:DoApplyTween(Sequence, Single, Int32, Int32, Boolean, UpdateMode)
DG.Tweening.Tween:DoGoto(Tween, Single, Int32, UpdateMode)
DG.Tweening.Core.TweenManager:Update(Tween, Single, Single, Boolean)
DG.Tweening.Core.TweenManager:Update(UpdateType, Single, Single)
DG.Tweening.Core.DOTweenComponent:Update()

<color=#0099bc><b>DOTWEEN ► </b></color>Tween startup failed (NULL target/property - UnityEngine.Color <DOColor>b__0()): the tween will now be killed ► Object reference not set to an instance of an object.
UnityEngine.DebugLogHandler:Internal_Log(LogType, LogOption, String, Object)
UnityEngine.Logger:Log(LogType, Object)
UnityEngine.Debug:LogWarning(Object)
UnityEngine.U2D.Animation.TransformAccessJob:ArrayRemoveAt(T[]&, Int32) (at ./Library/PackageCache/com.unity.2d.animation@81ad133dbdf1/Runtime/BatchedDeformation/TransformAccessJob.cs:111)
DG.Tweening.Tween:DoGoto(Tween, Single, Int32, UpdateMode)
DG.Tweening.Core.TweenManager:Goto(Tween, Single, Boolean, UpdateMode)
DG.Tweening.Sequence:ApplyInternalCycle(Sequence, Single, Single, UpdateMode, Boolean, Boolean, Boolean)
DG.Tweening.Sequence:DoApplyTween(Sequence, Single, Int32, Int32, Boolean, UpdateMode)
DG.Tweening.Tween:DoGoto(Tween, Single, Int32, UpdateMode)
DG.Tweening.Core.TweenManager:Goto(Tween, Single, Boolean, UpdateMode)
DG.Tweening.Sequence:ApplyInternalCycle(Sequence, Single, Single, UpdateMode, Boolean, Boolean, Boolean)
DG.Tweening.Sequence:DoApplyTween(Sequence, Single, Int32, Int32, Boolean, UpdateMode)
DG.Tweening.Tween:DoGoto(Tween, Single, Int32, UpdateMode)
DG.Tweening.Core.TweenManager:Update(Tween, Single, Single, Boolean)
DG.Tweening.Core.TweenManager:Update(UpdateType, Single, Single)
DG.Tweening.Core.DOTweenComponent:Update()

Sources 6
UnityEngine.DebugLogHandler:Internal_Log(LogType, LogOption, String, Object)
UnityEngine.Logger:Log(LogType, Object)
UnityEngine.Debug:Log(Object)
NavMeshPlus.Extensions.NavMeshBuilder2d:CollectSources(List`1, NavMeshBuilder2dState) (at ./Library/PackageCache/com.h8man.2d.navmeshplus@3fdf1984803c/NavMeshComponents/Scripts/NavMeshBuilder2d.cs:156)
NavMeshPlus.Components.NavMeshSurface:CollectSources(NavMeshBuilderState) (at ./Library/PackageCache/com.h8man.2d.navmeshplus@3fdf1984803c/NavMeshComponents/Scripts/NavMeshSurface.cs:396)
NavMeshPlus.Components.NavMeshSurface:BuildNavMesh() (at ./Library/PackageCache/com.h8man.2d.navmeshplus@3fdf1984803c/NavMeshComponents/Scripts/NavMeshSurface.cs:179)
NavigationManager:RefreshArea() (at E:/Unity/Projects/Work/FeatherLandNew/Assets/Scripts/Managers/NavigationManager.cs:77)

Build
UnityEngine.DebugLogHandler:Internal_Log(LogType, LogOption, String, Object)
UnityEngine.Logger:Log(LogType, Object)
UnityEngine.Debug:Log(Object)

Sources 6
UnityEngine.DebugLogHandler:Internal_Log(LogType, LogOption, String, Object)
UnityEngine.Logger:Log(LogType, Object)
UnityEngine.Debug:Log(Object)
NavMeshPlus.Extensions.NavMeshBuilder2d:CollectSources(List`1, NavMeshBuilder2dState) (at ./Library/PackageCache/com.h8man.2d.navmeshplus@3fdf1984803c/NavMeshComponents/Scripts/NavMeshBuilder2d.cs:156)
NavMeshPlus.Components.NavMeshSurface:CollectSources(NavMeshBuilderState) (at ./Library/PackageCache/com.h8man.2d.navmeshplus@3fdf1984803c/NavMeshComponents/Scripts/NavMeshSurface.cs:396)
NavMeshPlus.Components.NavMeshSurface:BuildNavMesh() (at ./Library/PackageCache/com.h8man.2d.navmeshplus@3fdf1984803c/NavMeshComponents/Scripts/NavMeshSurface.cs:179)
NavigationManager:RefreshArea() (at E:/Unity/Projects/Work/FeatherLandNew/Assets/Scripts/Managers/NavigationManager.cs:77)

Build
UnityEngine.DebugLogHandler:Internal_Log(LogType, LogOption, String, Object)
UnityEngine.Logger:Log(LogType, Object)
UnityEngine.Debug:Log(Object)

禁行区域超出索引！
UnityEngine.DebugLogHandler:Internal_Log(LogType, LogOption, String, Object)
UnityEngine.Logger:Log(LogType, Object)
UnityEngine.Debug:Log(Object)

禁行区域超出索引！
UnityEngine.DebugLogHandler:Internal_Log(LogType, LogOption, String, Object)
UnityEngine.Logger:Log(LogType, Object)
UnityEngine.Debug:Log(Object)

禁行区域超出索引！
UnityEngine.DebugLogHandler:Internal_Log(LogType, LogOption, String, Object)
UnityEngine.Logger:Log(LogType, Object)
UnityEngine.Debug:Log(Object)

禁行区域超出索引！
UnityEngine.DebugLogHandler:Internal_Log(LogType, LogOption, String, Object)
UnityEngine.Logger:Log(LogType, Object)
UnityEngine.Debug:Log(Object)

禁行区域超出索引！
UnityEngine.DebugLogHandler:Internal_Log(LogType, LogOption, String, Object)
UnityEngine.Logger:Log(LogType, Object)
UnityEngine.Debug:Log(Object)

Sources 6
UnityEngine.DebugLogHandler:Internal_Log(LogType, LogOption, String, Object)
UnityEngine.Logger:Log(LogType, Object)
UnityEngine.Debug:Log(Object)
NavMeshPlus.Extensions.NavMeshBuilder2d:CollectSources(List`1, NavMeshBuilder2dState) (at ./Library/PackageCache/com.h8man.2d.navmeshplus@3fdf1984803c/NavMeshComponents/Scripts/NavMeshBuilder2d.cs:156)
NavMeshPlus.Components.NavMeshSurface:CollectSources(NavMeshBuilderState) (at ./Library/PackageCache/com.h8man.2d.navmeshplus@3fdf1984803c/NavMeshComponents/Scripts/NavMeshSurface.cs:396)
NavMeshPlus.Components.NavMeshSurface:BuildNavMesh() (at ./Library/PackageCache/com.h8man.2d.navmeshplus@3fdf1984803c/NavMeshComponents/Scripts/NavMeshSurface.cs:179)
NavigationManager:RefreshArea() (at E:/Unity/Projects/Work/FeatherLandNew/Assets/Scripts/Managers/NavigationManager.cs:77)

Build
UnityEngine.DebugLogHandler:Internal_Log(LogType, LogOption, String, Object)
UnityEngine.Logger:Log(LogType, Object)
UnityEngine.Debug:Log(Object)

  ✓ 预加载: Heart
UnityEngine.DebugLogHandler:Internal_Log(LogType, LogOption, String, Object)
UnityEngine.Logger:Log(LogType, Object)
UnityEngine.Debug:Log(Object)
BirdGame.<>c__DisplayClass4_0`1:<PreloadAsset>b__0(T) (at E:/Unity/Projects/Work/FeatherLandNew/Assets/Scripts/New/Systems/AssetPreloadSystem.cs:72)
UnityEngine.UI.CoroutineTween.FloatTween:get_duration() (at ./Library/PackageCache/com.unity.ugui@aa507f3228f0/Runtime/UGUI/UI/Animation/CoroutineTween.cs:142)
System.Threading.ExecutionContext:RunInternal(ExecutionContext, ContextCallback, Object, Boolean)
System.Runtime.CompilerServices.MoveNextRunner:Run()
Cysharp.Threading.Tasks.Awaiter:GetResult() (at E:/Unity/Projects/Work/FeatherLandNew/Assets/Plugins/UniTask/Runtime/UniTask.cs:317)
Cysharp.Threading.Tasks.Internal.ContinuationQueue:RunCore() (at E:/Unity/Projects/Work/FeatherLandNew/Assets/Plugins/UniTask/Runtime/Internal/ContinuationQueue.cs:194)

  ✓ 预加载: Num
UnityEngine.DebugLogHandler:Internal_Log(LogType, LogOption, String, Object)
UnityEngine.Logger:Log(LogType, Object)
UnityEngine.Debug:Log(Object)
BirdGame.<>c__DisplayClass4_0`1:<PreloadAsset>b__0(T) (at E:/Unity/Projects/Work/FeatherLandNew/Assets/Scripts/New/Systems/AssetPreloadSystem.cs:72)
UnityEngine.UI.CoroutineTween.FloatTween:get_duration() (at ./Library/PackageCache/com.unity.ugui@aa507f3228f0/Runtime/UGUI/UI/Animation/CoroutineTween.cs:142)
Cysharp.Threading.Tasks.CompilerServices.AsyncUniTaskMethodBuilder:Start(TStateMachine&) (at E:/Unity/Projects/Work/FeatherLandNew/Assets/Plugins/UniTask/Runtime/CompilerServices/AsyncUniTaskMethodBuilder.cs:112)
UnityEngine.AddressableAssets.AssetReference:LoadAssetAsync() (at ./Library/PackageCache/com.unity.addressables@d929cbc70804/Runtime/AssetReference.cs:558)
BirdGame.<PreloadAsset>d__4`1:MoveNext() (at E:/Unity/Projects/Work/FeatherLandNew/Assets/Scripts/New/Systems/AssetPreloadSystem.cs:80)
Cysharp.Threading.Tasks.CompilerServices.AsyncUniTaskMethodBuilder:Start(TStateMachine&) (at E:/Unity/Projects/Work/FeatherLandNew/Assets/Plugins/UniTask/Runtime/CompilerServices/AsyncUniTaskMethodBuilder.cs:111)
BirdGame.<PreloadCommonAssets>d__3:MoveNext() (at E:/Unity/Projects/Work/FeatherLandNew/Assets/Scripts/New/Systems/AssetPreloadSystem.cs:45)
Coffee.UIEffects.Timeline.UIEffectMixerBehaviour`2:set_effect(UIEffect) (at ./UIEffect-5.10.7/Packages/src/Runtime/Timeline/Base/UIEffectTimelineUtils.cs:111)
Cysharp.Threading.Tasks.CompilerServices.AsyncUniTaskMethodBuilder:SetResult() (at E:/Unity/Projects/Work/FeatherLandNew/Assets/Plugins/UniTask/Runtime/CompilerServices/AsyncUniTaskMethodBuilder.cs:70)
BirdGame.<PreloadAsset>d__4`1:MoveNext() (at E:/Unity/Projects/Work/FeatherLandNew/Assets/Scripts/New/Systems/AssetPreloadSystem.cs:88)
Unity.Mathematics.math:max(Int32, Int32) (at ./Library/PackageCache/com.unity.mathematics@8017b507cc74/Unity.Mathematics/math.cs:987)
UnityEngine.UI.CoroutineTween.FloatTween:get_duration() (at ./Library/PackageCache/com.unity.ugui@aa507f3228f0/Runtime/UGUI/UI/Animation/CoroutineTween.cs:142)
System.Threading.ExecutionContext:RunInternal(ExecutionContext, ContextCallback, Object, Boolean)
System.Runtime.CompilerServices.MoveNextRunner:Run()
Cysharp.Threading.Tasks.Awaiter:GetResult() (at E:/Unity/Projects/Work/FeatherLandNew/Assets/Plugins/UniTask/Runtime/UniTask.cs:317)
Cysharp.Threading.Tasks.Internal.ContinuationQueue:RunCore() (at E:/Unity/Projects/Work/FeatherLandNew/Assets/Plugins/UniTask/Runtime/Internal/ContinuationQueue.cs:194)

✅ 预加载完成！共加载 2 个资源
UnityEngine.DebugLogHandler:Internal_Log(LogType, LogOption, String, Object)
UnityEngine.Logger:Log(LogType, Object)
UnityEngine.Debug:Log(Object)
BirdGame.<PreloadCommonAssets>d__3:MoveNext() (at E:/Unity/Projects/Work/FeatherLandNew/Assets/Scripts/New/Systems/AssetPreloadSystem.cs:54)
Coffee.UIEffects.Timeline.UIEffectMixerBehaviour`2:set_effect(UIEffect) (at ./UIEffect-5.10.7/Packages/src/Runtime/Timeline/Base/UIEffectTimelineUtils.cs:111)
Cysharp.Threading.Tasks.CompilerServices.AsyncUniTaskMethodBuilder:SetResult() (at E:/Unity/Projects/Work/FeatherLandNew/Assets/Plugins/UniTask/Runtime/CompilerServices/AsyncUniTaskMethodBuilder.cs:70)
BirdGame.<PreloadAsset>d__4`1:MoveNext() (at E:/Unity/Projects/Work/FeatherLandNew/Assets/Scripts/New/Systems/AssetPreloadSystem.cs:88)
Unity.Mathematics.math:max(Int32, Int32) (at ./Library/PackageCache/com.unity.mathematics@8017b507cc74/Unity.Mathematics/math.cs:987)
UnityEngine.UI.CoroutineTween.FloatTween:get_duration() (at ./Library/PackageCache/com.unity.ugui@aa507f3228f0/Runtime/UGUI/UI/Animation/CoroutineTween.cs:142)
System.Threading.ExecutionContext:RunInternal(ExecutionContext, ContextCallback, Object, Boolean)
System.Runtime.CompilerServices.MoveNextRunner:Run()
Cysharp.Threading.Tasks.Awaiter:GetResult() (at E:/Unity/Projects/Work/FeatherLandNew/Assets/Plugins/UniTask/Runtime/UniTask.cs:317)
Cysharp.Threading.Tasks.Internal.ContinuationQueue:RunCore() (at E:/Unity/Projects/Work/FeatherLandNew/Assets/Plugins/UniTask/Runtime/Internal/ContinuationQueue.cs:194)

✅ 常用资源预加载完成
UnityEngine.DebugLogHandler:Internal_Log(LogType, LogOption, String, Object)
UnityEngine.Logger:Log(LogType, Object)
UnityEngine.Debug:Log(Object)
BirdGame.<PreloadCommonAssetsAsync>d__12:MoveNext() (at E:/Unity/Projects/Work/FeatherLandNew/Assets/Scripts/New/Commands/LoadGameCommand.cs:276)
System.Threading.ExecutionContext:RunInternal(ExecutionContext, ContextCallback, Object, Boolean)
System.Runtime.CompilerServices.MoveNextRunner:Run()
Coffee.UIEffects.Timeline.UIEffectMixerBehaviour`2:set_effect(UIEffect) (at ./UIEffect-5.10.7/Packages/src/Runtime/Timeline/Base/UIEffectTimelineUtils.cs:111)
Cysharp.Threading.Tasks.CompilerServices.AsyncUniTaskMethodBuilder:SetResult() (at E:/Unity/Projects/Work/FeatherLandNew/Assets/Plugins/UniTask/Runtime/CompilerServices/AsyncUniTaskMethodBuilder.cs:70)
BirdGame.<PreloadCommonAssets>d__3:MoveNext() (at E:/Unity/Projects/Work/FeatherLandNew/Assets/Scripts/New/Systems/AssetPreloadSystem.cs:55)
Coffee.UIEffects.Timeline.UIEffectMixerBehaviour`2:set_effect(UIEffect) (at ./UIEffect-5.10.7/Packages/src/Runtime/Timeline/Base/UIEffectTimelineUtils.cs:111)
Cysharp.Threading.Tasks.CompilerServices.AsyncUniTaskMethodBuilder:SetResult() (at E:/Unity/Projects/Work/FeatherLandNew/Assets/Plugins/UniTask/Runtime/CompilerServices/AsyncUniTaskMethodBuilder.cs:70)
BirdGame.<PreloadAsset>d__4`1:MoveNext() (at E:/Unity/Projects/Work/FeatherLandNew/Assets/Scripts/New/Systems/AssetPreloadSystem.cs:88)
Unity.Mathematics.math:max(Int32, Int32) (at ./Library/PackageCache/com.unity.mathematics@8017b507cc74/Unity.Mathematics/math.cs:987)
UnityEngine.UI.CoroutineTween.FloatTween:get_duration() (at ./Library/PackageCache/com.unity.ugui@aa507f3228f0/Runtime/UGUI/UI/Animation/CoroutineTween.cs:142)
System.Threading.ExecutionContext:RunInternal(ExecutionContext, ContextCallback, Object, Boolean)
System.Runtime.CompilerServices.MoveNextRunner:Run()
Cysharp.Threading.Tasks.Awaiter:GetResult() (at E:/Unity/Projects/Work/FeatherLandNew/Assets/Plugins/UniTask/Runtime/UniTask.cs:317)
Cysharp.Threading.Tasks.Internal.ContinuationQueue:RunCore() (at E:/Unity/Projects/Work/FeatherLandNew/Assets/Plugins/UniTask/Runtime/Internal/ContinuationQueue.cs:194)

新鸟生成 [类型6] 倍率:0.95 成鸟收入:0.28 成鸟售价:3.21
UnityEngine.DebugLogHandler:Internal_Log(LogType, LogOption, String, Object)
UnityEngine.Logger:Log(LogType, Object)
UnityEngine.Debug:Log(Object)
BirdGame.BirdModel:AddBird(Int32, Brid) (at E:/Unity/Projects/Work/FeatherLandNew/Assets/Scripts/New/Models/IBirdModel.cs:68)
BirdGame.<>c__DisplayClass16_0:<GenerateBirdFromSaveData>b__0(GameObject) (at E:/Unity/Projects/Work/FeatherLandNew/Assets/Scripts/New/Systems/IBirdSystem.cs:373)
Cysharp.Threading.Tasks.CompilerServices.AsyncUniTaskMethodBuilder:AwaitUnsafeOnCompleted(TAwaiter&, TStateMachine&) (at E:/Unity/Projects/Work/FeatherLandNew/Assets/Plugins/UniTask/Runtime/CompilerServices/AsyncUniTaskMethodBuilder.cs:103)
System.Threading.ExecutionContext:RunInternal(ExecutionContext, ContextCallback, Object, Boolean)
System.Runtime.CompilerServices.MoveNextRunner:Run()
Cysharp.Threading.Tasks.Awaiter:GetResult() (at E:/Unity/Projects/Work/FeatherLandNew/Assets/Plugins/UniTask/Runtime/UniTask.cs:317)
Cysharp.Threading.Tasks.Internal.ContinuationQueue:RunCore() (at E:/Unity/Projects/Work/FeatherLandNew/Assets/Plugins/UniTask/Runtime/Internal/ContinuationQueue.cs:194)

从存档恢复个体化数值 - 成鸟收入:0.33
UnityEngine.DebugLogHandler:Internal_Log(LogType, LogOption, String, Object)
UnityEngine.Logger:Log(LogType, Object)
UnityEngine.Debug:Log(Object)
BirdGame.<>c__DisplayClass16_0:<GenerateBirdFromSaveData>b__0(GameObject) (at E:/Unity/Projects/Work/FeatherLandNew/Assets/Scripts/New/Systems/IBirdSystem.cs:394)
Cysharp.Threading.Tasks.CompilerServices.AsyncUniTaskMethodBuilder:AwaitUnsafeOnCompleted(TAwaiter&, TStateMachine&) (at E:/Unity/Projects/Work/FeatherLandNew/Assets/Plugins/UniTask/Runtime/CompilerServices/AsyncUniTaskMethodBuilder.cs:103)
System.Threading.ExecutionContext:RunInternal(ExecutionContext, ContextCallback, Object, Boolean)
System.Runtime.CompilerServices.MoveNextRunner:Run()
Cysharp.Threading.Tasks.Awaiter:GetResult() (at E:/Unity/Projects/Work/FeatherLandNew/Assets/Plugins/UniTask/Runtime/UniTask.cs:317)
Cysharp.Threading.Tasks.Internal.ContinuationQueue:RunCore() (at E:/Unity/Projects/Work/FeatherLandNew/Assets/Plugins/UniTask/Runtime/Internal/ContinuationQueue.cs:194)

新鸟生成 [类型4] 倍率:0.84 成鸟收入:0.17 成鸟售价:2.91
UnityEngine.DebugLogHandler:Internal_Log(LogType, LogOption, String, Object)
UnityEngine.Logger:Log(LogType, Object)
UnityEngine.Debug:Log(Object)
BirdGame.BirdModel:AddBird(Int32, Brid) (at E:/Unity/Projects/Work/FeatherLandNew/Assets/Scripts/New/Models/IBirdModel.cs:68)
BirdGame.<>c__DisplayClass16_0:<GenerateBirdFromSaveData>b__0(GameObject) (at E:/Unity/Projects/Work/FeatherLandNew/Assets/Scripts/New/Systems/IBirdSystem.cs:373)
Cysharp.Threading.Tasks.CompilerServices.AsyncUniTaskMethodBuilder:AwaitUnsafeOnCompleted(TAwaiter&, TStateMachine&) (at E:/Unity/Projects/Work/FeatherLandNew/Assets/Plugins/UniTask/Runtime/CompilerServices/AsyncUniTaskMethodBuilder.cs:103)
System.Threading.ExecutionContext:RunInternal(ExecutionContext, ContextCallback, Object, Boolean)
System.Runtime.CompilerServices.MoveNextRunner:Run()
Cysharp.Threading.Tasks.Awaiter:GetResult() (at E:/Unity/Projects/Work/FeatherLandNew/Assets/Plugins/UniTask/Runtime/UniTask.cs:317)
Cysharp.Threading.Tasks.Internal.ContinuationQueue:RunCore() (at E:/Unity/Projects/Work/FeatherLandNew/Assets/Plugins/UniTask/Runtime/Internal/ContinuationQueue.cs:194)

从存档恢复个体化数值 - 成鸟收入:0.23
UnityEngine.DebugLogHandler:Internal_Log(LogType, LogOption, String, Object)
UnityEngine.Logger:Log(LogType, Object)
UnityEngine.Debug:Log(Object)
BirdGame.<>c__DisplayClass16_0:<GenerateBirdFromSaveData>b__0(GameObject) (at E:/Unity/Projects/Work/FeatherLandNew/Assets/Scripts/New/Systems/IBirdSystem.cs:394)
Cysharp.Threading.Tasks.CompilerServices.AsyncUniTaskMethodBuilder:AwaitUnsafeOnCompleted(TAwaiter&, TStateMachine&) (at E:/Unity/Projects/Work/FeatherLandNew/Assets/Plugins/UniTask/Runtime/CompilerServices/AsyncUniTaskMethodBuilder.cs:103)
System.Threading.ExecutionContext:RunInternal(ExecutionContext, ContextCallback, Object, Boolean)
System.Runtime.CompilerServices.MoveNextRunner:Run()
Cysharp.Threading.Tasks.Awaiter:GetResult() (at E:/Unity/Projects/Work/FeatherLandNew/Assets/Plugins/UniTask/Runtime/UniTask.cs:317)
Cysharp.Threading.Tasks.Internal.ContinuationQueue:RunCore() (at E:/Unity/Projects/Work/FeatherLandNew/Assets/Plugins/UniTask/Runtime/Internal/ContinuationQueue.cs:194)

新鸟生成 [类型4] 倍率:0.89 成鸟收入:0.18 成鸟售价:3.08
UnityEngine.DebugLogHandler:Internal_Log(LogType, LogOption, String, Object)
UnityEngine.Logger:Log(LogType, Object)
UnityEngine.Debug:Log(Object)
BirdGame.BirdModel:AddBird(Int32, Brid) (at E:/Unity/Projects/Work/FeatherLandNew/Assets/Scripts/New/Models/IBirdModel.cs:68)
BirdGame.<>c__DisplayClass16_0:<GenerateBirdFromSaveData>b__0(GameObject) (at E:/Unity/Projects/Work/FeatherLandNew/Assets/Scripts/New/Systems/IBirdSystem.cs:373)
Cysharp.Threading.Tasks.CompilerServices.AsyncUniTaskMethodBuilder:AwaitUnsafeOnCompleted(TAwaiter&, TStateMachine&) (at E:/Unity/Projects/Work/FeatherLandNew/Assets/Plugins/UniTask/Runtime/CompilerServices/AsyncUniTaskMethodBuilder.cs:103)
System.Threading.ExecutionContext:RunInternal(ExecutionContext, ContextCallback, Object, Boolean)
System.Runtime.CompilerServices.MoveNextRunner:Run()
Cysharp.Threading.Tasks.Awaiter:GetResult() (at E:/Unity/Projects/Work/FeatherLandNew/Assets/Plugins/UniTask/Runtime/UniTask.cs:317)
Cysharp.Threading.Tasks.Internal.ContinuationQueue:RunCore() (at E:/Unity/Projects/Work/FeatherLandNew/Assets/Plugins/UniTask/Runtime/Internal/ContinuationQueue.cs:194)

从存档恢复个体化数值 - 成鸟收入:0.14
UnityEngine.DebugLogHandler:Internal_Log(LogType, LogOption, String, Object)
UnityEngine.Logger:Log(LogType, Object)
UnityEngine.Debug:Log(Object)
BirdGame.<>c__DisplayClass16_0:<GenerateBirdFromSaveData>b__0(GameObject) (at E:/Unity/Projects/Work/FeatherLandNew/Assets/Scripts/New/Systems/IBirdSystem.cs:394)
Cysharp.Threading.Tasks.CompilerServices.AsyncUniTaskMethodBuilder:AwaitUnsafeOnCompleted(TAwaiter&, TStateMachine&) (at E:/Unity/Projects/Work/FeatherLandNew/Assets/Plugins/UniTask/Runtime/CompilerServices/AsyncUniTaskMethodBuilder.cs:103)
System.Threading.ExecutionContext:RunInternal(ExecutionContext, ContextCallback, Object, Boolean)
System.Runtime.CompilerServices.MoveNextRunner:Run()
Cysharp.Threading.Tasks.Awaiter:GetResult() (at E:/Unity/Projects/Work/FeatherLandNew/Assets/Plugins/UniTask/Runtime/UniTask.cs:317)
Cysharp.Threading.Tasks.Internal.ContinuationQueue:RunCore() (at E:/Unity/Projects/Work/FeatherLandNew/Assets/Plugins/UniTask/Runtime/Internal/ContinuationQueue.cs:194)

动态设置吃饭动画时长: 0.85秒
UnityEngine.DebugLogHandler:Internal_Log(LogType, LogOption, String, Object)
UnityEngine.Logger:Log(LogType, Object)
UnityEngine.Debug:Log(Object)
BirdGame.Brid:Start() (at E:/Unity/Projects/Work/FeatherLandNew/Assets/Scripts/New/ViewController/Game/Brid.cs:211)

动态设置吃饭动画时长: 0.85秒
UnityEngine.DebugLogHandler:Internal_Log(LogType, LogOption, String, Object)
UnityEngine.Logger:Log(LogType, Object)
UnityEngine.Debug:Log(Object)
BirdGame.Brid:Start() (at E:/Unity/Projects/Work/FeatherLandNew/Assets/Scripts/New/ViewController/Game/Brid.cs:211)

动态设置吃饭动画时长: 0.85秒
UnityEngine.DebugLogHandler:Internal_Log(LogType, LogOption, String, Object)
UnityEngine.Logger:Log(LogType, Object)
UnityEngine.Debug:Log(Object)
BirdGame.Brid:Start() (at E:/Unity/Projects/Work/FeatherLandNew/Assets/Scripts/New/ViewController/Game/Brid.cs:211)

新鸟生成 [类型8] 倍率:1.04 成鸟收入:0.65 成鸟售价:2.91
UnityEngine.DebugLogHandler:Internal_Log(LogType, LogOption, String, Object)
UnityEngine.Logger:Log(LogType, Object)
UnityEngine.Debug:Log(Object)
BirdGame.BirdModel:AddBird(Int32, Brid) (at E:/Unity/Projects/Work/FeatherLandNew/Assets/Scripts/New/Models/IBirdModel.cs:68)
BirdGame.<>c__DisplayClass16_0:<GenerateBirdFromSaveData>b__0(GameObject) (at E:/Unity/Projects/Work/FeatherLandNew/Assets/Scripts/New/Systems/IBirdSystem.cs:373)
Cysharp.Threading.Tasks.CompilerServices.AsyncUniTaskMethodBuilder:AwaitUnsafeOnCompleted(TAwaiter&, TStateMachine&) (at E:/Unity/Projects/Work/FeatherLandNew/Assets/Plugins/UniTask/Runtime/CompilerServices/AsyncUniTaskMethodBuilder.cs:103)
System.Threading.ExecutionContext:RunInternal(ExecutionContext, ContextCallback, Object, Boolean)
System.Runtime.CompilerServices.MoveNextRunner:Run()
Cysharp.Threading.Tasks.Awaiter:GetResult() (at E:/Unity/Projects/Work/FeatherLandNew/Assets/Plugins/UniTask/Runtime/UniTask.cs:317)
Cysharp.Threading.Tasks.Internal.ContinuationQueue:RunCore() (at E:/Unity/Projects/Work/FeatherLandNew/Assets/Plugins/UniTask/Runtime/Internal/ContinuationQueue.cs:194)

从存档恢复个体化数值 - 成鸟收入:0.75
UnityEngine.DebugLogHandler:Internal_Log(LogType, LogOption, String, Object)
UnityEngine.Logger:Log(LogType, Object)
UnityEngine.Debug:Log(Object)
BirdGame.<>c__DisplayClass16_0:<GenerateBirdFromSaveData>b__0(GameObject) (at E:/Unity/Projects/Work/FeatherLandNew/Assets/Scripts/New/Systems/IBirdSystem.cs:394)
Cysharp.Threading.Tasks.CompilerServices.AsyncUniTaskMethodBuilder:AwaitUnsafeOnCompleted(TAwaiter&, TStateMachine&) (at E:/Unity/Projects/Work/FeatherLandNew/Assets/Plugins/UniTask/Runtime/CompilerServices/AsyncUniTaskMethodBuilder.cs:103)
System.Threading.ExecutionContext:RunInternal(ExecutionContext, ContextCallback, Object, Boolean)
System.Runtime.CompilerServices.MoveNextRunner:Run()
Cysharp.Threading.Tasks.Awaiter:GetResult() (at E:/Unity/Projects/Work/FeatherLandNew/Assets/Plugins/UniTask/Runtime/UniTask.cs:317)
Cysharp.Threading.Tasks.Internal.ContinuationQueue:RunCore() (at E:/Unity/Projects/Work/FeatherLandNew/Assets/Plugins/UniTask/Runtime/Internal/ContinuationQueue.cs:194)

新鸟生成 [类型22] 倍率:0.80 成鸟收入:0.24 成鸟售价:2.70
UnityEngine.DebugLogHandler:Internal_Log(LogType, LogOption, String, Object)
UnityEngine.Logger:Log(LogType, Object)
UnityEngine.Debug:Log(Object)
BirdGame.BirdModel:AddBird(Int32, Brid) (at E:/Unity/Projects/Work/FeatherLandNew/Assets/Scripts/New/Models/IBirdModel.cs:68)
BirdGame.<>c__DisplayClass16_0:<GenerateBirdFromSaveData>b__0(GameObject) (at E:/Unity/Projects/Work/FeatherLandNew/Assets/Scripts/New/Systems/IBirdSystem.cs:373)
Cysharp.Threading.Tasks.CompilerServices.AsyncUniTaskMethodBuilder:AwaitUnsafeOnCompleted(TAwaiter&, TStateMachine&) (at E:/Unity/Projects/Work/FeatherLandNew/Assets/Plugins/UniTask/Runtime/CompilerServices/AsyncUniTaskMethodBuilder.cs:103)
System.Threading.ExecutionContext:RunInternal(ExecutionContext, ContextCallback, Object, Boolean)
System.Runtime.CompilerServices.MoveNextRunner:Run()
Cysharp.Threading.Tasks.Awaiter:GetResult() (at E:/Unity/Projects/Work/FeatherLandNew/Assets/Plugins/UniTask/Runtime/UniTask.cs:317)
Cysharp.Threading.Tasks.Internal.ContinuationQueue:RunCore() (at E:/Unity/Projects/Work/FeatherLandNew/Assets/Plugins/UniTask/Runtime/Internal/ContinuationQueue.cs:194)

从存档恢复个体化数值 - 成鸟收入:0.33
UnityEngine.DebugLogHandler:Internal_Log(LogType, LogOption, String, Object)
UnityEngine.Logger:Log(LogType, Object)
UnityEngine.Debug:Log(Object)
BirdGame.<>c__DisplayClass16_0:<GenerateBirdFromSaveData>b__0(GameObject) (at E:/Unity/Projects/Work/FeatherLandNew/Assets/Scripts/New/Systems/IBirdSystem.cs:394)
Cysharp.Threading.Tasks.CompilerServices.AsyncUniTaskMethodBuilder:AwaitUnsafeOnCompleted(TAwaiter&, TStateMachine&) (at E:/Unity/Projects/Work/FeatherLandNew/Assets/Plugins/UniTask/Runtime/CompilerServices/AsyncUniTaskMethodBuilder.cs:103)
System.Threading.ExecutionContext:RunInternal(ExecutionContext, ContextCallback, Object, Boolean)
System.Runtime.CompilerServices.MoveNextRunner:Run()
Cysharp.Threading.Tasks.Awaiter:GetResult() (at E:/Unity/Projects/Work/FeatherLandNew/Assets/Plugins/UniTask/Runtime/UniTask.cs:317)
Cysharp.Threading.Tasks.Internal.ContinuationQueue:RunCore() (at E:/Unity/Projects/Work/FeatherLandNew/Assets/Plugins/UniTask/Runtime/Internal/ContinuationQueue.cs:194)

新鸟生成 [类型0] 倍率:0.95 成鸟收入:0.12 成鸟售价:3.41
UnityEngine.DebugLogHandler:Internal_Log(LogType, LogOption, String, Object)
UnityEngine.Logger:Log(LogType, Object)
UnityEngine.Debug:Log(Object)
BirdGame.BirdModel:AddBird(Int32, Brid) (at E:/Unity/Projects/Work/FeatherLandNew/Assets/Scripts/New/Models/IBirdModel.cs:68)
BirdGame.<>c__DisplayClass16_0:<GenerateBirdFromSaveData>b__0(GameObject) (at E:/Unity/Projects/Work/FeatherLandNew/Assets/Scripts/New/Systems/IBirdSystem.cs:373)
Cysharp.Threading.Tasks.CompilerServices.AsyncUniTaskMethodBuilder:AwaitUnsafeOnCompleted(TAwaiter&, TStateMachine&) (at E:/Unity/Projects/Work/FeatherLandNew/Assets/Plugins/UniTask/Runtime/CompilerServices/AsyncUniTaskMethodBuilder.cs:103)
System.Threading.ExecutionContext:RunInternal(ExecutionContext, ContextCallback, Object, Boolean)
System.Runtime.CompilerServices.MoveNextRunner:Run()
Cysharp.Threading.Tasks.Awaiter:GetResult() (at E:/Unity/Projects/Work/FeatherLandNew/Assets/Plugins/UniTask/Runtime/UniTask.cs:317)
Cysharp.Threading.Tasks.Internal.ContinuationQueue:RunCore() (at E:/Unity/Projects/Work/FeatherLandNew/Assets/Plugins/UniTask/Runtime/Internal/ContinuationQueue.cs:194)

从存档恢复个体化数值 - 成鸟收入:0.11
UnityEngine.DebugLogHandler:Internal_Log(LogType, LogOption, String, Object)
UnityEngine.Logger:Log(LogType, Object)
UnityEngine.Debug:Log(Object)
BirdGame.<>c__DisplayClass16_0:<GenerateBirdFromSaveData>b__0(GameObject) (at E:/Unity/Projects/Work/FeatherLandNew/Assets/Scripts/New/Systems/IBirdSystem.cs:394)
Cysharp.Threading.Tasks.CompilerServices.AsyncUniTaskMethodBuilder:AwaitUnsafeOnCompleted(TAwaiter&, TStateMachine&) (at E:/Unity/Projects/Work/FeatherLandNew/Assets/Plugins/UniTask/Runtime/CompilerServices/AsyncUniTaskMethodBuilder.cs:103)
System.Threading.ExecutionContext:RunInternal(ExecutionContext, ContextCallback, Object, Boolean)
System.Runtime.CompilerServices.MoveNextRunner:Run()
Cysharp.Threading.Tasks.Awaiter:GetResult() (at E:/Unity/Projects/Work/FeatherLandNew/Assets/Plugins/UniTask/Runtime/UniTask.cs:317)
Cysharp.Threading.Tasks.Internal.ContinuationQueue:RunCore() (at E:/Unity/Projects/Work/FeatherLandNew/Assets/Plugins/UniTask/Runtime/Internal/ContinuationQueue.cs:194)

新鸟生成 [类型0] 倍率:0.97 成鸟收入:0.13 成鸟售价:3.49
UnityEngine.DebugLogHandler:Internal_Log(LogType, LogOption, String, Object)
UnityEngine.Logger:Log(LogType, Object)
UnityEngine.Debug:Log(Object)
BirdGame.BirdModel:AddBird(Int32, Brid) (at E:/Unity/Projects/Work/FeatherLandNew/Assets/Scripts/New/Models/IBirdModel.cs:68)
BirdGame.<>c__DisplayClass16_0:<GenerateBirdFromSaveData>b__0(GameObject) (at E:/Unity/Projects/Work/FeatherLandNew/Assets/Scripts/New/Systems/IBirdSystem.cs:373)
Cysharp.Threading.Tasks.CompilerServices.AsyncUniTaskMethodBuilder:AwaitUnsafeOnCompleted(TAwaiter&, TStateMachine&) (at E:/Unity/Projects/Work/FeatherLandNew/Assets/Plugins/UniTask/Runtime/CompilerServices/AsyncUniTaskMethodBuilder.cs:103)
System.Threading.ExecutionContext:RunInternal(ExecutionContext, ContextCallback, Object, Boolean)
System.Runtime.CompilerServices.MoveNextRunner:Run()
Cysharp.Threading.Tasks.Awaiter:GetResult() (at E:/Unity/Projects/Work/FeatherLandNew/Assets/Plugins/UniTask/Runtime/UniTask.cs:317)
Cysharp.Threading.Tasks.Internal.ContinuationQueue:RunCore() (at E:/Unity/Projects/Work/FeatherLandNew/Assets/Plugins/UniTask/Runtime/Internal/ContinuationQueue.cs:194)

从存档恢复个体化数值 - 成鸟收入:0.11
UnityEngine.DebugLogHandler:Internal_Log(LogType, LogOption, String, Object)
UnityEngine.Logger:Log(LogType, Object)
UnityEngine.Debug:Log(Object)
BirdGame.<>c__DisplayClass16_0:<GenerateBirdFromSaveData>b__0(GameObject) (at E:/Unity/Projects/Work/FeatherLandNew/Assets/Scripts/New/Systems/IBirdSystem.cs:394)
Cysharp.Threading.Tasks.CompilerServices.AsyncUniTaskMethodBuilder:AwaitUnsafeOnCompleted(TAwaiter&, TStateMachine&) (at E:/Unity/Projects/Work/FeatherLandNew/Assets/Plugins/UniTask/Runtime/CompilerServices/AsyncUniTaskMethodBuilder.cs:103)
System.Threading.ExecutionContext:RunInternal(ExecutionContext, ContextCallback, Object, Boolean)
System.Runtime.CompilerServices.MoveNextRunner:Run()
Cysharp.Threading.Tasks.Awaiter:GetResult() (at E:/Unity/Projects/Work/FeatherLandNew/Assets/Plugins/UniTask/Runtime/UniTask.cs:317)
Cysharp.Threading.Tasks.Internal.ContinuationQueue:RunCore() (at E:/Unity/Projects/Work/FeatherLandNew/Assets/Plugins/UniTask/Runtime/Internal/ContinuationQueue.cs:194)

新鸟生成 [类型1] 倍率:1.03 成鸟收入:0.39 成鸟售价:4.23
UnityEngine.DebugLogHandler:Internal_Log(LogType, LogOption, String, Object)
UnityEngine.Logger:Log(LogType, Object)
UnityEngine.Debug:Log(Object)
BirdGame.BirdModel:AddBird(Int32, Brid) (at E:/Unity/Projects/Work/FeatherLandNew/Assets/Scripts/New/Models/IBirdModel.cs:68)
BirdGame.<>c__DisplayClass16_0:<GenerateBirdFromSaveData>b__0(GameObject) (at E:/Unity/Projects/Work/FeatherLandNew/Assets/Scripts/New/Systems/IBirdSystem.cs:373)
Cysharp.Threading.Tasks.CompilerServices.AsyncUniTaskMethodBuilder:AwaitUnsafeOnCompleted(TAwaiter&, TStateMachine&) (at E:/Unity/Projects/Work/FeatherLandNew/Assets/Plugins/UniTask/Runtime/CompilerServices/AsyncUniTaskMethodBuilder.cs:103)
System.Threading.ExecutionContext:RunInternal(ExecutionContext, ContextCallback, Object, Boolean)
System.Runtime.CompilerServices.MoveNextRunner:Run()
Cysharp.Threading.Tasks.Awaiter:GetResult() (at E:/Unity/Projects/Work/FeatherLandNew/Assets/Plugins/UniTask/Runtime/UniTask.cs:317)
Cysharp.Threading.Tasks.Internal.ContinuationQueue:RunCore() (at E:/Unity/Projects/Work/FeatherLandNew/Assets/Plugins/UniTask/Runtime/Internal/ContinuationQueue.cs:194)

从存档恢复个体化数值 - 成鸟收入:0.50
UnityEngine.DebugLogHandler:Internal_Log(LogType, LogOption, String, Object)
UnityEngine.Logger:Log(LogType, Object)
UnityEngine.Debug:Log(Object)
BirdGame.<>c__DisplayClass16_0:<GenerateBirdFromSaveData>b__0(GameObject) (at E:/Unity/Projects/Work/FeatherLandNew/Assets/Scripts/New/Systems/IBirdSystem.cs:394)
Cysharp.Threading.Tasks.CompilerServices.AsyncUniTaskMethodBuilder:AwaitUnsafeOnCompleted(TAwaiter&, TStateMachine&) (at E:/Unity/Projects/Work/FeatherLandNew/Assets/Plugins/UniTask/Runtime/CompilerServices/AsyncUniTaskMethodBuilder.cs:103)
System.Threading.ExecutionContext:RunInternal(ExecutionContext, ContextCallback, Object, Boolean)
System.Runtime.CompilerServices.MoveNextRunner:Run()
Cysharp.Threading.Tasks.Awaiter:GetResult() (at E:/Unity/Projects/Work/FeatherLandNew/Assets/Plugins/UniTask/Runtime/UniTask.cs:317)
Cysharp.Threading.Tasks.Internal.ContinuationQueue:RunCore() (at E:/Unity/Projects/Work/FeatherLandNew/Assets/Plugins/UniTask/Runtime/Internal/ContinuationQueue.cs:194)

新鸟生成 [类型3] 倍率:0.88 成鸟收入:0.56 成鸟售价:2.50
UnityEngine.DebugLogHandler:Internal_Log(LogType, LogOption, String, Object)
UnityEngine.Logger:Log(LogType, Object)
UnityEngine.Debug:Log(Object)
BirdGame.BirdModel:AddBird(Int32, Brid) (at E:/Unity/Projects/Work/FeatherLandNew/Assets/Scripts/New/Models/IBirdModel.cs:68)
BirdGame.<>c__DisplayClass16_0:<GenerateBirdFromSaveData>b__0(GameObject) (at E:/Unity/Projects/Work/FeatherLandNew/Assets/Scripts/New/Systems/IBirdSystem.cs:373)
Cysharp.Threading.Tasks.CompilerServices.AsyncUniTaskMethodBuilder:AwaitUnsafeOnCompleted(TAwaiter&, TStateMachine&) (at E:/Unity/Projects/Work/FeatherLandNew/Assets/Plugins/UniTask/Runtime/CompilerServices/AsyncUniTaskMethodBuilder.cs:103)
System.Threading.ExecutionContext:RunInternal(ExecutionContext, ContextCallback, Object, Boolean)
System.Runtime.CompilerServices.MoveNextRunner:Run()
Cysharp.Threading.Tasks.Awaiter:GetResult() (at E:/Unity/Projects/Work/FeatherLandNew/Assets/Plugins/UniTask/Runtime/UniTask.cs:317)
Cysharp.Threading.Tasks.Internal.ContinuationQueue:RunCore() (at E:/Unity/Projects/Work/FeatherLandNew/Assets/Plugins/UniTask/Runtime/Internal/ContinuationQueue.cs:194)

从存档恢复个体化数值 - 成鸟收入:0.63
UnityEngine.DebugLogHandler:Internal_Log(LogType, LogOption, String, Object)
UnityEngine.Logger:Log(LogType, Object)
UnityEngine.Debug:Log(Object)
BirdGame.<>c__DisplayClass16_0:<GenerateBirdFromSaveData>b__0(GameObject) (at E:/Unity/Projects/Work/FeatherLandNew/Assets/Scripts/New/Systems/IBirdSystem.cs:394)
Cysharp.Threading.Tasks.CompilerServices.AsyncUniTaskMethodBuilder:AwaitUnsafeOnCompleted(TAwaiter&, TStateMachine&) (at E:/Unity/Projects/Work/FeatherLandNew/Assets/Plugins/UniTask/Runtime/CompilerServices/AsyncUniTaskMethodBuilder.cs:103)
System.Threading.ExecutionContext:RunInternal(ExecutionContext, ContextCallback, Object, Boolean)
System.Runtime.CompilerServices.MoveNextRunner:Run()
Cysharp.Threading.Tasks.Awaiter:GetResult() (at E:/Unity/Projects/Work/FeatherLandNew/Assets/Plugins/UniTask/Runtime/UniTask.cs:317)
Cysharp.Threading.Tasks.Internal.ContinuationQueue:RunCore() (at E:/Unity/Projects/Work/FeatherLandNew/Assets/Plugins/UniTask/Runtime/Internal/ContinuationQueue.cs:194)

动态设置吃饭动画时长: 0.9166666秒
UnityEngine.DebugLogHandler:Internal_Log(LogType, LogOption, String, Object)
UnityEngine.Logger:Log(LogType, Object)
UnityEngine.Debug:Log(Object)
BirdGame.Brid:Start() (at E:/Unity/Projects/Work/FeatherLandNew/Assets/Scripts/New/ViewController/Game/Brid.cs:211)

动态设置吃饭动画时长: 0.85秒
UnityEngine.DebugLogHandler:Internal_Log(LogType, LogOption, String, Object)
UnityEngine.Logger:Log(LogType, Object)
UnityEngine.Debug:Log(Object)
BirdGame.Brid:Start() (at E:/Unity/Projects/Work/FeatherLandNew/Assets/Scripts/New/ViewController/Game/Brid.cs:211)

动态设置吃饭动画时长: 0.5秒
UnityEngine.DebugLogHandler:Internal_Log(LogType, LogOption, String, Object)
UnityEngine.Logger:Log(LogType, Object)
UnityEngine.Debug:Log(Object)
BirdGame.Brid:Start() (at E:/Unity/Projects/Work/FeatherLandNew/Assets/Scripts/New/ViewController/Game/Brid.cs:211)

动态设置吃饭动画时长: 0.5秒
UnityEngine.DebugLogHandler:Internal_Log(LogType, LogOption, String, Object)
UnityEngine.Logger:Log(LogType, Object)
UnityEngine.Debug:Log(Object)
BirdGame.Brid:Start() (at E:/Unity/Projects/Work/FeatherLandNew/Assets/Scripts/New/ViewController/Game/Brid.cs:211)

动态设置吃饭动画时长: 0.5秒
UnityEngine.DebugLogHandler:Internal_Log(LogType, LogOption, String, Object)
UnityEngine.Logger:Log(LogType, Object)
UnityEngine.Debug:Log(Object)
BirdGame.Brid:Start() (at E:/Unity/Projects/Work/FeatherLandNew/Assets/Scripts/New/ViewController/Game/Brid.cs:211)

动态设置吃饭动画时长: 0.85秒
UnityEngine.DebugLogHandler:Internal_Log(LogType, LogOption, String, Object)
UnityEngine.Logger:Log(LogType, Object)
UnityEngine.Debug:Log(Object)
BirdGame.Brid:Start() (at E:/Unity/Projects/Work/FeatherLandNew/Assets/Scripts/New/ViewController/Game/Brid.cs:211)

本地化文本加载成功，Key: Questionaire，Text: 提交反馈
UnityEngine.DebugLogHandler:Internal_Log(LogType, LogOption, String, Object)
UnityEngine.Logger:Log(LogType, Object)
UnityEngine.Debug:Log(Object)
UnityEngine.Object:Instantiate(Object, Transform, Boolean)
NavMeshPlus.Extensions.NavMeshBuilderState:GetExtraState(Boolean) (at ./Library/PackageCache/com.h8man.2d.navmeshplus@3fdf1984803c/NavMeshComponents/Scripts/NavMeshBuilderState.cs:32)
BirdGame.<>c__DisplayClass10_0:<ShowPanel>b__0(GameObject) (at E:/Unity/Projects/Work/FeatherLandNew/Assets/Scripts/New/Systems/IUISystem.cs:175)
UnityEngine.UI.CoroutineTween.FloatTween:get_duration() (at ./Library/PackageCache/com.unity.ugui@aa507f3228f0/Runtime/UGUI/UI/Animation/CoroutineTween.cs:142)
System.Threading.ExecutionContext:RunInternal(ExecutionContext, ContextCallback, Object, Boolean)
System.Runtime.CompilerServices.MoveNextRunner:Run()
Cysharp.Threading.Tasks.Awaiter:GetResult() (at E:/Unity/Projects/Work/FeatherLandNew/Assets/Plugins/UniTask/Runtime/UniTask.cs:317)
Cysharp.Threading.Tasks.Internal.ContinuationQueue:RunCore() (at E:/Unity/Projects/Work/FeatherLandNew/Assets/Plugins/UniTask/Runtime/Internal/ContinuationQueue.cs:194)

本地化文本加载成功，Key: SteamButton，Text: 加入愿望单
UnityEngine.DebugLogHandler:Internal_Log(LogType, LogOption, String, Object)
UnityEngine.Logger:Log(LogType, Object)
UnityEngine.Debug:Log(Object)
UnityEngine.Object:Instantiate(Object, Transform, Boolean)
NavMeshPlus.Extensions.NavMeshBuilderState:GetExtraState(Boolean) (at ./Library/PackageCache/com.h8man.2d.navmeshplus@3fdf1984803c/NavMeshComponents/Scripts/NavMeshBuilderState.cs:32)
BirdGame.<>c__DisplayClass10_0:<ShowPanel>b__0(GameObject) (at E:/Unity/Projects/Work/FeatherLandNew/Assets/Scripts/New/Systems/IUISystem.cs:175)
UnityEngine.UI.CoroutineTween.FloatTween:get_duration() (at ./Library/PackageCache/com.unity.ugui@aa507f3228f0/Runtime/UGUI/UI/Animation/CoroutineTween.cs:142)
System.Threading.ExecutionContext:RunInternal(ExecutionContext, ContextCallback, Object, Boolean)
System.Runtime.CompilerServices.MoveNextRunner:Run()
Cysharp.Threading.Tasks.Awaiter:GetResult() (at E:/Unity/Projects/Work/FeatherLandNew/Assets/Plugins/UniTask/Runtime/UniTask.cs:317)
Cysharp.Threading.Tasks.Internal.ContinuationQueue:RunCore() (at E:/Unity/Projects/Work/FeatherLandNew/Assets/Plugins/UniTask/Runtime/Internal/ContinuationQueue.cs:194)

MenuPanel Start方法开始执行
UnityEngine.DebugLogHandler:Internal_Log(LogType, LogOption, String, Object)
UnityEngine.Logger:Log(LogType, Object)
UnityEngine.Debug:Log(Object)
BirdGame.MenuPanel:Start() (at E:/Unity/Projects/Work/FeatherLandNew/Assets/Scripts/New/ViewController/UI/Panels/MenuPanel.cs:94)

MenuPanel GameObject名称: MenuPanel(Clone)
UnityEngine.DebugLogHandler:Internal_Log(LogType, LogOption, String, Object)
UnityEngine.Logger:Log(LogType, Object)
UnityEngine.Debug:Log(Object)
BirdGame.MenuPanel:Start() (at E:/Unity/Projects/Work/FeatherLandNew/Assets/Scripts/New/ViewController/UI/Panels/MenuPanel.cs:95)

MenuPanel 激活状态: True
UnityEngine.DebugLogHandler:Internal_Log(LogType, LogOption, String, Object)
UnityEngine.Logger:Log(LogType, Object)
UnityEngine.Debug:Log(Object)
BirdGame.MenuPanel:Start() (at E:/Unity/Projects/Work/FeatherLandNew/Assets/Scripts/New/ViewController/UI/Panels/MenuPanel.cs:96)

IUISystem获取成功
UnityEngine.DebugLogHandler:Internal_Log(LogType, LogOption, String, Object)
UnityEngine.Logger:Log(LogType, Object)
UnityEngine.Debug:Log(Object)
BirdGame.MenuPanel:Start() (at E:/Unity/Projects/Work/FeatherLandNew/Assets/Scripts/New/ViewController/UI/Panels/MenuPanel.cs:109)

<color=#0099bc><b>DOTWEEN ► </b></color>Tween startup failed (NULL target/property - UnityEngine.Color <DOColor>b__0()): the tween will now be killed ► Object reference not set to an instance of an object.
UnityEngine.DebugLogHandler:Internal_Log(LogType, LogOption, String, Object)
UnityEngine.Logger:Log(LogType, Object)
UnityEngine.Debug:LogWarning(Object)
UnityEngine.U2D.Animation.TransformAccessJob:ArrayRemoveAt(T[]&, Int32) (at ./Library/PackageCache/com.unity.2d.animation@81ad133dbdf1/Runtime/BatchedDeformation/TransformAccessJob.cs:111)
DG.Tweening.Tween:DoGoto(Tween, Single, Int32, UpdateMode)
DG.Tweening.Core.TweenManager:Goto(Tween, Single, Boolean, UpdateMode)
DG.Tweening.Sequence:ApplyInternalCycle(Sequence, Single, Single, UpdateMode, Boolean, Boolean, Boolean)
DG.Tweening.Sequence:DoApplyTween(Sequence, Single, Int32, Int32, Boolean, UpdateMode)
DG.Tweening.Tween:DoGoto(Tween, Single, Int32, UpdateMode)
DG.Tweening.Core.TweenManager:Goto(Tween, Single, Boolean, UpdateMode)
DG.Tweening.Sequence:ApplyInternalCycle(Sequence, Single, Single, UpdateMode, Boolean, Boolean, Boolean)
DG.Tweening.Sequence:DoApplyTween(Sequence, Single, Int32, Int32, Boolean, UpdateMode)
DG.Tweening.Tween:DoGoto(Tween, Single, Int32, UpdateMode)
DG.Tweening.Core.TweenManager:Update(Tween, Single, Single, Boolean)
DG.Tweening.Core.TweenManager:Update(UpdateType, Single, Single)
DG.Tweening.Core.DOTweenComponent:Update()

<color=#0099bc><b>DOTWEEN ► </b></color>Tween startup failed (NULL target/property - UnityEngine.Color <DOColor>b__0()): the tween will now be killed ► Object reference not set to an instance of an object.
UnityEngine.DebugLogHandler:Internal_Log(LogType, LogOption, String, Object)
UnityEngine.Logger:Log(LogType, Object)
UnityEngine.Debug:LogWarning(Object)
UnityEngine.U2D.Animation.TransformAccessJob:ArrayRemoveAt(T[]&, Int32) (at ./Library/PackageCache/com.unity.2d.animation@81ad133dbdf1/Runtime/BatchedDeformation/TransformAccessJob.cs:111)
DG.Tweening.Tween:DoGoto(Tween, Single, Int32, UpdateMode)
DG.Tweening.Core.TweenManager:Goto(Tween, Single, Boolean, UpdateMode)
DG.Tweening.Sequence:ApplyInternalCycle(Sequence, Single, Single, UpdateMode, Boolean, Boolean, Boolean)
DG.Tweening.Sequence:DoApplyTween(Sequence, Single, Int32, Int32, Boolean, UpdateMode)
DG.Tweening.Tween:DoGoto(Tween, Single, Int32, UpdateMode)
DG.Tweening.Core.TweenManager:Goto(Tween, Single, Boolean, UpdateMode)
DG.Tweening.Sequence:ApplyInternalCycle(Sequence, Single, Single, UpdateMode, Boolean, Boolean, Boolean)
DG.Tweening.Sequence:DoApplyTween(Sequence, Single, Int32, Int32, Boolean, UpdateMode)
DG.Tweening.Tween:DoGoto(Tween, Single, Int32, UpdateMode)
DG.Tweening.Core.TweenManager:Update(Tween, Single, Single, Boolean)
DG.Tweening.Core.TweenManager:Update(UpdateType, Single, Single)
DG.Tweening.Core.DOTweenComponent:Update()

<color=#0099bc><b>DOTWEEN ► </b></color>Tween startup failed (NULL target/property - UnityEngine.Color <DOColor>b__0()): the tween will now be killed ► Object reference not set to an instance of an object.
UnityEngine.DebugLogHandler:Internal_Log(LogType, LogOption, String, Object)
UnityEngine.Logger:Log(LogType, Object)
UnityEngine.Debug:LogWarning(Object)
UnityEngine.U2D.Animation.TransformAccessJob:ArrayRemoveAt(T[]&, Int32) (at ./Library/PackageCache/com.unity.2d.animation@81ad133dbdf1/Runtime/BatchedDeformation/TransformAccessJob.cs:111)
DG.Tweening.Tween:DoGoto(Tween, Single, Int32, UpdateMode)
DG.Tweening.Core.TweenManager:Goto(Tween, Single, Boolean, UpdateMode)
DG.Tweening.Sequence:ApplyInternalCycle(Sequence, Single, Single, UpdateMode, Boolean, Boolean, Boolean)
DG.Tweening.Sequence:DoApplyTween(Sequence, Single, Int32, Int32, Boolean, UpdateMode)
DG.Tweening.Tween:DoGoto(Tween, Single, Int32, UpdateMode)
DG.Tweening.Core.TweenManager:Goto(Tween, Single, Boolean, UpdateMode)
DG.Tweening.Sequence:ApplyInternalCycle(Sequence, Single, Single, UpdateMode, Boolean, Boolean, Boolean)
DG.Tweening.Sequence:DoApplyTween(Sequence, Single, Int32, Int32, Boolean, UpdateMode)
DG.Tweening.Tween:DoGoto(Tween, Single, Int32, UpdateMode)
DG.Tweening.Core.TweenManager:Update(Tween, Single, Single, Boolean)
DG.Tweening.Core.TweenManager:Update(UpdateType, Single, Single)
DG.Tweening.Core.DOTweenComponent:Update()

<color=#0099bc><b>DOTWEEN ► </b></color>Tween startup failed (NULL target/property - UnityEngine.Color <DOColor>b__0()): the tween will now be killed ► Object reference not set to an instance of an object.
UnityEngine.DebugLogHandler:Internal_Log(LogType, LogOption, String, Object)
UnityEngine.Logger:Log(LogType, Object)
UnityEngine.Debug:LogWarning(Object)
UnityEngine.U2D.Animation.TransformAccessJob:ArrayRemoveAt(T[]&, Int32) (at ./Library/PackageCache/com.unity.2d.animation@81ad133dbdf1/Runtime/BatchedDeformation/TransformAccessJob.cs:111)
DG.Tweening.Tween:DoGoto(Tween, Single, Int32, UpdateMode)
DG.Tweening.Core.TweenManager:Goto(Tween, Single, Boolean, UpdateMode)
DG.Tweening.Sequence:ApplyInternalCycle(Sequence, Single, Single, UpdateMode, Boolean, Boolean, Boolean)
DG.Tweening.Sequence:DoApplyTween(Sequence, Single, Int32, Int32, Boolean, UpdateMode)
DG.Tweening.Tween:DoGoto(Tween, Single, Int32, UpdateMode)
DG.Tweening.Core.TweenManager:Goto(Tween, Single, Boolean, UpdateMode)
DG.Tweening.Sequence:ApplyInternalCycle(Sequence, Single, Single, UpdateMode, Boolean, Boolean, Boolean)
DG.Tweening.Sequence:DoApplyTween(Sequence, Single, Int32, Int32, Boolean, UpdateMode)
DG.Tweening.Tween:DoGoto(Tween, Single, Int32, UpdateMode)
DG.Tweening.Core.TweenManager:Update(Tween, Single, Single, Boolean)
DG.Tweening.Core.TweenManager:Update(UpdateType, Single, Single)
DG.Tweening.Core.DOTweenComponent:Update()

<color=#0099bc><b>DOTWEEN ► </b></color>Tween startup failed (NULL target/property - UnityEngine.Color <DOColor>b__0()): the tween will now be killed ► Object reference not set to an instance of an object.
UnityEngine.DebugLogHandler:Internal_Log(LogType, LogOption, String, Object)
UnityEngine.Logger:Log(LogType, Object)
UnityEngine.Debug:LogWarning(Object)
UnityEngine.U2D.Animation.TransformAccessJob:ArrayRemoveAt(T[]&, Int32) (at ./Library/PackageCache/com.unity.2d.animation@81ad133dbdf1/Runtime/BatchedDeformation/TransformAccessJob.cs:111)
DG.Tweening.Tween:DoGoto(Tween, Single, Int32, UpdateMode)
DG.Tweening.Core.TweenManager:Goto(Tween, Single, Boolean, UpdateMode)
DG.Tweening.Sequence:ApplyInternalCycle(Sequence, Single, Single, UpdateMode, Boolean, Boolean, Boolean)
DG.Tweening.Sequence:DoApplyTween(Sequence, Single, Int32, Int32, Boolean, UpdateMode)
DG.Tweening.Tween:DoGoto(Tween, Single, Int32, UpdateMode)
DG.Tweening.Core.TweenManager:Goto(Tween, Single, Boolean, UpdateMode)
DG.Tweening.Sequence:ApplyInternalCycle(Sequence, Single, Single, UpdateMode, Boolean, Boolean, Boolean)
DG.Tweening.Sequence:DoApplyTween(Sequence, Single, Int32, Int32, Boolean, UpdateMode)
DG.Tweening.Tween:DoGoto(Tween, Single, Int32, UpdateMode)
DG.Tweening.Core.TweenManager:Update(Tween, Single, Single, Boolean)
DG.Tweening.Core.TweenManager:Update(UpdateType, Single, Single)
DG.Tweening.Core.DOTweenComponent:Update()

<color=#0099bc><b>DOTWEEN ► </b></color>Tween startup failed (NULL target/property - UnityEngine.Color <DOColor>b__0()): the tween will now be killed ► Object reference not set to an instance of an object.
UnityEngine.DebugLogHandler:Internal_Log(LogType, LogOption, String, Object)
UnityEngine.Logger:Log(LogType, Object)
UnityEngine.Debug:LogWarning(Object)
UnityEngine.U2D.Animation.TransformAccessJob:ArrayRemoveAt(T[]&, Int32) (at ./Library/PackageCache/com.unity.2d.animation@81ad133dbdf1/Runtime/BatchedDeformation/TransformAccessJob.cs:111)
DG.Tweening.Tween:DoGoto(Tween, Single, Int32, UpdateMode)
DG.Tweening.Core.TweenManager:Goto(Tween, Single, Boolean, UpdateMode)
DG.Tweening.Sequence:ApplyInternalCycle(Sequence, Single, Single, UpdateMode, Boolean, Boolean, Boolean)
DG.Tweening.Sequence:DoApplyTween(Sequence, Single, Int32, Int32, Boolean, UpdateMode)
DG.Tweening.Tween:DoGoto(Tween, Single, Int32, UpdateMode)
DG.Tweening.Core.TweenManager:Goto(Tween, Single, Boolean, UpdateMode)
DG.Tweening.Sequence:ApplyInternalCycle(Sequence, Single, Single, UpdateMode, Boolean, Boolean, Boolean)
DG.Tweening.Sequence:DoApplyTween(Sequence, Single, Int32, Int32, Boolean, UpdateMode)
DG.Tweening.Tween:DoGoto(Tween, Single, Int32, UpdateMode)
DG.Tweening.Core.TweenManager:Update(Tween, Single, Single, Boolean)
DG.Tweening.Core.TweenManager:Update(UpdateType, Single, Single)
DG.Tweening.Core.DOTweenComponent:Update()

<color=#0099bc><b>DOTWEEN ► </b></color>Tween startup failed (NULL target/property - UnityEngine.Color <DOColor>b__0()): the tween will now be killed ► Object reference not set to an instance of an object.
UnityEngine.DebugLogHandler:Internal_Log(LogType, LogOption, String, Object)
UnityEngine.Logger:Log(LogType, Object)
UnityEngine.Debug:LogWarning(Object)
UnityEngine.U2D.Animation.TransformAccessJob:ArrayRemoveAt(T[]&, Int32) (at ./Library/PackageCache/com.unity.2d.animation@81ad133dbdf1/Runtime/BatchedDeformation/TransformAccessJob.cs:111)
DG.Tweening.Tween:DoGoto(Tween, Single, Int32, UpdateMode)
DG.Tweening.Core.TweenManager:Goto(Tween, Single, Boolean, UpdateMode)
DG.Tweening.Sequence:ApplyInternalCycle(Sequence, Single, Single, UpdateMode, Boolean, Boolean, Boolean)
DG.Tweening.Sequence:DoApplyTween(Sequence, Single, Int32, Int32, Boolean, UpdateMode)
DG.Tweening.Tween:DoGoto(Tween, Single, Int32, UpdateMode)
DG.Tweening.Core.TweenManager:Goto(Tween, Single, Boolean, UpdateMode)
DG.Tweening.Sequence:ApplyInternalCycle(Sequence, Single, Single, UpdateMode, Boolean, Boolean, Boolean)
DG.Tweening.Sequence:DoApplyTween(Sequence, Single, Int32, Int32, Boolean, UpdateMode)
DG.Tweening.Tween:DoGoto(Tween, Single, Int32, UpdateMode)
DG.Tweening.Core.TweenManager:Update(Tween, Single, Single, Boolean)
DG.Tweening.Core.TweenManager:Update(UpdateType, Single, Single)
DG.Tweening.Core.DOTweenComponent:Update()

<color=#0099bc><b>DOTWEEN ► </b></color>Tween startup failed (NULL target/property - UnityEngine.Color <DOColor>b__0()): the tween will now be killed ► Object reference not set to an instance of an object.
UnityEngine.DebugLogHandler:Internal_Log(LogType, LogOption, String, Object)
UnityEngine.Logger:Log(LogType, Object)
UnityEngine.Debug:LogWarning(Object)
UnityEngine.U2D.Animation.TransformAccessJob:ArrayRemoveAt(T[]&, Int32) (at ./Library/PackageCache/com.unity.2d.animation@81ad133dbdf1/Runtime/BatchedDeformation/TransformAccessJob.cs:111)
DG.Tweening.Tween:DoGoto(Tween, Single, Int32, UpdateMode)
DG.Tweening.Core.TweenManager:Goto(Tween, Single, Boolean, UpdateMode)
DG.Tweening.Sequence:ApplyInternalCycle(Sequence, Single, Single, UpdateMode, Boolean, Boolean, Boolean)
DG.Tweening.Sequence:DoApplyTween(Sequence, Single, Int32, Int32, Boolean, UpdateMode)
DG.Tweening.Tween:DoGoto(Tween, Single, Int32, UpdateMode)
DG.Tweening.Core.TweenManager:Goto(Tween, Single, Boolean, UpdateMode)
DG.Tweening.Sequence:ApplyInternalCycle(Sequence, Single, Single, UpdateMode, Boolean, Boolean, Boolean)
DG.Tweening.Sequence:DoApplyTween(Sequence, Single, Int32, Int32, Boolean, UpdateMode)
DG.Tweening.Tween:DoGoto(Tween, Single, Int32, UpdateMode)
DG.Tweening.Core.TweenManager:Update(Tween, Single, Single, Boolean)
DG.Tweening.Core.TweenManager:Update(UpdateType, Single, Single)
DG.Tweening.Core.DOTweenComponent:Update()

<color=#0099bc><b>DOTWEEN ► </b></color>Tween startup failed (NULL target/property - UnityEngine.Color <DOColor>b__0()): the tween will now be killed ► Object reference not set to an instance of an object.
UnityEngine.DebugLogHandler:Internal_Log(LogType, LogOption, String, Object)
UnityEngine.Logger:Log(LogType, Object)
UnityEngine.Debug:LogWarning(Object)
UnityEngine.U2D.Animation.TransformAccessJob:ArrayRemoveAt(T[]&, Int32) (at ./Library/PackageCache/com.unity.2d.animation@81ad133dbdf1/Runtime/BatchedDeformation/TransformAccessJob.cs:111)
DG.Tweening.Tween:DoGoto(Tween, Single, Int32, UpdateMode)
DG.Tweening.Core.TweenManager:Goto(Tween, Single, Boolean, UpdateMode)
DG.Tweening.Sequence:ApplyInternalCycle(Sequence, Single, Single, UpdateMode, Boolean, Boolean, Boolean)
DG.Tweening.Sequence:DoApplyTween(Sequence, Single, Int32, Int32, Boolean, UpdateMode)
DG.Tweening.Tween:DoGoto(Tween, Single, Int32, UpdateMode)
DG.Tweening.Core.TweenManager:Goto(Tween, Single, Boolean, UpdateMode)
DG.Tweening.Sequence:ApplyInternalCycle(Sequence, Single, Single, UpdateMode, Boolean, Boolean, Boolean)
DG.Tweening.Sequence:DoApplyTween(Sequence, Single, Int32, Int32, Boolean, UpdateMode)
DG.Tweening.Tween:DoGoto(Tween, Single, Int32, UpdateMode)
DG.Tweening.Core.TweenManager:Update(Tween, Single, Single, Boolean)
DG.Tweening.Core.TweenManager:Update(UpdateType, Single, Single)
DG.Tweening.Core.DOTweenComponent:Update()

🔊 环境音效已初始化，跳过重复初始化
UnityEngine.DebugLogHandler:Internal_Log(LogType, LogOption, String, Object)
UnityEngine.Logger:Log(LogType, Object)
UnityEngine.Debug:Log(Object)
BirdGame.AudioSystem:InitEnvironments() (at E:/Unity/Projects/Work/FeatherLandNew/Assets/Scripts/New/Systems/IAudioSystem.cs:536)
BirdGame.<TriggerEnvironmentAudioAfterConfigLoad>d__11:MoveNext() (at E:/Unity/Projects/Work/FeatherLandNew/Assets/Scripts/New/Commands/LoadGameCommand.cs:258)
UnityEngine.SetupCoroutine:InvokeMoveNext(IEnumerator, IntPtr)

🌍 环境音效初始化完成！
UnityEngine.DebugLogHandler:Internal_Log(LogType, LogOption, String, Object)
UnityEngine.Logger:Log(LogType, Object)
UnityEngine.Debug:Log(Object)
BirdGame.<TriggerEnvironmentAudioAfterConfigLoad>d__11:MoveNext() (at E:/Unity/Projects/Work/FeatherLandNew/Assets/Scripts/New/Commands/LoadGameCommand.cs:259)
UnityEngine.SetupCoroutine:InvokeMoveNext(IEnumerator, IntPtr)

天气切换完成
UnityEngine.DebugLogHandler:Internal_Log(LogType, LogOption, String, Object)
UnityEngine.Logger:Log(LogType, Object)
UnityEngine.Debug:Log(Object)
BirdGame.<>c__DisplayClass16_0:<SwitchWeather>b__9() (at E:/Unity/Projects/Work/FeatherLandNew/Assets/Scripts/New/ViewController/Game/WeatherManager.cs:242)
DG.Tweening.Tween:OnTweenCallback(TweenCallback, Tween)
DG.Tweening.Tween:DoGoto(Tween, Single, Int32, UpdateMode)
DG.Tweening.Core.TweenManager:Update(Tween, Single, Single, Boolean)
DG.Tweening.Core.TweenManager:Update(UpdateType, Single, Single)
DG.Tweening.Core.DOTweenComponent:Update()

游戏启动时的初始天气，不应用天气音量，保留用户设置
UnityEngine.DebugLogHandler:Internal_Log(LogType, LogOption, String, Object)
UnityEngine.Logger:Log(LogType, Object)
UnityEngine.Debug:Log(Object)
BirdGame.<>c__DisplayClass16_0:<SwitchWeather>b__9() (at E:/Unity/Projects/Work/FeatherLandNew/Assets/Scripts/New/ViewController/Game/WeatherManager.cs:249)
DG.Tweening.Tween:OnTweenCallback(TweenCallback, Tween)
DG.Tweening.Tween:DoGoto(Tween, Single, Int32, UpdateMode)
DG.Tweening.Core.TweenManager:Update(Tween, Single, Single, Boolean)
DG.Tweening.Core.TweenManager:Update(UpdateType, Single, Single)
DG.Tweening.Core.DOTweenComponent:Update()

SetScreenMode 被调用，模式: 1
UnityEngine.DebugLogHandler:Internal_Log(LogType, LogOption, String, Object)
UnityEngine.Logger:Log(LogType, Object)
UnityEngine.Debug:Log(Object)
BirdGame.GameEntry:SetScreenMode(Int32, Boolean) (at E:/Unity/Projects/Work/FeatherLandNew/Assets/Scripts/New/ViewController/Game/GameEntry.cs:109)
BirdGame.GameEntry:HandleKeyboardShortcuts() (at E:/Unity/Projects/Work/FeatherLandNew/Assets/Scripts/New/ViewController/Game/GameEntry.cs:562)
BirdGame.GameEntry:Update() (at E:/Unity/Projects/Work/FeatherLandNew/Assets/Scripts/New/ViewController/Game/GameEntry.cs:172)

[WallpaperMode] 挂载校验失败: round=1, candidate=1838334, actual=0
UnityEngine.DebugLogHandler:Internal_Log(LogType, LogOption, String, Object)
UnityEngine.Logger:Log(LogType, Object)
UnityEngine.Debug:LogWarning(Object)
BirdGame.FullScreenUtility:WallpaperMode() (at E:/Unity/Projects/Work/FeatherLandNew/Assets/Scripts/New/Utility/FullScreenUtility.cs:432)
BirdGame.GameEntry:SetScreenMode(Int32, Boolean) (at E:/Unity/Projects/Work/FeatherLandNew/Assets/Scripts/New/ViewController/Game/GameEntry.cs:125)
BirdGame.GameEntry:HandleKeyboardShortcuts() (at E:/Unity/Projects/Work/FeatherLandNew/Assets/Scripts/New/ViewController/Game/GameEntry.cs:562)
BirdGame.GameEntry:Update() (at E:/Unity/Projects/Work/FeatherLandNew/Assets/Scripts/New/ViewController/Game/GameEntry.cs:172)

[WallpaperMode] 挂载校验失败: round=1, candidate=65978, actual=0
UnityEngine.DebugLogHandler:Internal_Log(LogType, LogOption, String, Object)
UnityEngine.Logger:Log(LogType, Object)
UnityEngine.Debug:LogWarning(Object)
BirdGame.FullScreenUtility:WallpaperMode() (at E:/Unity/Projects/Work/FeatherLandNew/Assets/Scripts/New/Utility/FullScreenUtility.cs:432)
BirdGame.GameEntry:SetScreenMode(Int32, Boolean) (at E:/Unity/Projects/Work/FeatherLandNew/Assets/Scripts/New/ViewController/Game/GameEntry.cs:125)
BirdGame.GameEntry:HandleKeyboardShortcuts() (at E:/Unity/Projects/Work/FeatherLandNew/Assets/Scripts/New/ViewController/Game/GameEntry.cs:562)
BirdGame.GameEntry:Update() (at E:/Unity/Projects/Work/FeatherLandNew/Assets/Scripts/New/ViewController/Game/GameEntry.cs:172)

[WallpaperMode] 挂载校验失败: round=2, candidate=1838334, actual=0
UnityEngine.DebugLogHandler:Internal_Log(LogType, LogOption, String, Object)
UnityEngine.Logger:Log(LogType, Object)
UnityEngine.Debug:LogWarning(Object)
BirdGame.FullScreenUtility:WallpaperMode() (at E:/Unity/Projects/Work/FeatherLandNew/Assets/Scripts/New/Utility/FullScreenUtility.cs:432)
BirdGame.GameEntry:SetScreenMode(Int32, Boolean) (at E:/Unity/Projects/Work/FeatherLandNew/Assets/Scripts/New/ViewController/Game/GameEntry.cs:125)
BirdGame.GameEntry:HandleKeyboardShortcuts() (at E:/Unity/Projects/Work/FeatherLandNew/Assets/Scripts/New/ViewController/Game/GameEntry.cs:562)
BirdGame.GameEntry:Update() (at E:/Unity/Projects/Work/FeatherLandNew/Assets/Scripts/New/ViewController/Game/GameEntry.cs:172)

[WallpaperMode] 挂载校验失败: round=2, candidate=65978, actual=0
UnityEngine.DebugLogHandler:Internal_Log(LogType, LogOption, String, Object)
UnityEngine.Logger:Log(LogType, Object)
UnityEngine.Debug:LogWarning(Object)
BirdGame.FullScreenUtility:WallpaperMode() (at E:/Unity/Projects/Work/FeatherLandNew/Assets/Scripts/New/Utility/FullScreenUtility.cs:432)
BirdGame.GameEntry:SetScreenMode(Int32, Boolean) (at E:/Unity/Projects/Work/FeatherLandNew/Assets/Scripts/New/ViewController/Game/GameEntry.cs:125)
BirdGame.GameEntry:HandleKeyboardShortcuts() (at E:/Unity/Projects/Work/FeatherLandNew/Assets/Scripts/New/ViewController/Game/GameEntry.cs:562)
BirdGame.GameEntry:Update() (at E:/Unity/Projects/Work/FeatherLandNew/Assets/Scripts/New/ViewController/Game/GameEntry.cs:172)

[WallpaperMode] 挂载校验失败: round=3, candidate=1838334, actual=0
UnityEngine.DebugLogHandler:Internal_Log(LogType, LogOption, String, Object)
UnityEngine.Logger:Log(LogType, Object)
UnityEngine.Debug:LogWarning(Object)
BirdGame.FullScreenUtility:WallpaperMode() (at E:/Unity/Projects/Work/FeatherLandNew/Assets/Scripts/New/Utility/FullScreenUtility.cs:432)
BirdGame.GameEntry:SetScreenMode(Int32, Boolean) (at E:/Unity/Projects/Work/FeatherLandNew/Assets/Scripts/New/ViewController/Game/GameEntry.cs:125)
BirdGame.GameEntry:HandleKeyboardShortcuts() (at E:/Unity/Projects/Work/FeatherLandNew/Assets/Scripts/New/ViewController/Game/GameEntry.cs:562)
BirdGame.GameEntry:Update() (at E:/Unity/Projects/Work/FeatherLandNew/Assets/Scripts/New/ViewController/Game/GameEntry.cs:172)

[WallpaperMode] 挂载校验失败: round=3, candidate=65978, actual=0
UnityEngine.DebugLogHandler:Internal_Log(LogType, LogOption, String, Object)
UnityEngine.Logger:Log(LogType, Object)
UnityEngine.Debug:LogWarning(Object)
BirdGame.FullScreenUtility:WallpaperMode() (at E:/Unity/Projects/Work/FeatherLandNew/Assets/Scripts/New/Utility/FullScreenUtility.cs:432)
BirdGame.GameEntry:SetScreenMode(Int32, Boolean) (at E:/Unity/Projects/Work/FeatherLandNew/Assets/Scripts/New/ViewController/Game/GameEntry.cs:125)
BirdGame.GameEntry:HandleKeyboardShortcuts() (at E:/Unity/Projects/Work/FeatherLandNew/Assets/Scripts/New/ViewController/Game/GameEntry.cs:562)
BirdGame.GameEntry:Update() (at E:/Unity/Projects/Work/FeatherLandNew/Assets/Scripts/New/ViewController/Game/GameEntry.cs:172)

[WallpaperMode] 所有桌面层挂载尝试均失败，已放弃进入壁纸模式
UnityEngine.DebugLogHandler:Internal_Log(LogType, LogOption, String, Object)
UnityEngine.Logger:Log(LogType, Object)
UnityEngine.Debug:LogError(Object)
BirdGame.FullScreenUtility:WallpaperMode() (at E:/Unity/Projects/Work/FeatherLandNew/Assets/Scripts/New/Utility/FullScreenUtility.cs:439)
BirdGame.GameEntry:SetScreenMode(Int32, Boolean) (at E:/Unity/Projects/Work/FeatherLandNew/Assets/Scripts/New/ViewController/Game/GameEntry.cs:125)
BirdGame.GameEntry:HandleKeyboardShortcuts() (at E:/Unity/Projects/Work/FeatherLandNew/Assets/Scripts/New/ViewController/Game/GameEntry.cs:562)
BirdGame.GameEntry:Update() (at E:/Unity/Projects/Work/FeatherLandNew/Assets/Scripts/New/ViewController/Game/GameEntry.cs:172)

[WallpaperMode] 已回滚窗口状态: 所有候选桌面层挂载失败
UnityEngine.DebugLogHandler:Internal_Log(LogType, LogOption, String, Object)
UnityEngine.Logger:Log(LogType, Object)
UnityEngine.Debug:LogWarning(Object)
BirdGame.FullScreenUtility:RestoreWindowAfterWallpaperFailure(String) (at E:/Unity/Projects/Work/FeatherLandNew/Assets/Scripts/New/Utility/FullScreenUtility.cs:342)
BirdGame.FullScreenUtility:WallpaperMode() (at E:/Unity/Projects/Work/FeatherLandNew/Assets/Scripts/New/Utility/FullScreenUtility.cs:440)
BirdGame.GameEntry:SetScreenMode(Int32, Boolean) (at E:/Unity/Projects/Work/FeatherLandNew/Assets/Scripts/New/ViewController/Game/GameEntry.cs:125)
BirdGame.GameEntry:HandleKeyboardShortcuts() (at E:/Unity/Projects/Work/FeatherLandNew/Assets/Scripts/New/ViewController/Game/GameEntry.cs:562)
BirdGame.GameEntry:Update() (at E:/Unity/Projects/Work/FeatherLandNew/Assets/Scripts/New/ViewController/Game/GameEntry.cs:172)

[FullscreenMode] 激活 - 2560x1600
UnityEngine.DebugLogHandler:Internal_Log(LogType, LogOption, String, Object)
UnityEngine.Logger:Log(LogType, Object)
UnityEngine.Debug:Log(Object)
BirdGame.FullScreenUtility:FullscreenMode() (at E:/Unity/Projects/Work/FeatherLandNew/Assets/Scripts/New/Utility/FullScreenUtility.cs:665)
BirdGame.GameEntry:SetScreenMode(Int32, Boolean) (at E:/Unity/Projects/Work/FeatherLandNew/Assets/Scripts/New/ViewController/Game/GameEntry.cs:135)
BirdGame.GameEntry:HandleKeyboardShortcuts() (at E:/Unity/Projects/Work/FeatherLandNew/Assets/Scripts/New/ViewController/Game/GameEntry.cs:562)
BirdGame.GameEntry:Update() (at E:/Unity/Projects/Work/FeatherLandNew/Assets/Scripts/New/ViewController/Game/GameEntry.cs:172)

[FullscreenMode] SimpleMouseForwarder 已禁用
UnityEngine.DebugLogHandler:Internal_Log(LogType, LogOption, String, Object)
UnityEngine.Logger:Log(LogType, Object)
UnityEngine.Debug:Log(Object)
BirdGame.FullScreenUtility:FullscreenMode() (at E:/Unity/Projects/Work/FeatherLandNew/Assets/Scripts/New/Utility/FullScreenUtility.cs:672)
BirdGame.GameEntry:SetScreenMode(Int32, Boolean) (at E:/Unity/Projects/Work/FeatherLandNew/Assets/Scripts/New/ViewController/Game/GameEntry.cs:135)
BirdGame.GameEntry:HandleKeyboardShortcuts() (at E:/Unity/Projects/Work/FeatherLandNew/Assets/Scripts/New/ViewController/Game/GameEntry.cs:562)
BirdGame.GameEntry:Update() (at E:/Unity/Projects/Work/FeatherLandNew/Assets/Scripts/New/ViewController/Game/GameEntry.cs:172)

[ActivateWindow] 结果 - Foreground: True, BringToTop: True, Focus: True
UnityEngine.DebugLogHandler:Internal_Log(LogType, LogOption, String, Object)
UnityEngine.Logger:Log(LogType, Object)
UnityEngine.Debug:Log(Object)
BirdGame.FullScreenUtility:ActivateWindow() (at E:/Unity/Projects/Work/FeatherLandNew/Assets/Scripts/New/Utility/FullScreenUtility.cs:307)
BirdGame.GameEntry:SetScreenMode(Int32, Boolean) (at E:/Unity/Projects/Work/FeatherLandNew/Assets/Scripts/New/ViewController/Game/GameEntry.cs:135)
BirdGame.GameEntry:HandleKeyboardShortcuts() (at E:/Unity/Projects/Work/FeatherLandNew/Assets/Scripts/New/ViewController/Game/GameEntry.cs:562)
BirdGame.GameEntry:Update() (at E:/Unity/Projects/Work/FeatherLandNew/Assets/Scripts/New/ViewController/Game/GameEntry.cs:172)

壁纸模式切换失败，已回退到全屏模式 (45 FPS)
UnityEngine.DebugLogHandler:Internal_Log(LogType, LogOption, String, Object)
UnityEngine.Logger:Log(LogType, Object)
UnityEngine.Debug:LogWarning(Object)
BirdGame.GameEntry:SetScreenMode(Int32, Boolean) (at E:/Unity/Projects/Work/FeatherLandNew/Assets/Scripts/New/ViewController/Game/GameEntry.cs:137)
BirdGame.GameEntry:HandleKeyboardShortcuts() (at E:/Unity/Projects/Work/FeatherLandNew/Assets/Scripts/New/ViewController/Game/GameEntry.cs:562)
BirdGame.GameEntry:Update() (at E:/Unity/Projects/Work/FeatherLandNew/Assets/Scripts/New/ViewController/Game/GameEntry.cs:172)

SetScreenMode 被忽略（已处于模式 2）
UnityEngine.DebugLogHandler:Internal_Log(LogType, LogOption, String, Object)
UnityEngine.Logger:Log(LogType, Object)
UnityEngine.Debug:Log(Object)
BirdGame.GameEntry:SetScreenMode(Int32, Boolean) (at E:/Unity/Projects/Work/FeatherLandNew/Assets/Scripts/New/ViewController/Game/GameEntry.cs:163)
BirdGame.GameEntry:HandleKeyboardShortcuts() (at E:/Unity/Projects/Work/FeatherLandNew/Assets/Scripts/New/ViewController/Game/GameEntry.cs:568)
BirdGame.GameEntry:Update() (at E:/Unity/Projects/Work/FeatherLandNew/Assets/Scripts/New/ViewController/Game/GameEntry.cs:172)

SetScreenMode 被调用，模式: 0
UnityEngine.DebugLogHandler:Internal_Log(LogType, LogOption, String, Object)
UnityEngine.Logger:Log(LogType, Object)
UnityEngine.Debug:Log(Object)
BirdGame.GameEntry:SetScreenMode(Int32, Boolean) (at E:/Unity/Projects/Work/FeatherLandNew/Assets/Scripts/New/ViewController/Game/GameEntry.cs:109)
BirdGame.GameEntry:HandleKeyboardShortcuts() (at E:/Unity/Projects/Work/FeatherLandNew/Assets/Scripts/New/ViewController/Game/GameEntry.cs:556)
BirdGame.GameEntry:Update() (at E:/Unity/Projects/Work/FeatherLandNew/Assets/Scripts/New/ViewController/Game/GameEntry.cs:172)

[WindowedMode] 目标 - 屏幕: 2560x1600, 窗口: 2048x1280
UnityEngine.DebugLogHandler:Internal_Log(LogType, LogOption, String, Object)
UnityEngine.Logger:Log(LogType, Object)
UnityEngine.Debug:Log(Object)
BirdGame.FullScreenUtility:WindowedMode() (at E:/Unity/Projects/Work/FeatherLandNew/Assets/Scripts/New/Utility/FullScreenUtility.cs:715)
BirdGame.GameEntry:SetScreenMode(Int32, Boolean) (at E:/Unity/Projects/Work/FeatherLandNew/Assets/Scripts/New/ViewController/Game/GameEntry.cs:117)
BirdGame.GameEntry:HandleKeyboardShortcuts() (at E:/Unity/Projects/Work/FeatherLandNew/Assets/Scripts/New/ViewController/Game/GameEntry.cs:556)
BirdGame.GameEntry:Update() (at E:/Unity/Projects/Work/FeatherLandNew/Assets/Scripts/New/ViewController/Game/GameEntry.cs:172)

[WindowedMode] Unity窗口模式已设置 - 2048x1280
UnityEngine.DebugLogHandler:Internal_Log(LogType, LogOption, String, Object)
UnityEngine.Logger:Log(LogType, Object)
UnityEngine.Debug:Log(Object)
BirdGame.FullScreenUtility:WindowedMode() (at E:/Unity/Projects/Work/FeatherLandNew/Assets/Scripts/New/Utility/FullScreenUtility.cs:719)
BirdGame.GameEntry:SetScreenMode(Int32, Boolean) (at E:/Unity/Projects/Work/FeatherLandNew/Assets/Scripts/New/ViewController/Game/GameEntry.cs:117)
BirdGame.GameEntry:HandleKeyboardShortcuts() (at E:/Unity/Projects/Work/FeatherLandNew/Assets/Scripts/New/ViewController/Game/GameEntry.cs:556)
BirdGame.GameEntry:Update() (at E:/Unity/Projects/Work/FeatherLandNew/Assets/Scripts/New/ViewController/Game/GameEntry.cs:172)

[WindowedMode] 完成 - 窗口模式已激活
UnityEngine.DebugLogHandler:Internal_Log(LogType, LogOption, String, Object)
UnityEngine.Logger:Log(LogType, Object)
UnityEngine.Debug:Log(Object)
BirdGame.FullScreenUtility:WindowedMode() (at E:/Unity/Projects/Work/FeatherLandNew/Assets/Scripts/New/Utility/FullScreenUtility.cs:729)
BirdGame.GameEntry:SetScreenMode(Int32, Boolean) (at E:/Unity/Projects/Work/FeatherLandNew/Assets/Scripts/New/ViewController/Game/GameEntry.cs:117)
BirdGame.GameEntry:HandleKeyboardShortcuts() (at E:/Unity/Projects/Work/FeatherLandNew/Assets/Scripts/New/ViewController/Game/GameEntry.cs:556)
BirdGame.GameEntry:Update() (at E:/Unity/Projects/Work/FeatherLandNew/Assets/Scripts/New/ViewController/Game/GameEntry.cs:172)

[WindowedMode] SimpleMouseForwarder 已禁用
UnityEngine.DebugLogHandler:Internal_Log(LogType, LogOption, String, Object)
UnityEngine.Logger:Log(LogType, Object)
UnityEngine.Debug:Log(Object)
BirdGame.FullScreenUtility:WindowedMode() (at E:/Unity/Projects/Work/FeatherLandNew/Assets/Scripts/New/Utility/FullScreenUtility.cs:736)
BirdGame.GameEntry:SetScreenMode(Int32, Boolean) (at E:/Unity/Projects/Work/FeatherLandNew/Assets/Scripts/New/ViewController/Game/GameEntry.cs:117)
BirdGame.GameEntry:HandleKeyboardShortcuts() (at E:/Unity/Projects/Work/FeatherLandNew/Assets/Scripts/New/ViewController/Game/GameEntry.cs:556)
BirdGame.GameEntry:Update() (at E:/Unity/Projects/Work/FeatherLandNew/Assets/Scripts/New/ViewController/Game/GameEntry.cs:172)

[ActivateWindow] 结果 - Foreground: True, BringToTop: True, Focus: True
UnityEngine.DebugLogHandler:Internal_Log(LogType, LogOption, String, Object)
UnityEngine.Logger:Log(LogType, Object)
UnityEngine.Debug:Log(Object)
BirdGame.FullScreenUtility:ActivateWindow() (at E:/Unity/Projects/Work/FeatherLandNew/Assets/Scripts/New/Utility/FullScreenUtility.cs:307)
BirdGame.FullScreenUtility:WindowedMode() (at E:/Unity/Projects/Work/FeatherLandNew/Assets/Scripts/New/Utility/FullScreenUtility.cs:740)
BirdGame.GameEntry:SetScreenMode(Int32, Boolean) (at E:/Unity/Projects/Work/FeatherLandNew/Assets/Scripts/New/ViewController/Game/GameEntry.cs:117)
BirdGame.GameEntry:HandleKeyboardShortcuts() (at E:/Unity/Projects/Work/FeatherLandNew/Assets/Scripts/New/ViewController/Game/GameEntry.cs:556)
BirdGame.GameEntry:Update() (at E:/Unity/Projects/Work/FeatherLandNew/Assets/Scripts/New/ViewController/Game/GameEntry.cs:172)

设置为窗口模式 (45 FPS)
UnityEngine.DebugLogHandler:Internal_Log(LogType, LogOption, String, Object)
UnityEngine.Logger:Log(LogType, Object)
UnityEngine.Debug:Log(Object)
BirdGame.GameEntry:SetScreenMode(Int32, Boolean) (at E:/Unity/Projects/Work/FeatherLandNew/Assets/Scripts/New/ViewController/Game/GameEntry.cs:150)
BirdGame.GameEntry:HandleKeyboardShortcuts() (at E:/Unity/Projects/Work/FeatherLandNew/Assets/Scripts/New/ViewController/Game/GameEntry.cs:556)
BirdGame.GameEntry:Update() (at E:/Unity/Projects/Work/FeatherLandNew/Assets/Scripts/New/ViewController/Game/GameEntry.cs:172)

通过范围检测发现装饰品：Sprite
UnityEngine.DebugLogHandler:Internal_Log(LogType, LogOption, String, Object)
UnityEngine.Logger:Log(LogType, Object)
UnityEngine.Debug:Log(Object)
BirdGame.GameSystem:IsCoverDecoration() (at E:/Unity/Projects/Work/FeatherLandNew/Assets/Scripts/New/Systems/IGameSystem.cs:438)
BirdGame.GameEntry:CheckCursor() (at E:/Unity/Projects/Work/FeatherLandNew/Assets/Scripts/New/ViewController/Game/GameEntry.cs:409)
BirdGame.GameEntry:Update() (at E:/Unity/Projects/Work/FeatherLandNew/Assets/Scripts/New/ViewController/Game/GameEntry.cs:169)

通过范围检测发现装饰品：Sprite
UnityEngine.DebugLogHandler:Internal_Log(LogType, LogOption, String, Object)
UnityEngine.Logger:Log(LogType, Object)
UnityEngine.Debug:Log(Object)
BirdGame.GameSystem:IsCoverDecoration() (at E:/Unity/Projects/Work/FeatherLandNew/Assets/Scripts/New/Systems/IGameSystem.cs:438)
BirdGame.GameEntry:CheckCursor() (at E:/Unity/Projects/Work/FeatherLandNew/Assets/Scripts/New/ViewController/Game/GameEntry.cs:409)
BirdGame.GameEntry:Update() (at E:/Unity/Projects/Work/FeatherLandNew/Assets/Scripts/New/ViewController/Game/GameEntry.cs:169)

通过范围检测发现装饰品：Sprite
UnityEngine.DebugLogHandler:Internal_Log(LogType, LogOption, String, Object)
UnityEngine.Logger:Log(LogType, Object)
UnityEngine.Debug:Log(Object)
BirdGame.GameSystem:IsCoverDecoration() (at E:/Unity/Projects/Work/FeatherLandNew/Assets/Scripts/New/Systems/IGameSystem.cs:438)
BirdGame.GameEntry:CheckCursor() (at E:/Unity/Projects/Work/FeatherLandNew/Assets/Scripts/New/ViewController/Game/GameEntry.cs:409)
BirdGame.GameEntry:Update() (at E:/Unity/Projects/Work/FeatherLandNew/Assets/Scripts/New/ViewController/Game/GameEntry.cs:169)

通过范围检测发现装饰品：Sprite
UnityEngine.DebugLogHandler:Internal_Log(LogType, LogOption, String, Object)
UnityEngine.Logger:Log(LogType, Object)
UnityEngine.Debug:Log(Object)
BirdGame.GameSystem:IsCoverDecoration() (at E:/Unity/Projects/Work/FeatherLandNew/Assets/Scripts/New/Systems/IGameSystem.cs:438)
BirdGame.GameEntry:CheckCursor() (at E:/Unity/Projects/Work/FeatherLandNew/Assets/Scripts/New/ViewController/Game/GameEntry.cs:409)
BirdGame.GameEntry:Update() (at E:/Unity/Projects/Work/FeatherLandNew/Assets/Scripts/New/ViewController/Game/GameEntry.cs:169)

通过范围检测发现装饰品：Sprite
UnityEngine.DebugLogHandler:Internal_Log(LogType, LogOption, String, Object)
UnityEngine.Logger:Log(LogType, Object)
UnityEngine.Debug:Log(Object)
BirdGame.GameSystem:IsCoverDecoration() (at E:/Unity/Projects/Work/FeatherLandNew/Assets/Scripts/New/Systems/IGameSystem.cs:438)
BirdGame.GameEntry:CheckCursor() (at E:/Unity/Projects/Work/FeatherLandNew/Assets/Scripts/New/ViewController/Game/GameEntry.cs:409)
BirdGame.GameEntry:Update() (at E:/Unity/Projects/Work/FeatherLandNew/Assets/Scripts/New/ViewController/Game/GameEntry.cs:169)

通过范围检测发现装饰品：Sprite
UnityEngine.DebugLogHandler:Internal_Log(LogType, LogOption, String, Object)
UnityEngine.Logger:Log(LogType, Object)
UnityEngine.Debug:Log(Object)
BirdGame.GameSystem:IsCoverDecoration() (at E:/Unity/Projects/Work/FeatherLandNew/Assets/Scripts/New/Systems/IGameSystem.cs:438)
BirdGame.GameEntry:CheckCursor() (at E:/Unity/Projects/Work/FeatherLandNew/Assets/Scripts/New/ViewController/Game/GameEntry.cs:409)
BirdGame.GameEntry:Update() (at E:/Unity/Projects/Work/FeatherLandNew/Assets/Scripts/New/ViewController/Game/GameEntry.cs:169)

通过范围检测发现装饰品：Sprite
UnityEngine.DebugLogHandler:Internal_Log(LogType, LogOption, String, Object)
UnityEngine.Logger:Log(LogType, Object)
UnityEngine.Debug:Log(Object)
BirdGame.GameSystem:IsCoverDecoration() (at E:/Unity/Projects/Work/FeatherLandNew/Assets/Scripts/New/Systems/IGameSystem.cs:438)
BirdGame.GameEntry:CheckCursor() (at E:/Unity/Projects/Work/FeatherLandNew/Assets/Scripts/New/ViewController/Game/GameEntry.cs:409)
BirdGame.GameEntry:Update() (at E:/Unity/Projects/Work/FeatherLandNew/Assets/Scripts/New/ViewController/Game/GameEntry.cs:169)

通过范围检测发现装饰品：Sprite
UnityEngine.DebugLogHandler:Internal_Log(LogType, LogOption, String, Object)
UnityEngine.Logger:Log(LogType, Object)
UnityEngine.Debug:Log(Object)
BirdGame.GameSystem:IsCoverDecoration() (at E:/Unity/Projects/Work/FeatherLandNew/Assets/Scripts/New/Systems/IGameSystem.cs:438)
BirdGame.GameEntry:CheckCursor() (at E:/Unity/Projects/Work/FeatherLandNew/Assets/Scripts/New/ViewController/Game/GameEntry.cs:409)
BirdGame.GameEntry:Update() (at E:/Unity/Projects/Work/FeatherLandNew/Assets/Scripts/New/ViewController/Game/GameEntry.cs:169)

通过范围检测发现装饰品：Sprite
UnityEngine.DebugLogHandler:Internal_Log(LogType, LogOption, String, Object)
UnityEngine.Logger:Log(LogType, Object)
UnityEngine.Debug:Log(Object)
BirdGame.GameSystem:IsCoverDecoration() (at E:/Unity/Projects/Work/FeatherLandNew/Assets/Scripts/New/Systems/IGameSystem.cs:438)
BirdGame.GameEntry:CheckCursor() (at E:/Unity/Projects/Work/FeatherLandNew/Assets/Scripts/New/ViewController/Game/GameEntry.cs:409)
BirdGame.GameEntry:Update() (at E:/Unity/Projects/Work/FeatherLandNew/Assets/Scripts/New/ViewController/Game/GameEntry.cs:169)

通过范围检测发现装饰品：Sprite
UnityEngine.DebugLogHandler:Internal_Log(LogType, LogOption, String, Object)
UnityEngine.Logger:Log(LogType, Object)
UnityEngine.Debug:Log(Object)
BirdGame.GameSystem:IsCoverDecoration() (at E:/Unity/Projects/Work/FeatherLandNew/Assets/Scripts/New/Systems/IGameSystem.cs:438)
BirdGame.GameEntry:CheckCursor() (at E:/Unity/Projects/Work/FeatherLandNew/Assets/Scripts/New/ViewController/Game/GameEntry.cs:409)
BirdGame.GameEntry:Update() (at E:/Unity/Projects/Work/FeatherLandNew/Assets/Scripts/New/ViewController/Game/GameEntry.cs:169)

通过范围检测发现装饰品：Sprite
UnityEngine.DebugLogHandler:Internal_Log(LogType, LogOption, String, Object)
UnityEngine.Logger:Log(LogType, Object)
UnityEngine.Debug:Log(Object)
BirdGame.GameSystem:IsCoverDecoration() (at E:/Unity/Projects/Work/FeatherLandNew/Assets/Scripts/New/Systems/IGameSystem.cs:438)
BirdGame.GameEntry:CheckCursor() (at E:/Unity/Projects/Work/FeatherLandNew/Assets/Scripts/New/ViewController/Game/GameEntry.cs:409)
BirdGame.GameEntry:Update() (at E:/Unity/Projects/Work/FeatherLandNew/Assets/Scripts/New/ViewController/Game/GameEntry.cs:169)

通过范围检测发现装饰品：Sprite
UnityEngine.DebugLogHandler:Internal_Log(LogType, LogOption, String, Object)
UnityEngine.Logger:Log(LogType, Object)
UnityEngine.Debug:Log(Object)
BirdGame.GameSystem:IsCoverDecoration() (at E:/Unity/Projects/Work/FeatherLandNew/Assets/Scripts/New/Systems/IGameSystem.cs:438)
BirdGame.GameEntry:CheckCursor() (at E:/Unity/Projects/Work/FeatherLandNew/Assets/Scripts/New/ViewController/Game/GameEntry.cs:409)
BirdGame.GameEntry:Update() (at E:/Unity/Projects/Work/FeatherLandNew/Assets/Scripts/New/ViewController/Game/GameEntry.cs:169)

通过范围检测发现装饰品：Sprite
UnityEngine.DebugLogHandler:Internal_Log(LogType, LogOption, String, Object)
UnityEngine.Logger:Log(LogType, Object)
UnityEngine.Debug:Log(Object)
BirdGame.GameSystem:IsCoverDecoration() (at E:/Unity/Projects/Work/FeatherLandNew/Assets/Scripts/New/Systems/IGameSystem.cs:438)
BirdGame.GameEntry:CheckCursor() (at E:/Unity/Projects/Work/FeatherLandNew/Assets/Scripts/New/ViewController/Game/GameEntry.cs:409)
BirdGame.GameEntry:Update() (at E:/Unity/Projects/Work/FeatherLandNew/Assets/Scripts/New/ViewController/Game/GameEntry.cs:169)

SetScreenMode 被调用，模式: 1
UnityEngine.DebugLogHandler:Internal_Log(LogType, LogOption, String, Object)
UnityEngine.Logger:Log(LogType, Object)
UnityEngine.Debug:Log(Object)
BirdGame.GameEntry:SetScreenMode(Int32, Boolean) (at E:/Unity/Projects/Work/FeatherLandNew/Assets/Scripts/New/ViewController/Game/GameEntry.cs:109)
BirdGame.GameEntry:HandleKeyboardShortcuts() (at E:/Unity/Projects/Work/FeatherLandNew/Assets/Scripts/New/ViewController/Game/GameEntry.cs:562)
BirdGame.GameEntry:Update() (at E:/Unity/Projects/Work/FeatherLandNew/Assets/Scripts/New/ViewController/Game/GameEntry.cs:172)

[WallpaperMode] 挂载校验失败: round=1, candidate=1838334, actual=0
UnityEngine.DebugLogHandler:Internal_Log(LogType, LogOption, String, Object)
UnityEngine.Logger:Log(LogType, Object)
UnityEngine.Debug:LogWarning(Object)
BirdGame.FullScreenUtility:WallpaperMode() (at E:/Unity/Projects/Work/FeatherLandNew/Assets/Scripts/New/Utility/FullScreenUtility.cs:432)
BirdGame.GameEntry:SetScreenMode(Int32, Boolean) (at E:/Unity/Projects/Work/FeatherLandNew/Assets/Scripts/New/ViewController/Game/GameEntry.cs:125)
BirdGame.GameEntry:HandleKeyboardShortcuts() (at E:/Unity/Projects/Work/FeatherLandNew/Assets/Scripts/New/ViewController/Game/GameEntry.cs:562)
BirdGame.GameEntry:Update() (at E:/Unity/Projects/Work/FeatherLandNew/Assets/Scripts/New/ViewController/Game/GameEntry.cs:172)

[WallpaperMode] 挂载校验失败: round=1, candidate=65978, actual=0
UnityEngine.DebugLogHandler:Internal_Log(LogType, LogOption, String, Object)
UnityEngine.Logger:Log(LogType, Object)
UnityEngine.Debug:LogWarning(Object)
BirdGame.FullScreenUtility:WallpaperMode() (at E:/Unity/Projects/Work/FeatherLandNew/Assets/Scripts/New/Utility/FullScreenUtility.cs:432)
BirdGame.GameEntry:SetScreenMode(Int32, Boolean) (at E:/Unity/Projects/Work/FeatherLandNew/Assets/Scripts/New/ViewController/Game/GameEntry.cs:125)
BirdGame.GameEntry:HandleKeyboardShortcuts() (at E:/Unity/Projects/Work/FeatherLandNew/Assets/Scripts/New/ViewController/Game/GameEntry.cs:562)
BirdGame.GameEntry:Update() (at E:/Unity/Projects/Work/FeatherLandNew/Assets/Scripts/New/ViewController/Game/GameEntry.cs:172)

[WallpaperMode] 挂载校验失败: round=2, candidate=1838334, actual=0
UnityEngine.DebugLogHandler:Internal_Log(LogType, LogOption, String, Object)
UnityEngine.Logger:Log(LogType, Object)
UnityEngine.Debug:LogWarning(Object)
BirdGame.FullScreenUtility:WallpaperMode() (at E:/Unity/Projects/Work/FeatherLandNew/Assets/Scripts/New/Utility/FullScreenUtility.cs:432)
BirdGame.GameEntry:SetScreenMode(Int32, Boolean) (at E:/Unity/Projects/Work/FeatherLandNew/Assets/Scripts/New/ViewController/Game/GameEntry.cs:125)
BirdGame.GameEntry:HandleKeyboardShortcuts() (at E:/Unity/Projects/Work/FeatherLandNew/Assets/Scripts/New/ViewController/Game/GameEntry.cs:562)
BirdGame.GameEntry:Update() (at E:/Unity/Projects/Work/FeatherLandNew/Assets/Scripts/New/ViewController/Game/GameEntry.cs:172)

[WallpaperMode] 挂载校验失败: round=2, candidate=65978, actual=0
UnityEngine.DebugLogHandler:Internal_Log(LogType, LogOption, String, Object)
UnityEngine.Logger:Log(LogType, Object)
UnityEngine.Debug:LogWarning(Object)
BirdGame.FullScreenUtility:WallpaperMode() (at E:/Unity/Projects/Work/FeatherLandNew/Assets/Scripts/New/Utility/FullScreenUtility.cs:432)
BirdGame.GameEntry:SetScreenMode(Int32, Boolean) (at E:/Unity/Projects/Work/FeatherLandNew/Assets/Scripts/New/ViewController/Game/GameEntry.cs:125)
BirdGame.GameEntry:HandleKeyboardShortcuts() (at E:/Unity/Projects/Work/FeatherLandNew/Assets/Scripts/New/ViewController/Game/GameEntry.cs:562)
BirdGame.GameEntry:Update() (at E:/Unity/Projects/Work/FeatherLandNew/Assets/Scripts/New/ViewController/Game/GameEntry.cs:172)

[WallpaperMode] 挂载校验失败: round=3, candidate=1838334, actual=0
UnityEngine.DebugLogHandler:Internal_Log(LogType, LogOption, String, Object)
UnityEngine.Logger:Log(LogType, Object)
UnityEngine.Debug:LogWarning(Object)
BirdGame.FullScreenUtility:WallpaperMode() (at E:/Unity/Projects/Work/FeatherLandNew/Assets/Scripts/New/Utility/FullScreenUtility.cs:432)
BirdGame.GameEntry:SetScreenMode(Int32, Boolean) (at E:/Unity/Projects/Work/FeatherLandNew/Assets/Scripts/New/ViewController/Game/GameEntry.cs:125)
BirdGame.GameEntry:HandleKeyboardShortcuts() (at E:/Unity/Projects/Work/FeatherLandNew/Assets/Scripts/New/ViewController/Game/GameEntry.cs:562)
BirdGame.GameEntry:Update() (at E:/Unity/Projects/Work/FeatherLandNew/Assets/Scripts/New/ViewController/Game/GameEntry.cs:172)

[WallpaperMode] 挂载校验失败: round=3, candidate=65978, actual=0
UnityEngine.DebugLogHandler:Internal_Log(LogType, LogOption, String, Object)
UnityEngine.Logger:Log(LogType, Object)
UnityEngine.Debug:LogWarning(Object)
BirdGame.FullScreenUtility:WallpaperMode() (at E:/Unity/Projects/Work/FeatherLandNew/Assets/Scripts/New/Utility/FullScreenUtility.cs:432)
BirdGame.GameEntry:SetScreenMode(Int32, Boolean) (at E:/Unity/Projects/Work/FeatherLandNew/Assets/Scripts/New/ViewController/Game/GameEntry.cs:125)
BirdGame.GameEntry:HandleKeyboardShortcuts() (at E:/Unity/Projects/Work/FeatherLandNew/Assets/Scripts/New/ViewController/Game/GameEntry.cs:562)
BirdGame.GameEntry:Update() (at E:/Unity/Projects/Work/FeatherLandNew/Assets/Scripts/New/ViewController/Game/GameEntry.cs:172)

[WallpaperMode] 所有桌面层挂载尝试均失败，已放弃进入壁纸模式
UnityEngine.DebugLogHandler:Internal_Log(LogType, LogOption, String, Object)
UnityEngine.Logger:Log(LogType, Object)
UnityEngine.Debug:LogError(Object)
BirdGame.FullScreenUtility:WallpaperMode() (at E:/Unity/Projects/Work/FeatherLandNew/Assets/Scripts/New/Utility/FullScreenUtility.cs:439)
BirdGame.GameEntry:SetScreenMode(Int32, Boolean) (at E:/Unity/Projects/Work/FeatherLandNew/Assets/Scripts/New/ViewController/Game/GameEntry.cs:125)
BirdGame.GameEntry:HandleKeyboardShortcuts() (at E:/Unity/Projects/Work/FeatherLandNew/Assets/Scripts/New/ViewController/Game/GameEntry.cs:562)
BirdGame.GameEntry:Update() (at E:/Unity/Projects/Work/FeatherLandNew/Assets/Scripts/New/ViewController/Game/GameEntry.cs:172)

[WallpaperMode] 已回滚窗口状态: 所有候选桌面层挂载失败
UnityEngine.DebugLogHandler:Internal_Log(LogType, LogOption, String, Object)
UnityEngine.Logger:Log(LogType, Object)
UnityEngine.Debug:LogWarning(Object)
BirdGame.FullScreenUtility:RestoreWindowAfterWallpaperFailure(String) (at E:/Unity/Projects/Work/FeatherLandNew/Assets/Scripts/New/Utility/FullScreenUtility.cs:342)
BirdGame.FullScreenUtility:WallpaperMode() (at E:/Unity/Projects/Work/FeatherLandNew/Assets/Scripts/New/Utility/FullScreenUtility.cs:440)
BirdGame.GameEntry:SetScreenMode(Int32, Boolean) (at E:/Unity/Projects/Work/FeatherLandNew/Assets/Scripts/New/ViewController/Game/GameEntry.cs:125)
BirdGame.GameEntry:HandleKeyboardShortcuts() (at E:/Unity/Projects/Work/FeatherLandNew/Assets/Scripts/New/ViewController/Game/GameEntry.cs:562)
BirdGame.GameEntry:Update() (at E:/Unity/Projects/Work/FeatherLandNew/Assets/Scripts/New/ViewController/Game/GameEntry.cs:172)

[FullscreenMode] 激活 - 2560x1600
UnityEngine.DebugLogHandler:Internal_Log(LogType, LogOption, String, Object)
UnityEngine.Logger:Log(LogType, Object)
UnityEngine.Debug:Log(Object)
BirdGame.FullScreenUtility:FullscreenMode() (at E:/Unity/Projects/Work/FeatherLandNew/Assets/Scripts/New/Utility/FullScreenUtility.cs:665)
BirdGame.GameEntry:SetScreenMode(Int32, Boolean) (at E:/Unity/Projects/Work/FeatherLandNew/Assets/Scripts/New/ViewController/Game/GameEntry.cs:135)
BirdGame.GameEntry:HandleKeyboardShortcuts() (at E:/Unity/Projects/Work/FeatherLandNew/Assets/Scripts/New/ViewController/Game/GameEntry.cs:562)
BirdGame.GameEntry:Update() (at E:/Unity/Projects/Work/FeatherLandNew/Assets/Scripts/New/ViewController/Game/GameEntry.cs:172)

[FullscreenMode] SimpleMouseForwarder 已禁用
UnityEngine.DebugLogHandler:Internal_Log(LogType, LogOption, String, Object)
UnityEngine.Logger:Log(LogType, Object)
UnityEngine.Debug:Log(Object)
BirdGame.FullScreenUtility:FullscreenMode() (at E:/Unity/Projects/Work/FeatherLandNew/Assets/Scripts/New/Utility/FullScreenUtility.cs:672)
BirdGame.GameEntry:SetScreenMode(Int32, Boolean) (at E:/Unity/Projects/Work/FeatherLandNew/Assets/Scripts/New/ViewController/Game/GameEntry.cs:135)
BirdGame.GameEntry:HandleKeyboardShortcuts() (at E:/Unity/Projects/Work/FeatherLandNew/Assets/Scripts/New/ViewController/Game/GameEntry.cs:562)
BirdGame.GameEntry:Update() (at E:/Unity/Projects/Work/FeatherLandNew/Assets/Scripts/New/ViewController/Game/GameEntry.cs:172)

[ActivateWindow] 结果 - Foreground: True, BringToTop: True, Focus: True
UnityEngine.DebugLogHandler:Internal_Log(LogType, LogOption, String, Object)
UnityEngine.Logger:Log(LogType, Object)
UnityEngine.Debug:Log(Object)
BirdGame.FullScreenUtility:ActivateWindow() (at E:/Unity/Projects/Work/FeatherLandNew/Assets/Scripts/New/Utility/FullScreenUtility.cs:307)
BirdGame.GameEntry:SetScreenMode(Int32, Boolean) (at E:/Unity/Projects/Work/FeatherLandNew/Assets/Scripts/New/ViewController/Game/GameEntry.cs:135)
BirdGame.GameEntry:HandleKeyboardShortcuts() (at E:/Unity/Projects/Work/FeatherLandNew/Assets/Scripts/New/ViewController/Game/GameEntry.cs:562)
BirdGame.GameEntry:Update() (at E:/Unity/Projects/Work/FeatherLandNew/Assets/Scripts/New/ViewController/Game/GameEntry.cs:172)

壁纸模式切换失败，已回退到全屏模式 (45 FPS)
UnityEngine.DebugLogHandler:Internal_Log(LogType, LogOption, String, Object)
UnityEngine.Logger:Log(LogType, Object)
UnityEngine.Debug:LogWarning(Object)
BirdGame.GameEntry:SetScreenMode(Int32, Boolean) (at E:/Unity/Projects/Work/FeatherLandNew/Assets/Scripts/New/ViewController/Game/GameEntry.cs:137)
BirdGame.GameEntry:HandleKeyboardShortcuts() (at E:/Unity/Projects/Work/FeatherLandNew/Assets/Scripts/New/ViewController/Game/GameEntry.cs:562)
BirdGame.GameEntry:Update() (at E:/Unity/Projects/Work/FeatherLandNew/Assets/Scripts/New/ViewController/Game/GameEntry.cs:172)

SetScreenMode 被忽略（已处于模式 2）
UnityEngine.DebugLogHandler:Internal_Log(LogType, LogOption, String, Object)
UnityEngine.Logger:Log(LogType, Object)
UnityEngine.Debug:Log(Object)
BirdGame.GameEntry:SetScreenMode(Int32, Boolean) (at E:/Unity/Projects/Work/FeatherLandNew/Assets/Scripts/New/ViewController/Game/GameEntry.cs:163)
BirdGame.GameEntry:HandleKeyboardShortcuts() (at E:/Unity/Projects/Work/FeatherLandNew/Assets/Scripts/New/ViewController/Game/GameEntry.cs:568)
BirdGame.GameEntry:Update() (at E:/Unity/Projects/Work/FeatherLandNew/Assets/Scripts/New/ViewController/Game/GameEntry.cs:172)

SetScreenMode 被忽略（已处于模式 2）
UnityEngine.DebugLogHandler:Internal_Log(LogType, LogOption, String, Object)
UnityEngine.Logger:Log(LogType, Object)
UnityEngine.Debug:Log(Object)
BirdGame.GameEntry:SetScreenMode(Int32, Boolean) (at E:/Unity/Projects/Work/FeatherLandNew/Assets/Scripts/New/ViewController/Game/GameEntry.cs:163)
BirdGame.GameEntry:HandleKeyboardShortcuts() (at E:/Unity/Projects/Work/FeatherLandNew/Assets/Scripts/New/ViewController/Game/GameEntry.cs:568)
BirdGame.GameEntry:Update() (at E:/Unity/Projects/Work/FeatherLandNew/Assets/Scripts/New/ViewController/Game/GameEntry.cs:172)

SetScreenMode 被调用，模式: 1
UnityEngine.DebugLogHandler:Internal_Log(LogType, LogOption, String, Object)
UnityEngine.Logger:Log(LogType, Object)
UnityEngine.Debug:Log(Object)
BirdGame.GameEntry:SetScreenMode(Int32, Boolean) (at E:/Unity/Projects/Work/FeatherLandNew/Assets/Scripts/New/ViewController/Game/GameEntry.cs:109)
BirdGame.GameEntry:HandleKeyboardShortcuts() (at E:/Unity/Projects/Work/FeatherLandNew/Assets/Scripts/New/ViewController/Game/GameEntry.cs:562)
BirdGame.GameEntry:Update() (at E:/Unity/Projects/Work/FeatherLandNew/Assets/Scripts/New/ViewController/Game/GameEntry.cs:172)

[WallpaperMode] 挂载校验失败: round=1, candidate=1838334, actual=0
UnityEngine.DebugLogHandler:Internal_Log(LogType, LogOption, String, Object)
UnityEngine.Logger:Log(LogType, Object)
UnityEngine.Debug:LogWarning(Object)
BirdGame.FullScreenUtility:WallpaperMode() (at E:/Unity/Projects/Work/FeatherLandNew/Assets/Scripts/New/Utility/FullScreenUtility.cs:432)
BirdGame.GameEntry:SetScreenMode(Int32, Boolean) (at E:/Unity/Projects/Work/FeatherLandNew/Assets/Scripts/New/ViewController/Game/GameEntry.cs:125)
BirdGame.GameEntry:HandleKeyboardShortcuts() (at E:/Unity/Projects/Work/FeatherLandNew/Assets/Scripts/New/ViewController/Game/GameEntry.cs:562)
BirdGame.GameEntry:Update() (at E:/Unity/Projects/Work/FeatherLandNew/Assets/Scripts/New/ViewController/Game/GameEntry.cs:172)

[WallpaperMode] 挂载校验失败: round=1, candidate=65978, actual=0
UnityEngine.DebugLogHandler:Internal_Log(LogType, LogOption, String, Object)
UnityEngine.Logger:Log(LogType, Object)
UnityEngine.Debug:LogWarning(Object)
BirdGame.FullScreenUtility:WallpaperMode() (at E:/Unity/Projects/Work/FeatherLandNew/Assets/Scripts/New/Utility/FullScreenUtility.cs:432)
BirdGame.GameEntry:SetScreenMode(Int32, Boolean) (at E:/Unity/Projects/Work/FeatherLandNew/Assets/Scripts/New/ViewController/Game/GameEntry.cs:125)
BirdGame.GameEntry:HandleKeyboardShortcuts() (at E:/Unity/Projects/Work/FeatherLandNew/Assets/Scripts/New/ViewController/Game/GameEntry.cs:562)
BirdGame.GameEntry:Update() (at E:/Unity/Projects/Work/FeatherLandNew/Assets/Scripts/New/ViewController/Game/GameEntry.cs:172)

[WallpaperMode] 挂载校验失败: round=2, candidate=1838334, actual=0
UnityEngine.DebugLogHandler:Internal_Log(LogType, LogOption, String, Object)
UnityEngine.Logger:Log(LogType, Object)
UnityEngine.Debug:LogWarning(Object)
BirdGame.FullScreenUtility:WallpaperMode() (at E:/Unity/Projects/Work/FeatherLandNew/Assets/Scripts/New/Utility/FullScreenUtility.cs:432)
BirdGame.GameEntry:SetScreenMode(Int32, Boolean) (at E:/Unity/Projects/Work/FeatherLandNew/Assets/Scripts/New/ViewController/Game/GameEntry.cs:125)
BirdGame.GameEntry:HandleKeyboardShortcuts() (at E:/Unity/Projects/Work/FeatherLandNew/Assets/Scripts/New/ViewController/Game/GameEntry.cs:562)
BirdGame.GameEntry:Update() (at E:/Unity/Projects/Work/FeatherLandNew/Assets/Scripts/New/ViewController/Game/GameEntry.cs:172)

[WallpaperMode] 挂载校验失败: round=2, candidate=65978, actual=0
UnityEngine.DebugLogHandler:Internal_Log(LogType, LogOption, String, Object)
UnityEngine.Logger:Log(LogType, Object)
UnityEngine.Debug:LogWarning(Object)
BirdGame.FullScreenUtility:WallpaperMode() (at E:/Unity/Projects/Work/FeatherLandNew/Assets/Scripts/New/Utility/FullScreenUtility.cs:432)
BirdGame.GameEntry:SetScreenMode(Int32, Boolean) (at E:/Unity/Projects/Work/FeatherLandNew/Assets/Scripts/New/ViewController/Game/GameEntry.cs:125)
BirdGame.GameEntry:HandleKeyboardShortcuts() (at E:/Unity/Projects/Work/FeatherLandNew/Assets/Scripts/New/ViewController/Game/GameEntry.cs:562)
BirdGame.GameEntry:Update() (at E:/Unity/Projects/Work/FeatherLandNew/Assets/Scripts/New/ViewController/Game/GameEntry.cs:172)

[WallpaperMode] 挂载校验失败: round=3, candidate=1838334, actual=0
UnityEngine.DebugLogHandler:Internal_Log(LogType, LogOption, String, Object)
UnityEngine.Logger:Log(LogType, Object)
UnityEngine.Debug:LogWarning(Object)
BirdGame.FullScreenUtility:WallpaperMode() (at E:/Unity/Projects/Work/FeatherLandNew/Assets/Scripts/New/Utility/FullScreenUtility.cs:432)
BirdGame.GameEntry:SetScreenMode(Int32, Boolean) (at E:/Unity/Projects/Work/FeatherLandNew/Assets/Scripts/New/ViewController/Game/GameEntry.cs:125)
BirdGame.GameEntry:HandleKeyboardShortcuts() (at E:/Unity/Projects/Work/FeatherLandNew/Assets/Scripts/New/ViewController/Game/GameEntry.cs:562)
BirdGame.GameEntry:Update() (at E:/Unity/Projects/Work/FeatherLandNew/Assets/Scripts/New/ViewController/Game/GameEntry.cs:172)

[WallpaperMode] 挂载校验失败: round=3, candidate=65978, actual=0
UnityEngine.DebugLogHandler:Internal_Log(LogType, LogOption, String, Object)
UnityEngine.Logger:Log(LogType, Object)
UnityEngine.Debug:LogWarning(Object)
BirdGame.FullScreenUtility:WallpaperMode() (at E:/Unity/Projects/Work/FeatherLandNew/Assets/Scripts/New/Utility/FullScreenUtility.cs:432)
BirdGame.GameEntry:SetScreenMode(Int32, Boolean) (at E:/Unity/Projects/Work/FeatherLandNew/Assets/Scripts/New/ViewController/Game/GameEntry.cs:125)
BirdGame.GameEntry:HandleKeyboardShortcuts() (at E:/Unity/Projects/Work/FeatherLandNew/Assets/Scripts/New/ViewController/Game/GameEntry.cs:562)
BirdGame.GameEntry:Update() (at E:/Unity/Projects/Work/FeatherLandNew/Assets/Scripts/New/ViewController/Game/GameEntry.cs:172)

[WallpaperMode] 所有桌面层挂载尝试均失败，已放弃进入壁纸模式
UnityEngine.DebugLogHandler:Internal_Log(LogType, LogOption, String, Object)
UnityEngine.Logger:Log(LogType, Object)
UnityEngine.Debug:LogError(Object)
BirdGame.FullScreenUtility:WallpaperMode() (at E:/Unity/Projects/Work/FeatherLandNew/Assets/Scripts/New/Utility/FullScreenUtility.cs:439)
BirdGame.GameEntry:SetScreenMode(Int32, Boolean) (at E:/Unity/Projects/Work/FeatherLandNew/Assets/Scripts/New/ViewController/Game/GameEntry.cs:125)
BirdGame.GameEntry:HandleKeyboardShortcuts() (at E:/Unity/Projects/Work/FeatherLandNew/Assets/Scripts/New/ViewController/Game/GameEntry.cs:562)
BirdGame.GameEntry:Update() (at E:/Unity/Projects/Work/FeatherLandNew/Assets/Scripts/New/ViewController/Game/GameEntry.cs:172)

[WallpaperMode] 已回滚窗口状态: 所有候选桌面层挂载失败
UnityEngine.DebugLogHandler:Internal_Log(LogType, LogOption, String, Object)
UnityEngine.Logger:Log(LogType, Object)
UnityEngine.Debug:LogWarning(Object)
BirdGame.FullScreenUtility:RestoreWindowAfterWallpaperFailure(String) (at E:/Unity/Projects/Work/FeatherLandNew/Assets/Scripts/New/Utility/FullScreenUtility.cs:342)
BirdGame.FullScreenUtility:WallpaperMode() (at E:/Unity/Projects/Work/FeatherLandNew/Assets/Scripts/New/Utility/FullScreenUtility.cs:440)
BirdGame.GameEntry:SetScreenMode(Int32, Boolean) (at E:/Unity/Projects/Work/FeatherLandNew/Assets/Scripts/New/ViewController/Game/GameEntry.cs:125)
BirdGame.GameEntry:HandleKeyboardShortcuts() (at E:/Unity/Projects/Work/FeatherLandNew/Assets/Scripts/New/ViewController/Game/GameEntry.cs:562)
BirdGame.GameEntry:Update() (at E:/Unity/Projects/Work/FeatherLandNew/Assets/Scripts/New/ViewController/Game/GameEntry.cs:172)

[FullscreenMode] 激活 - 2560x1600
UnityEngine.DebugLogHandler:Internal_Log(LogType, LogOption, String, Object)
UnityEngine.Logger:Log(LogType, Object)
UnityEngine.Debug:Log(Object)
BirdGame.FullScreenUtility:FullscreenMode() (at E:/Unity/Projects/Work/FeatherLandNew/Assets/Scripts/New/Utility/FullScreenUtility.cs:665)
BirdGame.GameEntry:SetScreenMode(Int32, Boolean) (at E:/Unity/Projects/Work/FeatherLandNew/Assets/Scripts/New/ViewController/Game/GameEntry.cs:135)
BirdGame.GameEntry:HandleKeyboardShortcuts() (at E:/Unity/Projects/Work/FeatherLandNew/Assets/Scripts/New/ViewController/Game/GameEntry.cs:562)
BirdGame.GameEntry:Update() (at E:/Unity/Projects/Work/FeatherLandNew/Assets/Scripts/New/ViewController/Game/GameEntry.cs:172)

[FullscreenMode] SimpleMouseForwarder 已禁用
UnityEngine.DebugLogHandler:Internal_Log(LogType, LogOption, String, Object)
UnityEngine.Logger:Log(LogType, Object)
UnityEngine.Debug:Log(Object)
BirdGame.FullScreenUtility:FullscreenMode() (at E:/Unity/Projects/Work/FeatherLandNew/Assets/Scripts/New/Utility/FullScreenUtility.cs:672)
BirdGame.GameEntry:SetScreenMode(Int32, Boolean) (at E:/Unity/Projects/Work/FeatherLandNew/Assets/Scripts/New/ViewController/Game/GameEntry.cs:135)
BirdGame.GameEntry:HandleKeyboardShortcuts() (at E:/Unity/Projects/Work/FeatherLandNew/Assets/Scripts/New/ViewController/Game/GameEntry.cs:562)
BirdGame.GameEntry:Update() (at E:/Unity/Projects/Work/FeatherLandNew/Assets/Scripts/New/ViewController/Game/GameEntry.cs:172)

[ActivateWindow] 结果 - Foreground: True, BringToTop: True, Focus: True
UnityEngine.DebugLogHandler:Internal_Log(LogType, LogOption, String, Object)
UnityEngine.Logger:Log(LogType, Object)
UnityEngine.Debug:Log(Object)
BirdGame.FullScreenUtility:ActivateWindow() (at E:/Unity/Projects/Work/FeatherLandNew/Assets/Scripts/New/Utility/FullScreenUtility.cs:307)
BirdGame.GameEntry:SetScreenMode(Int32, Boolean) (at E:/Unity/Projects/Work/FeatherLandNew/Assets/Scripts/New/ViewController/Game/GameEntry.cs:135)
BirdGame.GameEntry:HandleKeyboardShortcuts() (at E:/Unity/Projects/Work/FeatherLandNew/Assets/Scripts/New/ViewController/Game/GameEntry.cs:562)
BirdGame.GameEntry:Update() (at E:/Unity/Projects/Work/FeatherLandNew/Assets/Scripts/New/ViewController/Game/GameEntry.cs:172)

壁纸模式切换失败，已回退到全屏模式 (45 FPS)
UnityEngine.DebugLogHandler:Internal_Log(LogType, LogOption, String, Object)
UnityEngine.Logger:Log(LogType, Object)
UnityEngine.Debug:LogWarning(Object)
BirdGame.GameEntry:SetScreenMode(Int32, Boolean) (at E:/Unity/Projects/Work/FeatherLandNew/Assets/Scripts/New/ViewController/Game/GameEntry.cs:137)
BirdGame.GameEntry:HandleKeyboardShortcuts() (at E:/Unity/Projects/Work/FeatherLandNew/Assets/Scripts/New/ViewController/Game/GameEntry.cs:562)
BirdGame.GameEntry:Update() (at E:/Unity/Projects/Work/FeatherLandNew/Assets/Scripts/New/ViewController/Game/GameEntry.cs:172)

[SettingButton] 鼠标在按钮区域内: (-19.79, -24.68), 按钮区域: (x:-24.25, y:-24.75, width:48.50, height:49.50)
UnityEngine.DebugLogHandler:Internal_Log(LogType, LogOption, String, Object)
UnityEngine.Logger:Log(LogType, Object)
UnityEngine.Debug:Log(Object)
UIButtonHoverScale:IsMouseOverButton() (at E:/Unity/Projects/Work/FeatherLandNew/Assets/Scripts/UIButtonHoverScale.cs:458)
UIButtonHoverScale:Update() (at E:/Unity/Projects/Work/FeatherLandNew/Assets/Scripts/UIButtonHoverScale.cs:236)

[SettingButton] 鼠标在按钮区域内: (-17.08, -21.52), 按钮区域: (x:-24.25, y:-24.75, width:48.50, height:49.50)
UnityEngine.DebugLogHandler:Internal_Log(LogType, LogOption, String, Object)
UnityEngine.Logger:Log(LogType, Object)
UnityEngine.Debug:Log(Object)
UIButtonHoverScale:IsMouseOverButton() (at E:/Unity/Projects/Work/FeatherLandNew/Assets/Scripts/UIButtonHoverScale.cs:458)
UIButtonHoverScale:Update() (at E:/Unity/Projects/Work/FeatherLandNew/Assets/Scripts/UIButtonHoverScale.cs:236)

[SettingButton] 鼠标在按钮区域内: (-13.41, -18.77), 按钮区域: (x:-24.25, y:-24.75, width:48.50, height:49.50)
UnityEngine.DebugLogHandler:Internal_Log(LogType, LogOption, String, Object)
UnityEngine.Logger:Log(LogType, Object)
UnityEngine.Debug:Log(Object)
UIButtonHoverScale:IsMouseOverButton() (at E:/Unity/Projects/Work/FeatherLandNew/Assets/Scripts/UIButtonHoverScale.cs:458)
UIButtonHoverScale:Update() (at E:/Unity/Projects/Work/FeatherLandNew/Assets/Scripts/UIButtonHoverScale.cs:236)

[SettingButton] 鼠标在按钮区域内: (-13.41, -18.77), 按钮区域: (x:-24.25, y:-24.75, width:48.50, height:49.50)
UnityEngine.DebugLogHandler:Internal_Log(LogType, LogOption, String, Object)
UnityEngine.Logger:Log(LogType, Object)
UnityEngine.Debug:Log(Object)
UIButtonHoverScale:IsMouseOverButton() (at E:/Unity/Projects/Work/FeatherLandNew/Assets/Scripts/UIButtonHoverScale.cs:458)
UIButtonHoverScale:Update() (at E:/Unity/Projects/Work/FeatherLandNew/Assets/Scripts/UIButtonHoverScale.cs:236)

[SettingButton] 鼠标在按钮区域内: (-12.49, -17.85), 按钮区域: (x:-24.25, y:-24.75, width:48.50, height:49.50)
UnityEngine.DebugLogHandler:Internal_Log(LogType, LogOption, String, Object)
UnityEngine.Logger:Log(LogType, Object)
UnityEngine.Debug:Log(Object)
UIButtonHoverScale:IsMouseOverButton() (at E:/Unity/Projects/Work/FeatherLandNew/Assets/Scripts/UIButtonHoverScale.cs:458)
UIButtonHoverScale:Update() (at E:/Unity/Projects/Work/FeatherLandNew/Assets/Scripts/UIButtonHoverScale.cs:236)

[SettingButton] 鼠标在按钮区域内: (-11.58, -16.94), 按钮区域: (x:-24.25, y:-24.75, width:48.50, height:49.50)
UnityEngine.DebugLogHandler:Internal_Log(LogType, LogOption, String, Object)
UnityEngine.Logger:Log(LogType, Object)
UnityEngine.Debug:Log(Object)
UIButtonHoverScale:IsMouseOverButton() (at E:/Unity/Projects/Work/FeatherLandNew/Assets/Scripts/UIButtonHoverScale.cs:458)
UIButtonHoverScale:Update() (at E:/Unity/Projects/Work/FeatherLandNew/Assets/Scripts/UIButtonHoverScale.cs:236)

[SettingButton] 鼠标在按钮区域内: (-10.66, -16.94), 按钮区域: (x:-24.25, y:-24.75, width:48.50, height:49.50)
UnityEngine.DebugLogHandler:Internal_Log(LogType, LogOption, String, Object)
UnityEngine.Logger:Log(LogType, Object)
UnityEngine.Debug:Log(Object)
UIButtonHoverScale:IsMouseOverButton() (at E:/Unity/Projects/Work/FeatherLandNew/Assets/Scripts/UIButtonHoverScale.cs:458)
UIButtonHoverScale:Update() (at E:/Unity/Projects/Work/FeatherLandNew/Assets/Scripts/UIButtonHoverScale.cs:236)

[SettingButton] 鼠标在按钮区域内: (-9.74, -16.02), 按钮区域: (x:-24.25, y:-24.75, width:48.50, height:49.50)
UnityEngine.DebugLogHandler:Internal_Log(LogType, LogOption, String, Object)
UnityEngine.Logger:Log(LogType, Object)
UnityEngine.Debug:Log(Object)
UIButtonHoverScale:IsMouseOverButton() (at E:/Unity/Projects/Work/FeatherLandNew/Assets/Scripts/UIButtonHoverScale.cs:458)
UIButtonHoverScale:Update() (at E:/Unity/Projects/Work/FeatherLandNew/Assets/Scripts/UIButtonHoverScale.cs:236)

[SettingButton] 鼠标在按钮区域内: (-8.83, -16.02), 按钮区域: (x:-24.25, y:-24.75, width:48.50, height:49.50)
UnityEngine.DebugLogHandler:Internal_Log(LogType, LogOption, String, Object)
UnityEngine.Logger:Log(LogType, Object)
UnityEngine.Debug:Log(Object)
UIButtonHoverScale:IsMouseOverButton() (at E:/Unity/Projects/Work/FeatherLandNew/Assets/Scripts/UIButtonHoverScale.cs:458)
UIButtonHoverScale:Update() (at E:/Unity/Projects/Work/FeatherLandNew/Assets/Scripts/UIButtonHoverScale.cs:236)

[SettingButton] 鼠标在按钮区域内: (-8.83, -16.02), 按钮区域: (x:-24.25, y:-24.75, width:48.50, height:49.50)
UnityEngine.DebugLogHandler:Internal_Log(LogType, LogOption, String, Object)
UnityEngine.Logger:Log(LogType, Object)
UnityEngine.Debug:Log(Object)
UIButtonHoverScale:IsMouseOverButton() (at E:/Unity/Projects/Work/FeatherLandNew/Assets/Scripts/UIButtonHoverScale.cs:458)
UIButtonHoverScale:Update() (at E:/Unity/Projects/Work/FeatherLandNew/Assets/Scripts/UIButtonHoverScale.cs:236)

[SettingButton] 鼠标在按钮区域内: (-8.83, -16.02), 按钮区域: (x:-24.25, y:-24.75, width:48.50, height:49.50)
UnityEngine.DebugLogHandler:Internal_Log(LogType, LogOption, String, Object)
UnityEngine.Logger:Log(LogType, Object)
UnityEngine.Debug:Log(Object)
UIButtonHoverScale:IsMouseOverButton() (at E:/Unity/Projects/Work/FeatherLandNew/Assets/Scripts/UIButtonHoverScale.cs:458)
UIButtonHoverScale:Update() (at E:/Unity/Projects/Work/FeatherLandNew/Assets/Scripts/UIButtonHoverScale.cs:236)

[SettingButton] 鼠标在按钮区域内: (-7.91, -15.10), 按钮区域: (x:-24.25, y:-24.75, width:48.50, height:49.50)
UnityEngine.DebugLogHandler:Internal_Log(LogType, LogOption, String, Object)
UnityEngine.Logger:Log(LogType, Object)
UnityEngine.Debug:Log(Object)
UIButtonHoverScale:IsMouseOverButton() (at E:/Unity/Projects/Work/FeatherLandNew/Assets/Scripts/UIButtonHoverScale.cs:458)
UIButtonHoverScale:Update() (at E:/Unity/Projects/Work/FeatherLandNew/Assets/Scripts/UIButtonHoverScale.cs:236)

[SettingButton] 鼠标在按钮区域内: (-7.91, -15.10), 按钮区域: (x:-24.25, y:-24.75, width:48.50, height:49.50)
UnityEngine.DebugLogHandler:Internal_Log(LogType, LogOption, String, Object)
UnityEngine.Logger:Log(LogType, Object)
UnityEngine.Debug:Log(Object)
UIButtonHoverScale:IsMouseOverButton() (at E:/Unity/Projects/Work/FeatherLandNew/Assets/Scripts/UIButtonHoverScale.cs:458)
UIButtonHoverScale:Update() (at E:/Unity/Projects/Work/FeatherLandNew/Assets/Scripts/UIButtonHoverScale.cs:236)

[SettingButton] 鼠标在按钮区域内: (-7.91, -15.10), 按钮区域: (x:-24.25, y:-24.75, width:48.50, height:49.50)
UnityEngine.DebugLogHandler:Internal_Log(LogType, LogOption, String, Object)
UnityEngine.Logger:Log(LogType, Object)
UnityEngine.Debug:Log(Object)
UIButtonHoverScale:IsMouseOverButton() (at E:/Unity/Projects/Work/FeatherLandNew/Assets/Scripts/UIButtonHoverScale.cs:458)
UIButtonHoverScale:Update() (at E:/Unity/Projects/Work/FeatherLandNew/Assets/Scripts/UIButtonHoverScale.cs:236)

[SettingButton] 鼠标在按钮区域内: (-7.91, -15.10), 按钮区域: (x:-24.25, y:-24.75, width:48.50, height:49.50)
UnityEngine.DebugLogHandler:Internal_Log(LogType, LogOption, String, Object)
UnityEngine.Logger:Log(LogType, Object)
UnityEngine.Debug:Log(Object)
UIButtonHoverScale:IsMouseOverButton() (at E:/Unity/Projects/Work/FeatherLandNew/Assets/Scripts/UIButtonHoverScale.cs:458)
UIButtonHoverScale:Update() (at E:/Unity/Projects/Work/FeatherLandNew/Assets/Scripts/UIButtonHoverScale.cs:236)

[SettingButton] 鼠标在按钮区域内: (-7.91, -15.10), 按钮区域: (x:-24.25, y:-24.75, width:48.50, height:49.50)
UnityEngine.DebugLogHandler:Internal_Log(LogType, LogOption, String, Object)
UnityEngine.Logger:Log(LogType, Object)
UnityEngine.Debug:Log(Object)
UIButtonHoverScale:IsMouseOverButton() (at E:/Unity/Projects/Work/FeatherLandNew/Assets/Scripts/UIButtonHoverScale.cs:458)
UIButtonHoverScale:Update() (at E:/Unity/Projects/Work/FeatherLandNew/Assets/Scripts/UIButtonHoverScale.cs:236)

[SettingButton] 鼠标在按钮区域内: (-8.83, -16.02), 按钮区域: (x:-24.25, y:-24.75, width:48.50, height:49.50)
UnityEngine.DebugLogHandler:Internal_Log(LogType, LogOption, String, Object)
UnityEngine.Logger:Log(LogType, Object)
UnityEngine.Debug:Log(Object)
UIButtonHoverScale:IsMouseOverButton() (at E:/Unity/Projects/Work/FeatherLandNew/Assets/Scripts/UIButtonHoverScale.cs:458)
UIButtonHoverScale:Update() (at E:/Unity/Projects/Work/FeatherLandNew/Assets/Scripts/UIButtonHoverScale.cs:236)

[SettingButton] 鼠标在按钮区域内: (-10.66, -17.85), 按钮区域: (x:-24.25, y:-24.75, width:48.50, height:49.50)
UnityEngine.DebugLogHandler:Internal_Log(LogType, LogOption, String, Object)
UnityEngine.Logger:Log(LogType, Object)
UnityEngine.Debug:Log(Object)
UIButtonHoverScale:IsMouseOverButton() (at E:/Unity/Projects/Work/FeatherLandNew/Assets/Scripts/UIButtonHoverScale.cs:458)
UIButtonHoverScale:Update() (at E:/Unity/Projects/Work/FeatherLandNew/Assets/Scripts/UIButtonHoverScale.cs:236)

[SettingButton] 鼠标在按钮区域内: (-12.49, -20.60), 按钮区域: (x:-24.25, y:-24.75, width:48.50, height:49.50)
UnityEngine.DebugLogHandler:Internal_Log(LogType, LogOption, String, Object)
UnityEngine.Logger:Log(LogType, Object)
UnityEngine.Debug:Log(Object)
UIButtonHoverScale:IsMouseOverButton() (at E:/Unity/Projects/Work/FeatherLandNew/Assets/Scripts/UIButtonHoverScale.cs:458)
UIButtonHoverScale:Update() (at E:/Unity/Projects/Work/FeatherLandNew/Assets/Scripts/UIButtonHoverScale.cs:236)

[SettingButton] 鼠标在按钮区域内: (-15.24, -23.35), 按钮区域: (x:-24.25, y:-24.75, width:48.50, height:49.50)
UnityEngine.DebugLogHandler:Internal_Log(LogType, LogOption, String, Object)
UnityEngine.Logger:Log(LogType, Object)
UnityEngine.Debug:Log(Object)
UIButtonHoverScale:IsMouseOverButton() (at E:/Unity/Projects/Work/FeatherLandNew/Assets/Scripts/UIButtonHoverScale.cs:458)
UIButtonHoverScale:Update() (at E:/Unity/Projects/Work/FeatherLandNew/Assets/Scripts/UIButtonHoverScale.cs:236)

[SettingButton] 鼠标在按钮区域内: (-8.70, 23.74), 按钮区域: (x:-24.25, y:-24.75, width:48.50, height:49.50)
UnityEngine.DebugLogHandler:Internal_Log(LogType, LogOption, String, Object)
UnityEngine.Logger:Log(LogType, Object)
UnityEngine.Debug:Log(Object)
UIButtonHoverScale:IsMouseOverButton() (at E:/Unity/Projects/Work/FeatherLandNew/Assets/Scripts/UIButtonHoverScale.cs:458)
UIButtonHoverScale:Update() (at E:/Unity/Projects/Work/FeatherLandNew/Assets/Scripts/UIButtonHoverScale.cs:236)

[SettingButton] 鼠标在按钮区域内: (-7.91, 21.58), 按钮区域: (x:-24.25, y:-24.75, width:48.50, height:49.50)
UnityEngine.DebugLogHandler:Internal_Log(LogType, LogOption, String, Object)
UnityEngine.Logger:Log(LogType, Object)
UnityEngine.Debug:Log(Object)
UIButtonHoverScale:IsMouseOverButton() (at E:/Unity/Projects/Work/FeatherLandNew/Assets/Scripts/UIButtonHoverScale.cs:458)
UIButtonHoverScale:Update() (at E:/Unity/Projects/Work/FeatherLandNew/Assets/Scripts/UIButtonHoverScale.cs:236)

[SettingButton] 鼠标在按钮区域内: (-6.07, 18.83), 按钮区域: (x:-24.25, y:-24.75, width:48.50, height:49.50)
UnityEngine.DebugLogHandler:Internal_Log(LogType, LogOption, String, Object)
UnityEngine.Logger:Log(LogType, Object)
UnityEngine.Debug:Log(Object)
UIButtonHoverScale:IsMouseOverButton() (at E:/Unity/Projects/Work/FeatherLandNew/Assets/Scripts/UIButtonHoverScale.cs:458)
UIButtonHoverScale:Update() (at E:/Unity/Projects/Work/FeatherLandNew/Assets/Scripts/UIButtonHoverScale.cs:236)

[SettingButton] 鼠标在按钮区域内: (-6.07, 17.91), 按钮区域: (x:-24.25, y:-24.75, width:48.50, height:49.50)
UnityEngine.DebugLogHandler:Internal_Log(LogType, LogOption, String, Object)
UnityEngine.Logger:Log(LogType, Object)
UnityEngine.Debug:Log(Object)
UIButtonHoverScale:IsMouseOverButton() (at E:/Unity/Projects/Work/FeatherLandNew/Assets/Scripts/UIButtonHoverScale.cs:458)
UIButtonHoverScale:Update() (at E:/Unity/Projects/Work/FeatherLandNew/Assets/Scripts/UIButtonHoverScale.cs:236)

[SettingButton] 鼠标在按钮区域内: (-5.16, 17.91), 按钮区域: (x:-24.25, y:-24.75, width:48.50, height:49.50)
UnityEngine.DebugLogHandler:Internal_Log(LogType, LogOption, String, Object)
UnityEngine.Logger:Log(LogType, Object)
UnityEngine.Debug:Log(Object)
UIButtonHoverScale:IsMouseOverButton() (at E:/Unity/Projects/Work/FeatherLandNew/Assets/Scripts/UIButtonHoverScale.cs:458)
UIButtonHoverScale:Update() (at E:/Unity/Projects/Work/FeatherLandNew/Assets/Scripts/UIButtonHoverScale.cs:236)

[SettingButton] 鼠标在按钮区域内: (-5.16, 16.99), 按钮区域: (x:-24.25, y:-24.75, width:48.50, height:49.50)
UnityEngine.DebugLogHandler:Internal_Log(LogType, LogOption, String, Object)
UnityEngine.Logger:Log(LogType, Object)
UnityEngine.Debug:Log(Object)
UIButtonHoverScale:IsMouseOverButton() (at E:/Unity/Projects/Work/FeatherLandNew/Assets/Scripts/UIButtonHoverScale.cs:458)
UIButtonHoverScale:Update() (at E:/Unity/Projects/Work/FeatherLandNew/Assets/Scripts/UIButtonHoverScale.cs:236)

[SettingButton] 鼠标在按钮区域内: (-4.24, 16.08), 按钮区域: (x:-24.25, y:-24.75, width:48.50, height:49.50)
UnityEngine.DebugLogHandler:Internal_Log(LogType, LogOption, String, Object)
UnityEngine.Logger:Log(LogType, Object)
UnityEngine.Debug:Log(Object)
UIButtonHoverScale:IsMouseOverButton() (at E:/Unity/Projects/Work/FeatherLandNew/Assets/Scripts/UIButtonHoverScale.cs:458)
UIButtonHoverScale:Update() (at E:/Unity/Projects/Work/FeatherLandNew/Assets/Scripts/UIButtonHoverScale.cs:236)

[SettingButton] 鼠标在按钮区域内: (-4.24, 16.08), 按钮区域: (x:-24.25, y:-24.75, width:48.50, height:49.50)
UnityEngine.DebugLogHandler:Internal_Log(LogType, LogOption, String, Object)
UnityEngine.Logger:Log(LogType, Object)
UnityEngine.Debug:Log(Object)
UIButtonHoverScale:IsMouseOverButton() (at E:/Unity/Projects/Work/FeatherLandNew/Assets/Scripts/UIButtonHoverScale.cs:458)
UIButtonHoverScale:Update() (at E:/Unity/Projects/Work/FeatherLandNew/Assets/Scripts/UIButtonHoverScale.cs:236)

[SettingButton] 鼠标在按钮区域内: (-3.32, 16.08), 按钮区域: (x:-24.25, y:-24.75, width:48.50, height:49.50)
UnityEngine.DebugLogHandler:Internal_Log(LogType, LogOption, String, Object)
UnityEngine.Logger:Log(LogType, Object)
UnityEngine.Debug:Log(Object)
UIButtonHoverScale:IsMouseOverButton() (at E:/Unity/Projects/Work/FeatherLandNew/Assets/Scripts/UIButtonHoverScale.cs:458)
UIButtonHoverScale:Update() (at E:/Unity/Projects/Work/FeatherLandNew/Assets/Scripts/UIButtonHoverScale.cs:236)

[SettingButton] 鼠标在按钮区域内: (-2.41, 16.08), 按钮区域: (x:-24.25, y:-24.75, width:48.50, height:49.50)
UnityEngine.DebugLogHandler:Internal_Log(LogType, LogOption, String, Object)
UnityEngine.Logger:Log(LogType, Object)
UnityEngine.Debug:Log(Object)
UIButtonHoverScale:IsMouseOverButton() (at E:/Unity/Projects/Work/FeatherLandNew/Assets/Scripts/UIButtonHoverScale.cs:458)
UIButtonHoverScale:Update() (at E:/Unity/Projects/Work/FeatherLandNew/Assets/Scripts/UIButtonHoverScale.cs:236)

[SettingButton] 鼠标在按钮区域内: (-0.57, 16.08), 按钮区域: (x:-24.25, y:-24.75, width:48.50, height:49.50)
UnityEngine.DebugLogHandler:Internal_Log(LogType, LogOption, String, Object)
UnityEngine.Logger:Log(LogType, Object)
UnityEngine.Debug:Log(Object)
UIButtonHoverScale:IsMouseOverButton() (at E:/Unity/Projects/Work/FeatherLandNew/Assets/Scripts/UIButtonHoverScale.cs:458)
UIButtonHoverScale:Update() (at E:/Unity/Projects/Work/FeatherLandNew/Assets/Scripts/UIButtonHoverScale.cs:236)

[SettingButton] 鼠标在按钮区域内: (1.26, 16.08), 按钮区域: (x:-24.25, y:-24.75, width:48.50, height:49.50)
UnityEngine.DebugLogHandler:Internal_Log(LogType, LogOption, String, Object)
UnityEngine.Logger:Log(LogType, Object)
UnityEngine.Debug:Log(Object)
UIButtonHoverScale:IsMouseOverButton() (at E:/Unity/Projects/Work/FeatherLandNew/Assets/Scripts/UIButtonHoverScale.cs:458)
UIButtonHoverScale:Update() (at E:/Unity/Projects/Work/FeatherLandNew/Assets/Scripts/UIButtonHoverScale.cs:236)

[SettingButton] 鼠标在按钮区域内: (2.18, 16.08), 按钮区域: (x:-24.25, y:-24.75, width:48.50, height:49.50)
UnityEngine.DebugLogHandler:Internal_Log(LogType, LogOption, String, Object)
UnityEngine.Logger:Log(LogType, Object)
UnityEngine.Debug:Log(Object)
UIButtonHoverScale:IsMouseOverButton() (at E:/Unity/Projects/Work/FeatherLandNew/Assets/Scripts/UIButtonHoverScale.cs:458)
UIButtonHoverScale:Update() (at E:/Unity/Projects/Work/FeatherLandNew/Assets/Scripts/UIButtonHoverScale.cs:236)

[SettingButton] 鼠标在按钮区域内: (2.18, 16.08), 按钮区域: (x:-24.25, y:-24.75, width:48.50, height:49.50)
UnityEngine.DebugLogHandler:Internal_Log(LogType, LogOption, String, Object)
UnityEngine.Logger:Log(LogType, Object)
UnityEngine.Debug:Log(Object)
UIButtonHoverScale:IsMouseOverButton() (at E:/Unity/Projects/Work/FeatherLandNew/Assets/Scripts/UIButtonHoverScale.cs:458)
UIButtonHoverScale:Update() (at E:/Unity/Projects/Work/FeatherLandNew/Assets/Scripts/UIButtonHoverScale.cs:236)

[SettingButton] 鼠标在按钮区域内: (2.18, 16.08), 按钮区域: (x:-24.25, y:-24.75, width:48.50, height:49.50)
UnityEngine.DebugLogHandler:Internal_Log(LogType, LogOption, String, Object)
UnityEngine.Logger:Log(LogType, Object)
UnityEngine.Debug:Log(Object)
UIButtonHoverScale:IsMouseOverButton() (at E:/Unity/Projects/Work/FeatherLandNew/Assets/Scripts/UIButtonHoverScale.cs:458)
UIButtonHoverScale:Update() (at E:/Unity/Projects/Work/FeatherLandNew/Assets/Scripts/UIButtonHoverScale.cs:236)

[SettingButton] 鼠标在按钮区域内: (2.18, 16.08), 按钮区域: (x:-24.25, y:-24.75, width:48.50, height:49.50)
UnityEngine.DebugLogHandler:Internal_Log(LogType, LogOption, String, Object)
UnityEngine.Logger:Log(LogType, Object)
UnityEngine.Debug:Log(Object)
UIButtonHoverScale:IsMouseOverButton() (at E:/Unity/Projects/Work/FeatherLandNew/Assets/Scripts/UIButtonHoverScale.cs:458)
UIButtonHoverScale:Update() (at E:/Unity/Projects/Work/FeatherLandNew/Assets/Scripts/UIButtonHoverScale.cs:236)

[SettingButton] 鼠标在按钮区域内: (2.18, 16.08), 按钮区域: (x:-24.25, y:-24.75, width:48.50, height:49.50)
UnityEngine.DebugLogHandler:Internal_Log(LogType, LogOption, String, Object)
UnityEngine.Logger:Log(LogType, Object)
UnityEngine.Debug:Log(Object)
UIButtonHoverScale:IsMouseOverButton() (at E:/Unity/Projects/Work/FeatherLandNew/Assets/Scripts/UIButtonHoverScale.cs:458)
UIButtonHoverScale:Update() (at E:/Unity/Projects/Work/FeatherLandNew/Assets/Scripts/UIButtonHoverScale.cs:236)

[SettingButton] 鼠标在按钮区域内: (3.09, 15.16), 按钮区域: (x:-24.25, y:-24.75, width:48.50, height:49.50)
UnityEngine.DebugLogHandler:Internal_Log(LogType, LogOption, String, Object)
UnityEngine.Logger:Log(LogType, Object)
UnityEngine.Debug:Log(Object)
UIButtonHoverScale:IsMouseOverButton() (at E:/Unity/Projects/Work/FeatherLandNew/Assets/Scripts/UIButtonHoverScale.cs:458)
UIButtonHoverScale:Update() (at E:/Unity/Projects/Work/FeatherLandNew/Assets/Scripts/UIButtonHoverScale.cs:236)

[SettingButton] 鼠标在按钮区域内: (4.01, 13.32), 按钮区域: (x:-24.25, y:-24.75, width:48.50, height:49.50)
UnityEngine.DebugLogHandler:Internal_Log(LogType, LogOption, String, Object)
UnityEngine.Logger:Log(LogType, Object)
UnityEngine.Debug:Log(Object)
UIButtonHoverScale:IsMouseOverButton() (at E:/Unity/Projects/Work/FeatherLandNew/Assets/Scripts/UIButtonHoverScale.cs:458)
UIButtonHoverScale:Update() (at E:/Unity/Projects/Work/FeatherLandNew/Assets/Scripts/UIButtonHoverScale.cs:236)

[SettingButton] 鼠标在按钮区域内: (4.93, 8.74), 按钮区域: (x:-24.25, y:-24.75, width:48.50, height:49.50)
UnityEngine.DebugLogHandler:Internal_Log(LogType, LogOption, String, Object)
UnityEngine.Logger:Log(LogType, Object)
UnityEngine.Debug:Log(Object)
UIButtonHoverScale:IsMouseOverButton() (at E:/Unity/Projects/Work/FeatherLandNew/Assets/Scripts/UIButtonHoverScale.cs:458)
UIButtonHoverScale:Update() (at E:/Unity/Projects/Work/FeatherLandNew/Assets/Scripts/UIButtonHoverScale.cs:236)

[SettingButton] 鼠标在按钮区域内: (4.93, 7.82), 按钮区域: (x:-24.25, y:-24.75, width:48.50, height:49.50)
UnityEngine.DebugLogHandler:Internal_Log(LogType, LogOption, String, Object)
UnityEngine.Logger:Log(LogType, Object)
UnityEngine.Debug:Log(Object)
UIButtonHoverScale:IsMouseOverButton() (at E:/Unity/Projects/Work/FeatherLandNew/Assets/Scripts/UIButtonHoverScale.cs:458)
UIButtonHoverScale:Update() (at E:/Unity/Projects/Work/FeatherLandNew/Assets/Scripts/UIButtonHoverScale.cs:236)

[SettingButton] 鼠标点击检测到，触发onClick事件
UnityEngine.DebugLogHandler:Internal_Log(LogType, LogOption, String, Object)
UnityEngine.Logger:Log(LogType, Object)
UnityEngine.Debug:Log(Object)
UIButtonHoverScale:Update() (at E:/Unity/Projects/Work/FeatherLandNew/Assets/Scripts/UIButtonHoverScale.cs:276)

[SettingButton] 鼠标在按钮区域内: (4.93, 7.82), 按钮区域: (x:-24.25, y:-24.75, width:48.50, height:49.50)
UnityEngine.DebugLogHandler:Internal_Log(LogType, LogOption, String, Object)
UnityEngine.Logger:Log(LogType, Object)
UnityEngine.Debug:Log(Object)
UIButtonHoverScale:IsMouseOverButton() (at E:/Unity/Projects/Work/FeatherLandNew/Assets/Scripts/UIButtonHoverScale.cs:458)
UIButtonHoverScale:Update() (at E:/Unity/Projects/Work/FeatherLandNew/Assets/Scripts/UIButtonHoverScale.cs:236)

[SettingButton] 鼠标在按钮区域内: (4.93, 7.82), 按钮区域: (x:-24.25, y:-24.75, width:48.50, height:49.50)
UnityEngine.DebugLogHandler:Internal_Log(LogType, LogOption, String, Object)
UnityEngine.Logger:Log(LogType, Object)
UnityEngine.Debug:Log(Object)
UIButtonHoverScale:IsMouseOverButton() (at E:/Unity/Projects/Work/FeatherLandNew/Assets/Scripts/UIButtonHoverScale.cs:458)
UIButtonHoverScale:Update() (at E:/Unity/Projects/Work/FeatherLandNew/Assets/Scripts/UIButtonHoverScale.cs:236)

[SettingButton] 鼠标在按钮区域内: (4.93, 6.91), 按钮区域: (x:-24.25, y:-24.75, width:48.50, height:49.50)
UnityEngine.DebugLogHandler:Internal_Log(LogType, LogOption, String, Object)
UnityEngine.Logger:Log(LogType, Object)
UnityEngine.Debug:Log(Object)
UIButtonHoverScale:IsMouseOverButton() (at E:/Unity/Projects/Work/FeatherLandNew/Assets/Scripts/UIButtonHoverScale.cs:458)
UIButtonHoverScale:Update() (at E:/Unity/Projects/Work/FeatherLandNew/Assets/Scripts/UIButtonHoverScale.cs:236)

[SettingButton] 鼠标在按钮区域内: (4.93, 6.91), 按钮区域: (x:-24.25, y:-24.75, width:48.50, height:49.50)
UnityEngine.DebugLogHandler:Internal_Log(LogType, LogOption, String, Object)
UnityEngine.Logger:Log(LogType, Object)
UnityEngine.Debug:Log(Object)
UIButtonHoverScale:IsMouseOverButton() (at E:/Unity/Projects/Work/FeatherLandNew/Assets/Scripts/UIButtonHoverScale.cs:458)
UIButtonHoverScale:Update() (at E:/Unity/Projects/Work/FeatherLandNew/Assets/Scripts/UIButtonHoverScale.cs:236)

[SettingButton] 鼠标在按钮区域内: (4.93, 6.91), 按钮区域: (x:-24.25, y:-24.75, width:48.50, height:49.50)
UnityEngine.DebugLogHandler:Internal_Log(LogType, LogOption, String, Object)
UnityEngine.Logger:Log(LogType, Object)
UnityEngine.Debug:Log(Object)
UIButtonHoverScale:IsMouseOverButton() (at E:/Unity/Projects/Work/FeatherLandNew/Assets/Scripts/UIButtonHoverScale.cs:458)
UIButtonHoverScale:Update() (at E:/Unity/Projects/Work/FeatherLandNew/Assets/Scripts/UIButtonHoverScale.cs:236)

[SettingButton] 鼠标在按钮区域内: (4.93, 6.91), 按钮区域: (x:-24.25, y:-24.75, width:48.50, height:49.50)
UnityEngine.DebugLogHandler:Internal_Log(LogType, LogOption, String, Object)
UnityEngine.Logger:Log(LogType, Object)
UnityEngine.Debug:Log(Object)
UIButtonHoverScale:IsMouseOverButton() (at E:/Unity/Projects/Work/FeatherLandNew/Assets/Scripts/UIButtonHoverScale.cs:458)
UIButtonHoverScale:Update() (at E:/Unity/Projects/Work/FeatherLandNew/Assets/Scripts/UIButtonHoverScale.cs:236)

[SettingButton] 鼠标在按钮区域内: (4.93, 6.91), 按钮区域: (x:-24.25, y:-24.75, width:48.50, height:49.50)
UnityEngine.DebugLogHandler:Internal_Log(LogType, LogOption, String, Object)
UnityEngine.Logger:Log(LogType, Object)
UnityEngine.Debug:Log(Object)
UIButtonHoverScale:IsMouseOverButton() (at E:/Unity/Projects/Work/FeatherLandNew/Assets/Scripts/UIButtonHoverScale.cs:458)
UIButtonHoverScale:Update() (at E:/Unity/Projects/Work/FeatherLandNew/Assets/Scripts/UIButtonHoverScale.cs:236)

不存在ShopPopup，无法关闭！
UnityEngine.DebugLogHandler:Internal_Log(LogType, LogOption, String, Object)
UnityEngine.Logger:Log(LogType, Object)
UnityEngine.Debug:Log(Object)
BirdGame.UISystem:HidePopup(UIPopup) (at E:/Unity/Projects/Work/FeatherLandNew/Assets/Scripts/New/Systems/IUISystem.cs:229)
BirdGame.<>c__DisplayClass35_0:<Start>b__4(Boolean) (at E:/Unity/Projects/Work/FeatherLandNew/Assets/Scripts/New/ViewController/UI/Panels/MenuPanel.cs:152)
UnityEngine.Timeline.IntervalTree`1:get_dirty() (at ./Library/PackageCache/com.unity.timeline@6b9e48457ddb/Runtime/Evaluation/IntervalTree.cs:40)
Cysharp.Threading.Tasks.UniTask`1:ToString() (at E:/Unity/Projects/Work/FeatherLandNew/Assets/Plugins/UniTask/Runtime/UniTask.cs:481)
UnityEngine.UI.Toggle:Set(Boolean, Boolean) (at ./Library/PackageCache/com.unity.ugui@aa507f3228f0/Runtime/UGUI/UI/Core/Toggle.cs:284)
Unity.Collections.LowLevel.Unsafe.UnsafeText:get_Length() (at ./Library/PackageCache/com.unity.collections@56bff8827a7e/Unity.Collections/UnsafeText.cs:210)
UnityEngine.InputSystem.UI.InputSystemUIInputModule:ProcessPointerButton(ButtonState&, PointerEventData) (at ./Library/PackageCache/com.unity.inputsystem@be6c4fd0abf5/InputSystem/Plugins/UI/InputSystemUIInputModule.cs:744)
UnityEngine.InputSystem.UI.InputSystemUIInputModule:ProcessPointer(PointerModel&) (at ./Library/PackageCache/com.unity.inputsystem@be6c4fd0abf5/InputSystem/Plugins/UI/InputSystemUIInputModule.cs:489)
UnityEngine.InputSystem.UI.InputSystemUIInputModule:Process() (at ./Library/PackageCache/com.unity.inputsystem@be6c4fd0abf5/InputSystem/Plugins/UI/InputSystemUIInputModule.cs:2438)
UnityEngine.EventSystems.EventSystem:Update() (at ./Library/PackageCache/com.unity.ugui@aa507f3228f0/Runtime/UGUI/EventSystem/EventSystem.cs:530)

不存在IllustratedPopup，无法关闭！
UnityEngine.DebugLogHandler:Internal_Log(LogType, LogOption, String, Object)
UnityEngine.Logger:Log(LogType, Object)
UnityEngine.Debug:Log(Object)
BirdGame.UISystem:HidePopup(UIPopup) (at E:/Unity/Projects/Work/FeatherLandNew/Assets/Scripts/New/Systems/IUISystem.cs:229)
BirdGame.<>c__DisplayClass35_0:<Start>b__4(Boolean) (at E:/Unity/Projects/Work/FeatherLandNew/Assets/Scripts/New/ViewController/UI/Panels/MenuPanel.cs:153)
UnityEngine.Timeline.IntervalTree`1:get_dirty() (at ./Library/PackageCache/com.unity.timeline@6b9e48457ddb/Runtime/Evaluation/IntervalTree.cs:40)
Cysharp.Threading.Tasks.UniTask`1:ToString() (at E:/Unity/Projects/Work/FeatherLandNew/Assets/Plugins/UniTask/Runtime/UniTask.cs:481)
UnityEngine.UI.Toggle:Set(Boolean, Boolean) (at ./Library/PackageCache/com.unity.ugui@aa507f3228f0/Runtime/UGUI/UI/Core/Toggle.cs:284)
Unity.Collections.LowLevel.Unsafe.UnsafeText:get_Length() (at ./Library/PackageCache/com.unity.collections@56bff8827a7e/Unity.Collections/UnsafeText.cs:210)
UnityEngine.InputSystem.UI.InputSystemUIInputModule:ProcessPointerButton(ButtonState&, PointerEventData) (at ./Library/PackageCache/com.unity.inputsystem@be6c4fd0abf5/InputSystem/Plugins/UI/InputSystemUIInputModule.cs:744)
UnityEngine.InputSystem.UI.InputSystemUIInputModule:ProcessPointer(PointerModel&) (at ./Library/PackageCache/com.unity.inputsystem@be6c4fd0abf5/InputSystem/Plugins/UI/InputSystemUIInputModule.cs:489)
UnityEngine.InputSystem.UI.InputSystemUIInputModule:Process() (at ./Library/PackageCache/com.unity.inputsystem@be6c4fd0abf5/InputSystem/Plugins/UI/InputSystemUIInputModule.cs:2438)
UnityEngine.EventSystems.EventSystem:Update() (at ./Library/PackageCache/com.unity.ugui@aa507f3228f0/Runtime/UGUI/EventSystem/EventSystem.cs:530)

不存在MapPopup，无法关闭！
UnityEngine.DebugLogHandler:Internal_Log(LogType, LogOption, String, Object)
UnityEngine.Logger:Log(LogType, Object)
UnityEngine.Debug:Log(Object)
BirdGame.UISystem:HidePopup(UIPopup) (at E:/Unity/Projects/Work/FeatherLandNew/Assets/Scripts/New/Systems/IUISystem.cs:229)
BirdGame.<>c__DisplayClass35_0:<Start>b__4(Boolean) (at E:/Unity/Projects/Work/FeatherLandNew/Assets/Scripts/New/ViewController/UI/Panels/MenuPanel.cs:154)
UnityEngine.Timeline.IntervalTree`1:get_dirty() (at ./Library/PackageCache/com.unity.timeline@6b9e48457ddb/Runtime/Evaluation/IntervalTree.cs:40)
Cysharp.Threading.Tasks.UniTask`1:ToString() (at E:/Unity/Projects/Work/FeatherLandNew/Assets/Plugins/UniTask/Runtime/UniTask.cs:481)
UnityEngine.UI.Toggle:Set(Boolean, Boolean) (at ./Library/PackageCache/com.unity.ugui@aa507f3228f0/Runtime/UGUI/UI/Core/Toggle.cs:284)
Unity.Collections.LowLevel.Unsafe.UnsafeText:get_Length() (at ./Library/PackageCache/com.unity.collections@56bff8827a7e/Unity.Collections/UnsafeText.cs:210)
UnityEngine.InputSystem.UI.InputSystemUIInputModule:ProcessPointerButton(ButtonState&, PointerEventData) (at ./Library/PackageCache/com.unity.inputsystem@be6c4fd0abf5/InputSystem/Plugins/UI/InputSystemUIInputModule.cs:744)
UnityEngine.InputSystem.UI.InputSystemUIInputModule:ProcessPointer(PointerModel&) (at ./Library/PackageCache/com.unity.inputsystem@be6c4fd0abf5/InputSystem/Plugins/UI/InputSystemUIInputModule.cs:489)
UnityEngine.InputSystem.UI.InputSystemUIInputModule:Process() (at ./Library/PackageCache/com.unity.inputsystem@be6c4fd0abf5/InputSystem/Plugins/UI/InputSystemUIInputModule.cs:2438)
UnityEngine.EventSystems.EventSystem:Update() (at ./Library/PackageCache/com.unity.ugui@aa507f3228f0/Runtime/UGUI/EventSystem/EventSystem.cs:530)

不存在TutorialPopup，无法关闭！
UnityEngine.DebugLogHandler:Internal_Log(LogType, LogOption, String, Object)
UnityEngine.Logger:Log(LogType, Object)
UnityEngine.Debug:Log(Object)
BirdGame.UISystem:HidePopup(UIPopup) (at E:/Unity/Projects/Work/FeatherLandNew/Assets/Scripts/New/Systems/IUISystem.cs:229)
BirdGame.<>c__DisplayClass35_0:<Start>b__4(Boolean) (at E:/Unity/Projects/Work/FeatherLandNew/Assets/Scripts/New/ViewController/UI/Panels/MenuPanel.cs:155)
UnityEngine.Timeline.IntervalTree`1:get_dirty() (at ./Library/PackageCache/com.unity.timeline@6b9e48457ddb/Runtime/Evaluation/IntervalTree.cs:40)
Cysharp.Threading.Tasks.UniTask`1:ToString() (at E:/Unity/Projects/Work/FeatherLandNew/Assets/Plugins/UniTask/Runtime/UniTask.cs:481)
UnityEngine.UI.Toggle:Set(Boolean, Boolean) (at ./Library/PackageCache/com.unity.ugui@aa507f3228f0/Runtime/UGUI/UI/Core/Toggle.cs:284)
Unity.Collections.LowLevel.Unsafe.UnsafeText:get_Length() (at ./Library/PackageCache/com.unity.collections@56bff8827a7e/Unity.Collections/UnsafeText.cs:210)
UnityEngine.InputSystem.UI.InputSystemUIInputModule:ProcessPointerButton(ButtonState&, PointerEventData) (at ./Library/PackageCache/com.unity.inputsystem@be6c4fd0abf5/InputSystem/Plugins/UI/InputSystemUIInputModule.cs:744)
UnityEngine.InputSystem.UI.InputSystemUIInputModule:ProcessPointer(PointerModel&) (at ./Library/PackageCache/com.unity.inputsystem@be6c4fd0abf5/InputSystem/Plugins/UI/InputSystemUIInputModule.cs:489)
UnityEngine.InputSystem.UI.InputSystemUIInputModule:Process() (at ./Library/PackageCache/com.unity.inputsystem@be6c4fd0abf5/InputSystem/Plugins/UI/InputSystemUIInputModule.cs:2438)
UnityEngine.EventSystems.EventSystem:Update() (at ./Library/PackageCache/com.unity.ugui@aa507f3228f0/Runtime/UGUI/EventSystem/EventSystem.cs:530)

本地化文本加载成功，Key: Volume，Text: 音量
UnityEngine.DebugLogHandler:Internal_Log(LogType, LogOption, String, Object)
UnityEngine.Logger:Log(LogType, Object)
UnityEngine.Debug:Log(Object)
UnityEngine.Object:Instantiate(Object, Transform, Boolean)
NavMeshPlus.Extensions.NavMeshBuilderState:GetExtraState(Boolean) (at ./Library/PackageCache/com.h8man.2d.navmeshplus@3fdf1984803c/NavMeshComponents/Scripts/NavMeshBuilderState.cs:32)
BirdGame.<>c__DisplayClass12_0:<ShowPopup>b__0(GameObject) (at E:/Unity/Projects/Work/FeatherLandNew/Assets/Scripts/New/Systems/IUISystem.cs:213)
UnityEngine.UI.CoroutineTween.FloatTween:get_duration() (at ./Library/PackageCache/com.unity.ugui@aa507f3228f0/Runtime/UGUI/UI/Animation/CoroutineTween.cs:142)
Cysharp.Threading.Tasks.CompilerServices.AsyncUniTaskMethodBuilder:Start(TStateMachine&) (at E:/Unity/Projects/Work/FeatherLandNew/Assets/Plugins/UniTask/Runtime/CompilerServices/AsyncUniTaskMethodBuilder.cs:112)
UnityEngine.AddressableAssets.AssetReference:LoadAssetAsync() (at ./Library/PackageCache/com.unity.addressables@d929cbc70804/Runtime/AssetReference.cs:558)
BirdGame.UISystem:ShowPopup(UIPopup, Action) (at E:/Unity/Projects/Work/FeatherLandNew/Assets/Scripts/New/Systems/IUISystem.cs:222)
BirdGame.<>c__DisplayClass35_0:<Start>b__4(Boolean) (at E:/Unity/Projects/Work/FeatherLandNew/Assets/Scripts/New/ViewController/UI/Panels/MenuPanel.cs:165)
UnityEngine.Timeline.IntervalTree`1:get_dirty() (at ./Library/PackageCache/com.unity.timeline@6b9e48457ddb/Runtime/Evaluation/IntervalTree.cs:40)
Cysharp.Threading.Tasks.UniTask`1:ToString() (at E:/Unity/Projects/Work/FeatherLandNew/Assets/Plugins/UniTask/Runtime/UniTask.cs:481)
UnityEngine.UI.Toggle:Set(Boolean, Boolean) (at ./Library/PackageCache/com.unity.ugui@aa507f3228f0/Runtime/UGUI/UI/Core/Toggle.cs:284)
Unity.Collections.LowLevel.Unsafe.UnsafeText:get_Length() (at ./Library/PackageCache/com.unity.collections@56bff8827a7e/Unity.Collections/UnsafeText.cs:210)
UnityEngine.InputSystem.UI.InputSystemUIInputModule:ProcessPointerButton(ButtonState&, PointerEventData) (at ./Library/PackageCache/com.unity.inputsystem@be6c4fd0abf5/InputSystem/Plugins/UI/InputSystemUIInputModule.cs:744)
UnityEngine.InputSystem.UI.InputSystemUIInputModule:ProcessPointer(PointerModel&) (at ./Library/PackageCache/com.unity.inputsystem@be6c4fd0abf5/InputSystem/Plugins/UI/InputSystemUIInputModule.cs:489)
UnityEngine.InputSystem.UI.InputSystemUIInputModule:Process() (at ./Library/PackageCache/com.unity.inputsystem@be6c4fd0abf5/InputSystem/Plugins/UI/InputSystemUIInputModule.cs:2438)
UnityEngine.EventSystems.EventSystem:Update() (at ./Library/PackageCache/com.unity.ugui@aa507f3228f0/Runtime/UGUI/EventSystem/EventSystem.cs:530)

本地化文本加载成功，Key: Language，Text: 语言
UnityEngine.DebugLogHandler:Internal_Log(LogType, LogOption, String, Object)
UnityEngine.Logger:Log(LogType, Object)
UnityEngine.Debug:Log(Object)
UnityEngine.Object:Instantiate(Object, Transform, Boolean)
NavMeshPlus.Extensions.NavMeshBuilderState:GetExtraState(Boolean) (at ./Library/PackageCache/com.h8man.2d.navmeshplus@3fdf1984803c/NavMeshComponents/Scripts/NavMeshBuilderState.cs:32)
BirdGame.<>c__DisplayClass12_0:<ShowPopup>b__0(GameObject) (at E:/Unity/Projects/Work/FeatherLandNew/Assets/Scripts/New/Systems/IUISystem.cs:213)
UnityEngine.UI.CoroutineTween.FloatTween:get_duration() (at ./Library/PackageCache/com.unity.ugui@aa507f3228f0/Runtime/UGUI/UI/Animation/CoroutineTween.cs:142)
Cysharp.Threading.Tasks.CompilerServices.AsyncUniTaskMethodBuilder:Start(TStateMachine&) (at E:/Unity/Projects/Work/FeatherLandNew/Assets/Plugins/UniTask/Runtime/CompilerServices/AsyncUniTaskMethodBuilder.cs:112)
UnityEngine.AddressableAssets.AssetReference:LoadAssetAsync() (at ./Library/PackageCache/com.unity.addressables@d929cbc70804/Runtime/AssetReference.cs:558)
BirdGame.UISystem:ShowPopup(UIPopup, Action) (at E:/Unity/Projects/Work/FeatherLandNew/Assets/Scripts/New/Systems/IUISystem.cs:222)
BirdGame.<>c__DisplayClass35_0:<Start>b__4(Boolean) (at E:/Unity/Projects/Work/FeatherLandNew/Assets/Scripts/New/ViewController/UI/Panels/MenuPanel.cs:165)
UnityEngine.Timeline.IntervalTree`1:get_dirty() (at ./Library/PackageCache/com.unity.timeline@6b9e48457ddb/Runtime/Evaluation/IntervalTree.cs:40)
Cysharp.Threading.Tasks.UniTask`1:ToString() (at E:/Unity/Projects/Work/FeatherLandNew/Assets/Plugins/UniTask/Runtime/UniTask.cs:481)
UnityEngine.UI.Toggle:Set(Boolean, Boolean) (at ./Library/PackageCache/com.unity.ugui@aa507f3228f0/Runtime/UGUI/UI/Core/Toggle.cs:284)
Unity.Collections.LowLevel.Unsafe.UnsafeText:get_Length() (at ./Library/PackageCache/com.unity.collections@56bff8827a7e/Unity.Collections/UnsafeText.cs:210)
UnityEngine.InputSystem.UI.InputSystemUIInputModule:ProcessPointerButton(ButtonState&, PointerEventData) (at ./Library/PackageCache/com.unity.inputsystem@be6c4fd0abf5/InputSystem/Plugins/UI/InputSystemUIInputModule.cs:744)
UnityEngine.InputSystem.UI.InputSystemUIInputModule:ProcessPointer(PointerModel&) (at ./Library/PackageCache/com.unity.inputsystem@be6c4fd0abf5/InputSystem/Plugins/UI/InputSystemUIInputModule.cs:489)
UnityEngine.InputSystem.UI.InputSystemUIInputModule:Process() (at ./Library/PackageCache/com.unity.inputsystem@be6c4fd0abf5/InputSystem/Plugins/UI/InputSystemUIInputModule.cs:2438)
UnityEngine.EventSystems.EventSystem:Update() (at ./Library/PackageCache/com.unity.ugui@aa507f3228f0/Runtime/UGUI/EventSystem/EventSystem.cs:530)

本地化文本加载成功，Key: AutoFeeding，Text: 手动喂食
UnityEngine.DebugLogHandler:Internal_Log(LogType, LogOption, String, Object)
UnityEngine.Logger:Log(LogType, Object)
UnityEngine.Debug:Log(Object)
UnityEngine.Object:Instantiate(Object, Transform, Boolean)
NavMeshPlus.Extensions.NavMeshBuilderState:GetExtraState(Boolean) (at ./Library/PackageCache/com.h8man.2d.navmeshplus@3fdf1984803c/NavMeshComponents/Scripts/NavMeshBuilderState.cs:32)
BirdGame.<>c__DisplayClass12_0:<ShowPopup>b__0(GameObject) (at E:/Unity/Projects/Work/FeatherLandNew/Assets/Scripts/New/Systems/IUISystem.cs:213)
UnityEngine.UI.CoroutineTween.FloatTween:get_duration() (at ./Library/PackageCache/com.unity.ugui@aa507f3228f0/Runtime/UGUI/UI/Animation/CoroutineTween.cs:142)
Cysharp.Threading.Tasks.CompilerServices.AsyncUniTaskMethodBuilder:Start(TStateMachine&) (at E:/Unity/Projects/Work/FeatherLandNew/Assets/Plugins/UniTask/Runtime/CompilerServices/AsyncUniTaskMethodBuilder.cs:112)
UnityEngine.AddressableAssets.AssetReference:LoadAssetAsync() (at ./Library/PackageCache/com.unity.addressables@d929cbc70804/Runtime/AssetReference.cs:558)
BirdGame.UISystem:ShowPopup(UIPopup, Action) (at E:/Unity/Projects/Work/FeatherLandNew/Assets/Scripts/New/Systems/IUISystem.cs:222)
BirdGame.<>c__DisplayClass35_0:<Start>b__4(Boolean) (at E:/Unity/Projects/Work/FeatherLandNew/Assets/Scripts/New/ViewController/UI/Panels/MenuPanel.cs:165)
UnityEngine.Timeline.IntervalTree`1:get_dirty() (at ./Library/PackageCache/com.unity.timeline@6b9e48457ddb/Runtime/Evaluation/IntervalTree.cs:40)
Cysharp.Threading.Tasks.UniTask`1:ToString() (at E:/Unity/Projects/Work/FeatherLandNew/Assets/Plugins/UniTask/Runtime/UniTask.cs:481)
UnityEngine.UI.Toggle:Set(Boolean, Boolean) (at ./Library/PackageCache/com.unity.ugui@aa507f3228f0/Runtime/UGUI/UI/Core/Toggle.cs:284)
Unity.Collections.LowLevel.Unsafe.UnsafeText:get_Length() (at ./Library/PackageCache/com.unity.collections@56bff8827a7e/Unity.Collections/UnsafeText.cs:210)
UnityEngine.InputSystem.UI.InputSystemUIInputModule:ProcessPointerButton(ButtonState&, PointerEventData) (at ./Library/PackageCache/com.unity.inputsystem@be6c4fd0abf5/InputSystem/Plugins/UI/InputSystemUIInputModule.cs:744)
UnityEngine.InputSystem.UI.InputSystemUIInputModule:ProcessPointer(PointerModel&) (at ./Library/PackageCache/com.unity.inputsystem@be6c4fd0abf5/InputSystem/Plugins/UI/InputSystemUIInputModule.cs:489)
UnityEngine.InputSystem.UI.InputSystemUIInputModule:Process() (at ./Library/PackageCache/com.unity.inputsystem@be6c4fd0abf5/InputSystem/Plugins/UI/InputSystemUIInputModule.cs:2438)
UnityEngine.EventSystems.EventSystem:Update() (at ./Library/PackageCache/com.unity.ugui@aa507f3228f0/Runtime/UGUI/EventSystem/EventSystem.cs:530)

本地化文本加载成功，Key: Delete Save，Text: 删除存档
UnityEngine.DebugLogHandler:Internal_Log(LogType, LogOption, String, Object)
UnityEngine.Logger:Log(LogType, Object)
UnityEngine.Debug:Log(Object)
UnityEngine.Object:Instantiate(Object, Transform, Boolean)
NavMeshPlus.Extensions.NavMeshBuilderState:GetExtraState(Boolean) (at ./Library/PackageCache/com.h8man.2d.navmeshplus@3fdf1984803c/NavMeshComponents/Scripts/NavMeshBuilderState.cs:32)
BirdGame.<>c__DisplayClass12_0:<ShowPopup>b__0(GameObject) (at E:/Unity/Projects/Work/FeatherLandNew/Assets/Scripts/New/Systems/IUISystem.cs:213)
UnityEngine.UI.CoroutineTween.FloatTween:get_duration() (at ./Library/PackageCache/com.unity.ugui@aa507f3228f0/Runtime/UGUI/UI/Animation/CoroutineTween.cs:142)
Cysharp.Threading.Tasks.CompilerServices.AsyncUniTaskMethodBuilder:Start(TStateMachine&) (at E:/Unity/Projects/Work/FeatherLandNew/Assets/Plugins/UniTask/Runtime/CompilerServices/AsyncUniTaskMethodBuilder.cs:112)
UnityEngine.AddressableAssets.AssetReference:LoadAssetAsync() (at ./Library/PackageCache/com.unity.addressables@d929cbc70804/Runtime/AssetReference.cs:558)
BirdGame.UISystem:ShowPopup(UIPopup, Action) (at E:/Unity/Projects/Work/FeatherLandNew/Assets/Scripts/New/Systems/IUISystem.cs:222)
BirdGame.<>c__DisplayClass35_0:<Start>b__4(Boolean) (at E:/Unity/Projects/Work/FeatherLandNew/Assets/Scripts/New/ViewController/UI/Panels/MenuPanel.cs:165)
UnityEngine.Timeline.IntervalTree`1:get_dirty() (at ./Library/PackageCache/com.unity.timeline@6b9e48457ddb/Runtime/Evaluation/IntervalTree.cs:40)
Cysharp.Threading.Tasks.UniTask`1:ToString() (at E:/Unity/Projects/Work/FeatherLandNew/Assets/Plugins/UniTask/Runtime/UniTask.cs:481)
UnityEngine.UI.Toggle:Set(Boolean, Boolean) (at ./Library/PackageCache/com.unity.ugui@aa507f3228f0/Runtime/UGUI/UI/Core/Toggle.cs:284)
Unity.Collections.LowLevel.Unsafe.UnsafeText:get_Length() (at ./Library/PackageCache/com.unity.collections@56bff8827a7e/Unity.Collections/UnsafeText.cs:210)
UnityEngine.InputSystem.UI.InputSystemUIInputModule:ProcessPointerButton(ButtonState&, PointerEventData) (at ./Library/PackageCache/com.unity.inputsystem@be6c4fd0abf5/InputSystem/Plugins/UI/InputSystemUIInputModule.cs:744)
UnityEngine.InputSystem.UI.InputSystemUIInputModule:ProcessPointer(PointerModel&) (at ./Library/PackageCache/com.unity.inputsystem@be6c4fd0abf5/InputSystem/Plugins/UI/InputSystemUIInputModule.cs:489)
UnityEngine.InputSystem.UI.InputSystemUIInputModule:Process() (at ./Library/PackageCache/com.unity.inputsystem@be6c4fd0abf5/InputSystem/Plugins/UI/InputSystemUIInputModule.cs:2438)
UnityEngine.EventSystems.EventSystem:Update() (at ./Library/PackageCache/com.unity.ugui@aa507f3228f0/Runtime/UGUI/EventSystem/EventSystem.cs:530)

本地化文本加载成功，Key: Tutorial，Text: 教程(T)
UnityEngine.DebugLogHandler:Internal_Log(LogType, LogOption, String, Object)
UnityEngine.Logger:Log(LogType, Object)
UnityEngine.Debug:Log(Object)
UnityEngine.Object:Instantiate(Object, Transform, Boolean)
NavMeshPlus.Extensions.NavMeshBuilderState:GetExtraState(Boolean) (at ./Library/PackageCache/com.h8man.2d.navmeshplus@3fdf1984803c/NavMeshComponents/Scripts/NavMeshBuilderState.cs:32)
BirdGame.<>c__DisplayClass12_0:<ShowPopup>b__0(GameObject) (at E:/Unity/Projects/Work/FeatherLandNew/Assets/Scripts/New/Systems/IUISystem.cs:213)
UnityEngine.UI.CoroutineTween.FloatTween:get_duration() (at ./Library/PackageCache/com.unity.ugui@aa507f3228f0/Runtime/UGUI/UI/Animation/CoroutineTween.cs:142)
Cysharp.Threading.Tasks.CompilerServices.AsyncUniTaskMethodBuilder:Start(TStateMachine&) (at E:/Unity/Projects/Work/FeatherLandNew/Assets/Plugins/UniTask/Runtime/CompilerServices/AsyncUniTaskMethodBuilder.cs:112)
UnityEngine.AddressableAssets.AssetReference:LoadAssetAsync() (at ./Library/PackageCache/com.unity.addressables@d929cbc70804/Runtime/AssetReference.cs:558)
BirdGame.UISystem:ShowPopup(UIPopup, Action) (at E:/Unity/Projects/Work/FeatherLandNew/Assets/Scripts/New/Systems/IUISystem.cs:222)
BirdGame.<>c__DisplayClass35_0:<Start>b__4(Boolean) (at E:/Unity/Projects/Work/FeatherLandNew/Assets/Scripts/New/ViewController/UI/Panels/MenuPanel.cs:165)
UnityEngine.Timeline.IntervalTree`1:get_dirty() (at ./Library/PackageCache/com.unity.timeline@6b9e48457ddb/Runtime/Evaluation/IntervalTree.cs:40)
Cysharp.Threading.Tasks.UniTask`1:ToString() (at E:/Unity/Projects/Work/FeatherLandNew/Assets/Plugins/UniTask/Runtime/UniTask.cs:481)
UnityEngine.UI.Toggle:Set(Boolean, Boolean) (at ./Library/PackageCache/com.unity.ugui@aa507f3228f0/Runtime/UGUI/UI/Core/Toggle.cs:284)
Unity.Collections.LowLevel.Unsafe.UnsafeText:get_Length() (at ./Library/PackageCache/com.unity.collections@56bff8827a7e/Unity.Collections/UnsafeText.cs:210)
UnityEngine.InputSystem.UI.InputSystemUIInputModule:ProcessPointerButton(ButtonState&, PointerEventData) (at ./Library/PackageCache/com.unity.inputsystem@be6c4fd0abf5/InputSystem/Plugins/UI/InputSystemUIInputModule.cs:744)
UnityEngine.InputSystem.UI.InputSystemUIInputModule:ProcessPointer(PointerModel&) (at ./Library/PackageCache/com.unity.inputsystem@be6c4fd0abf5/InputSystem/Plugins/UI/InputSystemUIInputModule.cs:489)
UnityEngine.InputSystem.UI.InputSystemUIInputModule:Process() (at ./Library/PackageCache/com.unity.inputsystem@be6c4fd0abf5/InputSystem/Plugins/UI/InputSystemUIInputModule.cs:2438)
UnityEngine.EventSystems.EventSystem:Update() (at ./Library/PackageCache/com.unity.ugui@aa507f3228f0/Runtime/UGUI/EventSystem/EventSystem.cs:530)

本地化文本加载成功，Key: Quit Game，Text: 退出游戏
UnityEngine.DebugLogHandler:Internal_Log(LogType, LogOption, String, Object)
UnityEngine.Logger:Log(LogType, Object)
UnityEngine.Debug:Log(Object)
UnityEngine.Object:Instantiate(Object, Transform, Boolean)
NavMeshPlus.Extensions.NavMeshBuilderState:GetExtraState(Boolean) (at ./Library/PackageCache/com.h8man.2d.navmeshplus@3fdf1984803c/NavMeshComponents/Scripts/NavMeshBuilderState.cs:32)
BirdGame.<>c__DisplayClass12_0:<ShowPopup>b__0(GameObject) (at E:/Unity/Projects/Work/FeatherLandNew/Assets/Scripts/New/Systems/IUISystem.cs:213)
UnityEngine.UI.CoroutineTween.FloatTween:get_duration() (at ./Library/PackageCache/com.unity.ugui@aa507f3228f0/Runtime/UGUI/UI/Animation/CoroutineTween.cs:142)
Cysharp.Threading.Tasks.CompilerServices.AsyncUniTaskMethodBuilder:Start(TStateMachine&) (at E:/Unity/Projects/Work/FeatherLandNew/Assets/Plugins/UniTask/Runtime/CompilerServices/AsyncUniTaskMethodBuilder.cs:112)
UnityEngine.AddressableAssets.AssetReference:LoadAssetAsync() (at ./Library/PackageCache/com.unity.addressables@d929cbc70804/Runtime/AssetReference.cs:558)
BirdGame.UISystem:ShowPopup(UIPopup, Action) (at E:/Unity/Projects/Work/FeatherLandNew/Assets/Scripts/New/Systems/IUISystem.cs:222)
BirdGame.<>c__DisplayClass35_0:<Start>b__4(Boolean) (at E:/Unity/Projects/Work/FeatherLandNew/Assets/Scripts/New/ViewController/UI/Panels/MenuPanel.cs:165)
UnityEngine.Timeline.IntervalTree`1:get_dirty() (at ./Library/PackageCache/com.unity.timeline@6b9e48457ddb/Runtime/Evaluation/IntervalTree.cs:40)
Cysharp.Threading.Tasks.UniTask`1:ToString() (at E:/Unity/Projects/Work/FeatherLandNew/Assets/Plugins/UniTask/Runtime/UniTask.cs:481)
UnityEngine.UI.Toggle:Set(Boolean, Boolean) (at ./Library/PackageCache/com.unity.ugui@aa507f3228f0/Runtime/UGUI/UI/Core/Toggle.cs:284)
Unity.Collections.LowLevel.Unsafe.UnsafeText:get_Length() (at ./Library/PackageCache/com.unity.collections@56bff8827a7e/Unity.Collections/UnsafeText.cs:210)
UnityEngine.InputSystem.UI.InputSystemUIInputModule:ProcessPointerButton(ButtonState&, PointerEventData) (at ./Library/PackageCache/com.unity.inputsystem@be6c4fd0abf5/InputSystem/Plugins/UI/InputSystemUIInputModule.cs:744)
UnityEngine.InputSystem.UI.InputSystemUIInputModule:ProcessPointer(PointerModel&) (at ./Library/PackageCache/com.unity.inputsystem@be6c4fd0abf5/InputSystem/Plugins/UI/InputSystemUIInputModule.cs:489)
UnityEngine.InputSystem.UI.InputSystemUIInputModule:Process() (at ./Library/PackageCache/com.unity.inputsystem@be6c4fd0abf5/InputSystem/Plugins/UI/InputSystemUIInputModule.cs:2438)
UnityEngine.EventSystems.EventSystem:Update() (at ./Library/PackageCache/com.unity.ugui@aa507f3228f0/Runtime/UGUI/EventSystem/EventSystem.cs:530)

[SettingButton] 鼠标在按钮区域内: (4.93, 6.91), 按钮区域: (x:-24.25, y:-24.75, width:48.50, height:49.50)
UnityEngine.DebugLogHandler:Internal_Log(LogType, LogOption, String, Object)
UnityEngine.Logger:Log(LogType, Object)
UnityEngine.Debug:Log(Object)
UIButtonHoverScale:IsMouseOverButton() (at E:/Unity/Projects/Work/FeatherLandNew/Assets/Scripts/UIButtonHoverScale.cs:458)
UIButtonHoverScale:Update() (at E:/Unity/Projects/Work/FeatherLandNew/Assets/Scripts/UIButtonHoverScale.cs:236)

不存在key[Chinese]对应的翻译，请在本地化配置中增加！
UnityEngine.DebugLogHandler:Internal_Log(LogType, LogOption, String, Object)
UnityEngine.Logger:Log(LogType, Object)
UnityEngine.Debug:LogWarning(Object)
BirdGame.LocalizationSystem:GetString(String) (at E:/Unity/Projects/Work/FeatherLandNew/Assets/Scripts/New/Systems/ILocalizationSystem.cs:85)
BirdGame.SettingPopup:InitializeLanguageDropdown() (at E:/Unity/Projects/Work/FeatherLandNew/Assets/Scripts/New/ViewController/UI/Popups/SettingPopup.cs:529)
BirdGame.SettingPopup:Start() (at E:/Unity/Projects/Work/FeatherLandNew/Assets/Scripts/New/ViewController/UI/Popups/SettingPopup.cs:278)

存档中的语言设置: ChineseSimplified
UnityEngine.DebugLogHandler:Internal_Log(LogType, LogOption, String, Object)
UnityEngine.Logger:Log(LogType, Object)
UnityEngine.Debug:Log(Object)
BirdGame.SettingPopup:InitializeLanguageDropdown() (at E:/Unity/Projects/Work/FeatherLandNew/Assets/Scripts/New/ViewController/UI/Popups/SettingPopup.cs:537)
BirdGame.SettingPopup:Start() (at E:/Unity/Projects/Work/FeatherLandNew/Assets/Scripts/New/ViewController/UI/Popups/SettingPopup.cs:278)

本地化配置支持的语言: English, ChineseSimplified
UnityEngine.DebugLogHandler:Internal_Log(LogType, LogOption, String, Object)
UnityEngine.Logger:Log(LogType, Object)
UnityEngine.Debug:Log(Object)
BirdGame.SettingPopup:InitializeLanguageDropdown() (at E:/Unity/Projects/Work/FeatherLandNew/Assets/Scripts/New/ViewController/UI/Popups/SettingPopup.cs:538)
BirdGame.SettingPopup:Start() (at E:/Unity/Projects/Work/FeatherLandNew/Assets/Scripts/New/ViewController/UI/Popups/SettingPopup.cs:278)

本地化文本加载成功，Key: ManualFeeding，Text: 自动喂食
UnityEngine.DebugLogHandler:Internal_Log(LogType, LogOption, String, Object)
UnityEngine.Logger:Log(LogType, Object)
UnityEngine.Debug:Log(Object)
BirdGame.SettingPopup:RefreshAutoFeedingLabel(Boolean) (at E:/Unity/Projects/Work/FeatherLandNew/Assets/Scripts/New/ViewController/UI/Popups/SettingPopup.cs:349)
BirdGame.SettingPopup:Start() (at E:/Unity/Projects/Work/FeatherLandNew/Assets/Scripts/New/ViewController/UI/Popups/SettingPopup.cs:309)

[SettingButton] 鼠标在按钮区域内: (4.93, 6.91), 按钮区域: (x:-24.25, y:-24.75, width:48.50, height:49.50)
UnityEngine.DebugLogHandler:Internal_Log(LogType, LogOption, String, Object)
UnityEngine.Logger:Log(LogType, Object)
UnityEngine.Debug:Log(Object)
UIButtonHoverScale:IsMouseOverButton() (at E:/Unity/Projects/Work/FeatherLandNew/Assets/Scripts/UIButtonHoverScale.cs:458)
UIButtonHoverScale:Update() (at E:/Unity/Projects/Work/FeatherLandNew/Assets/Scripts/UIButtonHoverScale.cs:236)

[SettingButton] 鼠标在按钮区域内: (4.93, 6.91), 按钮区域: (x:-24.25, y:-24.75, width:48.50, height:49.50)
UnityEngine.DebugLogHandler:Internal_Log(LogType, LogOption, String, Object)
UnityEngine.Logger:Log(LogType, Object)
UnityEngine.Debug:Log(Object)
UIButtonHoverScale:IsMouseOverButton() (at E:/Unity/Projects/Work/FeatherLandNew/Assets/Scripts/UIButtonHoverScale.cs:458)
UIButtonHoverScale:Update() (at E:/Unity/Projects/Work/FeatherLandNew/Assets/Scripts/UIButtonHoverScale.cs:236)

[SettingButton] 鼠标在按钮区域内: (4.93, 5.99), 按钮区域: (x:-24.25, y:-24.75, width:48.50, height:49.50)
UnityEngine.DebugLogHandler:Internal_Log(LogType, LogOption, String, Object)
UnityEngine.Logger:Log(LogType, Object)
UnityEngine.Debug:Log(Object)
UIButtonHoverScale:IsMouseOverButton() (at E:/Unity/Projects/Work/FeatherLandNew/Assets/Scripts/UIButtonHoverScale.cs:458)
UIButtonHoverScale:Update() (at E:/Unity/Projects/Work/FeatherLandNew/Assets/Scripts/UIButtonHoverScale.cs:236)

[SettingButton] 鼠标在按钮区域内: (4.93, 5.99), 按钮区域: (x:-24.25, y:-24.75, width:48.50, height:49.50)
UnityEngine.DebugLogHandler:Internal_Log(LogType, LogOption, String, Object)
UnityEngine.Logger:Log(LogType, Object)
UnityEngine.Debug:Log(Object)
UIButtonHoverScale:IsMouseOverButton() (at E:/Unity/Projects/Work/FeatherLandNew/Assets/Scripts/UIButtonHoverScale.cs:458)
UIButtonHoverScale:Update() (at E:/Unity/Projects/Work/FeatherLandNew/Assets/Scripts/UIButtonHoverScale.cs:236)

[SettingButton] 鼠标在按钮区域内: (4.93, 5.07), 按钮区域: (x:-24.25, y:-24.75, width:48.50, height:49.50)
UnityEngine.DebugLogHandler:Internal_Log(LogType, LogOption, String, Object)
UnityEngine.Logger:Log(LogType, Object)
UnityEngine.Debug:Log(Object)
UIButtonHoverScale:IsMouseOverButton() (at E:/Unity/Projects/Work/FeatherLandNew/Assets/Scripts/UIButtonHoverScale.cs:458)
UIButtonHoverScale:Update() (at E:/Unity/Projects/Work/FeatherLandNew/Assets/Scripts/UIButtonHoverScale.cs:236)

[SettingButton] 鼠标在按钮区域内: (4.01, 5.07), 按钮区域: (x:-24.25, y:-24.75, width:48.50, height:49.50)
UnityEngine.DebugLogHandler:Internal_Log(LogType, LogOption, String, Object)
UnityEngine.Logger:Log(LogType, Object)
UnityEngine.Debug:Log(Object)
UIButtonHoverScale:IsMouseOverButton() (at E:/Unity/Projects/Work/FeatherLandNew/Assets/Scripts/UIButtonHoverScale.cs:458)
UIButtonHoverScale:Update() (at E:/Unity/Projects/Work/FeatherLandNew/Assets/Scripts/UIButtonHoverScale.cs:236)

[SettingButton] 鼠标在按钮区域内: (2.18, 4.15), 按钮区域: (x:-24.25, y:-24.75, width:48.50, height:49.50)
UnityEngine.DebugLogHandler:Internal_Log(LogType, LogOption, String, Object)
UnityEngine.Logger:Log(LogType, Object)
UnityEngine.Debug:Log(Object)
UIButtonHoverScale:IsMouseOverButton() (at E:/Unity/Projects/Work/FeatherLandNew/Assets/Scripts/UIButtonHoverScale.cs:458)
UIButtonHoverScale:Update() (at E:/Unity/Projects/Work/FeatherLandNew/Assets/Scripts/UIButtonHoverScale.cs:236)

[SettingButton] 鼠标在按钮区域内: (0.34, 3.24), 按钮区域: (x:-24.25, y:-24.75, width:48.50, height:49.50)
UnityEngine.DebugLogHandler:Internal_Log(LogType, LogOption, String, Object)
UnityEngine.Logger:Log(LogType, Object)
UnityEngine.Debug:Log(Object)
UIButtonHoverScale:IsMouseOverButton() (at E:/Unity/Projects/Work/FeatherLandNew/Assets/Scripts/UIButtonHoverScale.cs:458)
UIButtonHoverScale:Update() (at E:/Unity/Projects/Work/FeatherLandNew/Assets/Scripts/UIButtonHoverScale.cs:236)

[SettingButton] 鼠标在按钮区域内: (0.34, 2.32), 按钮区域: (x:-24.25, y:-24.75, width:48.50, height:49.50)
UnityEngine.DebugLogHandler:Internal_Log(LogType, LogOption, String, Object)
UnityEngine.Logger:Log(LogType, Object)
UnityEngine.Debug:Log(Object)
UIButtonHoverScale:IsMouseOverButton() (at E:/Unity/Projects/Work/FeatherLandNew/Assets/Scripts/UIButtonHoverScale.cs:458)
UIButtonHoverScale:Update() (at E:/Unity/Projects/Work/FeatherLandNew/Assets/Scripts/UIButtonHoverScale.cs:236)

[SettingButton] 鼠标在按钮区域内: (0.34, 2.32), 按钮区域: (x:-24.25, y:-24.75, width:48.50, height:49.50)
UnityEngine.DebugLogHandler:Internal_Log(LogType, LogOption, String, Object)
UnityEngine.Logger:Log(LogType, Object)
UnityEngine.Debug:Log(Object)
UIButtonHoverScale:IsMouseOverButton() (at E:/Unity/Projects/Work/FeatherLandNew/Assets/Scripts/UIButtonHoverScale.cs:458)
UIButtonHoverScale:Update() (at E:/Unity/Projects/Work/FeatherLandNew/Assets/Scripts/UIButtonHoverScale.cs:236)

[SettingButton] 鼠标在按钮区域内: (-0.57, 2.32), 按钮区域: (x:-24.25, y:-24.75, width:48.50, height:49.50)
UnityEngine.DebugLogHandler:Internal_Log(LogType, LogOption, String, Object)
UnityEngine.Logger:Log(LogType, Object)
UnityEngine.Debug:Log(Object)
UIButtonHoverScale:IsMouseOverButton() (at E:/Unity/Projects/Work/FeatherLandNew/Assets/Scripts/UIButtonHoverScale.cs:458)
UIButtonHoverScale:Update() (at E:/Unity/Projects/Work/FeatherLandNew/Assets/Scripts/UIButtonHoverScale.cs:236)

[SettingButton] 鼠标在按钮区域内: (-0.57, 2.32), 按钮区域: (x:-24.25, y:-24.75, width:48.50, height:49.50)
UnityEngine.DebugLogHandler:Internal_Log(LogType, LogOption, String, Object)
UnityEngine.Logger:Log(LogType, Object)
UnityEngine.Debug:Log(Object)
UIButtonHoverScale:IsMouseOverButton() (at E:/Unity/Projects/Work/FeatherLandNew/Assets/Scripts/UIButtonHoverScale.cs:458)
UIButtonHoverScale:Update() (at E:/Unity/Projects/Work/FeatherLandNew/Assets/Scripts/UIButtonHoverScale.cs:236)

[SettingButton] 鼠标在按钮区域内: (-1.49, 1.40), 按钮区域: (x:-24.25, y:-24.75, width:48.50, height:49.50)
UnityEngine.DebugLogHandler:Internal_Log(LogType, LogOption, String, Object)
UnityEngine.Logger:Log(LogType, Object)
UnityEngine.Debug:Log(Object)
UIButtonHoverScale:IsMouseOverButton() (at E:/Unity/Projects/Work/FeatherLandNew/Assets/Scripts/UIButtonHoverScale.cs:458)
UIButtonHoverScale:Update() (at E:/Unity/Projects/Work/FeatherLandNew/Assets/Scripts/UIButtonHoverScale.cs:236)

[SettingButton] 鼠标在按钮区域内: (-2.41, 1.40), 按钮区域: (x:-24.25, y:-24.75, width:48.50, height:49.50)
UnityEngine.DebugLogHandler:Internal_Log(LogType, LogOption, String, Object)
UnityEngine.Logger:Log(LogType, Object)
UnityEngine.Debug:Log(Object)
UIButtonHoverScale:IsMouseOverButton() (at E:/Unity/Projects/Work/FeatherLandNew/Assets/Scripts/UIButtonHoverScale.cs:458)
UIButtonHoverScale:Update() (at E:/Unity/Projects/Work/FeatherLandNew/Assets/Scripts/UIButtonHoverScale.cs:236)

[SettingButton] 鼠标在按钮区域内: (-3.32, 1.40), 按钮区域: (x:-24.25, y:-24.75, width:48.50, height:49.50)
UnityEngine.DebugLogHandler:Internal_Log(LogType, LogOption, String, Object)
UnityEngine.Logger:Log(LogType, Object)
UnityEngine.Debug:Log(Object)
UIButtonHoverScale:IsMouseOverButton() (at E:/Unity/Projects/Work/FeatherLandNew/Assets/Scripts/UIButtonHoverScale.cs:458)
UIButtonHoverScale:Update() (at E:/Unity/Projects/Work/FeatherLandNew/Assets/Scripts/UIButtonHoverScale.cs:236)

[SettingButton] 鼠标在按钮区域内: (-4.24, 0.49), 按钮区域: (x:-24.25, y:-24.75, width:48.50, height:49.50)
UnityEngine.DebugLogHandler:Internal_Log(LogType, LogOption, String, Object)
UnityEngine.Logger:Log(LogType, Object)
UnityEngine.Debug:Log(Object)
UIButtonHoverScale:IsMouseOverButton() (at E:/Unity/Projects/Work/FeatherLandNew/Assets/Scripts/UIButtonHoverScale.cs:458)
UIButtonHoverScale:Update() (at E:/Unity/Projects/Work/FeatherLandNew/Assets/Scripts/UIButtonHoverScale.cs:236)

[SettingButton] 鼠标在按钮区域内: (-4.24, 0.49), 按钮区域: (x:-24.25, y:-24.75, width:48.50, height:49.50)
UnityEngine.DebugLogHandler:Internal_Log(LogType, LogOption, String, Object)
UnityEngine.Logger:Log(LogType, Object)
UnityEngine.Debug:Log(Object)
UIButtonHoverScale:IsMouseOverButton() (at E:/Unity/Projects/Work/FeatherLandNew/Assets/Scripts/UIButtonHoverScale.cs:458)
UIButtonHoverScale:Update() (at E:/Unity/Projects/Work/FeatherLandNew/Assets/Scripts/UIButtonHoverScale.cs:236)

[SettingButton] 鼠标在按钮区域内: (-7.91, -1.35), 按钮区域: (x:-24.25, y:-24.75, width:48.50, height:49.50)
UnityEngine.DebugLogHandler:Internal_Log(LogType, LogOption, String, Object)
UnityEngine.Logger:Log(LogType, Object)
UnityEngine.Debug:Log(Object)
UIButtonHoverScale:IsMouseOverButton() (at E:/Unity/Projects/Work/FeatherLandNew/Assets/Scripts/UIButtonHoverScale.cs:458)
UIButtonHoverScale:Update() (at E:/Unity/Projects/Work/FeatherLandNew/Assets/Scripts/UIButtonHoverScale.cs:236)

[SettingButton] 鼠标在按钮区域内: (-9.74, -2.26), 按钮区域: (x:-24.25, y:-24.75, width:48.50, height:49.50)
UnityEngine.DebugLogHandler:Internal_Log(LogType, LogOption, String, Object)
UnityEngine.Logger:Log(LogType, Object)
UnityEngine.Debug:Log(Object)
UIButtonHoverScale:IsMouseOverButton() (at E:/Unity/Projects/Work/FeatherLandNew/Assets/Scripts/UIButtonHoverScale.cs:458)
UIButtonHoverScale:Update() (at E:/Unity/Projects/Work/FeatherLandNew/Assets/Scripts/UIButtonHoverScale.cs:236)

[SettingButton] 鼠标在按钮区域内: (-12.49, -4.10), 按钮区域: (x:-24.25, y:-24.75, width:48.50, height:49.50)
UnityEngine.DebugLogHandler:Internal_Log(LogType, LogOption, String, Object)
UnityEngine.Logger:Log(LogType, Object)
UnityEngine.Debug:Log(Object)
UIButtonHoverScale:IsMouseOverButton() (at E:/Unity/Projects/Work/FeatherLandNew/Assets/Scripts/UIButtonHoverScale.cs:458)
UIButtonHoverScale:Update() (at E:/Unity/Projects/Work/FeatherLandNew/Assets/Scripts/UIButtonHoverScale.cs:236)

[SettingButton] 鼠标在按钮区域内: (-18.00, -7.77), 按钮区域: (x:-24.25, y:-24.75, width:48.50, height:49.50)
UnityEngine.DebugLogHandler:Internal_Log(LogType, LogOption, String, Object)
UnityEngine.Logger:Log(LogType, Object)
UnityEngine.Debug:Log(Object)
UIButtonHoverScale:IsMouseOverButton() (at E:/Unity/Projects/Work/FeatherLandNew/Assets/Scripts/UIButtonHoverScale.cs:458)
UIButtonHoverScale:Update() (at E:/Unity/Projects/Work/FeatherLandNew/Assets/Scripts/UIButtonHoverScale.cs:236)

通过范围检测发现装饰品：Sprite
UnityEngine.DebugLogHandler:Internal_Log(LogType, LogOption, String, Object)
UnityEngine.Logger:Log(LogType, Object)
UnityEngine.Debug:Log(Object)
BirdGame.GameSystem:IsCoverDecoration() (at E:/Unity/Projects/Work/FeatherLandNew/Assets/Scripts/New/Systems/IGameSystem.cs:438)
BirdGame.GameEntry:CheckCursor() (at E:/Unity/Projects/Work/FeatherLandNew/Assets/Scripts/New/ViewController/Game/GameEntry.cs:409)
BirdGame.GameEntry:Update() (at E:/Unity/Projects/Work/FeatherLandNew/Assets/Scripts/New/ViewController/Game/GameEntry.cs:169)

通过范围检测发现装饰品：Sprite
UnityEngine.DebugLogHandler:Internal_Log(LogType, LogOption, String, Object)
UnityEngine.Logger:Log(LogType, Object)
UnityEngine.Debug:Log(Object)
BirdGame.GameSystem:IsCoverDecoration() (at E:/Unity/Projects/Work/FeatherLandNew/Assets/Scripts/New/Systems/IGameSystem.cs:438)
BirdGame.GameEntry:CheckCursor() (at E:/Unity/Projects/Work/FeatherLandNew/Assets/Scripts/New/ViewController/Game/GameEntry.cs:409)
BirdGame.GameEntry:Update() (at E:/Unity/Projects/Work/FeatherLandNew/Assets/Scripts/New/ViewController/Game/GameEntry.cs:169)

通过范围检测发现装饰品：Sprite
UnityEngine.DebugLogHandler:Internal_Log(LogType, LogOption, String, Object)
UnityEngine.Logger:Log(LogType, Object)
UnityEngine.Debug:Log(Object)
BirdGame.GameSystem:IsCoverDecoration() (at E:/Unity/Projects/Work/FeatherLandNew/Assets/Scripts/New/Systems/IGameSystem.cs:438)
BirdGame.GameEntry:CheckCursor() (at E:/Unity/Projects/Work/FeatherLandNew/Assets/Scripts/New/ViewController/Game/GameEntry.cs:409)
BirdGame.GameEntry:Update() (at E:/Unity/Projects/Work/FeatherLandNew/Assets/Scripts/New/ViewController/Game/GameEntry.cs:169)

通过范围检测发现装饰品：Sprite
UnityEngine.DebugLogHandler:Internal_Log(LogType, LogOption, String, Object)
UnityEngine.Logger:Log(LogType, Object)
UnityEngine.Debug:Log(Object)
BirdGame.GameSystem:IsCoverDecoration() (at E:/Unity/Projects/Work/FeatherLandNew/Assets/Scripts/New/Systems/IGameSystem.cs:438)
BirdGame.GameEntry:CheckCursor() (at E:/Unity/Projects/Work/FeatherLandNew/Assets/Scripts/New/ViewController/Game/GameEntry.cs:409)
BirdGame.GameEntry:Update() (at E:/Unity/Projects/Work/FeatherLandNew/Assets/Scripts/New/ViewController/Game/GameEntry.cs:169)

通过范围检测发现装饰品：Sprite
UnityEngine.DebugLogHandler:Internal_Log(LogType, LogOption, String, Object)
UnityEngine.Logger:Log(LogType, Object)
UnityEngine.Debug:Log(Object)
BirdGame.GameSystem:IsCoverDecoration() (at E:/Unity/Projects/Work/FeatherLandNew/Assets/Scripts/New/Systems/IGameSystem.cs:438)
BirdGame.GameEntry:CheckCursor() (at E:/Unity/Projects/Work/FeatherLandNew/Assets/Scripts/New/ViewController/Game/GameEntry.cs:409)
BirdGame.GameEntry:Update() (at E:/Unity/Projects/Work/FeatherLandNew/Assets/Scripts/New/ViewController/Game/GameEntry.cs:169)

通过范围检测发现装饰品：Sprite
UnityEngine.DebugLogHandler:Internal_Log(LogType, LogOption, String, Object)
UnityEngine.Logger:Log(LogType, Object)
UnityEngine.Debug:Log(Object)
BirdGame.GameSystem:IsCoverDecoration() (at E:/Unity/Projects/Work/FeatherLandNew/Assets/Scripts/New/Systems/IGameSystem.cs:438)
BirdGame.GameEntry:CheckCursor() (at E:/Unity/Projects/Work/FeatherLandNew/Assets/Scripts/New/ViewController/Game/GameEntry.cs:409)
BirdGame.GameEntry:Update() (at E:/Unity/Projects/Work/FeatherLandNew/Assets/Scripts/New/ViewController/Game/GameEntry.cs:169)

通过范围检测发现装饰品：Sprite
UnityEngine.DebugLogHandler:Internal_Log(LogType, LogOption, String, Object)
UnityEngine.Logger:Log(LogType, Object)
UnityEngine.Debug:Log(Object)
BirdGame.GameSystem:IsCoverDecoration() (at E:/Unity/Projects/Work/FeatherLandNew/Assets/Scripts/New/Systems/IGameSystem.cs:438)
BirdGame.GameEntry:CheckCursor() (at E:/Unity/Projects/Work/FeatherLandNew/Assets/Scripts/New/ViewController/Game/GameEntry.cs:409)
BirdGame.GameEntry:Update() (at E:/Unity/Projects/Work/FeatherLandNew/Assets/Scripts/New/ViewController/Game/GameEntry.cs:169)

通过范围检测发现装饰品：Sprite
UnityEngine.DebugLogHandler:Internal_Log(LogType, LogOption, String, Object)
UnityEngine.Logger:Log(LogType, Object)
UnityEngine.Debug:Log(Object)
BirdGame.GameSystem:IsCoverDecoration() (at E:/Unity/Projects/Work/FeatherLandNew/Assets/Scripts/New/Systems/IGameSystem.cs:438)
BirdGame.GameEntry:CheckCursor() (at E:/Unity/Projects/Work/FeatherLandNew/Assets/Scripts/New/ViewController/Game/GameEntry.cs:409)
BirdGame.GameEntry:Update() (at E:/Unity/Projects/Work/FeatherLandNew/Assets/Scripts/New/ViewController/Game/GameEntry.cs:169)

通过范围检测发现装饰品：Sprite
UnityEngine.DebugLogHandler:Internal_Log(LogType, LogOption, String, Object)
UnityEngine.Logger:Log(LogType, Object)
UnityEngine.Debug:Log(Object)
BirdGame.GameSystem:IsCoverDecoration() (at E:/Unity/Projects/Work/FeatherLandNew/Assets/Scripts/New/Systems/IGameSystem.cs:438)
BirdGame.GameEntry:CheckCursor() (at E:/Unity/Projects/Work/FeatherLandNew/Assets/Scripts/New/ViewController/Game/GameEntry.cs:409)
BirdGame.GameEntry:Update() (at E:/Unity/Projects/Work/FeatherLandNew/Assets/Scripts/New/ViewController/Game/GameEntry.cs:169)

通过范围检测发现装饰品：Sprite
UnityEngine.DebugLogHandler:Internal_Log(LogType, LogOption, String, Object)
UnityEngine.Logger:Log(LogType, Object)
UnityEngine.Debug:Log(Object)
BirdGame.GameSystem:IsCoverDecoration() (at E:/Unity/Projects/Work/FeatherLandNew/Assets/Scripts/New/Systems/IGameSystem.cs:438)
BirdGame.GameEntry:CheckCursor() (at E:/Unity/Projects/Work/FeatherLandNew/Assets/Scripts/New/ViewController/Game/GameEntry.cs:409)
BirdGame.GameEntry:Update() (at E:/Unity/Projects/Work/FeatherLandNew/Assets/Scripts/New/ViewController/Game/GameEntry.cs:169)

通过范围检测发现装饰品：Sprite
UnityEngine.DebugLogHandler:Internal_Log(LogType, LogOption, String, Object)
UnityEngine.Logger:Log(LogType, Object)
UnityEngine.Debug:Log(Object)
BirdGame.GameSystem:IsCoverDecoration() (at E:/Unity/Projects/Work/FeatherLandNew/Assets/Scripts/New/Systems/IGameSystem.cs:438)
BirdGame.GameEntry:CheckCursor() (at E:/Unity/Projects/Work/FeatherLandNew/Assets/Scripts/New/ViewController/Game/GameEntry.cs:409)
BirdGame.GameEntry:Update() (at E:/Unity/Projects/Work/FeatherLandNew/Assets/Scripts/New/ViewController/Game/GameEntry.cs:169)

通过范围检测发现装饰品：Sprite
UnityEngine.DebugLogHandler:Internal_Log(LogType, LogOption, String, Object)
UnityEngine.Logger:Log(LogType, Object)
UnityEngine.Debug:Log(Object)
BirdGame.GameSystem:IsCoverDecoration() (at E:/Unity/Projects/Work/FeatherLandNew/Assets/Scripts/New/Systems/IGameSystem.cs:438)
BirdGame.GameEntry:CheckCursor() (at E:/Unity/Projects/Work/FeatherLandNew/Assets/Scripts/New/ViewController/Game/GameEntry.cs:409)
BirdGame.GameEntry:Update() (at E:/Unity/Projects/Work/FeatherLandNew/Assets/Scripts/New/ViewController/Game/GameEntry.cs:169)

通过范围检测发现装饰品：Sprite
UnityEngine.DebugLogHandler:Internal_Log(LogType, LogOption, String, Object)
UnityEngine.Logger:Log(LogType, Object)
UnityEngine.Debug:Log(Object)
BirdGame.GameSystem:IsCoverDecoration() (at E:/Unity/Projects/Work/FeatherLandNew/Assets/Scripts/New/Systems/IGameSystem.cs:438)
BirdGame.GameEntry:CheckCursor() (at E:/Unity/Projects/Work/FeatherLandNew/Assets/Scripts/New/ViewController/Game/GameEntry.cs:409)
BirdGame.GameEntry:Update() (at E:/Unity/Projects/Work/FeatherLandNew/Assets/Scripts/New/ViewController/Game/GameEntry.cs:169)

本地化文本加载成功，Key: Whether to purchase?，Text: 是否购买？
UnityEngine.DebugLogHandler:Internal_Log(LogType, LogOption, String, Object)
UnityEngine.Logger:Log(LogType, Object)
UnityEngine.Debug:Log(Object)
UnityEngine.Object:Instantiate(Object, Transform, Boolean)
NavMeshPlus.Extensions.NavMeshBuilderState:GetExtraState(Boolean) (at ./Library/PackageCache/com.h8man.2d.navmeshplus@3fdf1984803c/NavMeshComponents/Scripts/NavMeshBuilderState.cs:32)
BirdGame.<>c__DisplayClass12_0:<ShowPopup>b__0(GameObject) (at E:/Unity/Projects/Work/FeatherLandNew/Assets/Scripts/New/Systems/IUISystem.cs:213)
UnityEngine.UI.CoroutineTween.FloatTween:get_duration() (at ./Library/PackageCache/com.unity.ugui@aa507f3228f0/Runtime/UGUI/UI/Animation/CoroutineTween.cs:142)
Cysharp.Threading.Tasks.CompilerServices.AsyncUniTaskMethodBuilder:Start(TStateMachine&) (at E:/Unity/Projects/Work/FeatherLandNew/Assets/Plugins/UniTask/Runtime/CompilerServices/AsyncUniTaskMethodBuilder.cs:112)
UnityEngine.AddressableAssets.AssetReference:LoadAssetAsync() (at ./Library/PackageCache/com.unity.addressables@d929cbc70804/Runtime/AssetReference.cs:558)
BirdGame.UISystem:ShowPopup(UIPopup, Action) (at E:/Unity/Projects/Work/FeatherLandNew/Assets/Scripts/New/Systems/IUISystem.cs:222)
UnityEngine.Events.InvokableCall:Invoke(Object[])
UnityEngine.Events.UnityEvent:Invoke()
Unity.Collections.LowLevel.Unsafe.UnsafeText:get_Length() (at ./Library/PackageCache/com.unity.collections@56bff8827a7e/Unity.Collections/UnsafeText.cs:210)
UnityEngine.InputSystem.UI.InputSystemUIInputModule:ProcessPointerButton(ButtonState&, PointerEventData) (at ./Library/PackageCache/com.unity.inputsystem@be6c4fd0abf5/InputSystem/Plugins/UI/InputSystemUIInputModule.cs:744)
UnityEngine.InputSystem.UI.InputSystemUIInputModule:ProcessPointer(PointerModel&) (at ./Library/PackageCache/com.unity.inputsystem@be6c4fd0abf5/InputSystem/Plugins/UI/InputSystemUIInputModule.cs:489)
UnityEngine.InputSystem.UI.InputSystemUIInputModule:Process() (at ./Library/PackageCache/com.unity.inputsystem@be6c4fd0abf5/InputSystem/Plugins/UI/InputSystemUIInputModule.cs:2438)
UnityEngine.EventSystems.EventSystem:Update() (at ./Library/PackageCache/com.unity.ugui@aa507f3228f0/Runtime/UGUI/EventSystem/EventSystem.cs:530)

本地化文本加载成功，Key: Buy，Text: 购买
UnityEngine.DebugLogHandler:Internal_Log(LogType, LogOption, String, Object)
UnityEngine.Logger:Log(LogType, Object)
UnityEngine.Debug:Log(Object)
UnityEngine.Object:Instantiate(Object, Transform, Boolean)
NavMeshPlus.Extensions.NavMeshBuilderState:GetExtraState(Boolean) (at ./Library/PackageCache/com.h8man.2d.navmeshplus@3fdf1984803c/NavMeshComponents/Scripts/NavMeshBuilderState.cs:32)
BirdGame.<>c__DisplayClass12_0:<ShowPopup>b__0(GameObject) (at E:/Unity/Projects/Work/FeatherLandNew/Assets/Scripts/New/Systems/IUISystem.cs:213)
UnityEngine.UI.CoroutineTween.FloatTween:get_duration() (at ./Library/PackageCache/com.unity.ugui@aa507f3228f0/Runtime/UGUI/UI/Animation/CoroutineTween.cs:142)
Cysharp.Threading.Tasks.CompilerServices.AsyncUniTaskMethodBuilder:Start(TStateMachine&) (at E:/Unity/Projects/Work/FeatherLandNew/Assets/Plugins/UniTask/Runtime/CompilerServices/AsyncUniTaskMethodBuilder.cs:112)
UnityEngine.AddressableAssets.AssetReference:LoadAssetAsync() (at ./Library/PackageCache/com.unity.addressables@d929cbc70804/Runtime/AssetReference.cs:558)
BirdGame.UISystem:ShowPopup(UIPopup, Action) (at E:/Unity/Projects/Work/FeatherLandNew/Assets/Scripts/New/Systems/IUISystem.cs:222)
UnityEngine.Events.InvokableCall:Invoke(Object[])
UnityEngine.Events.UnityEvent:Invoke()
Unity.Collections.LowLevel.Unsafe.UnsafeText:get_Length() (at ./Library/PackageCache/com.unity.collections@56bff8827a7e/Unity.Collections/UnsafeText.cs:210)
UnityEngine.InputSystem.UI.InputSystemUIInputModule:ProcessPointerButton(ButtonState&, PointerEventData) (at ./Library/PackageCache/com.unity.inputsystem@be6c4fd0abf5/InputSystem/Plugins/UI/InputSystemUIInputModule.cs:744)
UnityEngine.InputSystem.UI.InputSystemUIInputModule:ProcessPointer(PointerModel&) (at ./Library/PackageCache/com.unity.inputsystem@be6c4fd0abf5/InputSystem/Plugins/UI/InputSystemUIInputModule.cs:489)
UnityEngine.InputSystem.UI.InputSystemUIInputModule:Process() (at ./Library/PackageCache/com.unity.inputsystem@be6c4fd0abf5/InputSystem/Plugins/UI/InputSystemUIInputModule.cs:2438)
UnityEngine.EventSystems.EventSystem:Update() (at ./Library/PackageCache/com.unity.ugui@aa507f3228f0/Runtime/UGUI/EventSystem/EventSystem.cs:530)

本地化文本加载成功，Key: Buy，Text: 购买
UnityEngine.DebugLogHandler:Internal_Log(LogType, LogOption, String, Object)
UnityEngine.Logger:Log(LogType, Object)
UnityEngine.Debug:Log(Object)
UnityEngine.Object:Instantiate(Object, Transform, Boolean)
NavMeshPlus.Extensions.NavMeshBuilderState:GetExtraState(Boolean) (at ./Library/PackageCache/com.h8man.2d.navmeshplus@3fdf1984803c/NavMeshComponents/Scripts/NavMeshBuilderState.cs:32)
BirdGame.<>c__DisplayClass12_0:<ShowPopup>b__0(GameObject) (at E:/Unity/Projects/Work/FeatherLandNew/Assets/Scripts/New/Systems/IUISystem.cs:213)
UnityEngine.UI.CoroutineTween.FloatTween:get_duration() (at ./Library/PackageCache/com.unity.ugui@aa507f3228f0/Runtime/UGUI/UI/Animation/CoroutineTween.cs:142)
Cysharp.Threading.Tasks.CompilerServices.AsyncUniTaskMethodBuilder:Start(TStateMachine&) (at E:/Unity/Projects/Work/FeatherLandNew/Assets/Plugins/UniTask/Runtime/CompilerServices/AsyncUniTaskMethodBuilder.cs:112)
UnityEngine.AddressableAssets.AssetReference:LoadAssetAsync() (at ./Library/PackageCache/com.unity.addressables@d929cbc70804/Runtime/AssetReference.cs:558)
BirdGame.UISystem:ShowPopup(UIPopup, Action) (at E:/Unity/Projects/Work/FeatherLandNew/Assets/Scripts/New/Systems/IUISystem.cs:222)
UnityEngine.Events.InvokableCall:Invoke(Object[])
UnityEngine.Events.UnityEvent:Invoke()
Unity.Collections.LowLevel.Unsafe.UnsafeText:get_Length() (at ./Library/PackageCache/com.unity.collections@56bff8827a7e/Unity.Collections/UnsafeText.cs:210)
UnityEngine.InputSystem.UI.InputSystemUIInputModule:ProcessPointerButton(ButtonState&, PointerEventData) (at ./Library/PackageCache/com.unity.inputsystem@be6c4fd0abf5/InputSystem/Plugins/UI/InputSystemUIInputModule.cs:744)
UnityEngine.InputSystem.UI.InputSystemUIInputModule:ProcessPointer(PointerModel&) (at ./Library/PackageCache/com.unity.inputsystem@be6c4fd0abf5/InputSystem/Plugins/UI/InputSystemUIInputModule.cs:489)
UnityEngine.InputSystem.UI.InputSystemUIInputModule:Process() (at ./Library/PackageCache/com.unity.inputsystem@be6c4fd0abf5/InputSystem/Plugins/UI/InputSystemUIInputModule.cs:2438)
UnityEngine.EventSystems.EventSystem:Update() (at ./Library/PackageCache/com.unity.ugui@aa507f3228f0/Runtime/UGUI/EventSystem/EventSystem.cs:530)

不存在key[ExitQuestionnairePrompt]对应的翻译，请在本地化配置中增加！
UnityEngine.DebugLogHandler:Internal_Log(LogType, LogOption, String, Object)
UnityEngine.Logger:Log(LogType, Object)
UnityEngine.Debug:LogWarning(Object)
BirdGame.LocalizationSystem:GetString(String) (at E:/Unity/Projects/Work/FeatherLandNew/Assets/Scripts/New/Systems/ILocalizationSystem.cs:85)
BirdGame.ExitConfirmPopup:Start() (at E:/Unity/Projects/Work/FeatherLandNew/Assets/Scripts/New/ViewController/UI/Popups/ExitConfirmPopup.cs:34)

通过范围检测发现装饰品：Sprite
UnityEngine.DebugLogHandler:Internal_Log(LogType, LogOption, String, Object)
UnityEngine.Logger:Log(LogType, Object)
UnityEngine.Debug:Log(Object)
BirdGame.GameSystem:IsCoverDecoration() (at E:/Unity/Projects/Work/FeatherLandNew/Assets/Scripts/New/Systems/IGameSystem.cs:438)
BirdGame.GameEntry:CheckCursor() (at E:/Unity/Projects/Work/FeatherLandNew/Assets/Scripts/New/ViewController/Game/GameEntry.cs:409)
BirdGame.GameEntry:Update() (at E:/Unity/Projects/Work/FeatherLandNew/Assets/Scripts/New/ViewController/Game/GameEntry.cs:169)

通过范围检测发现装饰品：Sprite
UnityEngine.DebugLogHandler:Internal_Log(LogType, LogOption, String, Object)
UnityEngine.Logger:Log(LogType, Object)
UnityEngine.Debug:Log(Object)
BirdGame.GameSystem:IsCoverDecoration() (at E:/Unity/Projects/Work/FeatherLandNew/Assets/Scripts/New/Systems/IGameSystem.cs:438)
BirdGame.GameEntry:CheckCursor() (at E:/Unity/Projects/Work/FeatherLandNew/Assets/Scripts/New/ViewController/Game/GameEntry.cs:409)
BirdGame.GameEntry:Update() (at E:/Unity/Projects/Work/FeatherLandNew/Assets/Scripts/New/ViewController/Game/GameEntry.cs:169)

通过范围检测发现装饰品：Sprite
UnityEngine.DebugLogHandler:Internal_Log(LogType, LogOption, String, Object)
UnityEngine.Logger:Log(LogType, Object)
UnityEngine.Debug:Log(Object)
BirdGame.GameSystem:IsCoverDecoration() (at E:/Unity/Projects/Work/FeatherLandNew/Assets/Scripts/New/Systems/IGameSystem.cs:438)
BirdGame.GameEntry:CheckCursor() (at E:/Unity/Projects/Work/FeatherLandNew/Assets/Scripts/New/ViewController/Game/GameEntry.cs:409)
BirdGame.GameEntry:Update() (at E:/Unity/Projects/Work/FeatherLandNew/Assets/Scripts/New/ViewController/Game/GameEntry.cs:169)

通过范围检测发现装饰品：Sprite
UnityEngine.DebugLogHandler:Internal_Log(LogType, LogOption, String, Object)
UnityEngine.Logger:Log(LogType, Object)
UnityEngine.Debug:Log(Object)
BirdGame.GameSystem:IsCoverDecoration() (at E:/Unity/Projects/Work/FeatherLandNew/Assets/Scripts/New/Systems/IGameSystem.cs:438)
BirdGame.GameEntry:CheckCursor() (at E:/Unity/Projects/Work/FeatherLandNew/Assets/Scripts/New/ViewController/Game/GameEntry.cs:409)
BirdGame.GameEntry:Update() (at E:/Unity/Projects/Work/FeatherLandNew/Assets/Scripts/New/ViewController/Game/GameEntry.cs:169)

通过范围检测发现装饰品：Sprite
UnityEngine.DebugLogHandler:Internal_Log(LogType, LogOption, String, Object)
UnityEngine.Logger:Log(LogType, Object)
UnityEngine.Debug:Log(Object)
BirdGame.GameSystem:IsCoverDecoration() (at E:/Unity/Projects/Work/FeatherLandNew/Assets/Scripts/New/Systems/IGameSystem.cs:438)
BirdGame.GameEntry:CheckCursor() (at E:/Unity/Projects/Work/FeatherLandNew/Assets/Scripts/New/ViewController/Game/GameEntry.cs:409)
BirdGame.GameEntry:Update() (at E:/Unity/Projects/Work/FeatherLandNew/Assets/Scripts/New/ViewController/Game/GameEntry.cs:169)

通过范围检测发现装饰品：Sprite
UnityEngine.DebugLogHandler:Internal_Log(LogType, LogOption, String, Object)
UnityEngine.Logger:Log(LogType, Object)
UnityEngine.Debug:Log(Object)
BirdGame.GameSystem:IsCoverDecoration() (at E:/Unity/Projects/Work/FeatherLandNew/Assets/Scripts/New/Systems/IGameSystem.cs:438)
BirdGame.GameEntry:CheckCursor() (at E:/Unity/Projects/Work/FeatherLandNew/Assets/Scripts/New/ViewController/Game/GameEntry.cs:409)
BirdGame.GameEntry:Update() (at E:/Unity/Projects/Work/FeatherLandNew/Assets/Scripts/New/ViewController/Game/GameEntry.cs:169)

通过范围检测发现装饰品：Sprite
UnityEngine.DebugLogHandler:Internal_Log(LogType, LogOption, String, Object)
UnityEngine.Logger:Log(LogType, Object)
UnityEngine.Debug:Log(Object)
BirdGame.GameSystem:IsCoverDecoration() (at E:/Unity/Projects/Work/FeatherLandNew/Assets/Scripts/New/Systems/IGameSystem.cs:438)
BirdGame.GameEntry:CheckCursor() (at E:/Unity/Projects/Work/FeatherLandNew/Assets/Scripts/New/ViewController/Game/GameEntry.cs:409)
BirdGame.GameEntry:Update() (at E:/Unity/Projects/Work/FeatherLandNew/Assets/Scripts/New/ViewController/Game/GameEntry.cs:169)

通过范围检测发现装饰品：Sprite
UnityEngine.DebugLogHandler:Internal_Log(LogType, LogOption, String, Object)
UnityEngine.Logger:Log(LogType, Object)
UnityEngine.Debug:Log(Object)
BirdGame.GameSystem:IsCoverDecoration() (at E:/Unity/Projects/Work/FeatherLandNew/Assets/Scripts/New/Systems/IGameSystem.cs:438)
BirdGame.GameEntry:CheckCursor() (at E:/Unity/Projects/Work/FeatherLandNew/Assets/Scripts/New/ViewController/Game/GameEntry.cs:409)
BirdGame.GameEntry:Update() (at E:/Unity/Projects/Work/FeatherLandNew/Assets/Scripts/New/ViewController/Game/GameEntry.cs:169)

通过范围检测发现装饰品：Sprite
UnityEngine.DebugLogHandler:Internal_Log(LogType, LogOption, String, Object)
UnityEngine.Logger:Log(LogType, Object)
UnityEngine.Debug:Log(Object)
BirdGame.GameSystem:IsCoverDecoration() (at E:/Unity/Projects/Work/FeatherLandNew/Assets/Scripts/New/Systems/IGameSystem.cs:438)
BirdGame.GameEntry:CheckCursor() (at E:/Unity/Projects/Work/FeatherLandNew/Assets/Scripts/New/ViewController/Game/GameEntry.cs:409)
BirdGame.GameEntry:Update() (at E:/Unity/Projects/Work/FeatherLandNew/Assets/Scripts/New/ViewController/Game/GameEntry.cs:169)

通过范围检测发现装饰品：Sprite
UnityEngine.DebugLogHandler:Internal_Log(LogType, LogOption, String, Object)
UnityEngine.Logger:Log(LogType, Object)
UnityEngine.Debug:Log(Object)
BirdGame.GameSystem:IsCoverDecoration() (at E:/Unity/Projects/Work/FeatherLandNew/Assets/Scripts/New/Systems/IGameSystem.cs:438)
BirdGame.GameEntry:CheckCursor() (at E:/Unity/Projects/Work/FeatherLandNew/Assets/Scripts/New/ViewController/Game/GameEntry.cs:409)
BirdGame.GameEntry:Update() (at E:/Unity/Projects/Work/FeatherLandNew/Assets/Scripts/New/ViewController/Game/GameEntry.cs:169)

通过范围检测发现装饰品：Sprite
UnityEngine.DebugLogHandler:Internal_Log(LogType, LogOption, String, Object)
UnityEngine.Logger:Log(LogType, Object)
UnityEngine.Debug:Log(Object)
BirdGame.GameSystem:IsCoverDecoration() (at E:/Unity/Projects/Work/FeatherLandNew/Assets/Scripts/New/Systems/IGameSystem.cs:438)
BirdGame.GameEntry:CheckCursor() (at E:/Unity/Projects/Work/FeatherLandNew/Assets/Scripts/New/ViewController/Game/GameEntry.cs:409)
BirdGame.GameEntry:Update() (at E:/Unity/Projects/Work/FeatherLandNew/Assets/Scripts/New/ViewController/Game/GameEntry.cs:169)

通过范围检测发现装饰品：Sprite
UnityEngine.DebugLogHandler:Internal_Log(LogType, LogOption, String, Object)
UnityEngine.Logger:Log(LogType, Object)
UnityEngine.Debug:Log(Object)
BirdGame.GameSystem:IsCoverDecoration() (at E:/Unity/Projects/Work/FeatherLandNew/Assets/Scripts/New/Systems/IGameSystem.cs:438)
BirdGame.GameEntry:CheckCursor() (at E:/Unity/Projects/Work/FeatherLandNew/Assets/Scripts/New/ViewController/Game/GameEntry.cs:409)
BirdGame.GameEntry:Update() (at E:/Unity/Projects/Work/FeatherLandNew/Assets/Scripts/New/ViewController/Game/GameEntry.cs:169)

通过范围检测发现装饰品：Sprite
UnityEngine.DebugLogHandler:Internal_Log(LogType, LogOption, String, Object)
UnityEngine.Logger:Log(LogType, Object)
UnityEngine.Debug:Log(Object)
BirdGame.GameSystem:IsCoverDecoration() (at E:/Unity/Projects/Work/FeatherLandNew/Assets/Scripts/New/Systems/IGameSystem.cs:438)
BirdGame.GameEntry:CheckCursor() (at E:/Unity/Projects/Work/FeatherLandNew/Assets/Scripts/New/ViewController/Game/GameEntry.cs:409)
BirdGame.GameEntry:Update() (at E:/Unity/Projects/Work/FeatherLandNew/Assets/Scripts/New/ViewController/Game/GameEntry.cs:169)

通过范围检测发现装饰品：Sprite
UnityEngine.DebugLogHandler:Internal_Log(LogType, LogOption, String, Object)
UnityEngine.Logger:Log(LogType, Object)
UnityEngine.Debug:Log(Object)
BirdGame.GameSystem:IsCoverDecoration() (at E:/Unity/Projects/Work/FeatherLandNew/Assets/Scripts/New/Systems/IGameSystem.cs:438)
BirdGame.GameEntry:CheckCursor() (at E:/Unity/Projects/Work/FeatherLandNew/Assets/Scripts/New/ViewController/Game/GameEntry.cs:409)
BirdGame.GameEntry:Update() (at E:/Unity/Projects/Work/FeatherLandNew/Assets/Scripts/New/ViewController/Game/GameEntry.cs:169)

通过范围检测发现装饰品：Sprite
UnityEngine.DebugLogHandler:Internal_Log(LogType, LogOption, String, Object)
UnityEngine.Logger:Log(LogType, Object)
UnityEngine.Debug:Log(Object)
BirdGame.GameSystem:IsCoverDecoration() (at E:/Unity/Projects/Work/FeatherLandNew/Assets/Scripts/New/Systems/IGameSystem.cs:438)
BirdGame.GameEntry:CheckCursor() (at E:/Unity/Projects/Work/FeatherLandNew/Assets/Scripts/New/ViewController/Game/GameEntry.cs:409)
BirdGame.GameEntry:Update() (at E:/Unity/Projects/Work/FeatherLandNew/Assets/Scripts/New/ViewController/Game/GameEntry.cs:169)

通过范围检测发现装饰品：Sprite
UnityEngine.DebugLogHandler:Internal_Log(LogType, LogOption, String, Object)
UnityEngine.Logger:Log(LogType, Object)
UnityEngine.Debug:Log(Object)
BirdGame.GameSystem:IsCoverDecoration() (at E:/Unity/Projects/Work/FeatherLandNew/Assets/Scripts/New/Systems/IGameSystem.cs:438)
BirdGame.GameEntry:CheckCursor() (at E:/Unity/Projects/Work/FeatherLandNew/Assets/Scripts/New/ViewController/Game/GameEntry.cs:409)
BirdGame.GameEntry:Update() (at E:/Unity/Projects/Work/FeatherLandNew/Assets/Scripts/New/ViewController/Game/GameEntry.cs:169)

SetScreenMode 被调用，模式: 0
UnityEngine.DebugLogHandler:Internal_Log(LogType, LogOption, String, Object)
UnityEngine.Logger:Log(LogType, Object)
UnityEngine.Debug:Log(Object)
BirdGame.GameEntry:SetScreenMode(Int32, Boolean) (at E:/Unity/Projects/Work/FeatherLandNew/Assets/Scripts/New/ViewController/Game/GameEntry.cs:109)
QFramework.TypeEventSystem:Send(T) (at E:/Unity/Projects/Work/FeatherLandNew/Assets/QFramework/Framework/Scripts/QFramework.cs:621)
BirdGame.ExitConfirmPopup:ExitGame() (at E:/Unity/Projects/Work/FeatherLandNew/Assets/Scripts/New/ViewController/UI/Popups/ExitConfirmPopup.cs:123)
UnityEngine.Events.InvokableCall:Invoke(Object[])
UnityEngine.Events.UnityEvent:Invoke()
Unity.Collections.LowLevel.Unsafe.UnsafeText:get_Length() (at ./Library/PackageCache/com.unity.collections@56bff8827a7e/Unity.Collections/UnsafeText.cs:210)
UnityEngine.InputSystem.UI.InputSystemUIInputModule:ProcessPointerButton(ButtonState&, PointerEventData) (at ./Library/PackageCache/com.unity.inputsystem@be6c4fd0abf5/InputSystem/Plugins/UI/InputSystemUIInputModule.cs:744)
UnityEngine.InputSystem.UI.InputSystemUIInputModule:ProcessPointer(PointerModel&) (at ./Library/PackageCache/com.unity.inputsystem@be6c4fd0abf5/InputSystem/Plugins/UI/InputSystemUIInputModule.cs:489)
UnityEngine.InputSystem.UI.InputSystemUIInputModule:Process() (at ./Library/PackageCache/com.unity.inputsystem@be6c4fd0abf5/InputSystem/Plugins/UI/InputSystemUIInputModule.cs:2438)
UnityEngine.EventSystems.EventSystem:Update() (at ./Library/PackageCache/com.unity.ugui@aa507f3228f0/Runtime/UGUI/EventSystem/EventSystem.cs:530)

[WindowedMode] 目标 - 屏幕: 2560x1600, 窗口: 2048x1280
UnityEngine.DebugLogHandler:Internal_Log(LogType, LogOption, String, Object)
UnityEngine.Logger:Log(LogType, Object)
UnityEngine.Debug:Log(Object)
BirdGame.FullScreenUtility:WindowedMode() (at E:/Unity/Projects/Work/FeatherLandNew/Assets/Scripts/New/Utility/FullScreenUtility.cs:715)
BirdGame.GameEntry:SetScreenMode(Int32, Boolean) (at E:/Unity/Projects/Work/FeatherLandNew/Assets/Scripts/New/ViewController/Game/GameEntry.cs:117)
QFramework.TypeEventSystem:Send(T) (at E:/Unity/Projects/Work/FeatherLandNew/Assets/QFramework/Framework/Scripts/QFramework.cs:621)
BirdGame.ExitConfirmPopup:ExitGame() (at E:/Unity/Projects/Work/FeatherLandNew/Assets/Scripts/New/ViewController/UI/Popups/ExitConfirmPopup.cs:123)
UnityEngine.Events.InvokableCall:Invoke(Object[])
UnityEngine.Events.UnityEvent:Invoke()
Unity.Collections.LowLevel.Unsafe.UnsafeText:get_Length() (at ./Library/PackageCache/com.unity.collections@56bff8827a7e/Unity.Collections/UnsafeText.cs:210)
UnityEngine.InputSystem.UI.InputSystemUIInputModule:ProcessPointerButton(ButtonState&, PointerEventData) (at ./Library/PackageCache/com.unity.inputsystem@be6c4fd0abf5/InputSystem/Plugins/UI/InputSystemUIInputModule.cs:744)
UnityEngine.InputSystem.UI.InputSystemUIInputModule:ProcessPointer(PointerModel&) (at ./Library/PackageCache/com.unity.inputsystem@be6c4fd0abf5/InputSystem/Plugins/UI/InputSystemUIInputModule.cs:489)
UnityEngine.InputSystem.UI.InputSystemUIInputModule:Process() (at ./Library/PackageCache/com.unity.inputsystem@be6c4fd0abf5/InputSystem/Plugins/UI/InputSystemUIInputModule.cs:2438)
UnityEngine.EventSystems.EventSystem:Update() (at ./Library/PackageCache/com.unity.ugui@aa507f3228f0/Runtime/UGUI/EventSystem/EventSystem.cs:530)

[WindowedMode] Unity窗口模式已设置 - 2048x1280
UnityEngine.DebugLogHandler:Internal_Log(LogType, LogOption, String, Object)
UnityEngine.Logger:Log(LogType, Object)
UnityEngine.Debug:Log(Object)
BirdGame.FullScreenUtility:WindowedMode() (at E:/Unity/Projects/Work/FeatherLandNew/Assets/Scripts/New/Utility/FullScreenUtility.cs:719)
BirdGame.GameEntry:SetScreenMode(Int32, Boolean) (at E:/Unity/Projects/Work/FeatherLandNew/Assets/Scripts/New/ViewController/Game/GameEntry.cs:117)
QFramework.TypeEventSystem:Send(T) (at E:/Unity/Projects/Work/FeatherLandNew/Assets/QFramework/Framework/Scripts/QFramework.cs:621)
BirdGame.ExitConfirmPopup:ExitGame() (at E:/Unity/Projects/Work/FeatherLandNew/Assets/Scripts/New/ViewController/UI/Popups/ExitConfirmPopup.cs:123)
UnityEngine.Events.InvokableCall:Invoke(Object[])
UnityEngine.Events.UnityEvent:Invoke()
Unity.Collections.LowLevel.Unsafe.UnsafeText:get_Length() (at ./Library/PackageCache/com.unity.collections@56bff8827a7e/Unity.Collections/UnsafeText.cs:210)
UnityEngine.InputSystem.UI.InputSystemUIInputModule:ProcessPointerButton(ButtonState&, PointerEventData) (at ./Library/PackageCache/com.unity.inputsystem@be6c4fd0abf5/InputSystem/Plugins/UI/InputSystemUIInputModule.cs:744)
UnityEngine.InputSystem.UI.InputSystemUIInputModule:ProcessPointer(PointerModel&) (at ./Library/PackageCache/com.unity.inputsystem@be6c4fd0abf5/InputSystem/Plugins/UI/InputSystemUIInputModule.cs:489)
UnityEngine.InputSystem.UI.InputSystemUIInputModule:Process() (at ./Library/PackageCache/com.unity.inputsystem@be6c4fd0abf5/InputSystem/Plugins/UI/InputSystemUIInputModule.cs:2438)
UnityEngine.EventSystems.EventSystem:Update() (at ./Library/PackageCache/com.unity.ugui@aa507f3228f0/Runtime/UGUI/EventSystem/EventSystem.cs:530)

[WindowedMode] 完成 - 窗口模式已激活
UnityEngine.DebugLogHandler:Internal_Log(LogType, LogOption, String, Object)
UnityEngine.Logger:Log(LogType, Object)
UnityEngine.Debug:Log(Object)
BirdGame.FullScreenUtility:WindowedMode() (at E:/Unity/Projects/Work/FeatherLandNew/Assets/Scripts/New/Utility/FullScreenUtility.cs:729)
BirdGame.GameEntry:SetScreenMode(Int32, Boolean) (at E:/Unity/Projects/Work/FeatherLandNew/Assets/Scripts/New/ViewController/Game/GameEntry.cs:117)
QFramework.TypeEventSystem:Send(T) (at E:/Unity/Projects/Work/FeatherLandNew/Assets/QFramework/Framework/Scripts/QFramework.cs:621)
BirdGame.ExitConfirmPopup:ExitGame() (at E:/Unity/Projects/Work/FeatherLandNew/Assets/Scripts/New/ViewController/UI/Popups/ExitConfirmPopup.cs:123)
UnityEngine.Events.InvokableCall:Invoke(Object[])
UnityEngine.Events.UnityEvent:Invoke()
Unity.Collections.LowLevel.Unsafe.UnsafeText:get_Length() (at ./Library/PackageCache/com.unity.collections@56bff8827a7e/Unity.Collections/UnsafeText.cs:210)
UnityEngine.InputSystem.UI.InputSystemUIInputModule:ProcessPointerButton(ButtonState&, PointerEventData) (at ./Library/PackageCache/com.unity.inputsystem@be6c4fd0abf5/InputSystem/Plugins/UI/InputSystemUIInputModule.cs:744)
UnityEngine.InputSystem.UI.InputSystemUIInputModule:ProcessPointer(PointerModel&) (at ./Library/PackageCache/com.unity.inputsystem@be6c4fd0abf5/InputSystem/Plugins/UI/InputSystemUIInputModule.cs:489)
UnityEngine.InputSystem.UI.InputSystemUIInputModule:Process() (at ./Library/PackageCache/com.unity.inputsystem@be6c4fd0abf5/InputSystem/Plugins/UI/InputSystemUIInputModule.cs:2438)
UnityEngine.EventSystems.EventSystem:Update() (at ./Library/PackageCache/com.unity.ugui@aa507f3228f0/Runtime/UGUI/EventSystem/EventSystem.cs:530)

[WindowedMode] SimpleMouseForwarder 已禁用
UnityEngine.DebugLogHandler:Internal_Log(LogType, LogOption, String, Object)
UnityEngine.Logger:Log(LogType, Object)
UnityEngine.Debug:Log(Object)
BirdGame.FullScreenUtility:WindowedMode() (at E:/Unity/Projects/Work/FeatherLandNew/Assets/Scripts/New/Utility/FullScreenUtility.cs:736)
BirdGame.GameEntry:SetScreenMode(Int32, Boolean) (at E:/Unity/Projects/Work/FeatherLandNew/Assets/Scripts/New/ViewController/Game/GameEntry.cs:117)
QFramework.TypeEventSystem:Send(T) (at E:/Unity/Projects/Work/FeatherLandNew/Assets/QFramework/Framework/Scripts/QFramework.cs:621)
BirdGame.ExitConfirmPopup:ExitGame() (at E:/Unity/Projects/Work/FeatherLandNew/Assets/Scripts/New/ViewController/UI/Popups/ExitConfirmPopup.cs:123)
UnityEngine.Events.InvokableCall:Invoke(Object[])
UnityEngine.Events.UnityEvent:Invoke()
Unity.Collections.LowLevel.Unsafe.UnsafeText:get_Length() (at ./Library/PackageCache/com.unity.collections@56bff8827a7e/Unity.Collections/UnsafeText.cs:210)
UnityEngine.InputSystem.UI.InputSystemUIInputModule:ProcessPointerButton(ButtonState&, PointerEventData) (at ./Library/PackageCache/com.unity.inputsystem@be6c4fd0abf5/InputSystem/Plugins/UI/InputSystemUIInputModule.cs:744)
UnityEngine.InputSystem.UI.InputSystemUIInputModule:ProcessPointer(PointerModel&) (at ./Library/PackageCache/com.unity.inputsystem@be6c4fd0abf5/InputSystem/Plugins/UI/InputSystemUIInputModule.cs:489)
UnityEngine.InputSystem.UI.InputSystemUIInputModule:Process() (at ./Library/PackageCache/com.unity.inputsystem@be6c4fd0abf5/InputSystem/Plugins/UI/InputSystemUIInputModule.cs:2438)
UnityEngine.EventSystems.EventSystem:Update() (at ./Library/PackageCache/com.unity.ugui@aa507f3228f0/Runtime/UGUI/EventSystem/EventSystem.cs:530)

[ActivateWindow] 结果 - Foreground: True, BringToTop: True, Focus: True
UnityEngine.DebugLogHandler:Internal_Log(LogType, LogOption, String, Object)
UnityEngine.Logger:Log(LogType, Object)
UnityEngine.Debug:Log(Object)
BirdGame.FullScreenUtility:ActivateWindow() (at E:/Unity/Projects/Work/FeatherLandNew/Assets/Scripts/New/Utility/FullScreenUtility.cs:307)
BirdGame.FullScreenUtility:WindowedMode() (at E:/Unity/Projects/Work/FeatherLandNew/Assets/Scripts/New/Utility/FullScreenUtility.cs:740)
BirdGame.GameEntry:SetScreenMode(Int32, Boolean) (at E:/Unity/Projects/Work/FeatherLandNew/Assets/Scripts/New/ViewController/Game/GameEntry.cs:117)
QFramework.TypeEventSystem:Send(T) (at E:/Unity/Projects/Work/FeatherLandNew/Assets/QFramework/Framework/Scripts/QFramework.cs:621)
BirdGame.ExitConfirmPopup:ExitGame() (at E:/Unity/Projects/Work/FeatherLandNew/Assets/Scripts/New/ViewController/UI/Popups/ExitConfirmPopup.cs:123)
UnityEngine.Events.InvokableCall:Invoke(Object[])
UnityEngine.Events.UnityEvent:Invoke()
Unity.Collections.LowLevel.Unsafe.UnsafeText:get_Length() (at ./Library/PackageCache/com.unity.collections@56bff8827a7e/Unity.Collections/UnsafeText.cs:210)
UnityEngine.InputSystem.UI.InputSystemUIInputModule:ProcessPointerButton(ButtonState&, PointerEventData) (at ./Library/PackageCache/com.unity.inputsystem@be6c4fd0abf5/InputSystem/Plugins/UI/InputSystemUIInputModule.cs:744)
UnityEngine.InputSystem.UI.InputSystemUIInputModule:ProcessPointer(PointerModel&) (at ./Library/PackageCache/com.unity.inputsystem@be6c4fd0abf5/InputSystem/Plugins/UI/InputSystemUIInputModule.cs:489)
UnityEngine.InputSystem.UI.InputSystemUIInputModule:Process() (at ./Library/PackageCache/com.unity.inputsystem@be6c4fd0abf5/InputSystem/Plugins/UI/InputSystemUIInputModule.cs:2438)
UnityEngine.EventSystems.EventSystem:Update() (at ./Library/PackageCache/com.unity.ugui@aa507f3228f0/Runtime/UGUI/EventSystem/EventSystem.cs:530)

设置为窗口模式 (45 FPS)
UnityEngine.DebugLogHandler:Internal_Log(LogType, LogOption, String, Object)
UnityEngine.Logger:Log(LogType, Object)
UnityEngine.Debug:Log(Object)
BirdGame.GameEntry:SetScreenMode(Int32, Boolean) (at E:/Unity/Projects/Work/FeatherLandNew/Assets/Scripts/New/ViewController/Game/GameEntry.cs:150)
QFramework.TypeEventSystem:Send(T) (at E:/Unity/Projects/Work/FeatherLandNew/Assets/QFramework/Framework/Scripts/QFramework.cs:621)
BirdGame.ExitConfirmPopup:ExitGame() (at E:/Unity/Projects/Work/FeatherLandNew/Assets/Scripts/New/ViewController/UI/Popups/ExitConfirmPopup.cs:123)
UnityEngine.Events.InvokableCall:Invoke(Object[])
UnityEngine.Events.UnityEvent:Invoke()
Unity.Collections.LowLevel.Unsafe.UnsafeText:get_Length() (at ./Library/PackageCache/com.unity.collections@56bff8827a7e/Unity.Collections/UnsafeText.cs:210)
UnityEngine.InputSystem.UI.InputSystemUIInputModule:ProcessPointerButton(ButtonState&, PointerEventData) (at ./Library/PackageCache/com.unity.inputsystem@be6c4fd0abf5/InputSystem/Plugins/UI/InputSystemUIInputModule.cs:744)
UnityEngine.InputSystem.UI.InputSystemUIInputModule:ProcessPointer(PointerModel&) (at ./Library/PackageCache/com.unity.inputsystem@be6c4fd0abf5/InputSystem/Plugins/UI/InputSystemUIInputModule.cs:489)
UnityEngine.InputSystem.UI.InputSystemUIInputModule:Process() (at ./Library/PackageCache/com.unity.inputsystem@be6c4fd0abf5/InputSystem/Plugins/UI/InputSystemUIInputModule.cs:2438)
UnityEngine.EventSystems.EventSystem:Update() (at ./Library/PackageCache/com.unity.ugui@aa507f3228f0/Runtime/UGUI/EventSystem/EventSystem.cs:530)

存档更新成功! {"coins":439107.5625,"sceneDecorationInfos":[{"decorations":[{"count":1,"position":[{"x":-11.70199966430664,"y":-4.215000152587891,"z":0.0}],"usedFixedPositionIndices":[0]},{"count":1,"position":[{"x":7.814000129699707,"y":-3.2709999084472658,"z":0.0}],"usedFixedPositionIndices":[0]},{"count":2,"position":[{"x":8.1899995803833,"y":2.4800000190734865,"z":0.0},{"x":-3.059999942779541,"y":-0.7599999904632568,"z":0.0}],"usedFixedPositionIndices":[1,0]},{"count":1,"position":[{"x":3.4800000190734865,"y":-4.760000228881836,"z":0.0}],"usedFixedPositionIndices":[0]},{"count":1,"position":[{"x":-8.225000381469727,"y":-4.861999988555908,"z":0.0}],"usedFixedPositionIndices":[0]},{"count":1,"position":[{"x":-5.622000217437744,"y":-5.952000141143799,"z":0.0}],"usedFixedPositionIndices":[0]},{"count":1,"position":[{"x":-1.8940000534057618,"y":-5.811999797821045,"z":0.0}],"usedFixedPositionIndices":[0]},{"count":1,"position":[{"x":-4.923999786376953,"y":-0.16699999570846559,"z":0.0}],"usedFixedPositionIndices":[0]},{"count":1,"position":[{"x":-1.6299999952316285,"y":-5.093999862670898,"z":0.0}],"usedFixedPositionIndices":[0]}]},{"decorations":[{"count":1,"position":[{"x":-5.078999996185303,"y":-4.8480000495910648,"z":0.0}],"usedFixedPositionIndices":[0]},{"count":1,"position":[{"x":-8.795000076293946,"y":-5.801000118255615,"z":0.0}],"usedFixedPositionIndices":[0]},{"count":1,"position":[{"x":-1.7059999704360963,"y":-4.552000045776367,"z":0.0}],"usedFixedPositionIndices":[0]},{"count":1,"position":[{"x":-0.5299999713897705,"y":-3.559999942779541,"z":0.0}],"usedFixedPositionIndices":[0]},{"count":1,"position":[{"x":7.311999797821045,"y":-2.625,"z":0.0}],"usedFixedPositionIndices":[0]},{"count":1,"position":[{"x":-2.7339999675750734,"y":-3.4210000038146974,"z":0.0}],"usedFixedPositionIndices":[0]},{"count":1,"position":[{"x":4.446000099182129,"y":-3.7309999465942385,"z":0.0}],"usedFixedPositionIndices":[0]},{"count":1,"position":[{"x":11.241999626159668,"y":-5.052999973297119,"z":0.0}],"usedFixedPositionIndices":[0]},{"count":1,"position":[{"x":7.704999923706055,"y":-5.543000221252441,"z":0.0}],"usedFixedPositionIndices":[0]}]},{"decorations":[{"count":1,"position":[{"x":3.0,"y":-3.6040000915527345,"z":0.0}],"usedFixedPositionIndices":[0]},{"count":1,"position":[{"x":10.467000007629395,"y":-3.7049999237060549,"z":0.0}],"usedFixedPositionIndices":[0]},{"count":1,"position":[{"x":-5.781000137329102,"y":-6.315999984741211,"z":0.0}],"usedFixedPositionIndices":[0]},{"count":1,"position":[{"x":7.230000019073486,"y":-6.25600004196167,"z":0.0}],"usedFixedPositionIndices":[0]},{"count":1,"position":[{"x":3.7750000953674318,"y":-3.9760000705718996,"z":0.0}],"usedFixedPositionIndices":[0]},{"count":1,"position":[{"x":5.188000202178955,"y":-4.064000129699707,"z":0.0}],"usedFixedPositionIndices":[0]},{"count":1,"position":[{"x":1.718000054359436,"y":-4.269999980926514,"z":0.0}],"usedFixedPositionIndices":[0]},{"count":1,"position":[{"x":0.03799999877810478,"y":-5.131999969482422,"z":0.0}],"usedFixedPositionIndices":[0]},{"count":1,"position":[{"x":-3.686000108718872,"y":-4.853000164031982,"z":0.0}],"usedFixedPositionIndices":[0]}]},{"decorations":[{"count":1,"position":[{"x":8.881999969482422,"y":-4.376999855041504,"z":0.0}],"usedFixedPositionIndices":[0]},{"count":1,"position":[{"x":7.001999855041504,"y":-3.760999917984009,"z":0.0}],"usedFixedPositionIndices":[0]},{"count":1,"position":[{"x":-7.174499988555908,"y":-2.9212000370025636,"z":0.0}],"usedFixedPositionIndices":[0]},{"count":1,"position":[{"x":-10.42199993133545,"y":-4.026000022888184,"z":0.0}],"usedFixedPositionIndices":[0]},{"count":1,"position":[{"x":-0.7360000014305115,"y":-3.2739999294281008,"z":0.0}],"usedFixedPositionIndices":[0]},{"count":1,"position":[{"x":-4.052000045776367,"y":-3.2160000801086427,"z":0.0}],"usedFixedPositionIndices":[0]},{"count":1,"position":[{"x":4.86899995803833,"y":-2.552999973297119,"z":0.0}],"usedFixedPositionIndices":[0]},{"count":1,"position":[{"x":8.979999542236329,"y":-0.49000000953674319,"z":0.0}],"usedFixedPositionIndices":[0]},{"count":1,"position":[{"x":-9.914999961853028,"y":-3.2739999294281008,"z":0.0}],"usedFixedPositionIndices":[0]}]},{"decorations":[{"count":1,"position":[{"x":9.230999946594239,"y":-3.3989999294281008,"z":0.0}],"usedFixedPositionIndices":[0]},{"count":1,"position":[{"x":-10.02299976348877,"y":-3.609999895095825,"z":0.0}],"usedFixedPositionIndices":[0]},{"count":1,"position":[{"x":-4.591000080108643,"y":-3.494999885559082,"z":0.0}],"usedFixedPositionIndices":[0]},{"count":1,"position":[{"x":0.035999998450279239,"y":-4.181000232696533,"z":0.0}],"usedFixedPositionIndices":[0]},{"count":1,"position":[{"x":4.392000198364258,"y":-4.813000202178955,"z":0.0}],"usedFixedPositionIndices":[0]},{"count":1,"position":[{"x":4.2210001945495609,"y":-2.703000068664551,"z":0.0}],"usedFixedPositionIndices":[0]},{"count":1,"position":[{"x":6.031000137329102,"y":-3.8519999980926515,"z":0.0}],"usedFixedPositionIndices":[0]},{"count":1,"position":[{"x":8.237000465393067,"y":-2.4809999465942385,"z":0.0}],"usedFixedPositionIndices":[0]},{"count":1,"position":[{"x":-7.414999961853027,"y":-4.5970001220703129,"z":0.0}],"usedFixedPositionIndices":[0]}]},{"decorations":[{"count":1,"position":[{"x":-9.295000076293946,"y":-3.1670000553131105,"z":0.0}],"usedFixedPositionIndices":[0]},{"count":1,"position":[{"x":-5.973999977111816,"y":-3.177000045776367,"z":0.0}],"usedFixedPositionIndices":[0]},{"count":1,"position":[{"x":11.293999671936036,"y":-3.4119999408721926,"z":0.0}],"usedFixedPositionIndices":[0]},{"count":1,"position":[{"x":8.437000274658204,"y":-3.8389999866485597,"z":0.0}],"usedFixedPositionIndices":[0]},{"count":1,"position":[{"x":6.8420000076293949,"y":-4.420000076293945,"z":0.0}],"usedFixedPositionIndices":[0]},{"count":1,"position":[{"x":-5.900000095367432,"y":-5.063000202178955,"z":0.0}],"usedFixedPositionIndices":[0]},{"count":1,"position":[{"x":5.565999984741211,"y":-2.440999984741211,"z":0.0}],"usedFixedPositionIndices":[0]},{"count":1,"position":[{"x":0.34200000762939455,"y":-4.6519999504089359,"z":0.0}],"usedFixedPositionIndices":[0]},{"count":1,"position":[{"x":-4.052999973297119,"y":-4.256999969482422,"z":0.0}],"usedFixedPositionIndices":[0]}]},{"decorations":[{"count":1,"position":[{"x":-0.6330000162124634,"y":-6.624000072479248,"z":0.0}],"usedFixedPositionIndices":[0]},{"count":1,"position":[{"x":7.26800012588501,"y":-3.4200000762939455,"z":0.0}],"usedFixedPositionIndices":[0]},{"count":1,"position":[{"x":-6.906000137329102,"y":-3.5380001068115236,"z":0.0}],"usedFixedPositionIndices":[0]},{"count":1,"position":[{"x":-5.355000019073486,"y":-4.935999870300293,"z":0.0}],"usedFixedPositionIndices":[0]},{"count":1,"position":[{"x":4.828000068664551,"y":-3.4159998893737795,"z":0.0}],"usedFixedPositionIndices":[0]},{"count":1,"position":[{"x":-7.565999984741211,"y":-4.052999973297119,"z":0.0}],"usedFixedPositionIndices":[0]},{"count":1,"position":[{"x":2.2639999389648439,"y":-3.118000030517578,"z":0.0}],"usedFixedPositionIndices":[0]},{"count":1,"position":[{"x":3.503000020980835,"y":-4.014999866485596,"z":0.0}],"usedFixedPositionIndices":[0]},{"count":1,"position":[{"x":-3.260999917984009,"y":-5.00600004196167,"z":0.0}],"usedFixedPositionIndices":[0]}]}],"sceneTools":[{"tools":[{"equipedId":2,"unlockedList":[0,2]},{"equipedId":0,"unlockedList":[]},{"equipedId":3,"unlockedList":[0,3]},{"equipedId":3,"unlockedList":[0,3]},{"equipedId":3,"unlockedList":[0,3]},{"equipedId":3,"unlockedList":[0,3]},{"equipedId":3,"unlockedList":[0,3]}]},{"tools":[{"equipedId":0,"unlockedList":[]},{"equipedId":0,"unlockedList":[]}]},{"tools":[{"equipedId":0,"unlockedList":[]},{"equipedId":0,"unlockedList":[]}]},{"tools":[{"equipedId":0,"unlockedList":[]},{"equipedId":0,"unlockedList":[]}]},{"tools":[{"equipedId":0,"unlockedList":[]},{"equipedId":0,"unlockedList":[]}]},{"tools":[{"equipedId":0,"unlockedList":[]},{"equipedId":0,"unlockedList":[]}]},{"tools":[{"equipedId":0,"unlockedList":[]},{"equipedId":0,"unlockedList":[]}]},{"tools":[]},{"tools":[]},{"tools":[]},{"tools":[]},{"tools":[]},{"tools":[]},{"tools":[]},{"tools":[]},{"tools":[]},{"tools":[]},{"tools":[]},{"tools":[]},{"tools":[]},{"tools":[]},{"tools":[]},{"tools":[]},{"tools":[]},{"tools":[]},{"tools":[]},{"tools":[]},{"tools":[]},{"tools":[]},{"tools":[]},{"tools":[]},{"tools":[]},{"tools":[]},{"tools":[]},{"tools":[]},{"tools":[]},{"tools":[]},{"tools":[]},{"tools":[]},{"tools":[]},{"tools":[]},{"tools":[]},{"tools":[]},{"tools":[]},{"tools":[]},{"tools":[]},{"tools":[]}]}
UnityEngine.DebugLogHandler:Internal_Log(LogType, LogOption, String, Object)
UnityEngine.Logger:Log(LogType, Object)
UnityEngine.Debug:Log(Object)
BirdGame.SaveSystem:SaveData(String, T) (at E:/Unity/Projects/Work/FeatherLandNew/Assets/Scripts/New/Systems/ISaveSystem.cs:81)
BirdGame.SaveSystem:SaveData() (at E:/Unity/Projects/Work/FeatherLandNew/Assets/Scripts/New/Systems/ISaveSystem.cs:301)
BirdGame.BirdSystem:SyncBirdDataToSave() (at E:/Unity/Projects/Work/FeatherLandNew/Assets/Scripts/New/Systems/IBirdSystem.cs:119)
BirdGame.ExitConfirmPopup:ExitGame() (at E:/Unity/Projects/Work/FeatherLandNew/Assets/Scripts/New/ViewController/UI/Popups/ExitConfirmPopup.cs:124)
UnityEngine.Events.InvokableCall:Invoke(Object[])
UnityEngine.Events.UnityEvent:Invoke()
Unity.Collections.LowLevel.Unsafe.UnsafeText:get_Length() (at ./Library/PackageCache/com.unity.collections@56bff8827a7e/Unity.Collections/UnsafeText.cs:210)
UnityEngine.InputSystem.UI.InputSystemUIInputModule:ProcessPointerButton(ButtonState&, PointerEventData) (at ./Library/PackageCache/com.unity.inputsystem@be6c4fd0abf5/InputSystem/Plugins/UI/InputSystemUIInputModule.cs:744)
UnityEngine.InputSystem.UI.InputSystemUIInputModule:ProcessPointer(PointerModel&) (at ./Library/PackageCache/com.unity.inputsystem@be6c4fd0abf5/InputSystem/Plugins/UI/InputSystemUIInputModule.cs:489)
UnityEngine.InputSystem.UI.InputSystemUIInputModule:Process() (at ./Library/PackageCache/com.unity.inputsystem@be6c4fd0abf5/InputSystem/Plugins/UI/InputSystemUIInputModule.cs:2438)
UnityEngine.EventSystems.EventSystem:Update() (at ./Library/PackageCache/com.unity.ugui@aa507f3228f0/Runtime/UGUI/EventSystem/EventSystem.cs:530)

存档更新成功! {"screenMode":0,"gameLanguage":40,"autoFeeding":false}
UnityEngine.DebugLogHandler:Internal_Log(LogType, LogOption, String, Object)
UnityEngine.Logger:Log(LogType, Object)
UnityEngine.Debug:Log(Object)
BirdGame.SaveSystem:SaveData(String, T) (at E:/Unity/Projects/Work/FeatherLandNew/Assets/Scripts/New/Systems/ISaveSystem.cs:81)
BirdGame.SaveSystem:SaveData() (at E:/Unity/Projects/Work/FeatherLandNew/Assets/Scripts/New/Systems/ISaveSystem.cs:302)
BirdGame.BirdSystem:SyncBirdDataToSave() (at E:/Unity/Projects/Work/FeatherLandNew/Assets/Scripts/New/Systems/IBirdSystem.cs:119)
BirdGame.ExitConfirmPopup:ExitGame() (at E:/Unity/Projects/Work/FeatherLandNew/Assets/Scripts/New/ViewController/UI/Popups/ExitConfirmPopup.cs:124)
UnityEngine.Events.InvokableCall:Invoke(Object[])
UnityEngine.Events.UnityEvent:Invoke()
Unity.Collections.LowLevel.Unsafe.UnsafeText:get_Length() (at ./Library/PackageCache/com.unity.collections@56bff8827a7e/Unity.Collections/UnsafeText.cs:210)
UnityEngine.InputSystem.UI.InputSystemUIInputModule:ProcessPointerButton(ButtonState&, PointerEventData) (at ./Library/PackageCache/com.unity.inputsystem@be6c4fd0abf5/InputSystem/Plugins/UI/InputSystemUIInputModule.cs:744)
UnityEngine.InputSystem.UI.InputSystemUIInputModule:ProcessPointer(PointerModel&) (at ./Library/PackageCache/com.unity.inputsystem@be6c4fd0abf5/InputSystem/Plugins/UI/InputSystemUIInputModule.cs:489)
UnityEngine.InputSystem.UI.InputSystemUIInputModule:Process() (at ./Library/PackageCache/com.unity.inputsystem@be6c4fd0abf5/InputSystem/Plugins/UI/InputSystemUIInputModule.cs:2438)
UnityEngine.EventSystems.EventSystem:Update() (at ./Library/PackageCache/com.unity.ugui@aa507f3228f0/Runtime/UGUI/EventSystem/EventSystem.cs:530)

存档更新成功! {"bgmVolume":0.5,"effectVolume":0.5,"environmentVolume":0.5,"environmentVolumes":[1.0,0.6000000238418579,0.0,0.0,0.0,0.0,0.0],"likes":[false,false,false,false,false,false,false,false,false,false,false,false,false,false,false,false,false,false,false,false,false,false,false]}
UnityEngine.DebugLogHandler:Internal_Log(LogType, LogOption, String, Object)
UnityEngine.Logger:Log(LogType, Object)
UnityEngine.Debug:Log(Object)
BirdGame.SaveSystem:SaveData(String, T) (at E:/Unity/Projects/Work/FeatherLandNew/Assets/Scripts/New/Systems/ISaveSystem.cs:81)
BirdGame.SaveSystem:SaveData() (at E:/Unity/Projects/Work/FeatherLandNew/Assets/Scripts/New/Systems/ISaveSystem.cs:303)
BirdGame.BirdSystem:SyncBirdDataToSave() (at E:/Unity/Projects/Work/FeatherLandNew/Assets/Scripts/New/Systems/IBirdSystem.cs:119)
BirdGame.ExitConfirmPopup:ExitGame() (at E:/Unity/Projects/Work/FeatherLandNew/Assets/Scripts/New/ViewController/UI/Popups/ExitConfirmPopup.cs:124)
UnityEngine.Events.InvokableCall:Invoke(Object[])
UnityEngine.Events.UnityEvent:Invoke()
Unity.Collections.LowLevel.Unsafe.UnsafeText:get_Length() (at ./Library/PackageCache/com.unity.collections@56bff8827a7e/Unity.Collections/UnsafeText.cs:210)
UnityEngine.InputSystem.UI.InputSystemUIInputModule:ProcessPointerButton(ButtonState&, PointerEventData) (at ./Library/PackageCache/com.unity.inputsystem@be6c4fd0abf5/InputSystem/Plugins/UI/InputSystemUIInputModule.cs:744)
UnityEngine.InputSystem.UI.InputSystemUIInputModule:ProcessPointer(PointerModel&) (at ./Library/PackageCache/com.unity.inputsystem@be6c4fd0abf5/InputSystem/Plugins/UI/InputSystemUIInputModule.cs:489)
UnityEngine.InputSystem.UI.InputSystemUIInputModule:Process() (at ./Library/PackageCache/com.unity.inputsystem@be6c4fd0abf5/InputSystem/Plugins/UI/InputSystemUIInputModule.cs:2438)
UnityEngine.EventSystems.EventSystem:Update() (at ./Library/PackageCache/com.unity.ugui@aa507f3228f0/Runtime/UGUI/EventSystem/EventSystem.cs:530)

存档更新成功! {"currentMap":0,"mapBirds":[{"birdList":[{"birdType":6,"customName":"","isSmall":false,"currentExp":7.900000095367432,"currentFavorability":0,"totalFavorability":10,"petTime":0.0,"position":{"x":6.869999885559082,"y":2.509999990463257,"z":-0.008333176374435425},"walkArea":3,"isLocked":false,"isLiked":false,"individualEarningSmall":0.0,"individualEarningBig":0.3315541744232178,"individualPriceSmall":1.1220107078552247,"individualPriceBig":3.786337375640869},{"birdType":4,"customName":"","isSmall":false,"currentExp":13.499999046325684,"currentFavorability":0,"totalFavorability":10,"petTime":0.0,"position":{"x":-2.5899999141693117,"y":-0.8999999761581421,"z":-0.008333062753081322},"walkArea":3,"isLocked":false,"isLiked":false,"individualEarningSmall":0.0,"individualEarningBig":0.23276744782924653,"individualPriceSmall":1.1426973342895508,"individualPriceBig":3.9386491775512697},{"birdType":4,"customName":"东风","isSmall":false,"currentExp":12.799999237060547,"currentFavorability":0,"totalFavorability":10,"petTime":0.0,"position":{"x":-4.597348213195801,"y":2.6278505325317385,"z":-0.008333121426403523},"walkArea":3,"isLocked":false,"isLiked":false,"individualEarningSmall":0.0,"individualEarningBig":0.1425900012254715,"individualPriceSmall":0.699999988079071,"individualPriceBig":2.412760019302368},{"birdType":8,"customName":"Name","isSmall":false,"currentExp":10.69999885559082,"currentFavorability":0,"totalFavorability":10,"petTime":0.0,"position":{"x":-9.362279891967774,"y":1.3442745208740235,"z":-0.008332985453307629},"walkArea":3,"isLocked":false,"isLiked":false,"individualEarningSmall":0.0,"individualEarningBig":0.7481147050857544,"individualPriceSmall":1.1981337070465088,"individualPriceBig":3.3582489490509035},{"birdType":22,"customName":"","isSmall":false,"currentExp":6.199999809265137,"currentFavorability":0,"totalFavorability":10,"petTime":0.0,"position":{"x":-6.031586170196533,"y":3.673198699951172,"z":-0.00833311676979065},"walkArea":3,"isLocked":false,"isLiked":false,"individualEarningSmall":0.0,"individualEarningBig":0.333662211894989,"individualPriceSmall":1.129144549369812,"individualPriceBig":3.810411214828491},{"birdType":0,"customName":"","isSmall":false,"currentExp":8.0,"currentFavorability":1,"totalFavorability":10,"petTime":0.0,"position":{"x":-1.5447187423706055,"y":1.4288029670715333,"z":-0.008332966826856137},"walkArea":3,"isLocked":false,"isLiked":false,"individualEarningSmall":0.0,"individualEarningBig":0.11322608590126038,"individualPriceSmall":0.8603805303573608,"individualPriceBig":3.1049411296844484},{"birdType":0,"customName":"","isSmall":false,"currentExp":8.0,"currentFavorability":0,"totalFavorability":10,"petTime":0.0,"position":{"x":4.485339164733887,"y":-1.4524657726287842,"z":-0.008333015255630017},"walkArea":3,"isLocked":false,"isLiked":false,"individualEarningSmall":0.0,"individualEarningBig":0.11476030200719834,"individualPriceSmall":0.872038722038269,"individualPriceBig":3.1470131874084474},{"birdType":1,"customName":"","isSmall":false,"currentExp":6.799999237060547,"currentFavorability":0,"totalFavorability":10,"petTime":0.0,"position":{"x":8.300000190734864,"y":2.4700000286102297,"z":-0.00833314098417759},"walkArea":3,"isLocked":false,"isLiked":false,"individualEarningSmall":0.0,"individualEarningBig":0.4954576790332794,"individualPriceSmall":1.2953141927719117,"individualPriceBig":5.338507652282715},{"birdType":3,"customName":"","isSmall":false,"currentExp":12.799999237060547,"currentFavorability":0,"totalFavorability":10,"petTime":0.0,"position":{"x":-6.232465744018555,"y":-4.399507999420166,"z":-0.008333137258887291},"walkArea":3,"isLocked":false,"isLiked":false,"individualEarningSmall":0.0,"individualEarningBig":0.6333059668540955,"individualPriceSmall":1.003495454788208,"individualPriceBig":2.842902660369873}],"eggList":[]},{"birdList":[],"eggList":[]},{"birdList":[],"eggList":[]},{"birdList":[{"birdType":104,"customName":"","isSmall":false,"currentExp":5.399999618530273,"currentFavorability":0,"totalFavorability":10,"petTime":0.0,"position":{"x":-14.417302131652832,"y":4.948995590209961,"z":0.0},"walkArea":3,"isLocked":false,"isLiked":false,"individualEarningSmall":1.8780474662780762,"individualEarningBig":3.7560949325561525,"individualPriceSmall":18.780475616455079,"individualPriceBig":37.560951232910159},{"birdType":107,"customName":"","isSmall":false,"currentExp":6.59999942779541,"currentFavorability":0,"totalFavorability":10,"petTime":0.0,"position":{"x":1.4567044973373414,"y":-4.687337398529053,"z":-0.008332997560501099},"walkArea":3,"isLocked":false,"isLiked":false,"individualEarningSmall":1.8152717351913453,"individualEarningBig":3.6305434703826906,"individualPriceSmall":18.15271759033203,"individualPriceBig":36.30543518066406},{"birdType":103,"customName":"","isSmall":false,"currentExp":5.399999618530273,"currentFavorability":0,"totalFavorability":10,"petTime":0.0,"position":{"x":-1.5584431886672974,"y":4.005739212036133,"z":0.0},"walkArea":3,"isLocked":false,"isLiked":false,"individualEarningSmall":1.561602234840393,"individualEarningBig":3.123204469680786,"individualPriceSmall":15.616022109985352,"individualPriceBig":31.232044219970704},{"birdType":106,"customName":"","isSmall":false,"currentExp":5.09999942779541,"currentFavorability":0,"totalFavorability":10,"petTime":0.0,"position":{"x":-9.50351333618164,"y":-2.493860960006714,"z":-0.008333259262144566},"walkArea":3,"isLocked":false,"isLiked":false,"individualEarningSmall":1.7535322904586793,"individualEarningBig":3.5070645809173586,"individualPriceSmall":17.535322189331056,"individualPriceBig":35.07064437866211},{"birdType":108,"customName":"","isSmall":false,"currentExp":5.399999618530273,"currentFavorability":0,"totalFavorability":10,"petTime":0.0,"position":{"x":-7.89390230178833,"y":-6.658735275268555,"z":-0.008332762867212296},"walkArea":3,"isLocked":false,"isLiked":false,"individualEarningSmall":1.9256235361099244,"individualEarningBig":3.8512470722198488,"individualPriceSmall":19.256235122680665,"individualPriceBig":38.51247024536133},{"birdType":110,"customName":"","isSmall":false,"currentExp":5.399999618530273,"currentFavorability":0,"totalFavorability":10,"petTime":0.0,"position":{"x":7.046296119689941,"y":-6.399570941925049,"z":-0.008332793600857258},"walkArea":3,"isLocked":false,"isLiked":false,"individualEarningSmall":2.4392809867858888,"individualEarningBig":4.878561973571777,"individualPriceSmall":24.392810821533204,"individualPriceBig":48.785621643066409},{"birdType":112,"customName":"","isSmall":false,"currentExp":7.299999713897705,"currentFavorability":0,"totalFavorability":10,"petTime":0.0,"position":{"x":0.7106655240058899,"y":-4.734823226928711,"z":-0.008332970552146435},"walkArea":3,"isLocked":false,"isLiked":false,"individualEarningSmall":1.864689826965332,"individualEarningBig":3.729379653930664,"individualPriceSmall":18.64689826965332,"individualPriceBig":37.29379653930664}],"eggList":[]},{"birdList":[{"birdType":175,"customName":"","isSmall":false,"currentExp":8.0,"currentFavorability":0,"totalFavorability":10,"petTime":0.0,"position":{"x":-1.4288731813430787,"y":-4.299719333648682,"z":-0.008332355879247189},"walkArea":3,"isLocked":false,"isLiked":false,"individualEarningSmall":1.9007474184036255,"individualEarningBig":3.801494836807251,"individualPriceSmall":19.007474899291993,"individualPriceBig":38.014949798583987},{"birdType":175,"customName":"dd大王大大","isSmall":false,"currentExp":8.0,"currentFavorability":0,"totalFavorability":10,"petTime":0.0,"position":{"x":-0.8149594664573669,"y":-5.646392345428467,"z":-0.00833219476044178},"walkArea":3,"isLocked":false,"isLiked":false,"individualEarningSmall":1.9653184413909913,"individualEarningBig":3.9306368827819826,"individualPriceSmall":19.65318489074707,"individualPriceBig":39.30636978149414},{"birdType":175,"customName":"","isSmall":true,"currentExp":4.0,"currentFavorability":0,"totalFavorability":10,"petTime":0.0,"position":{"x":-2.147266387939453,"y":-6.371921539306641,"z":-0.00833210814744234},"walkArea":3,"isLocked":false,"isLiked":false,"individualEarningSmall":2.124931573867798,"individualEarningBig":4.249863147735596,"individualPriceSmall":21.24931526184082,"individualPriceBig":42.49863052368164}],"eggList":[]},{"birdList":[],"eggList":[]},{"birdList":[{"birdType":149,"customName":"","isSmall":true,"currentExp":4.999999523162842,"currentFavorability":0,"totalFavorability":10,"petTime":0.0,"position":{"x":-3.8591408729553224,"y":-5.064144611358643,"z":-0.008333046920597554},"walkArea":3,"isLocked":false,"isLiked":false,"individualEarningSmall":1.813062071800232,"individualEarningBig":3.626124143600464,"individualPriceSmall":18.1306209564209,"individualPriceBig":36.2612419128418},{"birdType":143,"customName":"","isSmall":true,"currentExp":3.799999952316284,"currentFavorability":0,"totalFavorability":10,"petTime":0.0,"position":{"x":-3.5104215145111086,"y":-5.176079273223877,"z":-0.008333032950758934},"walkArea":3,"isLocked":false,"isLiked":false,"individualEarningSmall":2.554572343826294,"individualEarningBig":5.109144687652588,"individualPriceSmall":25.54572296142578,"individualPriceBig":51.09144592285156},{"birdType":152,"customName":"","isSmall":true,"currentExp":3.799999952316284,"currentFavorability":0,"totalFavorability":10,"petTime":0.0,"position":{"x":0.8844959139823914,"y":-6.578341484069824,"z":-0.008332866244018078},"walkArea":3,"isLocked":false,"isLiked":false,"individualEarningSmall":2.0054216384887697,"individualEarningBig":4.010843276977539,"individualPriceSmall":20.054216384887697,"individualPriceBig":40.10843276977539},{"birdType":153,"customName":"","isSmall":true,"currentExp":2.5999999046325685,"currentFavorability":0,"totalFavorability":10,"petTime":0.0,"position":{"x":-9.791823387145996,"y":-4.682042121887207,"z":-0.00833309255540371},"walkArea":3,"isLocked":false,"isLiked":false,"individualEarningSmall":1.6150236129760743,"individualEarningBig":3.2300472259521486,"individualPriceSmall":16.150236129760743,"individualPriceBig":32.300472259521487},{"birdType":153,"customName":"","isSmall":false,"currentExp":6.09999942779541,"currentFavorability":1,"totalFavorability":10,"petTime":0.0,"position":{"x":4.968640327453613,"y":-4.427706241607666,"z":-0.008333122357726097},"walkArea":3,"isLocked":false,"isLiked":false,"individualEarningSmall":2.5999999046325685,"individualEarningBig":5.199999809265137,"individualPriceSmall":26.0,"individualPriceBig":52.0},{"birdType":146,"customName":"","isSmall":true,"currentExp":3.8000001907348635,"currentFavorability":0,"totalFavorability":10,"petTime":0.0,"position":{"x":-1.979180097579956,"y":-5.368754863739014,"z":-0.008333010599017144},"walkArea":3,"isLocked":false,"isLiked":false,"individualEarningSmall":2.036853313446045,"individualEarningBig":4.07370662689209,"individualPriceSmall":20.368534088134767,"individualPriceBig":40.73706817626953},{"birdType":158,"customName":"","isSmall":true,"currentExp":2.5999999046325685,"currentFavorability":0,"totalFavorability":10,"petTime":0.0,"position":{"x":-0.3571549952030182,"y":-4.953015327453613,"z":-0.008333059959113598},"walkArea":3,"isLocked":false,"isLiked":false,"individualEarningSmall":1.7796984910964966,"individualEarningBig":3.559396982192993,"individualPriceSmall":17.796985626220704,"individualPriceBig":35.593971252441409},{"birdType":159,"customName":"","isSmall":true,"currentExp":2.6000001430511476,"currentFavorability":0,"totalFavorability":10,"petTime":0.0,"position":{"x":-2.4624650478363039,"y":-7.1829142570495609,"z":-0.008332794532179833},"walkArea":3,"isLocked":false,"isLiked":false,"individualEarningSmall":2.2674715518951418,"individualEarningBig":4.534943103790283,"individualPriceSmall":22.674715042114259,"individualPriceBig":45.349430084228519},{"birdType":159,"customName":"","isSmall":true,"currentExp":2.5999999046325685,"currentFavorability":0,"totalFavorability":10,"petTime":0.0,"position":{"x":-3.9072117805480959,"y":-7.037635803222656,"z":-0.008332811295986176},"walkArea":3,"isLocked":false,"isLiked":false,"individualEarningSmall":2.330002546310425,"individualEarningBig":4.66000509262085,"individualPriceSmall":23.300025939941408,"individualPriceBig":46.60005187988281},{"birdType":169,"customName":"","isSmall":true,"currentExp":2.5999999046325685,"currentFavorability":0,"totalFavorability":10,"petTime":0.0,"position":{"x":1.641507625579834,"y":-6.975435733795166,"z":-0.008332818746566773},"walkArea":3,"isLocked":false,"isLiked":false,"individualEarningSmall":2.364591121673584,"individualEarningBig":4.729182243347168,"individualPriceSmall":23.645912170410158,"individualPriceBig":47.29182434082031},{"birdType":162,"customName":"","isSmall":true,"currentExp":2.5999999046325685,"currentFavorability":0,"totalFavorability":10,"petTime":0.0,"position":{"x":-8.290355682373047,"y":-4.560437202453613,"z":-0.008333106525242329},"walkArea":3,"isLocked":false,"isLiked":false,"individualEarningSmall":2.158118963241577,"individualEarningBig":4.316237926483154,"individualPriceSmall":21.58119010925293,"individualPriceBig":43.16238021850586},{"birdType":163,"customName":"","isSmall":true,"currentExp":2.5999999046325685,"currentFavorability":0,"totalFavorability":10,"petTime":0.0,"position":{"x":3.329418182373047,"y":-4.5693464279174809,"z":-0.008333105593919754},"walkArea":3,"isLocked":false,"isLiked":false,"individualEarningSmall":1.5868529081344605,"individualEarningBig":3.173705816268921,"individualPriceSmall":15.868529319763184,"individualPriceBig":31.737058639526368}],"eggList":[]}],"addedBirdCountList":[0,0,0,0,0,0,0]}
UnityEngine.DebugLogHandler:Internal_Log(LogType, LogOption, String, Object)
UnityEngine.Logger:Log(LogType, Object)
UnityEngine.Debug:Log(Object)
BirdGame.SaveSystem:SaveData(String, T) (at E:/Unity/Projects/Work/FeatherLandNew/Assets/Scripts/New/Systems/ISaveSystem.cs:81)
BirdGame.SaveSystem:SaveData() (at E:/Unity/Projects/Work/FeatherLandNew/Assets/Scripts/New/Systems/ISaveSystem.cs:304)
BirdGame.BirdSystem:SyncBirdDataToSave() (at E:/Unity/Projects/Work/FeatherLandNew/Assets/Scripts/New/Systems/IBirdSystem.cs:119)
BirdGame.ExitConfirmPopup:ExitGame() (at E:/Unity/Projects/Work/FeatherLandNew/Assets/Scripts/New/ViewController/UI/Popups/ExitConfirmPopup.cs:124)
UnityEngine.Events.InvokableCall:Invoke(Object[])
UnityEngine.Events.UnityEvent:Invoke()
Unity.Collections.LowLevel.Unsafe.UnsafeText:get_Length() (at ./Library/PackageCache/com.unity.collections@56bff8827a7e/Unity.Collections/UnsafeText.cs:210)
UnityEngine.InputSystem.UI.InputSystemUIInputModule:ProcessPointerButton(ButtonState&, PointerEventData) (at ./Library/PackageCache/com.unity.inputsystem@be6c4fd0abf5/InputSystem/Plugins/UI/InputSystemUIInputModule.cs:744)
UnityEngine.InputSystem.UI.InputSystemUIInputModule:ProcessPointer(PointerModel&) (at ./Library/PackageCache/com.unity.inputsystem@be6c4fd0abf5/InputSystem/Plugins/UI/InputSystemUIInputModule.cs:489)
UnityEngine.InputSystem.UI.InputSystemUIInputModule:Process() (at ./Library/PackageCache/com.unity.inputsystem@be6c4fd0abf5/InputSystem/Plugins/UI/InputSystemUIInputModule.cs:2438)
UnityEngine.EventSystems.EventSystem:Update() (at ./Library/PackageCache/com.unity.ugui@aa507f3228f0/Runtime/UGUI/EventSystem/EventSystem.cs:530)

存档更新成功! {"bookList":[{"noteText":"ddwd111的娃娃大王"}]}
UnityEngine.DebugLogHandler:Internal_Log(LogType, LogOption, String, Object)
UnityEngine.Logger:Log(LogType, Object)
UnityEngine.Debug:Log(Object)
BirdGame.SaveSystem:SaveData(String, T) (at E:/Unity/Projects/Work/FeatherLandNew/Assets/Scripts/New/Systems/ISaveSystem.cs:81)
BirdGame.SaveSystem:SaveData() (at E:/Unity/Projects/Work/FeatherLandNew/Assets/Scripts/New/Systems/ISaveSystem.cs:305)
BirdGame.BirdSystem:SyncBirdDataToSave() (at E:/Unity/Projects/Work/FeatherLandNew/Assets/Scripts/New/Systems/IBirdSystem.cs:119)
BirdGame.ExitConfirmPopup:ExitGame() (at E:/Unity/Projects/Work/FeatherLandNew/Assets/Scripts/New/ViewController/UI/Popups/ExitConfirmPopup.cs:124)
UnityEngine.Events.InvokableCall:Invoke(Object[])
UnityEngine.Events.UnityEvent:Invoke()
Unity.Collections.LowLevel.Unsafe.UnsafeText:get_Length() (at ./Library/PackageCache/com.unity.collections@56bff8827a7e/Unity.Collections/UnsafeText.cs:210)
UnityEngine.InputSystem.UI.InputSystemUIInputModule:ProcessPointerButton(ButtonState&, PointerEventData) (at ./Library/PackageCache/com.unity.inputsystem@be6c4fd0abf5/InputSystem/Plugins/UI/InputSystemUIInputModule.cs:744)
UnityEngine.InputSystem.UI.InputSystemUIInputModule:ProcessPointer(PointerModel&) (at ./Library/PackageCache/com.unity.inputsystem@be6c4fd0abf5/InputSystem/Plugins/UI/InputSystemUIInputModule.cs:489)
UnityEngine.InputSystem.UI.InputSystemUIInputModule:Process() (at ./Library/PackageCache/com.unity.inputsystem@be6c4fd0abf5/InputSystem/Plugins/UI/InputSystemUIInputModule.cs:2438)
UnityEngine.EventSystems.EventSystem:Update() (at ./Library/PackageCache/com.unity.ugui@aa507f3228f0/Runtime/UGUI/EventSystem/EventSystem.cs:530)

存档更新成功! {"scheduleList":[{"scheduleText":"","isCompleted":false}]}
UnityEngine.DebugLogHandler:Internal_Log(LogType, LogOption, String, Object)
UnityEngine.Logger:Log(LogType, Object)
UnityEngine.Debug:Log(Object)
BirdGame.SaveSystem:SaveData(String, T) (at E:/Unity/Projects/Work/FeatherLandNew/Assets/Scripts/New/Systems/ISaveSystem.cs:81)
BirdGame.SaveSystem:SaveData() (at E:/Unity/Projects/Work/FeatherLandNew/Assets/Scripts/New/Systems/ISaveSystem.cs:306)
BirdGame.BirdSystem:SyncBirdDataToSave() (at E:/Unity/Projects/Work/FeatherLandNew/Assets/Scripts/New/Systems/IBirdSystem.cs:119)
BirdGame.ExitConfirmPopup:ExitGame() (at E:/Unity/Projects/Work/FeatherLandNew/Assets/Scripts/New/ViewController/UI/Popups/ExitConfirmPopup.cs:124)
UnityEngine.Events.InvokableCall:Invoke(Object[])
UnityEngine.Events.UnityEvent:Invoke()
Unity.Collections.LowLevel.Unsafe.UnsafeText:get_Length() (at ./Library/PackageCache/com.unity.collections@56bff8827a7e/Unity.Collections/UnsafeText.cs:210)
UnityEngine.InputSystem.UI.InputSystemUIInputModule:ProcessPointerButton(ButtonState&, PointerEventData) (at ./Library/PackageCache/com.unity.inputsystem@be6c4fd0abf5/InputSystem/Plugins/UI/InputSystemUIInputModule.cs:744)
UnityEngine.InputSystem.UI.InputSystemUIInputModule:ProcessPointer(PointerModel&) (at ./Library/PackageCache/com.unity.inputsystem@be6c4fd0abf5/InputSystem/Plugins/UI/InputSystemUIInputModule.cs:489)
UnityEngine.InputSystem.UI.InputSystemUIInputModule:Process() (at ./Library/PackageCache/com.unity.inputsystem@be6c4fd0abf5/InputSystem/Plugins/UI/InputSystemUIInputModule.cs:2438)
UnityEngine.EventSystems.EventSystem:Update() (at ./Library/PackageCache/com.unity.ugui@aa507f3228f0/Runtime/UGUI/EventSystem/EventSystem.cs:530)

存档更新成功! {"birds":[4,3,6,1,22,8,0,104,107,103,106,108,110,112,149,143,152,153,146,158,159,169,162,163,175,176,177,178,179,180,181,182,183,184,185,186,190,191,192,187,188,189,196,199,200,202]}
UnityEngine.DebugLogHandler:Internal_Log(LogType, LogOption, String, Object)
UnityEngine.Logger:Log(LogType, Object)
UnityEngine.Debug:Log(Object)
BirdGame.SaveSystem:SaveData(String, T) (at E:/Unity/Projects/Work/FeatherLandNew/Assets/Scripts/New/Systems/ISaveSystem.cs:81)
BirdGame.BirdSystem:SyncBirdDataToSave() (at E:/Unity/Projects/Work/FeatherLandNew/Assets/Scripts/New/Systems/IBirdSystem.cs:119)
BirdGame.ExitConfirmPopup:ExitGame() (at E:/Unity/Projects/Work/FeatherLandNew/Assets/Scripts/New/ViewController/UI/Popups/ExitConfirmPopup.cs:124)
UnityEngine.Events.InvokableCall:Invoke(Object[])
UnityEngine.Events.UnityEvent:Invoke()
Unity.Collections.LowLevel.Unsafe.UnsafeText:get_Length() (at ./Library/PackageCache/com.unity.collections@56bff8827a7e/Unity.Collections/UnsafeText.cs:210)
UnityEngine.InputSystem.UI.InputSystemUIInputModule:ProcessPointerButton(ButtonState&, PointerEventData) (at ./Library/PackageCache/com.unity.inputsystem@be6c4fd0abf5/InputSystem/Plugins/UI/InputSystemUIInputModule.cs:744)
UnityEngine.InputSystem.UI.InputSystemUIInputModule:ProcessPointer(PointerModel&) (at ./Library/PackageCache/com.unity.inputsystem@be6c4fd0abf5/InputSystem/Plugins/UI/InputSystemUIInputModule.cs:489)
UnityEngine.InputSystem.UI.InputSystemUIInputModule:Process() (at ./Library/PackageCache/com.unity.inputsystem@be6c4fd0abf5/InputSystem/Plugins/UI/InputSystemUIInputModule.cs:2438)
UnityEngine.EventSystems.EventSystem:Update() (at ./Library/PackageCache/com.unity.ugui@aa507f3228f0/Runtime/UGUI/EventSystem/EventSystem.cs:530)

