Input System module state changed to: Initialized.
[Physics::Module] Initialized fallback backend.
[Physics::Module] Id: 0xdecafbad
Loading player data from E:/New folder (3)/featherlandunit_Data/data.unity3d
Initialize engine version: 6000.0.58f2 (92dee566b325)
[Subsystems] Discovering subsystems at path E:/New folder (3)/featherlandunit_Data/UnitySubsystems
kGfxThreadingModeSplitJobs is not supported on Direct3D 11. Reverting to kGfxThreadingModeClientWorkerJobs instead.
GfxDevice: creating device client; kGfxThreadingModeClientWorkerJobs
Direct3D:
    Version:  Direct3D 11.0 [level 11.1]
    Renderer: NVIDIA GeForce RTX 4090 Laptop GPU (ID=0x2757)
    Vendor:   NVIDIA
    VRAM:     16050 MB
    Driver:   32.0.15.7680
<RI> Initializing input.
Using Windows.Gaming.Input
<RI> Input initialized.
UnloadTime: 2.746200 ms
Odin Serializer ArchitectureInfo initialization with defaults (all unaligned read/writes disabled).
UnityEngine.DebugLogHandler:Internal_Log(LogType, LogOption, String, Object)
UnityEngine.Logger:Log(LogType, Object)
UnityEngine.Debug:Log(Object)
Sirenix.Serialization.UnitySerializationInitializer:Initialize()

Odin Serializer detected whitelisted runtime platform WindowsPlayer and memory read test succeeded; enabling all unaligned memory read/writes.
UnityEngine.DebugLogHandler:Internal_Log(LogType, LogOption, String, Object)
UnityEngine.Logger:Log(LogType, Object)
UnityEngine.Debug:Log(Object)
Sirenix.Serialization.ArchitectureInfo:SetRuntimePlatform(RuntimePlatform)
Sirenix.Serialization.UnitySerializationInitializer:Initialize()

SteamAPI initialized successfully!
UnityEngine.DebugLogHandler:Internal_Log(LogType, LogOption, String, Object)
UnityEngine.Logger:Log(LogType, Object)
UnityEngine.Debug:Log(Object)
BirdGame.SteamSystem:OnInit() (at E:/Unity/Projects/Work/FeatherLandNew/Assets/Scripts/New/Systems/ISteamSystem.cs:27)
QFramework.Architecture`1:MakeSureArchitecture() (at E:/Unity/Projects/Work/FeatherLandNew/Assets/QFramework/Framework/Scripts/QFramework.cs:104)
QFramework.Architecture`1:get_Interface() (at E:/Unity/Projects/Work/FeatherLandNew/Assets/QFramework/Framework/Scripts/QFramework.cs:80)
QFramework.CanRegisterEventExtension:RegisterEvent(ICanRegisterEvent, Action`1) (at E:/Unity/Projects/Work/FeatherLandNew/Assets/QFramework/Framework/Scripts/QFramework.cs:402)
BirdGame.GameEntry:Start() (at E:/Unity/Projects/Work/FeatherLandNew/Assets/Scripts/New/ViewController/Game/GameEntry.cs:50)

Player's name: fuleo2400
UnityEngine.DebugLogHandler:Internal_Log(LogType, LogOption, String, Object)
UnityEngine.Logger:Log(LogType, Object)
UnityEngine.Debug:Log(Object)
BirdGame.SteamSystem:OnInit() (at E:/Unity/Projects/Work/FeatherLandNew/Assets/Scripts/New/Systems/ISteamSystem.cs:30)
QFramework.Architecture`1:MakeSureArchitecture() (at E:/Unity/Projects/Work/FeatherLandNew/Assets/QFramework/Framework/Scripts/QFramework.cs:104)
QFramework.Architecture`1:get_Interface() (at E:/Unity/Projects/Work/FeatherLandNew/Assets/QFramework/Framework/Scripts/QFramework.cs:80)
QFramework.CanRegisterEventExtension:RegisterEvent(ICanRegisterEvent, Action`1) (at E:/Unity/Projects/Work/FeatherLandNew/Assets/QFramework/Framework/Scripts/QFramework.cs:402)
BirdGame.GameEntry:Start() (at E:/Unity/Projects/Work/FeatherLandNew/Assets/Scripts/New/ViewController/Game/GameEntry.cs:50)

RenderGraph is now enabled.
UnityEngine.DebugLogHandler:Internal_Log(LogType, LogOption, String, Object)
UnityEngine.Logger:Log(LogType, Object)
UnityEngine.Debug:Log(Object)
UnityEngine.Rendering.Universal.UniversalRenderPipeline:.ctor(UniversalRenderPipelineAsset) (at ./Library/PackageCache/com.unity.render-pipelines.universal@e1fa89d1f997/Runtime/UniversalRenderPipeline.cs:259)
UnityEngine.Rendering.Universal.UniversalRenderPipelineAsset:CreatePipeline() (at ./Library/PackageCache/com.unity.render-pipelines.universal@e1fa89d1f997/Runtime/Data/UniversalRenderPipelineAsset.cs:793)
UnityEngine.Rendering.RenderPipelineAsset:InternalCreatePipeline()
UnityEngine.Rendering.RenderPipelineManager:TryPrepareRenderPipeline(RenderPipelineAsset)
UnityEngine.Rendering.RenderPipelineManager:DoRenderLoop_Internal(RenderPipelineAsset, IntPtr, Object)

LocalizationConfig加载完成，包含 8 种语言:
UnityEngine.DebugLogHandler:Internal_Log(LogType, LogOption, String, Object)
UnityEngine.Logger:Log(LogType, Object)
UnityEngine.Debug:Log(Object)
BirdGame.LoadGameCommand:OnLocalizationConfigComplete(LocalizationConfig) (at E:/Unity/Projects/Work/FeatherLandNew/Assets/Scripts/New/Commands/LoadGameCommand.cs:89)
UnityEngine.UI.CoroutineTween.FloatTween:get_duration() (at ./Library/PackageCache/com.unity.ugui@aa507f3228f0/Runtime/UGUI/UI/Animation/CoroutineTween.cs:142)
System.Threading.ExecutionContext:RunInternal(ExecutionContext, ContextCallback, Object, Boolean)
System.Runtime.CompilerServices.MoveNextRunner:Run()
Cysharp.Threading.Tasks.Awaiter:GetResult() (at E:/Unity/Projects/Work/FeatherLandNew/Assets/Plugins/UniTask/Runtime/UniTask.cs:317)
Cysharp.Threading.Tasks.Internal.ContinuationQueue:RunCore() (at E:/Unity/Projects/Work/FeatherLandNew/Assets/Plugins/UniTask/Runtime/Internal/ContinuationQueue.cs:194)

  - English: 357 个翻译条目
UnityEngine.DebugLogHandler:Internal_Log(LogType, LogOption, String, Object)
UnityEngine.Logger:Log(LogType, Object)
UnityEngine.Debug:Log(Object)
BirdGame.LoadGameCommand:OnLocalizationConfigComplete(LocalizationConfig) (at E:/Unity/Projects/Work/FeatherLandNew/Assets/Scripts/New/Commands/LoadGameCommand.cs:92)
UnityEngine.UI.CoroutineTween.FloatTween:get_duration() (at ./Library/PackageCache/com.unity.ugui@aa507f3228f0/Runtime/UGUI/UI/Animation/CoroutineTween.cs:142)
System.Threading.ExecutionContext:RunInternal(ExecutionContext, ContextCallback, Object, Boolean)
System.Runtime.CompilerServices.MoveNextRunner:Run()
Cysharp.Threading.Tasks.Awaiter:GetResult() (at E:/Unity/Projects/Work/FeatherLandNew/Assets/Plugins/UniTask/Runtime/UniTask.cs:317)
Cysharp.Threading.Tasks.Internal.ContinuationQueue:RunCore() (at E:/Unity/Projects/Work/FeatherLandNew/Assets/Plugins/UniTask/Runtime/Internal/ContinuationQueue.cs:194)

  - ChineseSimplified: 357 个翻译条目
UnityEngine.DebugLogHandler:Internal_Log(LogType, LogOption, String, Object)
UnityEngine.Logger:Log(LogType, Object)
UnityEngine.Debug:Log(Object)
BirdGame.LoadGameCommand:OnLocalizationConfigComplete(LocalizationConfig) (at E:/Unity/Projects/Work/FeatherLandNew/Assets/Scripts/New/Commands/LoadGameCommand.cs:92)
UnityEngine.UI.CoroutineTween.FloatTween:get_duration() (at ./Library/PackageCache/com.unity.ugui@aa507f3228f0/Runtime/UGUI/UI/Animation/CoroutineTween.cs:142)
System.Threading.ExecutionContext:RunInternal(ExecutionContext, ContextCallback, Object, Boolean)
System.Runtime.CompilerServices.MoveNextRunner:Run()
Cysharp.Threading.Tasks.Awaiter:GetResult() (at E:/Unity/Projects/Work/FeatherLandNew/Assets/Plugins/UniTask/Runtime/UniTask.cs:317)
Cysharp.Threading.Tasks.Internal.ContinuationQueue:RunCore() (at E:/Unity/Projects/Work/FeatherLandNew/Assets/Plugins/UniTask/Runtime/Internal/ContinuationQueue.cs:194)

  - ChineseTraditional: 357 个翻译条目
UnityEngine.DebugLogHandler:Internal_Log(LogType, LogOption, String, Object)
UnityEngine.Logger:Log(LogType, Object)
UnityEngine.Debug:Log(Object)
BirdGame.LoadGameCommand:OnLocalizationConfigComplete(LocalizationConfig) (at E:/Unity/Projects/Work/FeatherLandNew/Assets/Scripts/New/Commands/LoadGameCommand.cs:92)
UnityEngine.UI.CoroutineTween.FloatTween:get_duration() (at ./Library/PackageCache/com.unity.ugui@aa507f3228f0/Runtime/UGUI/UI/Animation/CoroutineTween.cs:142)
System.Threading.ExecutionContext:RunInternal(ExecutionContext, ContextCallback, Object, Boolean)
System.Runtime.CompilerServices.MoveNextRunner:Run()
Cysharp.Threading.Tasks.Awaiter:GetResult() (at E:/Unity/Projects/Work/FeatherLandNew/Assets/Plugins/UniTask/Runtime/UniTask.cs:317)
Cysharp.Threading.Tasks.Internal.ContinuationQueue:RunCore() (at E:/Unity/Projects/Work/FeatherLandNew/Assets/Plugins/UniTask/Runtime/Internal/ContinuationQueue.cs:194)

  - Japanese: 357 个翻译条目
UnityEngine.DebugLogHandler:Internal_Log(LogType, LogOption, String, Object)
UnityEngine.Logger:Log(LogType, Object)
UnityEngine.Debug:Log(Object)
BirdGame.LoadGameCommand:OnLocalizationConfigComplete(LocalizationConfig) (at E:/Unity/Projects/Work/FeatherLandNew/Assets/Scripts/New/Commands/LoadGameCommand.cs:92)
UnityEngine.UI.CoroutineTween.FloatTween:get_duration() (at ./Library/PackageCache/com.unity.ugui@aa507f3228f0/Runtime/UGUI/UI/Animation/CoroutineTween.cs:142)
System.Threading.ExecutionContext:RunInternal(ExecutionContext, ContextCallback, Object, Boolean)
System.Runtime.CompilerServices.MoveNextRunner:Run()
Cysharp.Threading.Tasks.Awaiter:GetResult() (at E:/Unity/Projects/Work/FeatherLandNew/Assets/Plugins/UniTask/Runtime/UniTask.cs:317)
Cysharp.Threading.Tasks.Internal.ContinuationQueue:RunCore() (at E:/Unity/Projects/Work/FeatherLandNew/Assets/Plugins/UniTask/Runtime/Internal/ContinuationQueue.cs:194)

  - Korean: 357 个翻译条目
UnityEngine.DebugLogHandler:Internal_Log(LogType, LogOption, String, Object)
UnityEngine.Logger:Log(LogType, Object)
UnityEngine.Debug:Log(Object)
BirdGame.LoadGameCommand:OnLocalizationConfigComplete(LocalizationConfig) (at E:/Unity/Projects/Work/FeatherLandNew/Assets/Scripts/New/Commands/LoadGameCommand.cs:92)
UnityEngine.UI.CoroutineTween.FloatTween:get_duration() (at ./Library/PackageCache/com.unity.ugui@aa507f3228f0/Runtime/UGUI/UI/Animation/CoroutineTween.cs:142)
System.Threading.ExecutionContext:RunInternal(ExecutionContext, ContextCallback, Object, Boolean)
System.Runtime.CompilerServices.MoveNextRunner:Run()
Cysharp.Threading.Tasks.Awaiter:GetResult() (at E:/Unity/Projects/Work/FeatherLandNew/Assets/Plugins/UniTask/Runtime/UniTask.cs:317)
Cysharp.Threading.Tasks.Internal.ContinuationQueue:RunCore() (at E:/Unity/Projects/Work/FeatherLandNew/Assets/Plugins/UniTask/Runtime/Internal/ContinuationQueue.cs:194)

  - Russian: 357 个翻译条目
UnityEngine.DebugLogHandler:Internal_Log(LogType, LogOption, String, Object)
UnityEngine.Logger:Log(LogType, Object)
UnityEngine.Debug:Log(Object)
BirdGame.LoadGameCommand:OnLocalizationConfigComplete(LocalizationConfig) (at E:/Unity/Projects/Work/FeatherLandNew/Assets/Scripts/New/Commands/LoadGameCommand.cs:92)
UnityEngine.UI.CoroutineTween.FloatTween:get_duration() (at ./Library/PackageCache/com.unity.ugui@aa507f3228f0/Runtime/UGUI/UI/Animation/CoroutineTween.cs:142)
System.Threading.ExecutionContext:RunInternal(ExecutionContext, ContextCallback, Object, Boolean)
System.Runtime.CompilerServices.MoveNextRunner:Run()
Cysharp.Threading.Tasks.Awaiter:GetResult() (at E:/Unity/Projects/Work/FeatherLandNew/Assets/Plugins/UniTask/Runtime/UniTask.cs:317)
Cysharp.Threading.Tasks.Internal.ContinuationQueue:RunCore() (at E:/Unity/Projects/Work/FeatherLandNew/Assets/Plugins/UniTask/Runtime/Internal/ContinuationQueue.cs:194)

  - French: 357 个翻译条目
UnityEngine.DebugLogHandler:Internal_Log(LogType, LogOption, String, Object)
UnityEngine.Logger:Log(LogType, Object)
UnityEngine.Debug:Log(Object)
BirdGame.LoadGameCommand:OnLocalizationConfigComplete(LocalizationConfig) (at E:/Unity/Projects/Work/FeatherLandNew/Assets/Scripts/New/Commands/LoadGameCommand.cs:92)
UnityEngine.UI.CoroutineTween.FloatTween:get_duration() (at ./Library/PackageCache/com.unity.ugui@aa507f3228f0/Runtime/UGUI/UI/Animation/CoroutineTween.cs:142)
System.Threading.ExecutionContext:RunInternal(ExecutionContext, ContextCallback, Object, Boolean)
System.Runtime.CompilerServices.MoveNextRunner:Run()
Cysharp.Threading.Tasks.Awaiter:GetResult() (at E:/Unity/Projects/Work/FeatherLandNew/Assets/Plugins/UniTask/Runtime/UniTask.cs:317)
Cysharp.Threading.Tasks.Internal.ContinuationQueue:RunCore() (at E:/Unity/Projects/Work/FeatherLandNew/Assets/Plugins/UniTask/Runtime/Internal/ContinuationQueue.cs:194)

  - Spanish: 357 个翻译条目
UnityEngine.DebugLogHandler:Internal_Log(LogType, LogOption, String, Object)
UnityEngine.Logger:Log(LogType, Object)
UnityEngine.Debug:Log(Object)
BirdGame.LoadGameCommand:OnLocalizationConfigComplete(LocalizationConfig) (at E:/Unity/Projects/Work/FeatherLandNew/Assets/Scripts/New/Commands/LoadGameCommand.cs:92)
UnityEngine.UI.CoroutineTween.FloatTween:get_duration() (at ./Library/PackageCache/com.unity.ugui@aa507f3228f0/Runtime/UGUI/UI/Animation/CoroutineTween.cs:142)
System.Threading.ExecutionContext:RunInternal(ExecutionContext, ContextCallback, Object, Boolean)
System.Runtime.CompilerServices.MoveNextRunner:Run()
Cysharp.Threading.Tasks.Awaiter:GetResult() (at E:/Unity/Projects/Work/FeatherLandNew/Assets/Plugins/UniTask/Runtime/UniTask.cs:317)
Cysharp.Threading.Tasks.Internal.ContinuationQueue:RunCore() (at E:/Unity/Projects/Work/FeatherLandNew/Assets/Plugins/UniTask/Runtime/Internal/ContinuationQueue.cs:194)

当前Windows系统语言: English
UnityEngine.DebugLogHandler:Internal_Log(LogType, LogOption, String, Object)
UnityEngine.Logger:Log(LogType, Object)
UnityEngine.Debug:Log(Object)
BirdGame.SettingData:.ctor() (at E:/Unity/Projects/Work/FeatherLandNew/Assets/Scripts/New/Models/ISaveModel.cs:95)
UnityEngine.JsonUtility:FromJsonInternal(String, Object, Type)
UnityEngine.JsonUtility:FromJson(String)
BirdGame.SaveSystem:GetData(String) (at E:/Unity/Projects/Work/FeatherLandNew/Assets/Scripts/New/Systems/ISaveSystem.cs:122)
BirdGame.SaveSystem:InitData() (at E:/Unity/Projects/Work/FeatherLandNew/Assets/Scripts/New/Systems/ISaveSystem.cs:269)
BirdGame.LoadGameCommand:OnMapConfigComplete(MapConfig) (at E:/Unity/Projects/Work/FeatherLandNew/Assets/Scripts/New/Commands/LoadGameCommand.cs:104)
UnityEngine.UI.CoroutineTween.FloatTween:get_duration() (at ./Library/PackageCache/com.unity.ugui@aa507f3228f0/Runtime/UGUI/UI/Animation/CoroutineTween.cs:142)
System.Threading.ExecutionContext:RunInternal(ExecutionContext, ContextCallback, Object, Boolean)
System.Runtime.CompilerServices.MoveNextRunner:Run()
Cysharp.Threading.Tasks.Awaiter:GetResult() (at E:/Unity/Projects/Work/FeatherLandNew/Assets/Plugins/UniTask/Runtime/UniTask.cs:317)
Cysharp.Threading.Tasks.Internal.ContinuationQueue:RunCore() (at E:/Unity/Projects/Work/FeatherLandNew/Assets/Plugins/UniTask/Runtime/Internal/ContinuationQueue.cs:194)

场景加载完成
UnityEngine.DebugLogHandler:Internal_Log(LogType, LogOption, String, Object)
UnityEngine.Logger:Log(LogType, Object)
UnityEngine.Debug:Log(Object)
BirdGame.<>c__DisplayClass3_0:<LoadScene>b__0(GameObject) (at E:/Unity/Projects/Work/FeatherLandNew/Assets/Scripts/New/Systems/ISceneSystem.cs:40)
UnityEngine.UI.CoroutineTween.FloatTween:get_duration() (at ./Library/PackageCache/com.unity.ugui@aa507f3228f0/Runtime/UGUI/UI/Animation/CoroutineTween.cs:142)
Cysharp.Threading.Tasks.CompilerServices.AsyncUniTaskMethodBuilder:Start(TStateMachine&) (at E:/Unity/Projects/Work/FeatherLandNew/Assets/Plugins/UniTask/Runtime/CompilerServices/AsyncUniTaskMethodBuilder.cs:112)
UnityEngine.AddressableAssets.AssetReference:LoadAssetAsync() (at ./Library/PackageCache/com.unity.addressables@d929cbc70804/Runtime/AssetReference.cs:558)
BirdGame.SceneSystem:LoadScene(Int32, Action`1, Action) (at E:/Unity/Projects/Work/FeatherLandNew/Assets/Scripts/New/Systems/ISceneSystem.cs:42)
BirdGame.LoadGameCommand:OnMapConfigComplete(MapConfig) (at E:/Unity/Projects/Work/FeatherLandNew/Assets/Scripts/New/Commands/LoadGameCommand.cs:142)
UnityEngine.UI.CoroutineTween.FloatTween:get_duration() (at ./Library/PackageCache/com.unity.ugui@aa507f3228f0/Runtime/UGUI/UI/Animation/CoroutineTween.cs:142)
System.Threading.ExecutionContext:RunInternal(ExecutionContext, ContextCallback, Object, Boolean)
System.Runtime.CompilerServices.MoveNextRunner:Run()
Cysharp.Threading.Tasks.Awaiter:GetResult() (at E:/Unity/Projects/Work/FeatherLandNew/Assets/Plugins/UniTask/Runtime/UniTask.cs:317)
Cysharp.Threading.Tasks.Internal.ContinuationQueue:RunCore() (at E:/Unity/Projects/Work/FeatherLandNew/Assets/Plugins/UniTask/Runtime/Internal/ContinuationQueue.cs:194)

🎮 开始预加载常用资源...
UnityEngine.DebugLogHandler:Internal_Log(LogType, LogOption, String, Object)
UnityEngine.Logger:Log(LogType, Object)
UnityEngine.Debug:Log(Object)
BirdGame.<PreloadCommonAssets>d__3:MoveNext() (at E:/Unity/Projects/Work/FeatherLandNew/Assets/Scripts/New/Systems/AssetPreloadSystem.cs:41)
Cysharp.Threading.Tasks.CompilerServices.AsyncUniTaskMethodBuilder:Start(TStateMachine&) (at E:/Unity/Projects/Work/FeatherLandNew/Assets/Plugins/UniTask/Runtime/CompilerServices/AsyncUniTaskMethodBuilder.cs:111)
BirdGame.<PreloadCommonAssetsAsync>d__12:MoveNext() (at E:/Unity/Projects/Work/FeatherLandNew/Assets/Scripts/New/Commands/LoadGameCommand.cs:275)
Cysharp.Threading.Tasks.CompilerServices.AsyncUniTaskMethodBuilder:Start(TStateMachine&) (at E:/Unity/Projects/Work/FeatherLandNew/Assets/Plugins/UniTask/Runtime/CompilerServices/AsyncUniTaskMethodBuilder.cs:112)
BirdGame.LoadGameCommand:InitializeDefaultFood() (at E:/Unity/Projects/Work/FeatherLandNew/Assets/Scripts/New/Commands/LoadGameCommand.cs:239)
BirdGame.LoadGameCommand:OnAllLoaded() (at E:/Unity/Projects/Work/FeatherLandNew/Assets/Scripts/New/Commands/LoadGameCommand.cs:152)
BirdGame.AssetSystem:get_AssetRefAtlasReferenceCounts() (at E:/Unity/Projects/Work/FeatherLandNew/Assets/Scripts/New/Systems/IAssetSystem.cs:92)
BirdGame.<>c__DisplayClass3_0:<LoadScene>b__0(GameObject) (at E:/Unity/Projects/Work/FeatherLandNew/Assets/Scripts/New/Systems/ISceneSystem.cs:41)
UnityEngine.UI.CoroutineTween.FloatTween:get_duration() (at ./Library/PackageCache/com.unity.ugui@aa507f3228f0/Runtime/UGUI/UI/Animation/CoroutineTween.cs:142)
Cysharp.Threading.Tasks.CompilerServices.AsyncUniTaskMethodBuilder:Start(TStateMachine&) (at E:/Unity/Projects/Work/FeatherLandNew/Assets/Plugins/UniTask/Runtime/CompilerServices/AsyncUniTaskMethodBuilder.cs:112)
UnityEngine.AddressableAssets.AssetReference:LoadAssetAsync() (at ./Library/PackageCache/com.unity.addressables@d929cbc70804/Runtime/AssetReference.cs:558)
BirdGame.SceneSystem:LoadScene(Int32, Action`1, Action) (at E:/Unity/Projects/Work/FeatherLandNew/Assets/Scripts/New/Systems/ISceneSystem.cs:42)
BirdGame.LoadGameCommand:OnMapConfigComplete(MapConfig) (at E:/Unity/Projects/Work/FeatherLandNew/Assets/Scripts/New/Commands/LoadGameCommand.cs:142)
UnityEngine.UI.CoroutineTween.FloatTween:get_duration() (at ./Library/PackageCache/com.unity.ugui@aa507f3228f0/Runtime/UGUI/UI/Animation/CoroutineTween.cs:142)
System.Threading.ExecutionContext:RunInternal(ExecutionContext, ContextCallback, Object, Boolean)
System.Runtime.CompilerServices.MoveNextRunner:Run()
Cysharp.Threading.Tasks.Awaiter:GetResult() (at E:/Unity/Projects/Work/FeatherLandNew/Assets/Plugins/UniTask/Runtime/UniTask.cs:317)
Cysharp.Threading.Tasks.Internal.ContinuationQueue:RunCore() (at E:/Unity/Projects/Work/FeatherLandNew/Assets/Plugins/UniTask/Runtime/Internal/ContinuationQueue.cs:194)

加载鸟
UnityEngine.DebugLogHandler:Internal_Log(LogType, LogOption, String, Object)
UnityEngine.Logger:Log(LogType, Object)
UnityEngine.Debug:Log(Object)
BirdGame.BirdSystem:GenerateBirdsFromSave() (at E:/Unity/Projects/Work/FeatherLandNew/Assets/Scripts/New/Systems/IBirdSystem.cs:185)
BirdGame.LoadGameCommand:OnAllLoaded() (at E:/Unity/Projects/Work/FeatherLandNew/Assets/Scripts/New/Commands/LoadGameCommand.cs:155)
BirdGame.AssetSystem:get_AssetRefAtlasReferenceCounts() (at E:/Unity/Projects/Work/FeatherLandNew/Assets/Scripts/New/Systems/IAssetSystem.cs:92)
BirdGame.<>c__DisplayClass3_0:<LoadScene>b__0(GameObject) (at E:/Unity/Projects/Work/FeatherLandNew/Assets/Scripts/New/Systems/ISceneSystem.cs:41)
UnityEngine.UI.CoroutineTween.FloatTween:get_duration() (at ./Library/PackageCache/com.unity.ugui@aa507f3228f0/Runtime/UGUI/UI/Animation/CoroutineTween.cs:142)
Cysharp.Threading.Tasks.CompilerServices.AsyncUniTaskMethodBuilder:Start(TStateMachine&) (at E:/Unity/Projects/Work/FeatherLandNew/Assets/Plugins/UniTask/Runtime/CompilerServices/AsyncUniTaskMethodBuilder.cs:112)
UnityEngine.AddressableAssets.AssetReference:LoadAssetAsync() (at ./Library/PackageCache/com.unity.addressables@d929cbc70804/Runtime/AssetReference.cs:558)
BirdGame.SceneSystem:LoadScene(Int32, Action`1, Action) (at E:/Unity/Projects/Work/FeatherLandNew/Assets/Scripts/New/Systems/ISceneSystem.cs:42)
BirdGame.LoadGameCommand:OnMapConfigComplete(MapConfig) (at E:/Unity/Projects/Work/FeatherLandNew/Assets/Scripts/New/Commands/LoadGameCommand.cs:142)
UnityEngine.UI.CoroutineTween.FloatTween:get_duration() (at ./Library/PackageCache/com.unity.ugui@aa507f3228f0/Runtime/UGUI/UI/Animation/CoroutineTween.cs:142)
System.Threading.ExecutionContext:RunInternal(ExecutionContext, ContextCallback, Object, Boolean)
System.Runtime.CompilerServices.MoveNextRunner:Run()
Cysharp.Threading.Tasks.Awaiter:GetResult() (at E:/Unity/Projects/Work/FeatherLandNew/Assets/Plugins/UniTask/Runtime/UniTask.cs:317)
Cysharp.Threading.Tasks.Internal.ContinuationQueue:RunCore() (at E:/Unity/Projects/Work/FeatherLandNew/Assets/Plugins/UniTask/Runtime/Internal/ContinuationQueue.cs:194)

鸟蛋数量:0
UnityEngine.DebugLogHandler:Internal_Log(LogType, LogOption, String, Object)
UnityEngine.Logger:Log(LogType, Object)
UnityEngine.Debug:Log(Object)
BirdGame.BirdSystem:GenerateBirdsFromSave() (at E:/Unity/Projects/Work/FeatherLandNew/Assets/Scripts/New/Systems/IBirdSystem.cs:211)
BirdGame.LoadGameCommand:OnAllLoaded() (at E:/Unity/Projects/Work/FeatherLandNew/Assets/Scripts/New/Commands/LoadGameCommand.cs:155)
BirdGame.AssetSystem:get_AssetRefAtlasReferenceCounts() (at E:/Unity/Projects/Work/FeatherLandNew/Assets/Scripts/New/Systems/IAssetSystem.cs:92)
BirdGame.<>c__DisplayClass3_0:<LoadScene>b__0(GameObject) (at E:/Unity/Projects/Work/FeatherLandNew/Assets/Scripts/New/Systems/ISceneSystem.cs:41)
UnityEngine.UI.CoroutineTween.FloatTween:get_duration() (at ./Library/PackageCache/com.unity.ugui@aa507f3228f0/Runtime/UGUI/UI/Animation/CoroutineTween.cs:142)
Cysharp.Threading.Tasks.CompilerServices.AsyncUniTaskMethodBuilder:Start(TStateMachine&) (at E:/Unity/Projects/Work/FeatherLandNew/Assets/Plugins/UniTask/Runtime/CompilerServices/AsyncUniTaskMethodBuilder.cs:112)
UnityEngine.AddressableAssets.AssetReference:LoadAssetAsync() (at ./Library/PackageCache/com.unity.addressables@d929cbc70804/Runtime/AssetReference.cs:558)
BirdGame.SceneSystem:LoadScene(Int32, Action`1, Action) (at E:/Unity/Projects/Work/FeatherLandNew/Assets/Scripts/New/Systems/ISceneSystem.cs:42)
BirdGame.LoadGameCommand:OnMapConfigComplete(MapConfig) (at E:/Unity/Projects/Work/FeatherLandNew/Assets/Scripts/New/Commands/LoadGameCommand.cs:142)
UnityEngine.UI.CoroutineTween.FloatTween:get_duration() (at ./Library/PackageCache/com.unity.ugui@aa507f3228f0/Runtime/UGUI/UI/Animation/CoroutineTween.cs:142)
System.Threading.ExecutionContext:RunInternal(ExecutionContext, ContextCallback, Object, Boolean)
System.Runtime.CompilerServices.MoveNextRunner:Run()
Cysharp.Threading.Tasks.Awaiter:GetResult() (at E:/Unity/Projects/Work/FeatherLandNew/Assets/Plugins/UniTask/Runtime/UniTask.cs:317)
Cysharp.Threading.Tasks.Internal.ContinuationQueue:RunCore() (at E:/Unity/Projects/Work/FeatherLandNew/Assets/Plugins/UniTask/Runtime/Internal/ContinuationQueue.cs:194)

💾 开始初始化环境音效，存档中的音量数据：1.00, 0.60, 0.00, 0.00, 0.00, 0.00, 0.00
UnityEngine.DebugLogHandler:Internal_Log(LogType, LogOption, String, Object)
UnityEngine.Logger:Log(LogType, Object)
UnityEngine.Debug:Log(Object)
BirdGame.AudioSystem:InitEnvironments() (at E:/Unity/Projects/Work/FeatherLandNew/Assets/Scripts/New/Systems/IAudioSystem.cs:452)
BirdGame.LoadGameCommand:OnAllLoaded() (at E:/Unity/Projects/Work/FeatherLandNew/Assets/Scripts/New/Commands/LoadGameCommand.cs:162)
BirdGame.AssetSystem:get_AssetRefAtlasReferenceCounts() (at E:/Unity/Projects/Work/FeatherLandNew/Assets/Scripts/New/Systems/IAssetSystem.cs:92)
BirdGame.<>c__DisplayClass3_0:<LoadScene>b__0(GameObject) (at E:/Unity/Projects/Work/FeatherLandNew/Assets/Scripts/New/Systems/ISceneSystem.cs:41)
UnityEngine.UI.CoroutineTween.FloatTween:get_duration() (at ./Library/PackageCache/com.unity.ugui@aa507f3228f0/Runtime/UGUI/UI/Animation/CoroutineTween.cs:142)
Cysharp.Threading.Tasks.CompilerServices.AsyncUniTaskMethodBuilder:Start(TStateMachine&) (at E:/Unity/Projects/Work/FeatherLandNew/Assets/Plugins/UniTask/Runtime/CompilerServices/AsyncUniTaskMethodBuilder.cs:112)
UnityEngine.AddressableAssets.AssetReference:LoadAssetAsync() (at ./Library/PackageCache/com.unity.addressables@d929cbc70804/Runtime/AssetReference.cs:558)
BirdGame.SceneSystem:LoadScene(Int32, Action`1, Action) (at E:/Unity/Projects/Work/FeatherLandNew/Assets/Scripts/New/Systems/ISceneSystem.cs:42)
BirdGame.LoadGameCommand:OnMapConfigComplete(MapConfig) (at E:/Unity/Projects/Work/FeatherLandNew/Assets/Scripts/New/Commands/LoadGameCommand.cs:142)
UnityEngine.UI.CoroutineTween.FloatTween:get_duration() (at ./Library/PackageCache/com.unity.ugui@aa507f3228f0/Runtime/UGUI/UI/Animation/CoroutineTween.cs:142)
System.Threading.ExecutionContext:RunInternal(ExecutionContext, ContextCallback, Object, Boolean)
System.Runtime.CompilerServices.MoveNextRunner:Run()
Cysharp.Threading.Tasks.Awaiter:GetResult() (at E:/Unity/Projects/Work/FeatherLandNew/Assets/Plugins/UniTask/Runtime/UniTask.cs:317)
Cysharp.Threading.Tasks.Internal.ContinuationQueue:RunCore() (at E:/Unity/Projects/Work/FeatherLandNew/Assets/Plugins/UniTask/Runtime/Internal/ContinuationQueue.cs:194)

📢 环境音 [0] Wind: 从存档加载 100%
UnityEngine.DebugLogHandler:Internal_Log(LogType, LogOption, String, Object)
UnityEngine.Logger:Log(LogType, Object)
UnityEngine.Debug:Log(Object)
BirdGame.AudioSystem:InitEnvironments() (at E:/Unity/Projects/Work/FeatherLandNew/Assets/Scripts/New/Systems/IAudioSystem.cs:493)
BirdGame.LoadGameCommand:OnAllLoaded() (at E:/Unity/Projects/Work/FeatherLandNew/Assets/Scripts/New/Commands/LoadGameCommand.cs:162)
BirdGame.AssetSystem:get_AssetRefAtlasReferenceCounts() (at E:/Unity/Projects/Work/FeatherLandNew/Assets/Scripts/New/Systems/IAssetSystem.cs:92)
BirdGame.<>c__DisplayClass3_0:<LoadScene>b__0(GameObject) (at E:/Unity/Projects/Work/FeatherLandNew/Assets/Scripts/New/Systems/ISceneSystem.cs:41)
UnityEngine.UI.CoroutineTween.FloatTween:get_duration() (at ./Library/PackageCache/com.unity.ugui@aa507f3228f0/Runtime/UGUI/UI/Animation/CoroutineTween.cs:142)
Cysharp.Threading.Tasks.CompilerServices.AsyncUniTaskMethodBuilder:Start(TStateMachine&) (at E:/Unity/Projects/Work/FeatherLandNew/Assets/Plugins/UniTask/Runtime/CompilerServices/AsyncUniTaskMethodBuilder.cs:112)
UnityEngine.AddressableAssets.AssetReference:LoadAssetAsync() (at ./Library/PackageCache/com.unity.addressables@d929cbc70804/Runtime/AssetReference.cs:558)
BirdGame.SceneSystem:LoadScene(Int32, Action`1, Action) (at E:/Unity/Projects/Work/FeatherLandNew/Assets/Scripts/New/Systems/ISceneSystem.cs:42)
BirdGame.LoadGameCommand:OnMapConfigComplete(MapConfig) (at E:/Unity/Projects/Work/FeatherLandNew/Assets/Scripts/New/Commands/LoadGameCommand.cs:142)
UnityEngine.UI.CoroutineTween.FloatTween:get_duration() (at ./Library/PackageCache/com.unity.ugui@aa507f3228f0/Runtime/UGUI/UI/Animation/CoroutineTween.cs:142)
System.Threading.ExecutionContext:RunInternal(ExecutionContext, ContextCallback, Object, Boolean)
System.Runtime.CompilerServices.MoveNextRunner:Run()
Cysharp.Threading.Tasks.Awaiter:GetResult() (at E:/Unity/Projects/Work/FeatherLandNew/Assets/Plugins/UniTask/Runtime/UniTask.cs:317)
Cysharp.Threading.Tasks.Internal.ContinuationQueue:RunCore() (at E:/Unity/Projects/Work/FeatherLandNew/Assets/Plugins/UniTask/Runtime/Internal/ContinuationQueue.cs:194)

📢 环境音 [1] Bird: 从存档加载 60%
UnityEngine.DebugLogHandler:Internal_Log(LogType, LogOption, String, Object)
UnityEngine.Logger:Log(LogType, Object)
UnityEngine.Debug:Log(Object)
BirdGame.AudioSystem:InitEnvironments() (at E:/Unity/Projects/Work/FeatherLandNew/Assets/Scripts/New/Systems/IAudioSystem.cs:493)
BirdGame.LoadGameCommand:OnAllLoaded() (at E:/Unity/Projects/Work/FeatherLandNew/Assets/Scripts/New/Commands/LoadGameCommand.cs:162)
BirdGame.AssetSystem:get_AssetRefAtlasReferenceCounts() (at E:/Unity/Projects/Work/FeatherLandNew/Assets/Scripts/New/Systems/IAssetSystem.cs:92)
BirdGame.<>c__DisplayClass3_0:<LoadScene>b__0(GameObject) (at E:/Unity/Projects/Work/FeatherLandNew/Assets/Scripts/New/Systems/ISceneSystem.cs:41)
UnityEngine.UI.CoroutineTween.FloatTween:get_duration() (at ./Library/PackageCache/com.unity.ugui@aa507f3228f0/Runtime/UGUI/UI/Animation/CoroutineTween.cs:142)
Cysharp.Threading.Tasks.CompilerServices.AsyncUniTaskMethodBuilder:Start(TStateMachine&) (at E:/Unity/Projects/Work/FeatherLandNew/Assets/Plugins/UniTask/Runtime/CompilerServices/AsyncUniTaskMethodBuilder.cs:112)
UnityEngine.AddressableAssets.AssetReference:LoadAssetAsync() (at ./Library/PackageCache/com.unity.addressables@d929cbc70804/Runtime/AssetReference.cs:558)
BirdGame.SceneSystem:LoadScene(Int32, Action`1, Action) (at E:/Unity/Projects/Work/FeatherLandNew/Assets/Scripts/New/Systems/ISceneSystem.cs:42)
BirdGame.LoadGameCommand:OnMapConfigComplete(MapConfig) (at E:/Unity/Projects/Work/FeatherLandNew/Assets/Scripts/New/Commands/LoadGameCommand.cs:142)
UnityEngine.UI.CoroutineTween.FloatTween:get_duration() (at ./Library/PackageCache/com.unity.ugui@aa507f3228f0/Runtime/UGUI/UI/Animation/CoroutineTween.cs:142)
System.Threading.ExecutionContext:RunInternal(ExecutionContext, ContextCallback, Object, Boolean)
System.Runtime.CompilerServices.MoveNextRunner:Run()
Cysharp.Threading.Tasks.Awaiter:GetResult() (at E:/Unity/Projects/Work/FeatherLandNew/Assets/Plugins/UniTask/Runtime/UniTask.cs:317)
Cysharp.Threading.Tasks.Internal.ContinuationQueue:RunCore() (at E:/Unity/Projects/Work/FeatherLandNew/Assets/Plugins/UniTask/Runtime/Internal/ContinuationQueue.cs:194)

📢 环境音 [2] Rain: 从存档加载 0%
UnityEngine.DebugLogHandler:Internal_Log(LogType, LogOption, String, Object)
UnityEngine.Logger:Log(LogType, Object)
UnityEngine.Debug:Log(Object)
BirdGame.AudioSystem:InitEnvironments() (at E:/Unity/Projects/Work/FeatherLandNew/Assets/Scripts/New/Systems/IAudioSystem.cs:493)
BirdGame.LoadGameCommand:OnAllLoaded() (at E:/Unity/Projects/Work/FeatherLandNew/Assets/Scripts/New/Commands/LoadGameCommand.cs:162)
BirdGame.AssetSystem:get_AssetRefAtlasReferenceCounts() (at E:/Unity/Projects/Work/FeatherLandNew/Assets/Scripts/New/Systems/IAssetSystem.cs:92)
BirdGame.<>c__DisplayClass3_0:<LoadScene>b__0(GameObject) (at E:/Unity/Projects/Work/FeatherLandNew/Assets/Scripts/New/Systems/ISceneSystem.cs:41)
UnityEngine.UI.CoroutineTween.FloatTween:get_duration() (at ./Library/PackageCache/com.unity.ugui@aa507f3228f0/Runtime/UGUI/UI/Animation/CoroutineTween.cs:142)
Cysharp.Threading.Tasks.CompilerServices.AsyncUniTaskMethodBuilder:Start(TStateMachine&) (at E:/Unity/Projects/Work/FeatherLandNew/Assets/Plugins/UniTask/Runtime/CompilerServices/AsyncUniTaskMethodBuilder.cs:112)
UnityEngine.AddressableAssets.AssetReference:LoadAssetAsync() (at ./Library/PackageCache/com.unity.addressables@d929cbc70804/Runtime/AssetReference.cs:558)
BirdGame.SceneSystem:LoadScene(Int32, Action`1, Action) (at E:/Unity/Projects/Work/FeatherLandNew/Assets/Scripts/New/Systems/ISceneSystem.cs:42)
BirdGame.LoadGameCommand:OnMapConfigComplete(MapConfig) (at E:/Unity/Projects/Work/FeatherLandNew/Assets/Scripts/New/Commands/LoadGameCommand.cs:142)
UnityEngine.UI.CoroutineTween.FloatTween:get_duration() (at ./Library/PackageCache/com.unity.ugui@aa507f3228f0/Runtime/UGUI/UI/Animation/CoroutineTween.cs:142)
System.Threading.ExecutionContext:RunInternal(ExecutionContext, ContextCallback, Object, Boolean)
System.Runtime.CompilerServices.MoveNextRunner:Run()
Cysharp.Threading.Tasks.Awaiter:GetResult() (at E:/Unity/Projects/Work/FeatherLandNew/Assets/Plugins/UniTask/Runtime/UniTask.cs:317)
Cysharp.Threading.Tasks.Internal.ContinuationQueue:RunCore() (at E:/Unity/Projects/Work/FeatherLandNew/Assets/Plugins/UniTask/Runtime/Internal/ContinuationQueue.cs:194)

📢 环境音 [3] Fire: 从存档加载 0%
UnityEngine.DebugLogHandler:Internal_Log(LogType, LogOption, String, Object)
UnityEngine.Logger:Log(LogType, Object)
UnityEngine.Debug:Log(Object)
BirdGame.AudioSystem:InitEnvironments() (at E:/Unity/Projects/Work/FeatherLandNew/Assets/Scripts/New/Systems/IAudioSystem.cs:493)
BirdGame.LoadGameCommand:OnAllLoaded() (at E:/Unity/Projects/Work/FeatherLandNew/Assets/Scripts/New/Commands/LoadGameCommand.cs:162)
BirdGame.AssetSystem:get_AssetRefAtlasReferenceCounts() (at E:/Unity/Projects/Work/FeatherLandNew/Assets/Scripts/New/Systems/IAssetSystem.cs:92)
BirdGame.<>c__DisplayClass3_0:<LoadScene>b__0(GameObject) (at E:/Unity/Projects/Work/FeatherLandNew/Assets/Scripts/New/Systems/ISceneSystem.cs:41)
UnityEngine.UI.CoroutineTween.FloatTween:get_duration() (at ./Library/PackageCache/com.unity.ugui@aa507f3228f0/Runtime/UGUI/UI/Animation/CoroutineTween.cs:142)
Cysharp.Threading.Tasks.CompilerServices.AsyncUniTaskMethodBuilder:Start(TStateMachine&) (at E:/Unity/Projects/Work/FeatherLandNew/Assets/Plugins/UniTask/Runtime/CompilerServices/AsyncUniTaskMethodBuilder.cs:112)
UnityEngine.AddressableAssets.AssetReference:LoadAssetAsync() (at ./Library/PackageCache/com.unity.addressables@d929cbc70804/Runtime/AssetReference.cs:558)
BirdGame.SceneSystem:LoadScene(Int32, Action`1, Action) (at E:/Unity/Projects/Work/FeatherLandNew/Assets/Scripts/New/Systems/ISceneSystem.cs:42)
BirdGame.LoadGameCommand:OnMapConfigComplete(MapConfig) (at E:/Unity/Projects/Work/FeatherLandNew/Assets/Scripts/New/Commands/LoadGameCommand.cs:142)
UnityEngine.UI.CoroutineTween.FloatTween:get_duration() (at ./Library/PackageCache/com.unity.ugui@aa507f3228f0/Runtime/UGUI/UI/Animation/CoroutineTween.cs:142)
System.Threading.ExecutionContext:RunInternal(ExecutionContext, ContextCallback, Object, Boolean)
System.Runtime.CompilerServices.MoveNextRunner:Run()
Cysharp.Threading.Tasks.Awaiter:GetResult() (at E:/Unity/Projects/Work/FeatherLandNew/Assets/Plugins/UniTask/Runtime/UniTask.cs:317)
Cysharp.Threading.Tasks.Internal.ContinuationQueue:RunCore() (at E:/Unity/Projects/Work/FeatherLandNew/Assets/Plugins/UniTask/Runtime/Internal/ContinuationQueue.cs:194)

📢 环境音 [4] Lightning: 从存档加载 0%
UnityEngine.DebugLogHandler:Internal_Log(LogType, LogOption, String, Object)
UnityEngine.Logger:Log(LogType, Object)
UnityEngine.Debug:Log(Object)
BirdGame.AudioSystem:InitEnvironments() (at E:/Unity/Projects/Work/FeatherLandNew/Assets/Scripts/New/Systems/IAudioSystem.cs:493)
BirdGame.LoadGameCommand:OnAllLoaded() (at E:/Unity/Projects/Work/FeatherLandNew/Assets/Scripts/New/Commands/LoadGameCommand.cs:162)
BirdGame.AssetSystem:get_AssetRefAtlasReferenceCounts() (at E:/Unity/Projects/Work/FeatherLandNew/Assets/Scripts/New/Systems/IAssetSystem.cs:92)
BirdGame.<>c__DisplayClass3_0:<LoadScene>b__0(GameObject) (at E:/Unity/Projects/Work/FeatherLandNew/Assets/Scripts/New/Systems/ISceneSystem.cs:41)
UnityEngine.UI.CoroutineTween.FloatTween:get_duration() (at ./Library/PackageCache/com.unity.ugui@aa507f3228f0/Runtime/UGUI/UI/Animation/CoroutineTween.cs:142)
Cysharp.Threading.Tasks.CompilerServices.AsyncUniTaskMethodBuilder:Start(TStateMachine&) (at E:/Unity/Projects/Work/FeatherLandNew/Assets/Plugins/UniTask/Runtime/CompilerServices/AsyncUniTaskMethodBuilder.cs:112)
UnityEngine.AddressableAssets.AssetReference:LoadAssetAsync() (at ./Library/PackageCache/com.unity.addressables@d929cbc70804/Runtime/AssetReference.cs:558)
BirdGame.SceneSystem:LoadScene(Int32, Action`1, Action) (at E:/Unity/Projects/Work/FeatherLandNew/Assets/Scripts/New/Systems/ISceneSystem.cs:42)
BirdGame.LoadGameCommand:OnMapConfigComplete(MapConfig) (at E:/Unity/Projects/Work/FeatherLandNew/Assets/Scripts/New/Commands/LoadGameCommand.cs:142)
UnityEngine.UI.CoroutineTween.FloatTween:get_duration() (at ./Library/PackageCache/com.unity.ugui@aa507f3228f0/Runtime/UGUI/UI/Animation/CoroutineTween.cs:142)
System.Threading.ExecutionContext:RunInternal(ExecutionContext, ContextCallback, Object, Boolean)
System.Runtime.CompilerServices.MoveNextRunner:Run()
Cysharp.Threading.Tasks.Awaiter:GetResult() (at E:/Unity/Projects/Work/FeatherLandNew/Assets/Plugins/UniTask/Runtime/UniTask.cs:317)
Cysharp.Threading.Tasks.Internal.ContinuationQueue:RunCore() (at E:/Unity/Projects/Work/FeatherLandNew/Assets/Plugins/UniTask/Runtime/Internal/ContinuationQueue.cs:194)

📢 环境音 [5] River: 从存档加载 0%
UnityEngine.DebugLogHandler:Internal_Log(LogType, LogOption, String, Object)
UnityEngine.Logger:Log(LogType, Object)
UnityEngine.Debug:Log(Object)
BirdGame.AudioSystem:InitEnvironments() (at E:/Unity/Projects/Work/FeatherLandNew/Assets/Scripts/New/Systems/IAudioSystem.cs:493)
BirdGame.LoadGameCommand:OnAllLoaded() (at E:/Unity/Projects/Work/FeatherLandNew/Assets/Scripts/New/Commands/LoadGameCommand.cs:162)
BirdGame.AssetSystem:get_AssetRefAtlasReferenceCounts() (at E:/Unity/Projects/Work/FeatherLandNew/Assets/Scripts/New/Systems/IAssetSystem.cs:92)
BirdGame.<>c__DisplayClass3_0:<LoadScene>b__0(GameObject) (at E:/Unity/Projects/Work/FeatherLandNew/Assets/Scripts/New/Systems/ISceneSystem.cs:41)
UnityEngine.UI.CoroutineTween.FloatTween:get_duration() (at ./Library/PackageCache/com.unity.ugui@aa507f3228f0/Runtime/UGUI/UI/Animation/CoroutineTween.cs:142)
Cysharp.Threading.Tasks.CompilerServices.AsyncUniTaskMethodBuilder:Start(TStateMachine&) (at E:/Unity/Projects/Work/FeatherLandNew/Assets/Plugins/UniTask/Runtime/CompilerServices/AsyncUniTaskMethodBuilder.cs:112)
UnityEngine.AddressableAssets.AssetReference:LoadAssetAsync() (at ./Library/PackageCache/com.unity.addressables@d929cbc70804/Runtime/AssetReference.cs:558)
BirdGame.SceneSystem:LoadScene(Int32, Action`1, Action) (at E:/Unity/Projects/Work/FeatherLandNew/Assets/Scripts/New/Systems/ISceneSystem.cs:42)
BirdGame.LoadGameCommand:OnMapConfigComplete(MapConfig) (at E:/Unity/Projects/Work/FeatherLandNew/Assets/Scripts/New/Commands/LoadGameCommand.cs:142)
UnityEngine.UI.CoroutineTween.FloatTween:get_duration() (at ./Library/PackageCache/com.unity.ugui@aa507f3228f0/Runtime/UGUI/UI/Animation/CoroutineTween.cs:142)
System.Threading.ExecutionContext:RunInternal(ExecutionContext, ContextCallback, Object, Boolean)
System.Runtime.CompilerServices.MoveNextRunner:Run()
Cysharp.Threading.Tasks.Awaiter:GetResult() (at E:/Unity/Projects/Work/FeatherLandNew/Assets/Plugins/UniTask/Runtime/UniTask.cs:317)
Cysharp.Threading.Tasks.Internal.ContinuationQueue:RunCore() (at E:/Unity/Projects/Work/FeatherLandNew/Assets/Plugins/UniTask/Runtime/Internal/ContinuationQueue.cs:194)

📢 环境音 [6] Snow: 从存档加载 0%
UnityEngine.DebugLogHandler:Internal_Log(LogType, LogOption, String, Object)
UnityEngine.Logger:Log(LogType, Object)
UnityEngine.Debug:Log(Object)
BirdGame.AudioSystem:InitEnvironments() (at E:/Unity/Projects/Work/FeatherLandNew/Assets/Scripts/New/Systems/IAudioSystem.cs:493)
BirdGame.LoadGameCommand:OnAllLoaded() (at E:/Unity/Projects/Work/FeatherLandNew/Assets/Scripts/New/Commands/LoadGameCommand.cs:162)
BirdGame.AssetSystem:get_AssetRefAtlasReferenceCounts() (at E:/Unity/Projects/Work/FeatherLandNew/Assets/Scripts/New/Systems/IAssetSystem.cs:92)
BirdGame.<>c__DisplayClass3_0:<LoadScene>b__0(GameObject) (at E:/Unity/Projects/Work/FeatherLandNew/Assets/Scripts/New/Systems/ISceneSystem.cs:41)
UnityEngine.UI.CoroutineTween.FloatTween:get_duration() (at ./Library/PackageCache/com.unity.ugui@aa507f3228f0/Runtime/UGUI/UI/Animation/CoroutineTween.cs:142)
Cysharp.Threading.Tasks.CompilerServices.AsyncUniTaskMethodBuilder:Start(TStateMachine&) (at E:/Unity/Projects/Work/FeatherLandNew/Assets/Plugins/UniTask/Runtime/CompilerServices/AsyncUniTaskMethodBuilder.cs:112)
UnityEngine.AddressableAssets.AssetReference:LoadAssetAsync() (at ./Library/PackageCache/com.unity.addressables@d929cbc70804/Runtime/AssetReference.cs:558)
BirdGame.SceneSystem:LoadScene(Int32, Action`1, Action) (at E:/Unity/Projects/Work/FeatherLandNew/Assets/Scripts/New/Systems/ISceneSystem.cs:42)
BirdGame.LoadGameCommand:OnMapConfigComplete(MapConfig) (at E:/Unity/Projects/Work/FeatherLandNew/Assets/Scripts/New/Commands/LoadGameCommand.cs:142)
UnityEngine.UI.CoroutineTween.FloatTween:get_duration() (at ./Library/PackageCache/com.unity.ugui@aa507f3228f0/Runtime/UGUI/UI/Animation/CoroutineTween.cs:142)
System.Threading.ExecutionContext:RunInternal(ExecutionContext, ContextCallback, Object, Boolean)
System.Runtime.CompilerServices.MoveNextRunner:Run()
Cysharp.Threading.Tasks.Awaiter:GetResult() (at E:/Unity/Projects/Work/FeatherLandNew/Assets/Plugins/UniTask/Runtime/UniTask.cs:317)
Cysharp.Threading.Tasks.Internal.ContinuationQueue:RunCore() (at E:/Unity/Projects/Work/FeatherLandNew/Assets/Plugins/UniTask/Runtime/Internal/ContinuationQueue.cs:194)

✅ 环境音效初始化完成！
UnityEngine.DebugLogHandler:Internal_Log(LogType, LogOption, String, Object)
UnityEngine.Logger:Log(LogType, Object)
UnityEngine.Debug:Log(Object)
BirdGame.AudioSystem:InitEnvironments() (at E:/Unity/Projects/Work/FeatherLandNew/Assets/Scripts/New/Systems/IAudioSystem.cs:536)
BirdGame.LoadGameCommand:OnAllLoaded() (at E:/Unity/Projects/Work/FeatherLandNew/Assets/Scripts/New/Commands/LoadGameCommand.cs:162)
BirdGame.AssetSystem:get_AssetRefAtlasReferenceCounts() (at E:/Unity/Projects/Work/FeatherLandNew/Assets/Scripts/New/Systems/IAssetSystem.cs:92)
BirdGame.<>c__DisplayClass3_0:<LoadScene>b__0(GameObject) (at E:/Unity/Projects/Work/FeatherLandNew/Assets/Scripts/New/Systems/ISceneSystem.cs:41)
UnityEngine.UI.CoroutineTween.FloatTween:get_duration() (at ./Library/PackageCache/com.unity.ugui@aa507f3228f0/Runtime/UGUI/UI/Animation/CoroutineTween.cs:142)
Cysharp.Threading.Tasks.CompilerServices.AsyncUniTaskMethodBuilder:Start(TStateMachine&) (at E:/Unity/Projects/Work/FeatherLandNew/Assets/Plugins/UniTask/Runtime/CompilerServices/AsyncUniTaskMethodBuilder.cs:112)
UnityEngine.AddressableAssets.AssetReference:LoadAssetAsync() (at ./Library/PackageCache/com.unity.addressables@d929cbc70804/Runtime/AssetReference.cs:558)
BirdGame.SceneSystem:LoadScene(Int32, Action`1, Action) (at E:/Unity/Projects/Work/FeatherLandNew/Assets/Scripts/New/Systems/ISceneSystem.cs:42)
BirdGame.LoadGameCommand:OnMapConfigComplete(MapConfig) (at E:/Unity/Projects/Work/FeatherLandNew/Assets/Scripts/New/Commands/LoadGameCommand.cs:142)
UnityEngine.UI.CoroutineTween.FloatTween:get_duration() (at ./Library/PackageCache/com.unity.ugui@aa507f3228f0/Runtime/UGUI/UI/Animation/CoroutineTween.cs:142)
System.Threading.ExecutionContext:RunInternal(ExecutionContext, ContextCallback, Object, Boolean)
System.Runtime.CompilerServices.MoveNextRunner:Run()
Cysharp.Threading.Tasks.Awaiter:GetResult() (at E:/Unity/Projects/Work/FeatherLandNew/Assets/Plugins/UniTask/Runtime/UniTask.cs:317)
Cysharp.Threading.Tasks.Internal.ContinuationQueue:RunCore() (at E:/Unity/Projects/Work/FeatherLandNew/Assets/Plugins/UniTask/Runtime/Internal/ContinuationQueue.cs:194)

天气index为0
UnityEngine.DebugLogHandler:Internal_Log(LogType, LogOption, String, Object)
UnityEngine.Logger:Log(LogType, Object)
UnityEngine.Debug:Log(Object)
BirdGame.WeatherManager:SwitchWeather(Int32) (at E:/Unity/Projects/Work/FeatherLandNew/Assets/Scripts/New/ViewController/Game/WeatherManager.cs:81)

Sources 2
UnityEngine.DebugLogHandler:Internal_Log(LogType, LogOption, String, Object)
UnityEngine.Logger:Log(LogType, Object)
UnityEngine.Debug:Log(Object)
NavMeshPlus.Extensions.NavMeshBuilder2d:CollectSources(List`1, NavMeshBuilder2dState) (at ./Library/PackageCache/com.h8man.2d.navmeshplus@3fdf1984803c/NavMeshComponents/Scripts/NavMeshBuilder2d.cs:156)
NavMeshPlus.Components.NavMeshSurface:CollectSources(NavMeshBuilderState) (at ./Library/PackageCache/com.h8man.2d.navmeshplus@3fdf1984803c/NavMeshComponents/Scripts/NavMeshSurface.cs:396)
NavMeshPlus.Components.NavMeshSurface:BuildNavMesh() (at ./Library/PackageCache/com.h8man.2d.navmeshplus@3fdf1984803c/NavMeshComponents/Scripts/NavMeshSurface.cs:179)
NavigationManager:RefreshArea() (at E:/Unity/Projects/Work/FeatherLandNew/Assets/Scripts/Managers/NavigationManager.cs:77)

Build
UnityEngine.DebugLogHandler:Internal_Log(LogType, LogOption, String, Object)
UnityEngine.Logger:Log(LogType, Object)
UnityEngine.Debug:Log(Object)

从存档加载的屏幕模式: 2
UnityEngine.DebugLogHandler:Internal_Log(LogType, LogOption, String, Object)
UnityEngine.Logger:Log(LogType, Object)
UnityEngine.Debug:Log(Object)
BirdGame.<InitializeAfterSystems>d__20:MoveNext() (at E:/Unity/Projects/Work/FeatherLandNew/Assets/Scripts/New/ViewController/Game/GameEntry.cs:81)
UnityEngine.SetupCoroutine:InvokeMoveNext(IEnumerator, IntPtr)

SetScreenMode 被调用，模式: 2
UnityEngine.DebugLogHandler:Internal_Log(LogType, LogOption, String, Object)
UnityEngine.Logger:Log(LogType, Object)
UnityEngine.Debug:Log(Object)
BirdGame.GameEntry:SetScreenMode(Int32, Boolean) (at E:/Unity/Projects/Work/FeatherLandNew/Assets/Scripts/New/ViewController/Game/GameEntry.cs:109)
BirdGame.<InitializeAfterSystems>d__20:MoveNext() (at E:/Unity/Projects/Work/FeatherLandNew/Assets/Scripts/New/ViewController/Game/GameEntry.cs:82)
UnityEngine.SetupCoroutine:InvokeMoveNext(IEnumerator, IntPtr)

Init hWnd=2298156, style=349110272, exStyle=256
UnityEngine.DebugLogHandler:Internal_Log(LogType, LogOption, String, Object)
UnityEngine.Logger:Log(LogType, Object)
UnityEngine.Debug:Log(Object)
BirdGame.FullScreenUtility:InitializeWindowHandle() (at E:/Unity/Projects/Work/FeatherLandNew/Assets/Scripts/New/Utility/FullScreenUtility.cs:278)
BirdGame.FullScreenUtility:FullscreenMode() (at E:/Unity/Projects/Work/FeatherLandNew/Assets/Scripts/New/Utility/FullScreenUtility.cs:570)
BirdGame.GameEntry:SetScreenMode(Int32, Boolean) (at E:/Unity/Projects/Work/FeatherLandNew/Assets/Scripts/New/ViewController/Game/GameEntry.cs:130)
BirdGame.<InitializeAfterSystems>d__20:MoveNext() (at E:/Unity/Projects/Work/FeatherLandNew/Assets/Scripts/New/ViewController/Game/GameEntry.cs:82)
UnityEngine.SetupCoroutine:InvokeMoveNext(IEnumerator, IntPtr)

[FullscreenMode] 激活 - 2560x1600
UnityEngine.DebugLogHandler:Internal_Log(LogType, LogOption, String, Object)
UnityEngine.Logger:Log(LogType, Object)
UnityEngine.Debug:Log(Object)
BirdGame.FullScreenUtility:FullscreenMode() (at E:/Unity/Projects/Work/FeatherLandNew/Assets/Scripts/New/Utility/FullScreenUtility.cs:604)
BirdGame.GameEntry:SetScreenMode(Int32, Boolean) (at E:/Unity/Projects/Work/FeatherLandNew/Assets/Scripts/New/ViewController/Game/GameEntry.cs:130)
BirdGame.<InitializeAfterSystems>d__20:MoveNext() (at E:/Unity/Projects/Work/FeatherLandNew/Assets/Scripts/New/ViewController/Game/GameEntry.cs:82)
UnityEngine.SetupCoroutine:InvokeMoveNext(IEnumerator, IntPtr)

[FullscreenMode] SimpleMouseForwarder 已禁用
UnityEngine.DebugLogHandler:Internal_Log(LogType, LogOption, String, Object)
UnityEngine.Logger:Log(LogType, Object)
UnityEngine.Debug:Log(Object)
BirdGame.FullScreenUtility:FullscreenMode() (at E:/Unity/Projects/Work/FeatherLandNew/Assets/Scripts/New/Utility/FullScreenUtility.cs:611)
BirdGame.GameEntry:SetScreenMode(Int32, Boolean) (at E:/Unity/Projects/Work/FeatherLandNew/Assets/Scripts/New/ViewController/Game/GameEntry.cs:130)
BirdGame.<InitializeAfterSystems>d__20:MoveNext() (at E:/Unity/Projects/Work/FeatherLandNew/Assets/Scripts/New/ViewController/Game/GameEntry.cs:82)
UnityEngine.SetupCoroutine:InvokeMoveNext(IEnumerator, IntPtr)

[ActivateWindow] 结果 - Foreground: True, BringToTop: True, Focus: True
UnityEngine.DebugLogHandler:Internal_Log(LogType, LogOption, String, Object)
UnityEngine.Logger:Log(LogType, Object)
UnityEngine.Debug:Log(Object)
BirdGame.FullScreenUtility:ActivateWindow() (at E:/Unity/Projects/Work/FeatherLandNew/Assets/Scripts/New/Utility/FullScreenUtility.cs:307)
BirdGame.GameEntry:SetScreenMode(Int32, Boolean) (at E:/Unity/Projects/Work/FeatherLandNew/Assets/Scripts/New/ViewController/Game/GameEntry.cs:130)
BirdGame.<InitializeAfterSystems>d__20:MoveNext() (at E:/Unity/Projects/Work/FeatherLandNew/Assets/Scripts/New/ViewController/Game/GameEntry.cs:82)
UnityEngine.SetupCoroutine:InvokeMoveNext(IEnumerator, IntPtr)

设置为全屏模式 (45 FPS)
UnityEngine.DebugLogHandler:Internal_Log(LogType, LogOption, String, Object)
UnityEngine.Logger:Log(LogType, Object)
UnityEngine.Debug:Log(Object)
BirdGame.GameEntry:SetScreenMode(Int32, Boolean) (at E:/Unity/Projects/Work/FeatherLandNew/Assets/Scripts/New/ViewController/Game/GameEntry.cs:139)
BirdGame.<InitializeAfterSystems>d__20:MoveNext() (at E:/Unity/Projects/Work/FeatherLandNew/Assets/Scripts/New/ViewController/Game/GameEntry.cs:82)
UnityEngine.SetupCoroutine:InvokeMoveNext(IEnumerator, IntPtr)

通过范围检测发现装饰品：Sprite
UnityEngine.DebugLogHandler:Internal_Log(LogType, LogOption, String, Object)
UnityEngine.Logger:Log(LogType, Object)
UnityEngine.Debug:Log(Object)
BirdGame.GameSystem:IsCoverDecoration() (at E:/Unity/Projects/Work/FeatherLandNew/Assets/Scripts/New/Systems/IGameSystem.cs:438)
BirdGame.GameEntry:CheckCursor() (at E:/Unity/Projects/Work/FeatherLandNew/Assets/Scripts/New/ViewController/Game/GameEntry.cs:398)
BirdGame.GameEntry:Update() (at E:/Unity/Projects/Work/FeatherLandNew/Assets/Scripts/New/ViewController/Game/GameEntry.cs:158)

Sources 2
UnityEngine.DebugLogHandler:Internal_Log(LogType, LogOption, String, Object)
UnityEngine.Logger:Log(LogType, Object)
UnityEngine.Debug:Log(Object)
NavMeshPlus.Extensions.NavMeshBuilder2d:CollectSources(List`1, NavMeshBuilder2dState) (at ./Library/PackageCache/com.h8man.2d.navmeshplus@3fdf1984803c/NavMeshComponents/Scripts/NavMeshBuilder2d.cs:156)
NavMeshPlus.Components.NavMeshSurface:CollectSources(NavMeshBuilderState) (at ./Library/PackageCache/com.h8man.2d.navmeshplus@3fdf1984803c/NavMeshComponents/Scripts/NavMeshSurface.cs:396)
NavMeshPlus.Components.NavMeshSurface:BuildNavMesh() (at ./Library/PackageCache/com.h8man.2d.navmeshplus@3fdf1984803c/NavMeshComponents/Scripts/NavMeshSurface.cs:179)
NavigationManager:RefreshArea() (at E:/Unity/Projects/Work/FeatherLandNew/Assets/Scripts/Managers/NavigationManager.cs:77)
DG.Tweening.Tween:OnTweenCallback(TweenCallback, Tween)
DG.Tweening.Sequence:ApplyInternalCycle(Sequence, Single, Single, UpdateMode, Boolean, Boolean, Boolean)
DG.Tweening.Sequence:DoApplyTween(Sequence, Single, Int32, Int32, Boolean, UpdateMode)
DG.Tweening.Tween:DoGoto(Tween, Single, Int32, UpdateMode)
DG.Tweening.Core.TweenManager:Update(Tween, Single, Single, Boolean)
DG.Tweening.Core.TweenManager:Update(UpdateType, Single, Single)
DG.Tweening.Core.DOTweenComponent:Update()

Build
UnityEngine.DebugLogHandler:Internal_Log(LogType, LogOption, String, Object)
UnityEngine.Logger:Log(LogType, Object)
UnityEngine.Debug:Log(Object)
DG.Tweening.Tween:OnTweenCallback(TweenCallback, Tween)
DG.Tweening.Sequence:ApplyInternalCycle(Sequence, Single, Single, UpdateMode, Boolean, Boolean, Boolean)
DG.Tweening.Sequence:DoApplyTween(Sequence, Single, Int32, Int32, Boolean, UpdateMode)
DG.Tweening.Tween:DoGoto(Tween, Single, Int32, UpdateMode)
DG.Tweening.Core.TweenManager:Update(Tween, Single, Single, Boolean)
DG.Tweening.Core.TweenManager:Update(UpdateType, Single, Single)
DG.Tweening.Core.DOTweenComponent:Update()

<color=#0099bc><b>DOTWEEN ► </b></color>Tween startup failed (NULL target/property - UnityEngine.Color <DOColor>b__0()): the tween will now be killed ► Object reference not set to an instance of an object.
UnityEngine.DebugLogHandler:Internal_Log(LogType, LogOption, String, Object)
UnityEngine.Logger:Log(LogType, Object)
UnityEngine.Debug:LogWarning(Object)
UnityEngine.U2D.Animation.TransformAccessJob:ArrayRemoveAt(T[]&, Int32) (at ./Library/PackageCache/com.unity.2d.animation@81ad133dbdf1/Runtime/BatchedDeformation/TransformAccessJob.cs:111)
DG.Tweening.Tween:DoGoto(Tween, Single, Int32, UpdateMode)
DG.Tweening.Core.TweenManager:Goto(Tween, Single, Boolean, UpdateMode)
DG.Tweening.Sequence:ApplyInternalCycle(Sequence, Single, Single, UpdateMode, Boolean, Boolean, Boolean)
DG.Tweening.Sequence:DoApplyTween(Sequence, Single, Int32, Int32, Boolean, UpdateMode)
DG.Tweening.Tween:DoGoto(Tween, Single, Int32, UpdateMode)
DG.Tweening.Core.TweenManager:Goto(Tween, Single, Boolean, UpdateMode)
DG.Tweening.Sequence:ApplyInternalCycle(Sequence, Single, Single, UpdateMode, Boolean, Boolean, Boolean)
DG.Tweening.Sequence:DoApplyTween(Sequence, Single, Int32, Int32, Boolean, UpdateMode)
DG.Tweening.Tween:DoGoto(Tween, Single, Int32, UpdateMode)
DG.Tweening.Core.TweenManager:Update(Tween, Single, Single, Boolean)
DG.Tweening.Core.TweenManager:Update(UpdateType, Single, Single)
DG.Tweening.Core.DOTweenComponent:Update()

<color=#0099bc><b>DOTWEEN ► </b></color>Tween startup failed (NULL target/property - UnityEngine.Color <DOColor>b__0()): the tween will now be killed ► Object reference not set to an instance of an object.
UnityEngine.DebugLogHandler:Internal_Log(LogType, LogOption, String, Object)
UnityEngine.Logger:Log(LogType, Object)
UnityEngine.Debug:LogWarning(Object)
UnityEngine.U2D.Animation.TransformAccessJob:ArrayRemoveAt(T[]&, Int32) (at ./Library/PackageCache/com.unity.2d.animation@81ad133dbdf1/Runtime/BatchedDeformation/TransformAccessJob.cs:111)
DG.Tweening.Tween:DoGoto(Tween, Single, Int32, UpdateMode)
DG.Tweening.Core.TweenManager:Goto(Tween, Single, Boolean, UpdateMode)
DG.Tweening.Sequence:ApplyInternalCycle(Sequence, Single, Single, UpdateMode, Boolean, Boolean, Boolean)
DG.Tweening.Sequence:DoApplyTween(Sequence, Single, Int32, Int32, Boolean, UpdateMode)
DG.Tweening.Tween:DoGoto(Tween, Single, Int32, UpdateMode)
DG.Tweening.Core.TweenManager:Goto(Tween, Single, Boolean, UpdateMode)
DG.Tweening.Sequence:ApplyInternalCycle(Sequence, Single, Single, UpdateMode, Boolean, Boolean, Boolean)
DG.Tweening.Sequence:DoApplyTween(Sequence, Single, Int32, Int32, Boolean, UpdateMode)
DG.Tweening.Tween:DoGoto(Tween, Single, Int32, UpdateMode)
DG.Tweening.Core.TweenManager:Update(Tween, Single, Single, Boolean)
DG.Tweening.Core.TweenManager:Update(UpdateType, Single, Single)
DG.Tweening.Core.DOTweenComponent:Update()

<color=#0099bc><b>DOTWEEN ► </b></color>Tween startup failed (NULL target/property - UnityEngine.Color <DOColor>b__0()): the tween will now be killed ► Object reference not set to an instance of an object.
UnityEngine.DebugLogHandler:Internal_Log(LogType, LogOption, String, Object)
UnityEngine.Logger:Log(LogType, Object)
UnityEngine.Debug:LogWarning(Object)
UnityEngine.U2D.Animation.TransformAccessJob:ArrayRemoveAt(T[]&, Int32) (at ./Library/PackageCache/com.unity.2d.animation@81ad133dbdf1/Runtime/BatchedDeformation/TransformAccessJob.cs:111)
DG.Tweening.Tween:DoGoto(Tween, Single, Int32, UpdateMode)
DG.Tweening.Core.TweenManager:Goto(Tween, Single, Boolean, UpdateMode)
DG.Tweening.Sequence:ApplyInternalCycle(Sequence, Single, Single, UpdateMode, Boolean, Boolean, Boolean)
DG.Tweening.Sequence:DoApplyTween(Sequence, Single, Int32, Int32, Boolean, UpdateMode)
DG.Tweening.Tween:DoGoto(Tween, Single, Int32, UpdateMode)
DG.Tweening.Core.TweenManager:Goto(Tween, Single, Boolean, UpdateMode)
DG.Tweening.Sequence:ApplyInternalCycle(Sequence, Single, Single, UpdateMode, Boolean, Boolean, Boolean)
DG.Tweening.Sequence:DoApplyTween(Sequence, Single, Int32, Int32, Boolean, UpdateMode)
DG.Tweening.Tween:DoGoto(Tween, Single, Int32, UpdateMode)
DG.Tweening.Core.TweenManager:Update(Tween, Single, Single, Boolean)
DG.Tweening.Core.TweenManager:Update(UpdateType, Single, Single)
DG.Tweening.Core.DOTweenComponent:Update()

<color=#0099bc><b>DOTWEEN ► </b></color>Tween startup failed (NULL target/property - UnityEngine.Color <DOColor>b__0()): the tween will now be killed ► Object reference not set to an instance of an object.
UnityEngine.DebugLogHandler:Internal_Log(LogType, LogOption, String, Object)
UnityEngine.Logger:Log(LogType, Object)
UnityEngine.Debug:LogWarning(Object)
UnityEngine.U2D.Animation.TransformAccessJob:ArrayRemoveAt(T[]&, Int32) (at ./Library/PackageCache/com.unity.2d.animation@81ad133dbdf1/Runtime/BatchedDeformation/TransformAccessJob.cs:111)
DG.Tweening.Tween:DoGoto(Tween, Single, Int32, UpdateMode)
DG.Tweening.Core.TweenManager:Goto(Tween, Single, Boolean, UpdateMode)
DG.Tweening.Sequence:ApplyInternalCycle(Sequence, Single, Single, UpdateMode, Boolean, Boolean, Boolean)
DG.Tweening.Sequence:DoApplyTween(Sequence, Single, Int32, Int32, Boolean, UpdateMode)
DG.Tweening.Tween:DoGoto(Tween, Single, Int32, UpdateMode)
DG.Tweening.Core.TweenManager:Goto(Tween, Single, Boolean, UpdateMode)
DG.Tweening.Sequence:ApplyInternalCycle(Sequence, Single, Single, UpdateMode, Boolean, Boolean, Boolean)
DG.Tweening.Sequence:DoApplyTween(Sequence, Single, Int32, Int32, Boolean, UpdateMode)
DG.Tweening.Tween:DoGoto(Tween, Single, Int32, UpdateMode)
DG.Tweening.Core.TweenManager:Update(Tween, Single, Single, Boolean)
DG.Tweening.Core.TweenManager:Update(UpdateType, Single, Single)
DG.Tweening.Core.DOTweenComponent:Update()

<color=#0099bc><b>DOTWEEN ► </b></color>Tween startup failed (NULL target/property - UnityEngine.Color <DOColor>b__0()): the tween will now be killed ► Object reference not set to an instance of an object.
UnityEngine.DebugLogHandler:Internal_Log(LogType, LogOption, String, Object)
UnityEngine.Logger:Log(LogType, Object)
UnityEngine.Debug:LogWarning(Object)
UnityEngine.U2D.Animation.TransformAccessJob:ArrayRemoveAt(T[]&, Int32) (at ./Library/PackageCache/com.unity.2d.animation@81ad133dbdf1/Runtime/BatchedDeformation/TransformAccessJob.cs:111)
DG.Tweening.Tween:DoGoto(Tween, Single, Int32, UpdateMode)
DG.Tweening.Core.TweenManager:Goto(Tween, Single, Boolean, UpdateMode)
DG.Tweening.Sequence:ApplyInternalCycle(Sequence, Single, Single, UpdateMode, Boolean, Boolean, Boolean)
DG.Tweening.Sequence:DoApplyTween(Sequence, Single, Int32, Int32, Boolean, UpdateMode)
DG.Tweening.Tween:DoGoto(Tween, Single, Int32, UpdateMode)
DG.Tweening.Core.TweenManager:Goto(Tween, Single, Boolean, UpdateMode)
DG.Tweening.Sequence:ApplyInternalCycle(Sequence, Single, Single, UpdateMode, Boolean, Boolean, Boolean)
DG.Tweening.Sequence:DoApplyTween(Sequence, Single, Int32, Int32, Boolean, UpdateMode)
DG.Tweening.Tween:DoGoto(Tween, Single, Int32, UpdateMode)
DG.Tweening.Core.TweenManager:Update(Tween, Single, Single, Boolean)
DG.Tweening.Core.TweenManager:Update(UpdateType, Single, Single)
DG.Tweening.Core.DOTweenComponent:Update()

<color=#0099bc><b>DOTWEEN ► </b></color>Tween startup failed (NULL target/property - UnityEngine.Color <DOColor>b__0()): the tween will now be killed ► Object reference not set to an instance of an object.
UnityEngine.DebugLogHandler:Internal_Log(LogType, LogOption, String, Object)
UnityEngine.Logger:Log(LogType, Object)
UnityEngine.Debug:LogWarning(Object)
UnityEngine.U2D.Animation.TransformAccessJob:ArrayRemoveAt(T[]&, Int32) (at ./Library/PackageCache/com.unity.2d.animation@81ad133dbdf1/Runtime/BatchedDeformation/TransformAccessJob.cs:111)
DG.Tweening.Tween:DoGoto(Tween, Single, Int32, UpdateMode)
DG.Tweening.Core.TweenManager:Goto(Tween, Single, Boolean, UpdateMode)
DG.Tweening.Sequence:ApplyInternalCycle(Sequence, Single, Single, UpdateMode, Boolean, Boolean, Boolean)
DG.Tweening.Sequence:DoApplyTween(Sequence, Single, Int32, Int32, Boolean, UpdateMode)
DG.Tweening.Tween:DoGoto(Tween, Single, Int32, UpdateMode)
DG.Tweening.Core.TweenManager:Goto(Tween, Single, Boolean, UpdateMode)
DG.Tweening.Sequence:ApplyInternalCycle(Sequence, Single, Single, UpdateMode, Boolean, Boolean, Boolean)
DG.Tweening.Sequence:DoApplyTween(Sequence, Single, Int32, Int32, Boolean, UpdateMode)
DG.Tweening.Tween:DoGoto(Tween, Single, Int32, UpdateMode)
DG.Tweening.Core.TweenManager:Update(Tween, Single, Single, Boolean)
DG.Tweening.Core.TweenManager:Update(UpdateType, Single, Single)
DG.Tweening.Core.DOTweenComponent:Update()

<color=#0099bc><b>DOTWEEN ► </b></color>Tween startup failed (NULL target/property - UnityEngine.Color <DOColor>b__0()): the tween will now be killed ► Object reference not set to an instance of an object.
UnityEngine.DebugLogHandler:Internal_Log(LogType, LogOption, String, Object)
UnityEngine.Logger:Log(LogType, Object)
UnityEngine.Debug:LogWarning(Object)
UnityEngine.U2D.Animation.TransformAccessJob:ArrayRemoveAt(T[]&, Int32) (at ./Library/PackageCache/com.unity.2d.animation@81ad133dbdf1/Runtime/BatchedDeformation/TransformAccessJob.cs:111)
DG.Tweening.Tween:DoGoto(Tween, Single, Int32, UpdateMode)
DG.Tweening.Core.TweenManager:Goto(Tween, Single, Boolean, UpdateMode)
DG.Tweening.Sequence:ApplyInternalCycle(Sequence, Single, Single, UpdateMode, Boolean, Boolean, Boolean)
DG.Tweening.Sequence:DoApplyTween(Sequence, Single, Int32, Int32, Boolean, UpdateMode)
DG.Tweening.Tween:DoGoto(Tween, Single, Int32, UpdateMode)
DG.Tweening.Core.TweenManager:Goto(Tween, Single, Boolean, UpdateMode)
DG.Tweening.Sequence:ApplyInternalCycle(Sequence, Single, Single, UpdateMode, Boolean, Boolean, Boolean)
DG.Tweening.Sequence:DoApplyTween(Sequence, Single, Int32, Int32, Boolean, UpdateMode)
DG.Tweening.Tween:DoGoto(Tween, Single, Int32, UpdateMode)
DG.Tweening.Core.TweenManager:Update(Tween, Single, Single, Boolean)
DG.Tweening.Core.TweenManager:Update(UpdateType, Single, Single)
DG.Tweening.Core.DOTweenComponent:Update()

<color=#0099bc><b>DOTWEEN ► </b></color>Tween startup failed (NULL target/property - UnityEngine.Color <DOColor>b__0()): the tween will now be killed ► Object reference not set to an instance of an object.
UnityEngine.DebugLogHandler:Internal_Log(LogType, LogOption, String, Object)
UnityEngine.Logger:Log(LogType, Object)
UnityEngine.Debug:LogWarning(Object)
UnityEngine.U2D.Animation.TransformAccessJob:ArrayRemoveAt(T[]&, Int32) (at ./Library/PackageCache/com.unity.2d.animation@81ad133dbdf1/Runtime/BatchedDeformation/TransformAccessJob.cs:111)
DG.Tweening.Tween:DoGoto(Tween, Single, Int32, UpdateMode)
DG.Tweening.Core.TweenManager:Goto(Tween, Single, Boolean, UpdateMode)
DG.Tweening.Sequence:ApplyInternalCycle(Sequence, Single, Single, UpdateMode, Boolean, Boolean, Boolean)
DG.Tweening.Sequence:DoApplyTween(Sequence, Single, Int32, Int32, Boolean, UpdateMode)
DG.Tweening.Tween:DoGoto(Tween, Single, Int32, UpdateMode)
DG.Tweening.Core.TweenManager:Goto(Tween, Single, Boolean, UpdateMode)
DG.Tweening.Sequence:ApplyInternalCycle(Sequence, Single, Single, UpdateMode, Boolean, Boolean, Boolean)
DG.Tweening.Sequence:DoApplyTween(Sequence, Single, Int32, Int32, Boolean, UpdateMode)
DG.Tweening.Tween:DoGoto(Tween, Single, Int32, UpdateMode)
DG.Tweening.Core.TweenManager:Update(Tween, Single, Single, Boolean)
DG.Tweening.Core.TweenManager:Update(UpdateType, Single, Single)
DG.Tweening.Core.DOTweenComponent:Update()

<color=#0099bc><b>DOTWEEN ► </b></color>Tween startup failed (NULL target/property - UnityEngine.Color <DOColor>b__0()): the tween will now be killed ► Object reference not set to an instance of an object.
UnityEngine.DebugLogHandler:Internal_Log(LogType, LogOption, String, Object)
UnityEngine.Logger:Log(LogType, Object)
UnityEngine.Debug:LogWarning(Object)
UnityEngine.U2D.Animation.TransformAccessJob:ArrayRemoveAt(T[]&, Int32) (at ./Library/PackageCache/com.unity.2d.animation@81ad133dbdf1/Runtime/BatchedDeformation/TransformAccessJob.cs:111)
DG.Tweening.Tween:DoGoto(Tween, Single, Int32, UpdateMode)
DG.Tweening.Core.TweenManager:Goto(Tween, Single, Boolean, UpdateMode)
DG.Tweening.Sequence:ApplyInternalCycle(Sequence, Single, Single, UpdateMode, Boolean, Boolean, Boolean)
DG.Tweening.Sequence:DoApplyTween(Sequence, Single, Int32, Int32, Boolean, UpdateMode)
DG.Tweening.Tween:DoGoto(Tween, Single, Int32, UpdateMode)
DG.Tweening.Core.TweenManager:Goto(Tween, Single, Boolean, UpdateMode)
DG.Tweening.Sequence:ApplyInternalCycle(Sequence, Single, Single, UpdateMode, Boolean, Boolean, Boolean)
DG.Tweening.Sequence:DoApplyTween(Sequence, Single, Int32, Int32, Boolean, UpdateMode)
DG.Tweening.Tween:DoGoto(Tween, Single, Int32, UpdateMode)
DG.Tweening.Core.TweenManager:Update(Tween, Single, Single, Boolean)
DG.Tweening.Core.TweenManager:Update(UpdateType, Single, Single)
DG.Tweening.Core.DOTweenComponent:Update()

<color=#0099bc><b>DOTWEEN ► </b></color>Tween startup failed (NULL target/property - UnityEngine.Color <DOColor>b__0()): the tween will now be killed ► Object reference not set to an instance of an object.
UnityEngine.DebugLogHandler:Internal_Log(LogType, LogOption, String, Object)
UnityEngine.Logger:Log(LogType, Object)
UnityEngine.Debug:LogWarning(Object)
UnityEngine.U2D.Animation.TransformAccessJob:ArrayRemoveAt(T[]&, Int32) (at ./Library/PackageCache/com.unity.2d.animation@81ad133dbdf1/Runtime/BatchedDeformation/TransformAccessJob.cs:111)
DG.Tweening.Tween:DoGoto(Tween, Single, Int32, UpdateMode)
DG.Tweening.Core.TweenManager:Goto(Tween, Single, Boolean, UpdateMode)
DG.Tweening.Sequence:ApplyInternalCycle(Sequence, Single, Single, UpdateMode, Boolean, Boolean, Boolean)
DG.Tweening.Sequence:DoApplyTween(Sequence, Single, Int32, Int32, Boolean, UpdateMode)
DG.Tweening.Tween:DoGoto(Tween, Single, Int32, UpdateMode)
DG.Tweening.Core.TweenManager:Goto(Tween, Single, Boolean, UpdateMode)
DG.Tweening.Sequence:ApplyInternalCycle(Sequence, Single, Single, UpdateMode, Boolean, Boolean, Boolean)
DG.Tweening.Sequence:DoApplyTween(Sequence, Single, Int32, Int32, Boolean, UpdateMode)
DG.Tweening.Tween:DoGoto(Tween, Single, Int32, UpdateMode)
DG.Tweening.Core.TweenManager:Update(Tween, Single, Single, Boolean)
DG.Tweening.Core.TweenManager:Update(UpdateType, Single, Single)
DG.Tweening.Core.DOTweenComponent:Update()

<color=#0099bc><b>DOTWEEN ► </b></color>Tween startup failed (NULL target/property - UnityEngine.Color <DOColor>b__0()): the tween will now be killed ► Object reference not set to an instance of an object.
UnityEngine.DebugLogHandler:Internal_Log(LogType, LogOption, String, Object)
UnityEngine.Logger:Log(LogType, Object)
UnityEngine.Debug:LogWarning(Object)
UnityEngine.U2D.Animation.TransformAccessJob:ArrayRemoveAt(T[]&, Int32) (at ./Library/PackageCache/com.unity.2d.animation@81ad133dbdf1/Runtime/BatchedDeformation/TransformAccessJob.cs:111)
DG.Tweening.Tween:DoGoto(Tween, Single, Int32, UpdateMode)
DG.Tweening.Core.TweenManager:Goto(Tween, Single, Boolean, UpdateMode)
DG.Tweening.Sequence:ApplyInternalCycle(Sequence, Single, Single, UpdateMode, Boolean, Boolean, Boolean)
DG.Tweening.Sequence:DoApplyTween(Sequence, Single, Int32, Int32, Boolean, UpdateMode)
DG.Tweening.Tween:DoGoto(Tween, Single, Int32, UpdateMode)
DG.Tweening.Core.TweenManager:Goto(Tween, Single, Boolean, UpdateMode)
DG.Tweening.Sequence:ApplyInternalCycle(Sequence, Single, Single, UpdateMode, Boolean, Boolean, Boolean)
DG.Tweening.Sequence:DoApplyTween(Sequence, Single, Int32, Int32, Boolean, UpdateMode)
DG.Tweening.Tween:DoGoto(Tween, Single, Int32, UpdateMode)
DG.Tweening.Core.TweenManager:Update(Tween, Single, Single, Boolean)
DG.Tweening.Core.TweenManager:Update(UpdateType, Single, Single)
DG.Tweening.Core.DOTweenComponent:Update()

<color=#0099bc><b>DOTWEEN ► </b></color>Tween startup failed (NULL target/property - UnityEngine.Color <DOColor>b__0()): the tween will now be killed ► Object reference not set to an instance of an object.
UnityEngine.DebugLogHandler:Internal_Log(LogType, LogOption, String, Object)
UnityEngine.Logger:Log(LogType, Object)
UnityEngine.Debug:LogWarning(Object)
UnityEngine.U2D.Animation.TransformAccessJob:ArrayRemoveAt(T[]&, Int32) (at ./Library/PackageCache/com.unity.2d.animation@81ad133dbdf1/Runtime/BatchedDeformation/TransformAccessJob.cs:111)
DG.Tweening.Tween:DoGoto(Tween, Single, Int32, UpdateMode)
DG.Tweening.Core.TweenManager:Goto(Tween, Single, Boolean, UpdateMode)
DG.Tweening.Sequence:ApplyInternalCycle(Sequence, Single, Single, UpdateMode, Boolean, Boolean, Boolean)
DG.Tweening.Sequence:DoApplyTween(Sequence, Single, Int32, Int32, Boolean, UpdateMode)
DG.Tweening.Tween:DoGoto(Tween, Single, Int32, UpdateMode)
DG.Tweening.Core.TweenManager:Goto(Tween, Single, Boolean, UpdateMode)
DG.Tweening.Sequence:ApplyInternalCycle(Sequence, Single, Single, UpdateMode, Boolean, Boolean, Boolean)
DG.Tweening.Sequence:DoApplyTween(Sequence, Single, Int32, Int32, Boolean, UpdateMode)
DG.Tweening.Tween:DoGoto(Tween, Single, Int32, UpdateMode)
DG.Tweening.Core.TweenManager:Update(Tween, Single, Single, Boolean)
DG.Tweening.Core.TweenManager:Update(UpdateType, Single, Single)
DG.Tweening.Core.DOTweenComponent:Update()

<color=#0099bc><b>DOTWEEN ► </b></color>Tween startup failed (NULL target/property - UnityEngine.Color <DOColor>b__0()): the tween will now be killed ► Object reference not set to an instance of an object.
UnityEngine.DebugLogHandler:Internal_Log(LogType, LogOption, String, Object)
UnityEngine.Logger:Log(LogType, Object)
UnityEngine.Debug:LogWarning(Object)
UnityEngine.U2D.Animation.TransformAccessJob:ArrayRemoveAt(T[]&, Int32) (at ./Library/PackageCache/com.unity.2d.animation@81ad133dbdf1/Runtime/BatchedDeformation/TransformAccessJob.cs:111)
DG.Tweening.Tween:DoGoto(Tween, Single, Int32, UpdateMode)
DG.Tweening.Core.TweenManager:Goto(Tween, Single, Boolean, UpdateMode)
DG.Tweening.Sequence:ApplyInternalCycle(Sequence, Single, Single, UpdateMode, Boolean, Boolean, Boolean)
DG.Tweening.Sequence:DoApplyTween(Sequence, Single, Int32, Int32, Boolean, UpdateMode)
DG.Tweening.Tween:DoGoto(Tween, Single, Int32, UpdateMode)
DG.Tweening.Core.TweenManager:Goto(Tween, Single, Boolean, UpdateMode)
DG.Tweening.Sequence:ApplyInternalCycle(Sequence, Single, Single, UpdateMode, Boolean, Boolean, Boolean)
DG.Tweening.Sequence:DoApplyTween(Sequence, Single, Int32, Int32, Boolean, UpdateMode)
DG.Tweening.Tween:DoGoto(Tween, Single, Int32, UpdateMode)
DG.Tweening.Core.TweenManager:Update(Tween, Single, Single, Boolean)
DG.Tweening.Core.TweenManager:Update(UpdateType, Single, Single)
DG.Tweening.Core.DOTweenComponent:Update()

  ✓ 预加载: Heart
UnityEngine.DebugLogHandler:Internal_Log(LogType, LogOption, String, Object)
UnityEngine.Logger:Log(LogType, Object)
UnityEngine.Debug:Log(Object)
BirdGame.<>c__DisplayClass4_0`1:<PreloadAsset>b__0(T) (at E:/Unity/Projects/Work/FeatherLandNew/Assets/Scripts/New/Systems/AssetPreloadSystem.cs:72)
UnityEngine.UI.CoroutineTween.FloatTween:get_duration() (at ./Library/PackageCache/com.unity.ugui@aa507f3228f0/Runtime/UGUI/UI/Animation/CoroutineTween.cs:142)
System.Threading.ExecutionContext:RunInternal(ExecutionContext, ContextCallback, Object, Boolean)
System.Runtime.CompilerServices.MoveNextRunner:Run()
Cysharp.Threading.Tasks.Awaiter:GetResult() (at E:/Unity/Projects/Work/FeatherLandNew/Assets/Plugins/UniTask/Runtime/UniTask.cs:317)
Cysharp.Threading.Tasks.Internal.ContinuationQueue:RunCore() (at E:/Unity/Projects/Work/FeatherLandNew/Assets/Plugins/UniTask/Runtime/Internal/ContinuationQueue.cs:194)

  ✓ 预加载: Num
UnityEngine.DebugLogHandler:Internal_Log(LogType, LogOption, String, Object)
UnityEngine.Logger:Log(LogType, Object)
UnityEngine.Debug:Log(Object)
BirdGame.<>c__DisplayClass4_0`1:<PreloadAsset>b__0(T) (at E:/Unity/Projects/Work/FeatherLandNew/Assets/Scripts/New/Systems/AssetPreloadSystem.cs:72)
UnityEngine.UI.CoroutineTween.FloatTween:get_duration() (at ./Library/PackageCache/com.unity.ugui@aa507f3228f0/Runtime/UGUI/UI/Animation/CoroutineTween.cs:142)
Cysharp.Threading.Tasks.CompilerServices.AsyncUniTaskMethodBuilder:Start(TStateMachine&) (at E:/Unity/Projects/Work/FeatherLandNew/Assets/Plugins/UniTask/Runtime/CompilerServices/AsyncUniTaskMethodBuilder.cs:112)
UnityEngine.AddressableAssets.AssetReference:LoadAssetAsync() (at ./Library/PackageCache/com.unity.addressables@d929cbc70804/Runtime/AssetReference.cs:558)
BirdGame.<PreloadAsset>d__4`1:MoveNext() (at E:/Unity/Projects/Work/FeatherLandNew/Assets/Scripts/New/Systems/AssetPreloadSystem.cs:80)
Cysharp.Threading.Tasks.CompilerServices.AsyncUniTaskMethodBuilder:Start(TStateMachine&) (at E:/Unity/Projects/Work/FeatherLandNew/Assets/Plugins/UniTask/Runtime/CompilerServices/AsyncUniTaskMethodBuilder.cs:111)
BirdGame.<PreloadCommonAssets>d__3:MoveNext() (at E:/Unity/Projects/Work/FeatherLandNew/Assets/Scripts/New/Systems/AssetPreloadSystem.cs:45)
Coffee.UIEffects.Timeline.UIEffectMixerBehaviour`2:set_effect(UIEffect) (at ./UIEffect-5.10.7/Packages/src/Runtime/Timeline/Base/UIEffectTimelineUtils.cs:111)
Cysharp.Threading.Tasks.CompilerServices.AsyncUniTaskMethodBuilder:SetResult() (at E:/Unity/Projects/Work/FeatherLandNew/Assets/Plugins/UniTask/Runtime/CompilerServices/AsyncUniTaskMethodBuilder.cs:70)
BirdGame.<PreloadAsset>d__4`1:MoveNext() (at E:/Unity/Projects/Work/FeatherLandNew/Assets/Scripts/New/Systems/AssetPreloadSystem.cs:88)
Unity.Mathematics.math:max(Int32, Int32) (at ./Library/PackageCache/com.unity.mathematics@8017b507cc74/Unity.Mathematics/math.cs:987)
UnityEngine.UI.CoroutineTween.FloatTween:get_duration() (at ./Library/PackageCache/com.unity.ugui@aa507f3228f0/Runtime/UGUI/UI/Animation/CoroutineTween.cs:142)
System.Threading.ExecutionContext:RunInternal(ExecutionContext, ContextCallback, Object, Boolean)
System.Runtime.CompilerServices.MoveNextRunner:Run()
Cysharp.Threading.Tasks.Awaiter:GetResult() (at E:/Unity/Projects/Work/FeatherLandNew/Assets/Plugins/UniTask/Runtime/UniTask.cs:317)
Cysharp.Threading.Tasks.Internal.ContinuationQueue:RunCore() (at E:/Unity/Projects/Work/FeatherLandNew/Assets/Plugins/UniTask/Runtime/Internal/ContinuationQueue.cs:194)

✅ 预加载完成！共加载 2 个资源
UnityEngine.DebugLogHandler:Internal_Log(LogType, LogOption, String, Object)
UnityEngine.Logger:Log(LogType, Object)
UnityEngine.Debug:Log(Object)
BirdGame.<PreloadCommonAssets>d__3:MoveNext() (at E:/Unity/Projects/Work/FeatherLandNew/Assets/Scripts/New/Systems/AssetPreloadSystem.cs:54)
Coffee.UIEffects.Timeline.UIEffectMixerBehaviour`2:set_effect(UIEffect) (at ./UIEffect-5.10.7/Packages/src/Runtime/Timeline/Base/UIEffectTimelineUtils.cs:111)
Cysharp.Threading.Tasks.CompilerServices.AsyncUniTaskMethodBuilder:SetResult() (at E:/Unity/Projects/Work/FeatherLandNew/Assets/Plugins/UniTask/Runtime/CompilerServices/AsyncUniTaskMethodBuilder.cs:70)
BirdGame.<PreloadAsset>d__4`1:MoveNext() (at E:/Unity/Projects/Work/FeatherLandNew/Assets/Scripts/New/Systems/AssetPreloadSystem.cs:88)
Unity.Mathematics.math:max(Int32, Int32) (at ./Library/PackageCache/com.unity.mathematics@8017b507cc74/Unity.Mathematics/math.cs:987)
UnityEngine.UI.CoroutineTween.FloatTween:get_duration() (at ./Library/PackageCache/com.unity.ugui@aa507f3228f0/Runtime/UGUI/UI/Animation/CoroutineTween.cs:142)
System.Threading.ExecutionContext:RunInternal(ExecutionContext, ContextCallback, Object, Boolean)
System.Runtime.CompilerServices.MoveNextRunner:Run()
Cysharp.Threading.Tasks.Awaiter:GetResult() (at E:/Unity/Projects/Work/FeatherLandNew/Assets/Plugins/UniTask/Runtime/UniTask.cs:317)
Cysharp.Threading.Tasks.Internal.ContinuationQueue:RunCore() (at E:/Unity/Projects/Work/FeatherLandNew/Assets/Plugins/UniTask/Runtime/Internal/ContinuationQueue.cs:194)

✅ 常用资源预加载完成
UnityEngine.DebugLogHandler:Internal_Log(LogType, LogOption, String, Object)
UnityEngine.Logger:Log(LogType, Object)
UnityEngine.Debug:Log(Object)
BirdGame.<PreloadCommonAssetsAsync>d__12:MoveNext() (at E:/Unity/Projects/Work/FeatherLandNew/Assets/Scripts/New/Commands/LoadGameCommand.cs:276)
System.Threading.ExecutionContext:RunInternal(ExecutionContext, ContextCallback, Object, Boolean)
System.Runtime.CompilerServices.MoveNextRunner:Run()
Coffee.UIEffects.Timeline.UIEffectMixerBehaviour`2:set_effect(UIEffect) (at ./UIEffect-5.10.7/Packages/src/Runtime/Timeline/Base/UIEffectTimelineUtils.cs:111)
Cysharp.Threading.Tasks.CompilerServices.AsyncUniTaskMethodBuilder:SetResult() (at E:/Unity/Projects/Work/FeatherLandNew/Assets/Plugins/UniTask/Runtime/CompilerServices/AsyncUniTaskMethodBuilder.cs:70)
BirdGame.<PreloadCommonAssets>d__3:MoveNext() (at E:/Unity/Projects/Work/FeatherLandNew/Assets/Scripts/New/Systems/AssetPreloadSystem.cs:55)
Coffee.UIEffects.Timeline.UIEffectMixerBehaviour`2:set_effect(UIEffect) (at ./UIEffect-5.10.7/Packages/src/Runtime/Timeline/Base/UIEffectTimelineUtils.cs:111)
Cysharp.Threading.Tasks.CompilerServices.AsyncUniTaskMethodBuilder:SetResult() (at E:/Unity/Projects/Work/FeatherLandNew/Assets/Plugins/UniTask/Runtime/CompilerServices/AsyncUniTaskMethodBuilder.cs:70)
BirdGame.<PreloadAsset>d__4`1:MoveNext() (at E:/Unity/Projects/Work/FeatherLandNew/Assets/Scripts/New/Systems/AssetPreloadSystem.cs:88)
Unity.Mathematics.math:max(Int32, Int32) (at ./Library/PackageCache/com.unity.mathematics@8017b507cc74/Unity.Mathematics/math.cs:987)
UnityEngine.UI.CoroutineTween.FloatTween:get_duration() (at ./Library/PackageCache/com.unity.ugui@aa507f3228f0/Runtime/UGUI/UI/Animation/CoroutineTween.cs:142)
System.Threading.ExecutionContext:RunInternal(ExecutionContext, ContextCallback, Object, Boolean)
System.Runtime.CompilerServices.MoveNextRunner:Run()
Cysharp.Threading.Tasks.Awaiter:GetResult() (at E:/Unity/Projects/Work/FeatherLandNew/Assets/Plugins/UniTask/Runtime/UniTask.cs:317)
Cysharp.Threading.Tasks.Internal.ContinuationQueue:RunCore() (at E:/Unity/Projects/Work/FeatherLandNew/Assets/Plugins/UniTask/Runtime/Internal/ContinuationQueue.cs:194)

通过范围检测发现装饰品：Sprite
UnityEngine.DebugLogHandler:Internal_Log(LogType, LogOption, String, Object)
UnityEngine.Logger:Log(LogType, Object)
UnityEngine.Debug:Log(Object)
BirdGame.GameSystem:IsCoverDecoration() (at E:/Unity/Projects/Work/FeatherLandNew/Assets/Scripts/New/Systems/IGameSystem.cs:438)
BirdGame.GameEntry:CheckCursor() (at E:/Unity/Projects/Work/FeatherLandNew/Assets/Scripts/New/ViewController/Game/GameEntry.cs:398)
BirdGame.GameEntry:Update() (at E:/Unity/Projects/Work/FeatherLandNew/Assets/Scripts/New/ViewController/Game/GameEntry.cs:158)

本地化文本加载成功，Key: Questionaire，Text: Feedback
UnityEngine.DebugLogHandler:Internal_Log(LogType, LogOption, String, Object)
UnityEngine.Logger:Log(LogType, Object)
UnityEngine.Debug:Log(Object)
UnityEngine.Object:Instantiate(Object, Transform, Boolean)
NavMeshPlus.Extensions.NavMeshBuilderState:GetExtraState(Boolean) (at ./Library/PackageCache/com.h8man.2d.navmeshplus@3fdf1984803c/NavMeshComponents/Scripts/NavMeshBuilderState.cs:32)
BirdGame.<>c__DisplayClass10_0:<ShowPanel>b__0(GameObject) (at E:/Unity/Projects/Work/FeatherLandNew/Assets/Scripts/New/Systems/IUISystem.cs:175)
UnityEngine.UI.CoroutineTween.FloatTween:get_duration() (at ./Library/PackageCache/com.unity.ugui@aa507f3228f0/Runtime/UGUI/UI/Animation/CoroutineTween.cs:142)
System.Threading.ExecutionContext:RunInternal(ExecutionContext, ContextCallback, Object, Boolean)
System.Runtime.CompilerServices.MoveNextRunner:Run()
Cysharp.Threading.Tasks.Awaiter:GetResult() (at E:/Unity/Projects/Work/FeatherLandNew/Assets/Plugins/UniTask/Runtime/UniTask.cs:317)
Cysharp.Threading.Tasks.Internal.ContinuationQueue:RunCore() (at E:/Unity/Projects/Work/FeatherLandNew/Assets/Plugins/UniTask/Runtime/Internal/ContinuationQueue.cs:194)

本地化文本加载成功，Key: SteamButton，Text: Join the wishlist
UnityEngine.DebugLogHandler:Internal_Log(LogType, LogOption, String, Object)
UnityEngine.Logger:Log(LogType, Object)
UnityEngine.Debug:Log(Object)
UnityEngine.Object:Instantiate(Object, Transform, Boolean)
NavMeshPlus.Extensions.NavMeshBuilderState:GetExtraState(Boolean) (at ./Library/PackageCache/com.h8man.2d.navmeshplus@3fdf1984803c/NavMeshComponents/Scripts/NavMeshBuilderState.cs:32)
BirdGame.<>c__DisplayClass10_0:<ShowPanel>b__0(GameObject) (at E:/Unity/Projects/Work/FeatherLandNew/Assets/Scripts/New/Systems/IUISystem.cs:175)
UnityEngine.UI.CoroutineTween.FloatTween:get_duration() (at ./Library/PackageCache/com.unity.ugui@aa507f3228f0/Runtime/UGUI/UI/Animation/CoroutineTween.cs:142)
System.Threading.ExecutionContext:RunInternal(ExecutionContext, ContextCallback, Object, Boolean)
System.Runtime.CompilerServices.MoveNextRunner:Run()
Cysharp.Threading.Tasks.Awaiter:GetResult() (at E:/Unity/Projects/Work/FeatherLandNew/Assets/Plugins/UniTask/Runtime/UniTask.cs:317)
Cysharp.Threading.Tasks.Internal.ContinuationQueue:RunCore() (at E:/Unity/Projects/Work/FeatherLandNew/Assets/Plugins/UniTask/Runtime/Internal/ContinuationQueue.cs:194)

通过范围检测发现装饰品：Sprite
UnityEngine.DebugLogHandler:Internal_Log(LogType, LogOption, String, Object)
UnityEngine.Logger:Log(LogType, Object)
UnityEngine.Debug:Log(Object)
BirdGame.GameSystem:IsCoverDecoration() (at E:/Unity/Projects/Work/FeatherLandNew/Assets/Scripts/New/Systems/IGameSystem.cs:438)
BirdGame.GameEntry:CheckCursor() (at E:/Unity/Projects/Work/FeatherLandNew/Assets/Scripts/New/ViewController/Game/GameEntry.cs:398)
BirdGame.GameEntry:Update() (at E:/Unity/Projects/Work/FeatherLandNew/Assets/Scripts/New/ViewController/Game/GameEntry.cs:158)

MenuPanel Start方法开始执行
UnityEngine.DebugLogHandler:Internal_Log(LogType, LogOption, String, Object)
UnityEngine.Logger:Log(LogType, Object)
UnityEngine.Debug:Log(Object)
BirdGame.MenuPanel:Start() (at E:/Unity/Projects/Work/FeatherLandNew/Assets/Scripts/New/ViewController/UI/Panels/MenuPanel.cs:94)

MenuPanel GameObject名称: MenuPanel(Clone)
UnityEngine.DebugLogHandler:Internal_Log(LogType, LogOption, String, Object)
UnityEngine.Logger:Log(LogType, Object)
UnityEngine.Debug:Log(Object)
BirdGame.MenuPanel:Start() (at E:/Unity/Projects/Work/FeatherLandNew/Assets/Scripts/New/ViewController/UI/Panels/MenuPanel.cs:95)

MenuPanel 激活状态: True
UnityEngine.DebugLogHandler:Internal_Log(LogType, LogOption, String, Object)
UnityEngine.Logger:Log(LogType, Object)
UnityEngine.Debug:Log(Object)
BirdGame.MenuPanel:Start() (at E:/Unity/Projects/Work/FeatherLandNew/Assets/Scripts/New/ViewController/UI/Panels/MenuPanel.cs:96)

IUISystem获取成功
UnityEngine.DebugLogHandler:Internal_Log(LogType, LogOption, String, Object)
UnityEngine.Logger:Log(LogType, Object)
UnityEngine.Debug:Log(Object)
BirdGame.MenuPanel:Start() (at E:/Unity/Projects/Work/FeatherLandNew/Assets/Scripts/New/ViewController/UI/Panels/MenuPanel.cs:109)

通过范围检测发现装饰品：Sprite
UnityEngine.DebugLogHandler:Internal_Log(LogType, LogOption, String, Object)
UnityEngine.Logger:Log(LogType, Object)
UnityEngine.Debug:Log(Object)
BirdGame.GameSystem:IsCoverDecoration() (at E:/Unity/Projects/Work/FeatherLandNew/Assets/Scripts/New/Systems/IGameSystem.cs:438)
BirdGame.GameEntry:CheckCursor() (at E:/Unity/Projects/Work/FeatherLandNew/Assets/Scripts/New/ViewController/Game/GameEntry.cs:398)
BirdGame.GameEntry:Update() (at E:/Unity/Projects/Work/FeatherLandNew/Assets/Scripts/New/ViewController/Game/GameEntry.cs:158)

通过范围检测发现装饰品：Sprite
UnityEngine.DebugLogHandler:Internal_Log(LogType, LogOption, String, Object)
UnityEngine.Logger:Log(LogType, Object)
UnityEngine.Debug:Log(Object)
BirdGame.GameSystem:IsCoverDecoration() (at E:/Unity/Projects/Work/FeatherLandNew/Assets/Scripts/New/Systems/IGameSystem.cs:438)
BirdGame.GameEntry:CheckCursor() (at E:/Unity/Projects/Work/FeatherLandNew/Assets/Scripts/New/ViewController/Game/GameEntry.cs:398)
BirdGame.GameEntry:Update() (at E:/Unity/Projects/Work/FeatherLandNew/Assets/Scripts/New/ViewController/Game/GameEntry.cs:158)

通过范围检测发现装饰品：Sprite
UnityEngine.DebugLogHandler:Internal_Log(LogType, LogOption, String, Object)
UnityEngine.Logger:Log(LogType, Object)
UnityEngine.Debug:Log(Object)
BirdGame.GameSystem:IsCoverDecoration() (at E:/Unity/Projects/Work/FeatherLandNew/Assets/Scripts/New/Systems/IGameSystem.cs:438)
BirdGame.GameEntry:CheckCursor() (at E:/Unity/Projects/Work/FeatherLandNew/Assets/Scripts/New/ViewController/Game/GameEntry.cs:398)
BirdGame.GameEntry:Update() (at E:/Unity/Projects/Work/FeatherLandNew/Assets/Scripts/New/ViewController/Game/GameEntry.cs:158)

Color primaries 0 is unknown or unsupported by WindowsMediaFoundation. Falling back to default may result in color shift. archive:/CAB-7bef2a9ff522c1265f58c6e7df2863d4/CAB-7bef2a9ff522c1265f58c6e7df2863d4.resource
通过范围检测发现装饰品：Sprite
UnityEngine.DebugLogHandler:Internal_Log(LogType, LogOption, String, Object)
UnityEngine.Logger:Log(LogType, Object)
UnityEngine.Debug:Log(Object)
BirdGame.GameSystem:IsCoverDecoration() (at E:/Unity/Projects/Work/FeatherLandNew/Assets/Scripts/New/Systems/IGameSystem.cs:438)
BirdGame.GameEntry:CheckCursor() (at E:/Unity/Projects/Work/FeatherLandNew/Assets/Scripts/New/ViewController/Game/GameEntry.cs:398)
BirdGame.GameEntry:Update() (at E:/Unity/Projects/Work/FeatherLandNew/Assets/Scripts/New/ViewController/Game/GameEntry.cs:158)

通过范围检测发现装饰品：Sprite
UnityEngine.DebugLogHandler:Internal_Log(LogType, LogOption, String, Object)
UnityEngine.Logger:Log(LogType, Object)
UnityEngine.Debug:Log(Object)
BirdGame.GameSystem:IsCoverDecoration() (at E:/Unity/Projects/Work/FeatherLandNew/Assets/Scripts/New/Systems/IGameSystem.cs:438)
BirdGame.GameEntry:CheckCursor() (at E:/Unity/Projects/Work/FeatherLandNew/Assets/Scripts/New/ViewController/Game/GameEntry.cs:398)
BirdGame.GameEntry:Update() (at E:/Unity/Projects/Work/FeatherLandNew/Assets/Scripts/New/ViewController/Game/GameEntry.cs:158)

通过范围检测发现装饰品：Sprite
UnityEngine.DebugLogHandler:Internal_Log(LogType, LogOption, String, Object)
UnityEngine.Logger:Log(LogType, Object)
UnityEngine.Debug:Log(Object)
BirdGame.GameSystem:IsCoverDecoration() (at E:/Unity/Projects/Work/FeatherLandNew/Assets/Scripts/New/Systems/IGameSystem.cs:438)
BirdGame.GameEntry:CheckCursor() (at E:/Unity/Projects/Work/FeatherLandNew/Assets/Scripts/New/ViewController/Game/GameEntry.cs:398)
BirdGame.GameEntry:Update() (at E:/Unity/Projects/Work/FeatherLandNew/Assets/Scripts/New/ViewController/Game/GameEntry.cs:158)

通过范围检测发现装饰品：Sprite
UnityEngine.DebugLogHandler:Internal_Log(LogType, LogOption, String, Object)
UnityEngine.Logger:Log(LogType, Object)
UnityEngine.Debug:Log(Object)
BirdGame.GameSystem:IsCoverDecoration() (at E:/Unity/Projects/Work/FeatherLandNew/Assets/Scripts/New/Systems/IGameSystem.cs:438)
BirdGame.GameEntry:CheckCursor() (at E:/Unity/Projects/Work/FeatherLandNew/Assets/Scripts/New/ViewController/Game/GameEntry.cs:398)
BirdGame.GameEntry:Update() (at E:/Unity/Projects/Work/FeatherLandNew/Assets/Scripts/New/ViewController/Game/GameEntry.cs:158)

通过范围检测发现装饰品：Sprite
UnityEngine.DebugLogHandler:Internal_Log(LogType, LogOption, String, Object)
UnityEngine.Logger:Log(LogType, Object)
UnityEngine.Debug:Log(Object)
BirdGame.GameSystem:IsCoverDecoration() (at E:/Unity/Projects/Work/FeatherLandNew/Assets/Scripts/New/Systems/IGameSystem.cs:438)
BirdGame.GameEntry:CheckCursor() (at E:/Unity/Projects/Work/FeatherLandNew/Assets/Scripts/New/ViewController/Game/GameEntry.cs:398)
BirdGame.GameEntry:Update() (at E:/Unity/Projects/Work/FeatherLandNew/Assets/Scripts/New/ViewController/Game/GameEntry.cs:158)

通过范围检测发现装饰品：Sprite
UnityEngine.DebugLogHandler:Internal_Log(LogType, LogOption, String, Object)
UnityEngine.Logger:Log(LogType, Object)
UnityEngine.Debug:Log(Object)
BirdGame.GameSystem:IsCoverDecoration() (at E:/Unity/Projects/Work/FeatherLandNew/Assets/Scripts/New/Systems/IGameSystem.cs:438)
BirdGame.GameEntry:CheckCursor() (at E:/Unity/Projects/Work/FeatherLandNew/Assets/Scripts/New/ViewController/Game/GameEntry.cs:398)
BirdGame.GameEntry:Update() (at E:/Unity/Projects/Work/FeatherLandNew/Assets/Scripts/New/ViewController/Game/GameEntry.cs:158)

通过范围检测发现装饰品：Sprite
UnityEngine.DebugLogHandler:Internal_Log(LogType, LogOption, String, Object)
UnityEngine.Logger:Log(LogType, Object)
UnityEngine.Debug:Log(Object)
BirdGame.GameSystem:IsCoverDecoration() (at E:/Unity/Projects/Work/FeatherLandNew/Assets/Scripts/New/Systems/IGameSystem.cs:438)
BirdGame.GameEntry:CheckCursor() (at E:/Unity/Projects/Work/FeatherLandNew/Assets/Scripts/New/ViewController/Game/GameEntry.cs:398)
BirdGame.GameEntry:Update() (at E:/Unity/Projects/Work/FeatherLandNew/Assets/Scripts/New/ViewController/Game/GameEntry.cs:158)

通过范围检测发现装饰品：Sprite
UnityEngine.DebugLogHandler:Internal_Log(LogType, LogOption, String, Object)
UnityEngine.Logger:Log(LogType, Object)
UnityEngine.Debug:Log(Object)
BirdGame.GameSystem:IsCoverDecoration() (at E:/Unity/Projects/Work/FeatherLandNew/Assets/Scripts/New/Systems/IGameSystem.cs:438)
BirdGame.GameEntry:CheckCursor() (at E:/Unity/Projects/Work/FeatherLandNew/Assets/Scripts/New/ViewController/Game/GameEntry.cs:398)
BirdGame.GameEntry:Update() (at E:/Unity/Projects/Work/FeatherLandNew/Assets/Scripts/New/ViewController/Game/GameEntry.cs:158)

通过范围检测发现装饰品：Sprite
UnityEngine.DebugLogHandler:Internal_Log(LogType, LogOption, String, Object)
UnityEngine.Logger:Log(LogType, Object)
UnityEngine.Debug:Log(Object)
BirdGame.GameSystem:IsCoverDecoration() (at E:/Unity/Projects/Work/FeatherLandNew/Assets/Scripts/New/Systems/IGameSystem.cs:438)
BirdGame.GameEntry:CheckCursor() (at E:/Unity/Projects/Work/FeatherLandNew/Assets/Scripts/New/ViewController/Game/GameEntry.cs:398)
BirdGame.GameEntry:Update() (at E:/Unity/Projects/Work/FeatherLandNew/Assets/Scripts/New/ViewController/Game/GameEntry.cs:158)

通过范围检测发现装饰品：Sprite
UnityEngine.DebugLogHandler:Internal_Log(LogType, LogOption, String, Object)
UnityEngine.Logger:Log(LogType, Object)
UnityEngine.Debug:Log(Object)
BirdGame.GameSystem:IsCoverDecoration() (at E:/Unity/Projects/Work/FeatherLandNew/Assets/Scripts/New/Systems/IGameSystem.cs:438)
BirdGame.GameEntry:CheckCursor() (at E:/Unity/Projects/Work/FeatherLandNew/Assets/Scripts/New/ViewController/Game/GameEntry.cs:398)
BirdGame.GameEntry:Update() (at E:/Unity/Projects/Work/FeatherLandNew/Assets/Scripts/New/ViewController/Game/GameEntry.cs:158)

通过范围检测发现装饰品：Sprite
UnityEngine.DebugLogHandler:Internal_Log(LogType, LogOption, String, Object)
UnityEngine.Logger:Log(LogType, Object)
UnityEngine.Debug:Log(Object)
BirdGame.GameSystem:IsCoverDecoration() (at E:/Unity/Projects/Work/FeatherLandNew/Assets/Scripts/New/Systems/IGameSystem.cs:438)
BirdGame.GameEntry:CheckCursor() (at E:/Unity/Projects/Work/FeatherLandNew/Assets/Scripts/New/ViewController/Game/GameEntry.cs:398)
BirdGame.GameEntry:Update() (at E:/Unity/Projects/Work/FeatherLandNew/Assets/Scripts/New/ViewController/Game/GameEntry.cs:158)

通过范围检测发现装饰品：Sprite
UnityEngine.DebugLogHandler:Internal_Log(LogType, LogOption, String, Object)
UnityEngine.Logger:Log(LogType, Object)
UnityEngine.Debug:Log(Object)
BirdGame.GameSystem:IsCoverDecoration() (at E:/Unity/Projects/Work/FeatherLandNew/Assets/Scripts/New/Systems/IGameSystem.cs:438)
BirdGame.GameEntry:CheckCursor() (at E:/Unity/Projects/Work/FeatherLandNew/Assets/Scripts/New/ViewController/Game/GameEntry.cs:398)
BirdGame.GameEntry:Update() (at E:/Unity/Projects/Work/FeatherLandNew/Assets/Scripts/New/ViewController/Game/GameEntry.cs:158)

通过范围检测发现装饰品：Sprite
UnityEngine.DebugLogHandler:Internal_Log(LogType, LogOption, String, Object)
UnityEngine.Logger:Log(LogType, Object)
UnityEngine.Debug:Log(Object)
BirdGame.GameSystem:IsCoverDecoration() (at E:/Unity/Projects/Work/FeatherLandNew/Assets/Scripts/New/Systems/IGameSystem.cs:438)
BirdGame.GameEntry:CheckCursor() (at E:/Unity/Projects/Work/FeatherLandNew/Assets/Scripts/New/ViewController/Game/GameEntry.cs:398)
BirdGame.GameEntry:Update() (at E:/Unity/Projects/Work/FeatherLandNew/Assets/Scripts/New/ViewController/Game/GameEntry.cs:158)

通过范围检测发现装饰品：Sprite
UnityEngine.DebugLogHandler:Internal_Log(LogType, LogOption, String, Object)
UnityEngine.Logger:Log(LogType, Object)
UnityEngine.Debug:Log(Object)
BirdGame.GameSystem:IsCoverDecoration() (at E:/Unity/Projects/Work/FeatherLandNew/Assets/Scripts/New/Systems/IGameSystem.cs:438)
BirdGame.GameEntry:CheckCursor() (at E:/Unity/Projects/Work/FeatherLandNew/Assets/Scripts/New/ViewController/Game/GameEntry.cs:398)
BirdGame.GameEntry:Update() (at E:/Unity/Projects/Work/FeatherLandNew/Assets/Scripts/New/ViewController/Game/GameEntry.cs:158)

通过范围检测发现装饰品：Sprite
UnityEngine.DebugLogHandler:Internal_Log(LogType, LogOption, String, Object)
UnityEngine.Logger:Log(LogType, Object)
UnityEngine.Debug:Log(Object)
BirdGame.GameSystem:IsCoverDecoration() (at E:/Unity/Projects/Work/FeatherLandNew/Assets/Scripts/New/Systems/IGameSystem.cs:438)
BirdGame.GameEntry:CheckCursor() (at E:/Unity/Projects/Work/FeatherLandNew/Assets/Scripts/New/ViewController/Game/GameEntry.cs:398)
BirdGame.GameEntry:Update() (at E:/Unity/Projects/Work/FeatherLandNew/Assets/Scripts/New/ViewController/Game/GameEntry.cs:158)

通过范围检测发现装饰品：Sprite
UnityEngine.DebugLogHandler:Internal_Log(LogType, LogOption, String, Object)
UnityEngine.Logger:Log(LogType, Object)
UnityEngine.Debug:Log(Object)
BirdGame.GameSystem:IsCoverDecoration() (at E:/Unity/Projects/Work/FeatherLandNew/Assets/Scripts/New/Systems/IGameSystem.cs:438)
BirdGame.GameEntry:CheckCursor() (at E:/Unity/Projects/Work/FeatherLandNew/Assets/Scripts/New/ViewController/Game/GameEntry.cs:398)
BirdGame.GameEntry:Update() (at E:/Unity/Projects/Work/FeatherLandNew/Assets/Scripts/New/ViewController/Game/GameEntry.cs:158)

<color=#0099bc><b>DOTWEEN ► </b></color>An error inside a tween callback was taken care of (Void <SwitchWeather>b__1()) ► Object reference not set to an instance of an object.

  at BirdGame.WeatherManager+<>c__DisplayClass16_0.<SwitchWeather>b__1 () [0x00000] in E:/Unity/Projects/Work/FeatherLandNew/Assets/Scripts/New/ViewController/Game/WeatherManager.cs:116 
  at DG.Tweening.Tween.OnTweenCallback (DG.Tweening.TweenCallback callback, DG.Tweening.Tween t) [0x00000] in <00000000000000000000000000000000>:0 
  at DG.Tweening.Sequence.ApplyInternalCycle (DG.Tweening.Sequence s, System.Single fromPos, System.Single toPos, DG.Tweening.Core.Enums.UpdateMode updateMode, System.Boolean useInverse, System.Boolean prevPosIsInverse, System.Boolean multiCycleStep) [0x00000] in <00000000000000000000000000000000>:0 
  at DG.Tweening.Sequence.DoApplyTween (DG.Tweening.Sequence s, System.Single prevPosition, System.Int32 prevCompletedLoops, System.Int32 newCompletedSteps, System.Boolean useInversePosition, DG.Tweening.Core.Enums.UpdateMode updateMode) [0x00000] in <00000000000000000000000000000000>:0 
  at DG.Tweening.Tween.DoGoto (DG.Tweening.Tween t, System.Single toPosition, System.Int32 toCompletedLoops, DG.Tweening.Core.Enums.UpdateMode updateMode) [0x00000] in <00000000000000000000000000000000>:0 
  at DG.Tweening.Core.TweenManager.Goto (DG.Tweening.Tween t, System.Single to, System.Boolean andPlay, DG.Tweening.Core.Enums.UpdateMode updateMode) [0x00000] in <00000000000000000000000000000000>:0 
  at DG.Tweening.Sequence.ApplyInternalCycle (DG.Tweening.Sequence s, System.Single fromPos, System.Single toPos, DG.Tweening.Core.Enums.UpdateMode updateMode, System.Boolean useInverse, System.Boolean prevPosIsInverse, System.Boolean multiCycleStep) [0x00000] in <00000000000000000000000000000000>:0 
  at DG.Tweening.Sequence.DoApplyTween (DG.Tweening.Sequence s, System.Single prevPosition, System.Int32 prevCompletedLoops, System.Int32 newCompletedSteps, System.Boolean useInversePosition, DG.Tweening.Core.Enums.UpdateMode updateMode) [0x00000] in <00000000000000000000000000000000>:0 
  at DG.Tweening.Tween.DoGoto (DG.Tweening.Tween t, System.Single toPosition, System.Int32 toCompletedLoops, DG.Tweening.Core.Enums.UpdateMode updateMode) [0x00000] in <00000000000000000000000000000000>:0 
  at DG.Tweening.Core.TweenManager.Update (DG.Tweening.Tween t, System.Single deltaTime, System.Single independentTime, System.Boolean isSingleTweenManualUpdate) [0x00000] in <00000000000000000000000000000000>:0 
  at DG.Tweening.Core.TweenManager.Update (DG.Tweening.UpdateType updateType, System.Single deltaTime, System.Single independentTime) [0x00000] in <00000000000000000000000000000000>:0 
  at DG.Tweening.Core.DOTweenComponent.Update () [0x00000] in <00000000000000000000000000000000>:0 

UnityEngine.DebugLogHandler:Internal_Log(LogType, LogOption, String, Object)
UnityEngine.Logger:Log(LogType, Object)
UnityEngine.Debug:LogWarning(Object)
DG.Tweening.Tween:OnTweenCallback(TweenCallback, Tween)
DG.Tweening.Sequence:ApplyInternalCycle(Sequence, Single, Single, UpdateMode, Boolean, Boolean, Boolean)
DG.Tweening.Sequence:DoApplyTween(Sequence, Single, Int32, Int32, Boolean, UpdateMode)
DG.Tweening.Tween:DoGoto(Tween, Single, Int32, UpdateMode)
DG.Tweening.Core.TweenManager:Goto(Tween, Single, Boolean, UpdateMode)
DG.Tweening.Sequence:ApplyInternalCycle(Sequence, Single, Single, UpdateMode, Boolean, Boolean, Boolean)
DG.Tweening.Sequence:DoApplyTween(Sequence, Single, Int32, Int32, Boolean, UpdateMode)
DG.Tweening.Tween:DoGoto(Tween, Single, Int32, UpdateMode)
DG.Tweening.Core.TweenManager:Update(Tween, Single, Single, Boolean)
DG.Tweening.Core.TweenManager:Update(UpdateType, Single, Single)
DG.Tweening.Core.DOTweenComponent:Update()

<color=#0099bc><b>DOTWEEN ► </b></color>Tween startup failed (NULL target/property - UnityEngine.Color <DOColor>b__0()): the tween will now be killed ► Object reference not set to an instance of an object.
UnityEngine.DebugLogHandler:Internal_Log(LogType, LogOption, String, Object)
UnityEngine.Logger:Log(LogType, Object)
UnityEngine.Debug:LogWarning(Object)
UnityEngine.U2D.Animation.TransformAccessJob:ArrayRemoveAt(T[]&, Int32) (at ./Library/PackageCache/com.unity.2d.animation@81ad133dbdf1/Runtime/BatchedDeformation/TransformAccessJob.cs:111)
DG.Tweening.Tween:DoGoto(Tween, Single, Int32, UpdateMode)
DG.Tweening.Core.TweenManager:Goto(Tween, Single, Boolean, UpdateMode)
DG.Tweening.Sequence:ApplyInternalCycle(Sequence, Single, Single, UpdateMode, Boolean, Boolean, Boolean)
DG.Tweening.Sequence:DoApplyTween(Sequence, Single, Int32, Int32, Boolean, UpdateMode)
DG.Tweening.Tween:DoGoto(Tween, Single, Int32, UpdateMode)
DG.Tweening.Core.TweenManager:Goto(Tween, Single, Boolean, UpdateMode)
DG.Tweening.Sequence:ApplyInternalCycle(Sequence, Single, Single, UpdateMode, Boolean, Boolean, Boolean)
DG.Tweening.Sequence:DoApplyTween(Sequence, Single, Int32, Int32, Boolean, UpdateMode)
DG.Tweening.Tween:DoGoto(Tween, Single, Int32, UpdateMode)
DG.Tweening.Core.TweenManager:Update(Tween, Single, Single, Boolean)
DG.Tweening.Core.TweenManager:Update(UpdateType, Single, Single)
DG.Tweening.Core.DOTweenComponent:Update()

<color=#0099bc><b>DOTWEEN ► </b></color>An error inside a tween callback was taken care of (Void <SwitchWeather>b__3()) ► Object reference not set to an instance of an object.

  at BirdGame.WeatherManager+<>c__DisplayClass16_0.<SwitchWeather>b__3 () [0x00000] in E:/Unity/Projects/Work/FeatherLandNew/Assets/Scripts/New/ViewController/Game/WeatherManager.cs:134 
  at DG.Tweening.Tween.OnTweenCallback (DG.Tweening.TweenCallback callback, DG.Tweening.Tween t) [0x00000] in <00000000000000000000000000000000>:0 
  at DG.Tweening.Sequence.ApplyInternalCycle (DG.Tweening.Sequence s, System.Single fromPos, System.Single toPos, DG.Tweening.Core.Enums.UpdateMode updateMode, System.Boolean useInverse, System.Boolean prevPosIsInverse, System.Boolean multiCycleStep) [0x00000] in <00000000000000000000000000000000>:0 
  at DG.Tweening.Sequence.DoApplyTween (DG.Tweening.Sequence s, System.Single prevPosition, System.Int32 prevCompletedLoops, System.Int32 newCompletedSteps, System.Boolean useInversePosition, DG.Tweening.Core.Enums.UpdateMode updateMode) [0x00000] in <00000000000000000000000000000000>:0 
  at DG.Tweening.Tween.DoGoto (DG.Tweening.Tween t, System.Single toPosition, System.Int32 toCompletedLoops, DG.Tweening.Core.Enums.UpdateMode updateMode) [0x00000] in <00000000000000000000000000000000>:0 
  at DG.Tweening.Core.TweenManager.Goto (DG.Tweening.Tween t, System.Single to, System.Boolean andPlay, DG.Tweening.Core.Enums.UpdateMode updateMode) [0x00000] in <00000000000000000000000000000000>:0 
  at DG.Tweening.Sequence.ApplyInternalCycle (DG.Tweening.Sequence s, System.Single fromPos, System.Single toPos, DG.Tweening.Core.Enums.UpdateMode updateMode, System.Boolean useInverse, System.Boolean prevPosIsInverse, System.Boolean multiCycleStep) [0x00000] in <00000000000000000000000000000000>:0 
  at DG.Tweening.Sequence.DoApplyTween (DG.Tweening.Sequence s, System.Single prevPosition, System.Int32 prevCompletedLoops, System.Int32 newCompletedSteps, System.Boolean useInversePosition, DG.Tweening.Core.Enums.UpdateMode updateMode) [0x00000] in <00000000000000000000000000000000>:0 
  at DG.Tweening.Tween.DoGoto (DG.Tweening.Tween t, System.Single toPosition, System.Int32 toCompletedLoops, DG.Tweening.Core.Enums.UpdateMode updateMode) [0x00000] in <00000000000000000000000000000000>:0 
  at DG.Tweening.Core.TweenManager.Update (DG.Tweening.Tween t, System.Single deltaTime, System.Single independentTime, System.Boolean isSingleTweenManualUpdate) [0x00000] in <00000000000000000000000000000000>:0 
  at DG.Tweening.Core.TweenManager.Update (DG.Tweening.UpdateType updateType, System.Single deltaTime, System.Single independentTime) [0x00000] in <00000000000000000000000000000000>:0 
  at DG.Tweening.Core.DOTweenComponent.Update () [0x00000] in <00000000000000000000000000000000>:0 

UnityEngine.DebugLogHandler:Internal_Log(LogType, LogOption, String, Object)
UnityEngine.Logger:Log(LogType, Object)
UnityEngine.Debug:LogWarning(Object)
DG.Tweening.Tween:OnTweenCallback(TweenCallback, Tween)
DG.Tweening.Sequence:ApplyInternalCycle(Sequence, Single, Single, UpdateMode, Boolean, Boolean, Boolean)
DG.Tweening.Sequence:DoApplyTween(Sequence, Single, Int32, Int32, Boolean, UpdateMode)
DG.Tweening.Tween:DoGoto(Tween, Single, Int32, UpdateMode)
DG.Tweening.Core.TweenManager:Goto(Tween, Single, Boolean, UpdateMode)
DG.Tweening.Sequence:ApplyInternalCycle(Sequence, Single, Single, UpdateMode, Boolean, Boolean, Boolean)
DG.Tweening.Sequence:DoApplyTween(Sequence, Single, Int32, Int32, Boolean, UpdateMode)
DG.Tweening.Tween:DoGoto(Tween, Single, Int32, UpdateMode)
DG.Tweening.Core.TweenManager:Update(Tween, Single, Single, Boolean)
DG.Tweening.Core.TweenManager:Update(UpdateType, Single, Single)
DG.Tweening.Core.DOTweenComponent:Update()

<color=#0099bc><b>DOTWEEN ► </b></color>Tween startup failed (NULL target/property - UnityEngine.Color <DOColor>b__0()): the tween will now be killed ► Object reference not set to an instance of an object.
UnityEngine.DebugLogHandler:Internal_Log(LogType, LogOption, String, Object)
UnityEngine.Logger:Log(LogType, Object)
UnityEngine.Debug:LogWarning(Object)
UnityEngine.U2D.Animation.TransformAccessJob:ArrayRemoveAt(T[]&, Int32) (at ./Library/PackageCache/com.unity.2d.animation@81ad133dbdf1/Runtime/BatchedDeformation/TransformAccessJob.cs:111)
DG.Tweening.Tween:DoGoto(Tween, Single, Int32, UpdateMode)
DG.Tweening.Core.TweenManager:Goto(Tween, Single, Boolean, UpdateMode)
DG.Tweening.Sequence:ApplyInternalCycle(Sequence, Single, Single, UpdateMode, Boolean, Boolean, Boolean)
DG.Tweening.Sequence:DoApplyTween(Sequence, Single, Int32, Int32, Boolean, UpdateMode)
DG.Tweening.Tween:DoGoto(Tween, Single, Int32, UpdateMode)
DG.Tweening.Core.TweenManager:Goto(Tween, Single, Boolean, UpdateMode)
DG.Tweening.Sequence:ApplyInternalCycle(Sequence, Single, Single, UpdateMode, Boolean, Boolean, Boolean)
DG.Tweening.Sequence:DoApplyTween(Sequence, Single, Int32, Int32, Boolean, UpdateMode)
DG.Tweening.Tween:DoGoto(Tween, Single, Int32, UpdateMode)
DG.Tweening.Core.TweenManager:Update(Tween, Single, Single, Boolean)
DG.Tweening.Core.TweenManager:Update(UpdateType, Single, Single)
DG.Tweening.Core.DOTweenComponent:Update()

<color=#0099bc><b>DOTWEEN ► </b></color>An error inside a tween callback was taken care of (Void <SwitchWeather>b__4()) ► Object reference not set to an instance of an object.

  at BirdGame.WeatherManager+<>c__DisplayClass16_0.<SwitchWeather>b__4 () [0x00000] in E:/Unity/Projects/Work/FeatherLandNew/Assets/Scripts/New/ViewController/Game/WeatherManager.cs:143 
  at DG.Tweening.Tween.OnTweenCallback (DG.Tweening.TweenCallback callback, DG.Tweening.Tween t) [0x00000] in <00000000000000000000000000000000>:0 
  at DG.Tweening.Sequence.ApplyInternalCycle (DG.Tweening.Sequence s, System.Single fromPos, System.Single toPos, DG.Tweening.Core.Enums.UpdateMode updateMode, System.Boolean useInverse, System.Boolean prevPosIsInverse, System.Boolean multiCycleStep) [0x00000] in <00000000000000000000000000000000>:0 
  at DG.Tweening.Sequence.DoApplyTween (DG.Tweening.Sequence s, System.Single prevPosition, System.Int32 prevCompletedLoops, System.Int32 newCompletedSteps, System.Boolean useInversePosition, DG.Tweening.Core.Enums.UpdateMode updateMode) [0x00000] in <00000000000000000000000000000000>:0 
  at DG.Tweening.Tween.DoGoto (DG.Tweening.Tween t, System.Single toPosition, System.Int32 toCompletedLoops, DG.Tweening.Core.Enums.UpdateMode updateMode) [0x00000] in <00000000000000000000000000000000>:0 
  at DG.Tweening.Core.TweenManager.Goto (DG.Tweening.Tween t, System.Single to, System.Boolean andPlay, DG.Tweening.Core.Enums.UpdateMode updateMode) [0x00000] in <00000000000000000000000000000000>:0 
  at DG.Tweening.Sequence.ApplyInternalCycle (DG.Tweening.Sequence s, System.Single fromPos, System.Single toPos, DG.Tweening.Core.Enums.UpdateMode updateMode, System.Boolean useInverse, System.Boolean prevPosIsInverse, System.Boolean multiCycleStep) [0x00000] in <00000000000000000000000000000000>:0 
  at DG.Tweening.Sequence.DoApplyTween (DG.Tweening.Sequence s, System.Single prevPosition, System.Int32 prevCompletedLoops, System.Int32 newCompletedSteps, System.Boolean useInversePosition, DG.Tweening.Core.Enums.UpdateMode updateMode) [0x00000] in <00000000000000000000000000000000>:0 
  at DG.Tweening.Tween.DoGoto (DG.Tweening.Tween t, System.Single toPosition, System.Int32 toCompletedLoops, DG.Tweening.Core.Enums.UpdateMode updateMode) [0x00000] in <00000000000000000000000000000000>:0 
  at DG.Tweening.Core.TweenManager.Update (DG.Tweening.Tween t, System.Single deltaTime, System.Single independentTime, System.Boolean isSingleTweenManualUpdate) [0x00000] in <00000000000000000000000000000000>:0 
  at DG.Tweening.Core.TweenManager.Update (DG.Tweening.UpdateType updateType, System.Single deltaTime, System.Single independentTime) [0x00000] in <00000000000000000000000000000000>:0 
  at DG.Tweening.Core.DOTweenComponent.Update () [0x00000] in <00000000000000000000000000000000>:0 

UnityEngine.DebugLogHandler:Internal_Log(LogType, LogOption, String, Object)
UnityEngine.Logger:Log(LogType, Object)
UnityEngine.Debug:LogWarning(Object)
DG.Tweening.Tween:OnTweenCallback(TweenCallback, Tween)
DG.Tweening.Sequence:ApplyInternalCycle(Sequence, Single, Single, UpdateMode, Boolean, Boolean, Boolean)
DG.Tweening.Sequence:DoApplyTween(Sequence, Single, Int32, Int32, Boolean, UpdateMode)
DG.Tweening.Tween:DoGoto(Tween, Single, Int32, UpdateMode)
DG.Tweening.Core.TweenManager:Goto(Tween, Single, Boolean, UpdateMode)
DG.Tweening.Sequence:ApplyInternalCycle(Sequence, Single, Single, UpdateMode, Boolean, Boolean, Boolean)
DG.Tweening.Sequence:DoApplyTween(Sequence, Single, Int32, Int32, Boolean, UpdateMode)
DG.Tweening.Tween:DoGoto(Tween, Single, Int32, UpdateMode)
DG.Tweening.Core.TweenManager:Update(Tween, Single, Single, Boolean)
DG.Tweening.Core.TweenManager:Update(UpdateType, Single, Single)
DG.Tweening.Core.DOTweenComponent:Update()

<color=#0099bc><b>DOTWEEN ► </b></color>Tween startup failed (NULL target/property - UnityEngine.Color <DOColor>b__0()): the tween will now be killed ► Object reference not set to an instance of an object.
UnityEngine.DebugLogHandler:Internal_Log(LogType, LogOption, String, Object)
UnityEngine.Logger:Log(LogType, Object)
UnityEngine.Debug:LogWarning(Object)
UnityEngine.U2D.Animation.TransformAccessJob:ArrayRemoveAt(T[]&, Int32) (at ./Library/PackageCache/com.unity.2d.animation@81ad133dbdf1/Runtime/BatchedDeformation/TransformAccessJob.cs:111)
DG.Tweening.Tween:DoGoto(Tween, Single, Int32, UpdateMode)
DG.Tweening.Core.TweenManager:Goto(Tween, Single, Boolean, UpdateMode)
DG.Tweening.Sequence:ApplyInternalCycle(Sequence, Single, Single, UpdateMode, Boolean, Boolean, Boolean)
DG.Tweening.Sequence:DoApplyTween(Sequence, Single, Int32, Int32, Boolean, UpdateMode)
DG.Tweening.Tween:DoGoto(Tween, Single, Int32, UpdateMode)
DG.Tweening.Core.TweenManager:Goto(Tween, Single, Boolean, UpdateMode)
DG.Tweening.Sequence:ApplyInternalCycle(Sequence, Single, Single, UpdateMode, Boolean, Boolean, Boolean)
DG.Tweening.Sequence:DoApplyTween(Sequence, Single, Int32, Int32, Boolean, UpdateMode)
DG.Tweening.Tween:DoGoto(Tween, Single, Int32, UpdateMode)
DG.Tweening.Core.TweenManager:Update(Tween, Single, Single, Boolean)
DG.Tweening.Core.TweenManager:Update(UpdateType, Single, Single)
DG.Tweening.Core.DOTweenComponent:Update()

<color=#0099bc><b>DOTWEEN ► </b></color>An error inside a tween callback was taken care of (Void <SwitchWeather>b__6()) ► Object reference not set to an instance of an object.

  at BirdGame.WeatherManager+<>c__DisplayClass16_0.<SwitchWeather>b__6 () [0x00000] in E:/Unity/Projects/Work/FeatherLandNew/Assets/Scripts/New/ViewController/Game/WeatherManager.cs:172 
  at DG.Tweening.Tween.OnTweenCallback (DG.Tweening.TweenCallback callback, DG.Tweening.Tween t) [0x00000] in <00000000000000000000000000000000>:0 
  at DG.Tweening.Sequence.ApplyInternalCycle (DG.Tweening.Sequence s, System.Single fromPos, System.Single toPos, DG.Tweening.Core.Enums.UpdateMode updateMode, System.Boolean useInverse, System.Boolean prevPosIsInverse, System.Boolean multiCycleStep) [0x00000] in <00000000000000000000000000000000>:0 
  at DG.Tweening.Sequence.DoApplyTween (DG.Tweening.Sequence s, System.Single prevPosition, System.Int32 prevCompletedLoops, System.Int32 newCompletedSteps, System.Boolean useInversePosition, DG.Tweening.Core.Enums.UpdateMode updateMode) [0x00000] in <00000000000000000000000000000000>:0 
  at DG.Tweening.Tween.DoGoto (DG.Tweening.Tween t, System.Single toPosition, System.Int32 toCompletedLoops, DG.Tweening.Core.Enums.UpdateMode updateMode) [0x00000] in <00000000000000000000000000000000>:0 
  at DG.Tweening.Core.TweenManager.Goto (DG.Tweening.Tween t, System.Single to, System.Boolean andPlay, DG.Tweening.Core.Enums.UpdateMode updateMode) [0x00000] in <00000000000000000000000000000000>:0 
  at DG.Tweening.Sequence.ApplyInternalCycle (DG.Tweening.Sequence s, System.Single fromPos, System.Single toPos, DG.Tweening.Core.Enums.UpdateMode updateMode, System.Boolean useInverse, System.Boolean prevPosIsInverse, System.Boolean multiCycleStep) [0x00000] in <00000000000000000000000000000000>:0 
  at DG.Tweening.Sequence.DoApplyTween (DG.Tweening.Sequence s, System.Single prevPosition, System.Int32 prevCompletedLoops, System.Int32 newCompletedSteps, System.Boolean useInversePosition, DG.Tweening.Core.Enums.UpdateMode updateMode) [0x00000] in <00000000000000000000000000000000>:0 
  at DG.Tweening.Tween.DoGoto (DG.Tweening.Tween t, System.Single toPosition, System.Int32 toCompletedLoops, DG.Tweening.Core.Enums.UpdateMode updateMode) [0x00000] in <00000000000000000000000000000000>:0 
  at DG.Tweening.Core.TweenManager.Update (DG.Tweening.Tween t, System.Single deltaTime, System.Single independentTime, System.Boolean isSingleTweenManualUpdate) [0x00000] in <00000000000000000000000000000000>:0 
  at DG.Tweening.Core.TweenManager.Update (DG.Tweening.UpdateType updateType, System.Single deltaTime, System.Single independentTime) [0x00000] in <00000000000000000000000000000000>:0 
  at DG.Tweening.Core.DOTweenComponent.Update () [0x00000] in <00000000000000000000000000000000>:0 

UnityEngine.DebugLogHandler:Internal_Log(LogType, LogOption, String, Object)
UnityEngine.Logger:Log(LogType, Object)
UnityEngine.Debug:LogWarning(Object)
DG.Tweening.Tween:OnTweenCallback(TweenCallback, Tween)
DG.Tweening.Sequence:ApplyInternalCycle(Sequence, Single, Single, UpdateMode, Boolean, Boolean, Boolean)
DG.Tweening.Sequence:DoApplyTween(Sequence, Single, Int32, Int32, Boolean, UpdateMode)
DG.Tweening.Tween:DoGoto(Tween, Single, Int32, UpdateMode)
DG.Tweening.Core.TweenManager:Goto(Tween, Single, Boolean, UpdateMode)
DG.Tweening.Sequence:ApplyInternalCycle(Sequence, Single, Single, UpdateMode, Boolean, Boolean, Boolean)
DG.Tweening.Sequence:DoApplyTween(Sequence, Single, Int32, Int32, Boolean, UpdateMode)
DG.Tweening.Tween:DoGoto(Tween, Single, Int32, UpdateMode)
DG.Tweening.Core.TweenManager:Update(Tween, Single, Single, Boolean)
DG.Tweening.Core.TweenManager:Update(UpdateType, Single, Single)
DG.Tweening.Core.DOTweenComponent:Update()

<color=#0099bc><b>DOTWEEN ► </b></color>Tween startup failed (NULL target/property - UnityEngine.Color <DOColor>b__0()): the tween will now be killed ► Object reference not set to an instance of an object.
UnityEngine.DebugLogHandler:Internal_Log(LogType, LogOption, String, Object)
UnityEngine.Logger:Log(LogType, Object)
UnityEngine.Debug:LogWarning(Object)
UnityEngine.U2D.Animation.TransformAccessJob:ArrayRemoveAt(T[]&, Int32) (at ./Library/PackageCache/com.unity.2d.animation@81ad133dbdf1/Runtime/BatchedDeformation/TransformAccessJob.cs:111)
DG.Tweening.Tween:DoGoto(Tween, Single, Int32, UpdateMode)
DG.Tweening.Core.TweenManager:Goto(Tween, Single, Boolean, UpdateMode)
DG.Tweening.Sequence:ApplyInternalCycle(Sequence, Single, Single, UpdateMode, Boolean, Boolean, Boolean)
DG.Tweening.Sequence:DoApplyTween(Sequence, Single, Int32, Int32, Boolean, UpdateMode)
DG.Tweening.Tween:DoGoto(Tween, Single, Int32, UpdateMode)
DG.Tweening.Core.TweenManager:Goto(Tween, Single, Boolean, UpdateMode)
DG.Tweening.Sequence:ApplyInternalCycle(Sequence, Single, Single, UpdateMode, Boolean, Boolean, Boolean)
DG.Tweening.Sequence:DoApplyTween(Sequence, Single, Int32, Int32, Boolean, UpdateMode)
DG.Tweening.Tween:DoGoto(Tween, Single, Int32, UpdateMode)
DG.Tweening.Core.TweenManager:Update(Tween, Single, Single, Boolean)
DG.Tweening.Core.TweenManager:Update(UpdateType, Single, Single)
DG.Tweening.Core.DOTweenComponent:Update()

<color=#0099bc><b>DOTWEEN ► </b></color>Tween startup failed (NULL target/property - UnityEngine.Color <DOColor>b__0()): the tween will now be killed ► Object reference not set to an instance of an object.
UnityEngine.DebugLogHandler:Internal_Log(LogType, LogOption, String, Object)
UnityEngine.Logger:Log(LogType, Object)
UnityEngine.Debug:LogWarning(Object)
UnityEngine.U2D.Animation.TransformAccessJob:ArrayRemoveAt(T[]&, Int32) (at ./Library/PackageCache/com.unity.2d.animation@81ad133dbdf1/Runtime/BatchedDeformation/TransformAccessJob.cs:111)
DG.Tweening.Tween:DoGoto(Tween, Single, Int32, UpdateMode)
DG.Tweening.Core.TweenManager:Goto(Tween, Single, Boolean, UpdateMode)
DG.Tweening.Sequence:ApplyInternalCycle(Sequence, Single, Single, UpdateMode, Boolean, Boolean, Boolean)
DG.Tweening.Sequence:DoApplyTween(Sequence, Single, Int32, Int32, Boolean, UpdateMode)
DG.Tweening.Tween:DoGoto(Tween, Single, Int32, UpdateMode)
DG.Tweening.Core.TweenManager:Goto(Tween, Single, Boolean, UpdateMode)
DG.Tweening.Sequence:ApplyInternalCycle(Sequence, Single, Single, UpdateMode, Boolean, Boolean, Boolean)
DG.Tweening.Sequence:DoApplyTween(Sequence, Single, Int32, Int32, Boolean, UpdateMode)
DG.Tweening.Tween:DoGoto(Tween, Single, Int32, UpdateMode)
DG.Tweening.Core.TweenManager:Update(Tween, Single, Single, Boolean)
DG.Tweening.Core.TweenManager:Update(UpdateType, Single, Single)
DG.Tweening.Core.DOTweenComponent:Update()

<color=#0099bc><b>DOTWEEN ► </b></color>Tween startup failed (NULL target/property - UnityEngine.Color <DOColor>b__0()): the tween will now be killed ► Object reference not set to an instance of an object.
UnityEngine.DebugLogHandler:Internal_Log(LogType, LogOption, String, Object)
UnityEngine.Logger:Log(LogType, Object)
UnityEngine.Debug:LogWarning(Object)
UnityEngine.U2D.Animation.TransformAccessJob:ArrayRemoveAt(T[]&, Int32) (at ./Library/PackageCache/com.unity.2d.animation@81ad133dbdf1/Runtime/BatchedDeformation/TransformAccessJob.cs:111)
DG.Tweening.Tween:DoGoto(Tween, Single, Int32, UpdateMode)
DG.Tweening.Core.TweenManager:Goto(Tween, Single, Boolean, UpdateMode)
DG.Tweening.Sequence:ApplyInternalCycle(Sequence, Single, Single, UpdateMode, Boolean, Boolean, Boolean)
DG.Tweening.Sequence:DoApplyTween(Sequence, Single, Int32, Int32, Boolean, UpdateMode)
DG.Tweening.Tween:DoGoto(Tween, Single, Int32, UpdateMode)
DG.Tweening.Core.TweenManager:Goto(Tween, Single, Boolean, UpdateMode)
DG.Tweening.Sequence:ApplyInternalCycle(Sequence, Single, Single, UpdateMode, Boolean, Boolean, Boolean)
DG.Tweening.Sequence:DoApplyTween(Sequence, Single, Int32, Int32, Boolean, UpdateMode)
DG.Tweening.Tween:DoGoto(Tween, Single, Int32, UpdateMode)
DG.Tweening.Core.TweenManager:Update(Tween, Single, Single, Boolean)
DG.Tweening.Core.TweenManager:Update(UpdateType, Single, Single)
DG.Tweening.Core.DOTweenComponent:Update()

<color=#0099bc><b>DOTWEEN ► </b></color>Tween startup failed (NULL target/property - UnityEngine.Color <DOColor>b__0()): the tween will now be killed ► Object reference not set to an instance of an object.
UnityEngine.DebugLogHandler:Internal_Log(LogType, LogOption, String, Object)
UnityEngine.Logger:Log(LogType, Object)
UnityEngine.Debug:LogWarning(Object)
UnityEngine.U2D.Animation.TransformAccessJob:ArrayRemoveAt(T[]&, Int32) (at ./Library/PackageCache/com.unity.2d.animation@81ad133dbdf1/Runtime/BatchedDeformation/TransformAccessJob.cs:111)
DG.Tweening.Tween:DoGoto(Tween, Single, Int32, UpdateMode)
DG.Tweening.Core.TweenManager:Goto(Tween, Single, Boolean, UpdateMode)
DG.Tweening.Sequence:ApplyInternalCycle(Sequence, Single, Single, UpdateMode, Boolean, Boolean, Boolean)
DG.Tweening.Sequence:DoApplyTween(Sequence, Single, Int32, Int32, Boolean, UpdateMode)
DG.Tweening.Tween:DoGoto(Tween, Single, Int32, UpdateMode)
DG.Tweening.Core.TweenManager:Goto(Tween, Single, Boolean, UpdateMode)
DG.Tweening.Sequence:ApplyInternalCycle(Sequence, Single, Single, UpdateMode, Boolean, Boolean, Boolean)
DG.Tweening.Sequence:DoApplyTween(Sequence, Single, Int32, Int32, Boolean, UpdateMode)
DG.Tweening.Tween:DoGoto(Tween, Single, Int32, UpdateMode)
DG.Tweening.Core.TweenManager:Update(Tween, Single, Single, Boolean)
DG.Tweening.Core.TweenManager:Update(UpdateType, Single, Single)
DG.Tweening.Core.DOTweenComponent:Update()

<color=#0099bc><b>DOTWEEN ► </b></color>Tween startup failed (NULL target/property - UnityEngine.Color <DOColor>b__0()): the tween will now be killed ► Object reference not set to an instance of an object.
UnityEngine.DebugLogHandler:Internal_Log(LogType, LogOption, String, Object)
UnityEngine.Logger:Log(LogType, Object)
UnityEngine.Debug:LogWarning(Object)
UnityEngine.U2D.Animation.TransformAccessJob:ArrayRemoveAt(T[]&, Int32) (at ./Library/PackageCache/com.unity.2d.animation@81ad133dbdf1/Runtime/BatchedDeformation/TransformAccessJob.cs:111)
DG.Tweening.Tween:DoGoto(Tween, Single, Int32, UpdateMode)
DG.Tweening.Core.TweenManager:Goto(Tween, Single, Boolean, UpdateMode)
DG.Tweening.Sequence:ApplyInternalCycle(Sequence, Single, Single, UpdateMode, Boolean, Boolean, Boolean)
DG.Tweening.Sequence:DoApplyTween(Sequence, Single, Int32, Int32, Boolean, UpdateMode)
DG.Tweening.Tween:DoGoto(Tween, Single, Int32, UpdateMode)
DG.Tweening.Core.TweenManager:Goto(Tween, Single, Boolean, UpdateMode)
DG.Tweening.Sequence:ApplyInternalCycle(Sequence, Single, Single, UpdateMode, Boolean, Boolean, Boolean)
DG.Tweening.Sequence:DoApplyTween(Sequence, Single, Int32, Int32, Boolean, UpdateMode)
DG.Tweening.Tween:DoGoto(Tween, Single, Int32, UpdateMode)
DG.Tweening.Core.TweenManager:Update(Tween, Single, Single, Boolean)
DG.Tweening.Core.TweenManager:Update(UpdateType, Single, Single)
DG.Tweening.Core.DOTweenComponent:Update()

<color=#0099bc><b>DOTWEEN ► </b></color>Tween startup failed (NULL target/property - UnityEngine.Color <DOColor>b__0()): the tween will now be killed ► Object reference not set to an instance of an object.
UnityEngine.DebugLogHandler:Internal_Log(LogType, LogOption, String, Object)
UnityEngine.Logger:Log(LogType, Object)
UnityEngine.Debug:LogWarning(Object)
UnityEngine.U2D.Animation.TransformAccessJob:ArrayRemoveAt(T[]&, Int32) (at ./Library/PackageCache/com.unity.2d.animation@81ad133dbdf1/Runtime/BatchedDeformation/TransformAccessJob.cs:111)
DG.Tweening.Tween:DoGoto(Tween, Single, Int32, UpdateMode)
DG.Tweening.Core.TweenManager:Goto(Tween, Single, Boolean, UpdateMode)
DG.Tweening.Sequence:ApplyInternalCycle(Sequence, Single, Single, UpdateMode, Boolean, Boolean, Boolean)
DG.Tweening.Sequence:DoApplyTween(Sequence, Single, Int32, Int32, Boolean, UpdateMode)
DG.Tweening.Tween:DoGoto(Tween, Single, Int32, UpdateMode)
DG.Tweening.Core.TweenManager:Goto(Tween, Single, Boolean, UpdateMode)
DG.Tweening.Sequence:ApplyInternalCycle(Sequence, Single, Single, UpdateMode, Boolean, Boolean, Boolean)
DG.Tweening.Sequence:DoApplyTween(Sequence, Single, Int32, Int32, Boolean, UpdateMode)
DG.Tweening.Tween:DoGoto(Tween, Single, Int32, UpdateMode)
DG.Tweening.Core.TweenManager:Update(Tween, Single, Single, Boolean)
DG.Tweening.Core.TweenManager:Update(UpdateType, Single, Single)
DG.Tweening.Core.DOTweenComponent:Update()

<color=#0099bc><b>DOTWEEN ► </b></color>Tween startup failed (NULL target/property - UnityEngine.Color <DOColor>b__0()): the tween will now be killed ► Object reference not set to an instance of an object.
UnityEngine.DebugLogHandler:Internal_Log(LogType, LogOption, String, Object)
UnityEngine.Logger:Log(LogType, Object)
UnityEngine.Debug:LogWarning(Object)
UnityEngine.U2D.Animation.TransformAccessJob:ArrayRemoveAt(T[]&, Int32) (at ./Library/PackageCache/com.unity.2d.animation@81ad133dbdf1/Runtime/BatchedDeformation/TransformAccessJob.cs:111)
DG.Tweening.Tween:DoGoto(Tween, Single, Int32, UpdateMode)
DG.Tweening.Core.TweenManager:Goto(Tween, Single, Boolean, UpdateMode)
DG.Tweening.Sequence:ApplyInternalCycle(Sequence, Single, Single, UpdateMode, Boolean, Boolean, Boolean)
DG.Tweening.Sequence:DoApplyTween(Sequence, Single, Int32, Int32, Boolean, UpdateMode)
DG.Tweening.Tween:DoGoto(Tween, Single, Int32, UpdateMode)
DG.Tweening.Core.TweenManager:Goto(Tween, Single, Boolean, UpdateMode)
DG.Tweening.Sequence:ApplyInternalCycle(Sequence, Single, Single, UpdateMode, Boolean, Boolean, Boolean)
DG.Tweening.Sequence:DoApplyTween(Sequence, Single, Int32, Int32, Boolean, UpdateMode)
DG.Tweening.Tween:DoGoto(Tween, Single, Int32, UpdateMode)
DG.Tweening.Core.TweenManager:Update(Tween, Single, Single, Boolean)
DG.Tweening.Core.TweenManager:Update(UpdateType, Single, Single)
DG.Tweening.Core.DOTweenComponent:Update()

<color=#0099bc><b>DOTWEEN ► </b></color>Tween startup failed (NULL target/property - UnityEngine.Color <DOColor>b__0()): the tween will now be killed ► Object reference not set to an instance of an object.
UnityEngine.DebugLogHandler:Internal_Log(LogType, LogOption, String, Object)
UnityEngine.Logger:Log(LogType, Object)
UnityEngine.Debug:LogWarning(Object)
UnityEngine.U2D.Animation.TransformAccessJob:ArrayRemoveAt(T[]&, Int32) (at ./Library/PackageCache/com.unity.2d.animation@81ad133dbdf1/Runtime/BatchedDeformation/TransformAccessJob.cs:111)
DG.Tweening.Tween:DoGoto(Tween, Single, Int32, UpdateMode)
DG.Tweening.Core.TweenManager:Goto(Tween, Single, Boolean, UpdateMode)
DG.Tweening.Sequence:ApplyInternalCycle(Sequence, Single, Single, UpdateMode, Boolean, Boolean, Boolean)
DG.Tweening.Sequence:DoApplyTween(Sequence, Single, Int32, Int32, Boolean, UpdateMode)
DG.Tweening.Tween:DoGoto(Tween, Single, Int32, UpdateMode)
DG.Tweening.Core.TweenManager:Goto(Tween, Single, Boolean, UpdateMode)
DG.Tweening.Sequence:ApplyInternalCycle(Sequence, Single, Single, UpdateMode, Boolean, Boolean, Boolean)
DG.Tweening.Sequence:DoApplyTween(Sequence, Single, Int32, Int32, Boolean, UpdateMode)
DG.Tweening.Tween:DoGoto(Tween, Single, Int32, UpdateMode)
DG.Tweening.Core.TweenManager:Update(Tween, Single, Single, Boolean)
DG.Tweening.Core.TweenManager:Update(UpdateType, Single, Single)
DG.Tweening.Core.DOTweenComponent:Update()

<color=#0099bc><b>DOTWEEN ► </b></color>Tween startup failed (NULL target/property - UnityEngine.Color <DOColor>b__0()): the tween will now be killed ► Object reference not set to an instance of an object.
UnityEngine.DebugLogHandler:Internal_Log(LogType, LogOption, String, Object)
UnityEngine.Logger:Log(LogType, Object)
UnityEngine.Debug:LogWarning(Object)
UnityEngine.U2D.Animation.TransformAccessJob:ArrayRemoveAt(T[]&, Int32) (at ./Library/PackageCache/com.unity.2d.animation@81ad133dbdf1/Runtime/BatchedDeformation/TransformAccessJob.cs:111)
DG.Tweening.Tween:DoGoto(Tween, Single, Int32, UpdateMode)
DG.Tweening.Core.TweenManager:Goto(Tween, Single, Boolean, UpdateMode)
DG.Tweening.Sequence:ApplyInternalCycle(Sequence, Single, Single, UpdateMode, Boolean, Boolean, Boolean)
DG.Tweening.Sequence:DoApplyTween(Sequence, Single, Int32, Int32, Boolean, UpdateMode)
DG.Tweening.Tween:DoGoto(Tween, Single, Int32, UpdateMode)
DG.Tweening.Core.TweenManager:Goto(Tween, Single, Boolean, UpdateMode)
DG.Tweening.Sequence:ApplyInternalCycle(Sequence, Single, Single, UpdateMode, Boolean, Boolean, Boolean)
DG.Tweening.Sequence:DoApplyTween(Sequence, Single, Int32, Int32, Boolean, UpdateMode)
DG.Tweening.Tween:DoGoto(Tween, Single, Int32, UpdateMode)
DG.Tweening.Core.TweenManager:Update(Tween, Single, Single, Boolean)
DG.Tweening.Core.TweenManager:Update(UpdateType, Single, Single)
DG.Tweening.Core.DOTweenComponent:Update()

<color=#0099bc><b>DOTWEEN ► </b></color>Tween startup failed (NULL target/property - UnityEngine.Color <DOColor>b__0()): the tween will now be killed ► Object reference not set to an instance of an object.
UnityEngine.DebugLogHandler:Internal_Log(LogType, LogOption, String, Object)
UnityEngine.Logger:Log(LogType, Object)
UnityEngine.Debug:LogWarning(Object)
UnityEngine.U2D.Animation.TransformAccessJob:ArrayRemoveAt(T[]&, Int32) (at ./Library/PackageCache/com.unity.2d.animation@81ad133dbdf1/Runtime/BatchedDeformation/TransformAccessJob.cs:111)
DG.Tweening.Tween:DoGoto(Tween, Single, Int32, UpdateMode)
DG.Tweening.Core.TweenManager:Goto(Tween, Single, Boolean, UpdateMode)
DG.Tweening.Sequence:ApplyInternalCycle(Sequence, Single, Single, UpdateMode, Boolean, Boolean, Boolean)
DG.Tweening.Sequence:DoApplyTween(Sequence, Single, Int32, Int32, Boolean, UpdateMode)
DG.Tweening.Tween:DoGoto(Tween, Single, Int32, UpdateMode)
DG.Tweening.Core.TweenManager:Goto(Tween, Single, Boolean, UpdateMode)
DG.Tweening.Sequence:ApplyInternalCycle(Sequence, Single, Single, UpdateMode, Boolean, Boolean, Boolean)
DG.Tweening.Sequence:DoApplyTween(Sequence, Single, Int32, Int32, Boolean, UpdateMode)
DG.Tweening.Tween:DoGoto(Tween, Single, Int32, UpdateMode)
DG.Tweening.Core.TweenManager:Update(Tween, Single, Single, Boolean)
DG.Tweening.Core.TweenManager:Update(UpdateType, Single, Single)
DG.Tweening.Core.DOTweenComponent:Update()

通过范围检测发现装饰品：Sprite
UnityEngine.DebugLogHandler:Internal_Log(LogType, LogOption, String, Object)
UnityEngine.Logger:Log(LogType, Object)
UnityEngine.Debug:Log(Object)
BirdGame.GameSystem:IsCoverDecoration() (at E:/Unity/Projects/Work/FeatherLandNew/Assets/Scripts/New/Systems/IGameSystem.cs:438)
BirdGame.GameEntry:CheckCursor() (at E:/Unity/Projects/Work/FeatherLandNew/Assets/Scripts/New/ViewController/Game/GameEntry.cs:398)
BirdGame.GameEntry:Update() (at E:/Unity/Projects/Work/FeatherLandNew/Assets/Scripts/New/ViewController/Game/GameEntry.cs:158)

通过范围检测发现装饰品：Sprite
UnityEngine.DebugLogHandler:Internal_Log(LogType, LogOption, String, Object)
UnityEngine.Logger:Log(LogType, Object)
UnityEngine.Debug:Log(Object)
BirdGame.GameSystem:IsCoverDecoration() (at E:/Unity/Projects/Work/FeatherLandNew/Assets/Scripts/New/Systems/IGameSystem.cs:438)
BirdGame.GameEntry:CheckCursor() (at E:/Unity/Projects/Work/FeatherLandNew/Assets/Scripts/New/ViewController/Game/GameEntry.cs:398)
BirdGame.GameEntry:Update() (at E:/Unity/Projects/Work/FeatherLandNew/Assets/Scripts/New/ViewController/Game/GameEntry.cs:158)

通过范围检测发现装饰品：Sprite
UnityEngine.DebugLogHandler:Internal_Log(LogType, LogOption, String, Object)
UnityEngine.Logger:Log(LogType, Object)
UnityEngine.Debug:Log(Object)
BirdGame.GameSystem:IsCoverDecoration() (at E:/Unity/Projects/Work/FeatherLandNew/Assets/Scripts/New/Systems/IGameSystem.cs:438)
BirdGame.GameEntry:CheckCursor() (at E:/Unity/Projects/Work/FeatherLandNew/Assets/Scripts/New/ViewController/Game/GameEntry.cs:398)
BirdGame.GameEntry:Update() (at E:/Unity/Projects/Work/FeatherLandNew/Assets/Scripts/New/ViewController/Game/GameEntry.cs:158)

通过范围检测发现装饰品：Sprite
UnityEngine.DebugLogHandler:Internal_Log(LogType, LogOption, String, Object)
UnityEngine.Logger:Log(LogType, Object)
UnityEngine.Debug:Log(Object)
BirdGame.GameSystem:IsCoverDecoration() (at E:/Unity/Projects/Work/FeatherLandNew/Assets/Scripts/New/Systems/IGameSystem.cs:438)
BirdGame.GameEntry:CheckCursor() (at E:/Unity/Projects/Work/FeatherLandNew/Assets/Scripts/New/ViewController/Game/GameEntry.cs:398)
BirdGame.GameEntry:Update() (at E:/Unity/Projects/Work/FeatherLandNew/Assets/Scripts/New/ViewController/Game/GameEntry.cs:158)

通过范围检测发现装饰品：Sprite
UnityEngine.DebugLogHandler:Internal_Log(LogType, LogOption, String, Object)
UnityEngine.Logger:Log(LogType, Object)
UnityEngine.Debug:Log(Object)
BirdGame.GameSystem:IsCoverDecoration() (at E:/Unity/Projects/Work/FeatherLandNew/Assets/Scripts/New/Systems/IGameSystem.cs:438)
BirdGame.GameEntry:CheckCursor() (at E:/Unity/Projects/Work/FeatherLandNew/Assets/Scripts/New/ViewController/Game/GameEntry.cs:398)
BirdGame.GameEntry:Update() (at E:/Unity/Projects/Work/FeatherLandNew/Assets/Scripts/New/ViewController/Game/GameEntry.cs:158)

通过范围检测发现装饰品：Sprite
UnityEngine.DebugLogHandler:Internal_Log(LogType, LogOption, String, Object)
UnityEngine.Logger:Log(LogType, Object)
UnityEngine.Debug:Log(Object)
BirdGame.GameSystem:IsCoverDecoration() (at E:/Unity/Projects/Work/FeatherLandNew/Assets/Scripts/New/Systems/IGameSystem.cs:438)
BirdGame.GameEntry:CheckCursor() (at E:/Unity/Projects/Work/FeatherLandNew/Assets/Scripts/New/ViewController/Game/GameEntry.cs:398)
BirdGame.GameEntry:Update() (at E:/Unity/Projects/Work/FeatherLandNew/Assets/Scripts/New/ViewController/Game/GameEntry.cs:158)

通过范围检测发现装饰品：Sprite
UnityEngine.DebugLogHandler:Internal_Log(LogType, LogOption, String, Object)
UnityEngine.Logger:Log(LogType, Object)
UnityEngine.Debug:Log(Object)
BirdGame.GameSystem:IsCoverDecoration() (at E:/Unity/Projects/Work/FeatherLandNew/Assets/Scripts/New/Systems/IGameSystem.cs:438)
BirdGame.GameEntry:CheckCursor() (at E:/Unity/Projects/Work/FeatherLandNew/Assets/Scripts/New/ViewController/Game/GameEntry.cs:398)
BirdGame.GameEntry:Update() (at E:/Unity/Projects/Work/FeatherLandNew/Assets/Scripts/New/ViewController/Game/GameEntry.cs:158)

通过范围检测发现装饰品：Sprite
UnityEngine.DebugLogHandler:Internal_Log(LogType, LogOption, String, Object)
UnityEngine.Logger:Log(LogType, Object)
UnityEngine.Debug:Log(Object)
BirdGame.GameSystem:IsCoverDecoration() (at E:/Unity/Projects/Work/FeatherLandNew/Assets/Scripts/New/Systems/IGameSystem.cs:438)
BirdGame.GameEntry:CheckCursor() (at E:/Unity/Projects/Work/FeatherLandNew/Assets/Scripts/New/ViewController/Game/GameEntry.cs:398)
BirdGame.GameEntry:Update() (at E:/Unity/Projects/Work/FeatherLandNew/Assets/Scripts/New/ViewController/Game/GameEntry.cs:158)

通过范围检测发现装饰品：Sprite
UnityEngine.DebugLogHandler:Internal_Log(LogType, LogOption, String, Object)
UnityEngine.Logger:Log(LogType, Object)
UnityEngine.Debug:Log(Object)
BirdGame.GameSystem:IsCoverDecoration() (at E:/Unity/Projects/Work/FeatherLandNew/Assets/Scripts/New/Systems/IGameSystem.cs:438)
BirdGame.GameEntry:CheckCursor() (at E:/Unity/Projects/Work/FeatherLandNew/Assets/Scripts/New/ViewController/Game/GameEntry.cs:398)
BirdGame.GameEntry:Update() (at E:/Unity/Projects/Work/FeatherLandNew/Assets/Scripts/New/ViewController/Game/GameEntry.cs:158)

通过范围检测发现装饰品：Sprite
UnityEngine.DebugLogHandler:Internal_Log(LogType, LogOption, String, Object)
UnityEngine.Logger:Log(LogType, Object)
UnityEngine.Debug:Log(Object)
BirdGame.GameSystem:IsCoverDecoration() (at E:/Unity/Projects/Work/FeatherLandNew/Assets/Scripts/New/Systems/IGameSystem.cs:438)
BirdGame.GameEntry:CheckCursor() (at E:/Unity/Projects/Work/FeatherLandNew/Assets/Scripts/New/ViewController/Game/GameEntry.cs:398)
BirdGame.GameEntry:Update() (at E:/Unity/Projects/Work/FeatherLandNew/Assets/Scripts/New/ViewController/Game/GameEntry.cs:158)

通过范围检测发现装饰品：Sprite
UnityEngine.DebugLogHandler:Internal_Log(LogType, LogOption, String, Object)
UnityEngine.Logger:Log(LogType, Object)
UnityEngine.Debug:Log(Object)
BirdGame.GameSystem:IsCoverDecoration() (at E:/Unity/Projects/Work/FeatherLandNew/Assets/Scripts/New/Systems/IGameSystem.cs:438)
BirdGame.GameEntry:CheckCursor() (at E:/Unity/Projects/Work/FeatherLandNew/Assets/Scripts/New/ViewController/Game/GameEntry.cs:398)
BirdGame.GameEntry:Update() (at E:/Unity/Projects/Work/FeatherLandNew/Assets/Scripts/New/ViewController/Game/GameEntry.cs:158)

通过范围检测发现装饰品：Sprite
UnityEngine.DebugLogHandler:Internal_Log(LogType, LogOption, String, Object)
UnityEngine.Logger:Log(LogType, Object)
UnityEngine.Debug:Log(Object)
BirdGame.GameSystem:IsCoverDecoration() (at E:/Unity/Projects/Work/FeatherLandNew/Assets/Scripts/New/Systems/IGameSystem.cs:438)
BirdGame.GameEntry:CheckCursor() (at E:/Unity/Projects/Work/FeatherLandNew/Assets/Scripts/New/ViewController/Game/GameEntry.cs:398)
BirdGame.GameEntry:Update() (at E:/Unity/Projects/Work/FeatherLandNew/Assets/Scripts/New/ViewController/Game/GameEntry.cs:158)

通过范围检测发现装饰品：Sprite
UnityEngine.DebugLogHandler:Internal_Log(LogType, LogOption, String, Object)
UnityEngine.Logger:Log(LogType, Object)
UnityEngine.Debug:Log(Object)
BirdGame.GameSystem:IsCoverDecoration() (at E:/Unity/Projects/Work/FeatherLandNew/Assets/Scripts/New/Systems/IGameSystem.cs:438)
BirdGame.GameEntry:CheckCursor() (at E:/Unity/Projects/Work/FeatherLandNew/Assets/Scripts/New/ViewController/Game/GameEntry.cs:398)
BirdGame.GameEntry:Update() (at E:/Unity/Projects/Work/FeatherLandNew/Assets/Scripts/New/ViewController/Game/GameEntry.cs:158)

通过范围检测发现装饰品：Sprite
UnityEngine.DebugLogHandler:Internal_Log(LogType, LogOption, String, Object)
UnityEngine.Logger:Log(LogType, Object)
UnityEngine.Debug:Log(Object)
BirdGame.GameSystem:IsCoverDecoration() (at E:/Unity/Projects/Work/FeatherLandNew/Assets/Scripts/New/Systems/IGameSystem.cs:438)
BirdGame.GameEntry:CheckCursor() (at E:/Unity/Projects/Work/FeatherLandNew/Assets/Scripts/New/ViewController/Game/GameEntry.cs:398)
BirdGame.GameEntry:Update() (at E:/Unity/Projects/Work/FeatherLandNew/Assets/Scripts/New/ViewController/Game/GameEntry.cs:158)

通过范围检测发现装饰品：Sprite
UnityEngine.DebugLogHandler:Internal_Log(LogType, LogOption, String, Object)
UnityEngine.Logger:Log(LogType, Object)
UnityEngine.Debug:Log(Object)
BirdGame.GameSystem:IsCoverDecoration() (at E:/Unity/Projects/Work/FeatherLandNew/Assets/Scripts/New/Systems/IGameSystem.cs:438)
BirdGame.GameEntry:CheckCursor() (at E:/Unity/Projects/Work/FeatherLandNew/Assets/Scripts/New/ViewController/Game/GameEntry.cs:398)
BirdGame.GameEntry:Update() (at E:/Unity/Projects/Work/FeatherLandNew/Assets/Scripts/New/ViewController/Game/GameEntry.cs:158)

通过范围检测发现装饰品：Sprite
UnityEngine.DebugLogHandler:Internal_Log(LogType, LogOption, String, Object)
UnityEngine.Logger:Log(LogType, Object)
UnityEngine.Debug:Log(Object)
BirdGame.GameSystem:IsCoverDecoration() (at E:/Unity/Projects/Work/FeatherLandNew/Assets/Scripts/New/Systems/IGameSystem.cs:438)
BirdGame.GameEntry:CheckCursor() (at E:/Unity/Projects/Work/FeatherLandNew/Assets/Scripts/New/ViewController/Game/GameEntry.cs:398)
BirdGame.GameEntry:Update() (at E:/Unity/Projects/Work/FeatherLandNew/Assets/Scripts/New/ViewController/Game/GameEntry.cs:158)

通过范围检测发现装饰品：Sprite
UnityEngine.DebugLogHandler:Internal_Log(LogType, LogOption, String, Object)
UnityEngine.Logger:Log(LogType, Object)
UnityEngine.Debug:Log(Object)
BirdGame.GameSystem:IsCoverDecoration() (at E:/Unity/Projects/Work/FeatherLandNew/Assets/Scripts/New/Systems/IGameSystem.cs:438)
BirdGame.GameEntry:CheckCursor() (at E:/Unity/Projects/Work/FeatherLandNew/Assets/Scripts/New/ViewController/Game/GameEntry.cs:398)
BirdGame.GameEntry:Update() (at E:/Unity/Projects/Work/FeatherLandNew/Assets/Scripts/New/ViewController/Game/GameEntry.cs:158)

通过范围检测发现装饰品：Sprite
UnityEngine.DebugLogHandler:Internal_Log(LogType, LogOption, String, Object)
UnityEngine.Logger:Log(LogType, Object)
UnityEngine.Debug:Log(Object)
BirdGame.GameSystem:IsCoverDecoration() (at E:/Unity/Projects/Work/FeatherLandNew/Assets/Scripts/New/Systems/IGameSystem.cs:438)
BirdGame.GameEntry:CheckCursor() (at E:/Unity/Projects/Work/FeatherLandNew/Assets/Scripts/New/ViewController/Game/GameEntry.cs:398)
BirdGame.GameEntry:Update() (at E:/Unity/Projects/Work/FeatherLandNew/Assets/Scripts/New/ViewController/Game/GameEntry.cs:158)

通过范围检测发现装饰品：Sprite
UnityEngine.DebugLogHandler:Internal_Log(LogType, LogOption, String, Object)
UnityEngine.Logger:Log(LogType, Object)
UnityEngine.Debug:Log(Object)
BirdGame.GameSystem:IsCoverDecoration() (at E:/Unity/Projects/Work/FeatherLandNew/Assets/Scripts/New/Systems/IGameSystem.cs:438)
BirdGame.GameEntry:CheckCursor() (at E:/Unity/Projects/Work/FeatherLandNew/Assets/Scripts/New/ViewController/Game/GameEntry.cs:398)
BirdGame.GameEntry:Update() (at E:/Unity/Projects/Work/FeatherLandNew/Assets/Scripts/New/ViewController/Game/GameEntry.cs:158)

通过范围检测发现装饰品：Sprite
UnityEngine.DebugLogHandler:Internal_Log(LogType, LogOption, String, Object)
UnityEngine.Logger:Log(LogType, Object)
UnityEngine.Debug:Log(Object)
BirdGame.GameSystem:IsCoverDecoration() (at E:/Unity/Projects/Work/FeatherLandNew/Assets/Scripts/New/Systems/IGameSystem.cs:438)
BirdGame.GameEntry:CheckCursor() (at E:/Unity/Projects/Work/FeatherLandNew/Assets/Scripts/New/ViewController/Game/GameEntry.cs:398)
BirdGame.GameEntry:Update() (at E:/Unity/Projects/Work/FeatherLandNew/Assets/Scripts/New/ViewController/Game/GameEntry.cs:158)

🔊 环境音效已初始化，跳过重复初始化
UnityEngine.DebugLogHandler:Internal_Log(LogType, LogOption, String, Object)
UnityEngine.Logger:Log(LogType, Object)
UnityEngine.Debug:Log(Object)
BirdGame.AudioSystem:InitEnvironments() (at E:/Unity/Projects/Work/FeatherLandNew/Assets/Scripts/New/Systems/IAudioSystem.cs:536)
BirdGame.<TriggerEnvironmentAudioAfterConfigLoad>d__11:MoveNext() (at E:/Unity/Projects/Work/FeatherLandNew/Assets/Scripts/New/Commands/LoadGameCommand.cs:258)
UnityEngine.SetupCoroutine:InvokeMoveNext(IEnumerator, IntPtr)

🌍 环境音效初始化完成！
UnityEngine.DebugLogHandler:Internal_Log(LogType, LogOption, String, Object)
UnityEngine.Logger:Log(LogType, Object)
UnityEngine.Debug:Log(Object)
BirdGame.<TriggerEnvironmentAudioAfterConfigLoad>d__11:MoveNext() (at E:/Unity/Projects/Work/FeatherLandNew/Assets/Scripts/New/Commands/LoadGameCommand.cs:259)
UnityEngine.SetupCoroutine:InvokeMoveNext(IEnumerator, IntPtr)

通过范围检测发现装饰品：Sprite
UnityEngine.DebugLogHandler:Internal_Log(LogType, LogOption, String, Object)
UnityEngine.Logger:Log(LogType, Object)
UnityEngine.Debug:Log(Object)
BirdGame.GameSystem:IsCoverDecoration() (at E:/Unity/Projects/Work/FeatherLandNew/Assets/Scripts/New/Systems/IGameSystem.cs:438)
BirdGame.GameEntry:CheckCursor() (at E:/Unity/Projects/Work/FeatherLandNew/Assets/Scripts/New/ViewController/Game/GameEntry.cs:398)
BirdGame.GameEntry:Update() (at E:/Unity/Projects/Work/FeatherLandNew/Assets/Scripts/New/ViewController/Game/GameEntry.cs:158)

通过范围检测发现装饰品：Sprite
UnityEngine.DebugLogHandler:Internal_Log(LogType, LogOption, String, Object)
UnityEngine.Logger:Log(LogType, Object)
UnityEngine.Debug:Log(Object)
BirdGame.GameSystem:IsCoverDecoration() (at E:/Unity/Projects/Work/FeatherLandNew/Assets/Scripts/New/Systems/IGameSystem.cs:438)
BirdGame.GameEntry:CheckCursor() (at E:/Unity/Projects/Work/FeatherLandNew/Assets/Scripts/New/ViewController/Game/GameEntry.cs:398)
BirdGame.GameEntry:Update() (at E:/Unity/Projects/Work/FeatherLandNew/Assets/Scripts/New/ViewController/Game/GameEntry.cs:158)

通过范围检测发现装饰品：Sprite
UnityEngine.DebugLogHandler:Internal_Log(LogType, LogOption, String, Object)
UnityEngine.Logger:Log(LogType, Object)
UnityEngine.Debug:Log(Object)
BirdGame.GameSystem:IsCoverDecoration() (at E:/Unity/Projects/Work/FeatherLandNew/Assets/Scripts/New/Systems/IGameSystem.cs:438)
BirdGame.GameEntry:CheckCursor() (at E:/Unity/Projects/Work/FeatherLandNew/Assets/Scripts/New/ViewController/Game/GameEntry.cs:398)
BirdGame.GameEntry:Update() (at E:/Unity/Projects/Work/FeatherLandNew/Assets/Scripts/New/ViewController/Game/GameEntry.cs:158)

通过范围检测发现装饰品：Sprite
UnityEngine.DebugLogHandler:Internal_Log(LogType, LogOption, String, Object)
UnityEngine.Logger:Log(LogType, Object)
UnityEngine.Debug:Log(Object)
BirdGame.GameSystem:IsCoverDecoration() (at E:/Unity/Projects/Work/FeatherLandNew/Assets/Scripts/New/Systems/IGameSystem.cs:438)
BirdGame.GameEntry:CheckCursor() (at E:/Unity/Projects/Work/FeatherLandNew/Assets/Scripts/New/ViewController/Game/GameEntry.cs:398)
BirdGame.GameEntry:Update() (at E:/Unity/Projects/Work/FeatherLandNew/Assets/Scripts/New/ViewController/Game/GameEntry.cs:158)

通过范围检测发现装饰品：Sprite
UnityEngine.DebugLogHandler:Internal_Log(LogType, LogOption, String, Object)
UnityEngine.Logger:Log(LogType, Object)
UnityEngine.Debug:Log(Object)
BirdGame.GameSystem:IsCoverDecoration() (at E:/Unity/Projects/Work/FeatherLandNew/Assets/Scripts/New/Systems/IGameSystem.cs:438)
BirdGame.GameEntry:CheckCursor() (at E:/Unity/Projects/Work/FeatherLandNew/Assets/Scripts/New/ViewController/Game/GameEntry.cs:398)
BirdGame.GameEntry:Update() (at E:/Unity/Projects/Work/FeatherLandNew/Assets/Scripts/New/ViewController/Game/GameEntry.cs:158)

通过范围检测发现装饰品：Sprite
UnityEngine.DebugLogHandler:Internal_Log(LogType, LogOption, String, Object)
UnityEngine.Logger:Log(LogType, Object)
UnityEngine.Debug:Log(Object)
BirdGame.GameSystem:IsCoverDecoration() (at E:/Unity/Projects/Work/FeatherLandNew/Assets/Scripts/New/Systems/IGameSystem.cs:438)
BirdGame.GameEntry:CheckCursor() (at E:/Unity/Projects/Work/FeatherLandNew/Assets/Scripts/New/ViewController/Game/GameEntry.cs:398)
BirdGame.GameEntry:Update() (at E:/Unity/Projects/Work/FeatherLandNew/Assets/Scripts/New/ViewController/Game/GameEntry.cs:158)

通过范围检测发现装饰品：Sprite
UnityEngine.DebugLogHandler:Internal_Log(LogType, LogOption, String, Object)
UnityEngine.Logger:Log(LogType, Object)
UnityEngine.Debug:Log(Object)
BirdGame.GameSystem:IsCoverDecoration() (at E:/Unity/Projects/Work/FeatherLandNew/Assets/Scripts/New/Systems/IGameSystem.cs:438)
BirdGame.GameEntry:CheckCursor() (at E:/Unity/Projects/Work/FeatherLandNew/Assets/Scripts/New/ViewController/Game/GameEntry.cs:398)
BirdGame.GameEntry:Update() (at E:/Unity/Projects/Work/FeatherLandNew/Assets/Scripts/New/ViewController/Game/GameEntry.cs:158)

通过范围检测发现装饰品：Sprite
UnityEngine.DebugLogHandler:Internal_Log(LogType, LogOption, String, Object)
UnityEngine.Logger:Log(LogType, Object)
UnityEngine.Debug:Log(Object)
BirdGame.GameSystem:IsCoverDecoration() (at E:/Unity/Projects/Work/FeatherLandNew/Assets/Scripts/New/Systems/IGameSystem.cs:438)
BirdGame.GameEntry:CheckCursor() (at E:/Unity/Projects/Work/FeatherLandNew/Assets/Scripts/New/ViewController/Game/GameEntry.cs:398)
BirdGame.GameEntry:Update() (at E:/Unity/Projects/Work/FeatherLandNew/Assets/Scripts/New/ViewController/Game/GameEntry.cs:158)

天气切换完成
UnityEngine.DebugLogHandler:Internal_Log(LogType, LogOption, String, Object)
UnityEngine.Logger:Log(LogType, Object)
UnityEngine.Debug:Log(Object)
BirdGame.<>c__DisplayClass16_0:<SwitchWeather>b__9() (at E:/Unity/Projects/Work/FeatherLandNew/Assets/Scripts/New/ViewController/Game/WeatherManager.cs:242)
DG.Tweening.Tween:OnTweenCallback(TweenCallback, Tween)
DG.Tweening.Tween:DoGoto(Tween, Single, Int32, UpdateMode)
DG.Tweening.Core.TweenManager:Update(Tween, Single, Single, Boolean)
DG.Tweening.Core.TweenManager:Update(UpdateType, Single, Single)
DG.Tweening.Core.DOTweenComponent:Update()

游戏启动时的初始天气，不应用天气音量，保留用户设置
UnityEngine.DebugLogHandler:Internal_Log(LogType, LogOption, String, Object)
UnityEngine.Logger:Log(LogType, Object)
UnityEngine.Debug:Log(Object)
BirdGame.<>c__DisplayClass16_0:<SwitchWeather>b__9() (at E:/Unity/Projects/Work/FeatherLandNew/Assets/Scripts/New/ViewController/Game/WeatherManager.cs:249)
DG.Tweening.Tween:OnTweenCallback(TweenCallback, Tween)
DG.Tweening.Tween:DoGoto(Tween, Single, Int32, UpdateMode)
DG.Tweening.Core.TweenManager:Update(Tween, Single, Single, Boolean)
DG.Tweening.Core.TweenManager:Update(UpdateType, Single, Single)
DG.Tweening.Core.DOTweenComponent:Update()

通过范围检测发现装饰品：Sprite
UnityEngine.DebugLogHandler:Internal_Log(LogType, LogOption, String, Object)
UnityEngine.Logger:Log(LogType, Object)
UnityEngine.Debug:Log(Object)
BirdGame.GameSystem:IsCoverDecoration() (at E:/Unity/Projects/Work/FeatherLandNew/Assets/Scripts/New/Systems/IGameSystem.cs:438)
BirdGame.GameEntry:CheckCursor() (at E:/Unity/Projects/Work/FeatherLandNew/Assets/Scripts/New/ViewController/Game/GameEntry.cs:398)
BirdGame.GameEntry:Update() (at E:/Unity/Projects/Work/FeatherLandNew/Assets/Scripts/New/ViewController/Game/GameEntry.cs:158)

通过范围检测发现装饰品：Sprite
UnityEngine.DebugLogHandler:Internal_Log(LogType, LogOption, String, Object)
UnityEngine.Logger:Log(LogType, Object)
UnityEngine.Debug:Log(Object)
BirdGame.GameSystem:IsCoverDecoration() (at E:/Unity/Projects/Work/FeatherLandNew/Assets/Scripts/New/Systems/IGameSystem.cs:438)
BirdGame.GameEntry:CheckCursor() (at E:/Unity/Projects/Work/FeatherLandNew/Assets/Scripts/New/ViewController/Game/GameEntry.cs:398)
BirdGame.GameEntry:Update() (at E:/Unity/Projects/Work/FeatherLandNew/Assets/Scripts/New/ViewController/Game/GameEntry.cs:158)

通过范围检测发现装饰品：Sprite
UnityEngine.DebugLogHandler:Internal_Log(LogType, LogOption, String, Object)
UnityEngine.Logger:Log(LogType, Object)
UnityEngine.Debug:Log(Object)
BirdGame.GameSystem:IsCoverDecoration() (at E:/Unity/Projects/Work/FeatherLandNew/Assets/Scripts/New/Systems/IGameSystem.cs:438)
BirdGame.GameEntry:CheckCursor() (at E:/Unity/Projects/Work/FeatherLandNew/Assets/Scripts/New/ViewController/Game/GameEntry.cs:398)
BirdGame.GameEntry:Update() (at E:/Unity/Projects/Work/FeatherLandNew/Assets/Scripts/New/ViewController/Game/GameEntry.cs:158)

通过范围检测发现装饰品：Sprite
UnityEngine.DebugLogHandler:Internal_Log(LogType, LogOption, String, Object)
UnityEngine.Logger:Log(LogType, Object)
UnityEngine.Debug:Log(Object)
BirdGame.GameSystem:IsCoverDecoration() (at E:/Unity/Projects/Work/FeatherLandNew/Assets/Scripts/New/Systems/IGameSystem.cs:438)
BirdGame.GameEntry:CheckCursor() (at E:/Unity/Projects/Work/FeatherLandNew/Assets/Scripts/New/ViewController/Game/GameEntry.cs:398)
BirdGame.GameEntry:Update() (at E:/Unity/Projects/Work/FeatherLandNew/Assets/Scripts/New/ViewController/Game/GameEntry.cs:158)

通过范围检测发现装饰品：Sprite
UnityEngine.DebugLogHandler:Internal_Log(LogType, LogOption, String, Object)
UnityEngine.Logger:Log(LogType, Object)
UnityEngine.Debug:Log(Object)
BirdGame.GameSystem:IsCoverDecoration() (at E:/Unity/Projects/Work/FeatherLandNew/Assets/Scripts/New/Systems/IGameSystem.cs:438)
BirdGame.GameEntry:CheckCursor() (at E:/Unity/Projects/Work/FeatherLandNew/Assets/Scripts/New/ViewController/Game/GameEntry.cs:398)
BirdGame.GameEntry:Update() (at E:/Unity/Projects/Work/FeatherLandNew/Assets/Scripts/New/ViewController/Game/GameEntry.cs:158)

通过范围检测发现装饰品：Sprite
UnityEngine.DebugLogHandler:Internal_Log(LogType, LogOption, String, Object)
UnityEngine.Logger:Log(LogType, Object)
UnityEngine.Debug:Log(Object)
BirdGame.GameSystem:IsCoverDecoration() (at E:/Unity/Projects/Work/FeatherLandNew/Assets/Scripts/New/Systems/IGameSystem.cs:438)
BirdGame.GameEntry:CheckCursor() (at E:/Unity/Projects/Work/FeatherLandNew/Assets/Scripts/New/ViewController/Game/GameEntry.cs:398)
BirdGame.GameEntry:Update() (at E:/Unity/Projects/Work/FeatherLandNew/Assets/Scripts/New/ViewController/Game/GameEntry.cs:158)

通过范围检测发现装饰品：Sprite
UnityEngine.DebugLogHandler:Internal_Log(LogType, LogOption, String, Object)
UnityEngine.Logger:Log(LogType, Object)
UnityEngine.Debug:Log(Object)
BirdGame.GameSystem:IsCoverDecoration() (at E:/Unity/Projects/Work/FeatherLandNew/Assets/Scripts/New/Systems/IGameSystem.cs:438)
BirdGame.GameEntry:CheckCursor() (at E:/Unity/Projects/Work/FeatherLandNew/Assets/Scripts/New/ViewController/Game/GameEntry.cs:398)
BirdGame.GameEntry:Update() (at E:/Unity/Projects/Work/FeatherLandNew/Assets/Scripts/New/ViewController/Game/GameEntry.cs:158)

通过范围检测发现装饰品：Sprite
UnityEngine.DebugLogHandler:Internal_Log(LogType, LogOption, String, Object)
UnityEngine.Logger:Log(LogType, Object)
UnityEngine.Debug:Log(Object)
BirdGame.GameSystem:IsCoverDecoration() (at E:/Unity/Projects/Work/FeatherLandNew/Assets/Scripts/New/Systems/IGameSystem.cs:438)
BirdGame.GameEntry:CheckCursor() (at E:/Unity/Projects/Work/FeatherLandNew/Assets/Scripts/New/ViewController/Game/GameEntry.cs:398)
BirdGame.GameEntry:Update() (at E:/Unity/Projects/Work/FeatherLandNew/Assets/Scripts/New/ViewController/Game/GameEntry.cs:158)

通过范围检测发现装饰品：Sprite
UnityEngine.DebugLogHandler:Internal_Log(LogType, LogOption, String, Object)
UnityEngine.Logger:Log(LogType, Object)
UnityEngine.Debug:Log(Object)
BirdGame.GameSystem:IsCoverDecoration() (at E:/Unity/Projects/Work/FeatherLandNew/Assets/Scripts/New/Systems/IGameSystem.cs:438)
BirdGame.GameEntry:CheckCursor() (at E:/Unity/Projects/Work/FeatherLandNew/Assets/Scripts/New/ViewController/Game/GameEntry.cs:398)
BirdGame.GameEntry:Update() (at E:/Unity/Projects/Work/FeatherLandNew/Assets/Scripts/New/ViewController/Game/GameEntry.cs:158)

通过范围检测发现装饰品：Sprite
UnityEngine.DebugLogHandler:Internal_Log(LogType, LogOption, String, Object)
UnityEngine.Logger:Log(LogType, Object)
UnityEngine.Debug:Log(Object)
BirdGame.GameSystem:IsCoverDecoration() (at E:/Unity/Projects/Work/FeatherLandNew/Assets/Scripts/New/Systems/IGameSystem.cs:438)
BirdGame.GameEntry:CheckCursor() (at E:/Unity/Projects/Work/FeatherLandNew/Assets/Scripts/New/ViewController/Game/GameEntry.cs:398)
BirdGame.GameEntry:Update() (at E:/Unity/Projects/Work/FeatherLandNew/Assets/Scripts/New/ViewController/Game/GameEntry.cs:158)

通过范围检测发现装饰品：Sprite
UnityEngine.DebugLogHandler:Internal_Log(LogType, LogOption, String, Object)
UnityEngine.Logger:Log(LogType, Object)
UnityEngine.Debug:Log(Object)
BirdGame.GameSystem:IsCoverDecoration() (at E:/Unity/Projects/Work/FeatherLandNew/Assets/Scripts/New/Systems/IGameSystem.cs:438)
BirdGame.GameEntry:CheckCursor() (at E:/Unity/Projects/Work/FeatherLandNew/Assets/Scripts/New/ViewController/Game/GameEntry.cs:398)
BirdGame.GameEntry:Update() (at E:/Unity/Projects/Work/FeatherLandNew/Assets/Scripts/New/ViewController/Game/GameEntry.cs:158)

通过范围检测发现装饰品：Sprite
UnityEngine.DebugLogHandler:Internal_Log(LogType, LogOption, String, Object)
UnityEngine.Logger:Log(LogType, Object)
UnityEngine.Debug:Log(Object)
BirdGame.GameSystem:IsCoverDecoration() (at E:/Unity/Projects/Work/FeatherLandNew/Assets/Scripts/New/Systems/IGameSystem.cs:438)
BirdGame.GameEntry:CheckCursor() (at E:/Unity/Projects/Work/FeatherLandNew/Assets/Scripts/New/ViewController/Game/GameEntry.cs:398)
BirdGame.GameEntry:Update() (at E:/Unity/Projects/Work/FeatherLandNew/Assets/Scripts/New/ViewController/Game/GameEntry.cs:158)

通过范围检测发现装饰品：Sprite
UnityEngine.DebugLogHandler:Internal_Log(LogType, LogOption, String, Object)
UnityEngine.Logger:Log(LogType, Object)
UnityEngine.Debug:Log(Object)
BirdGame.GameSystem:IsCoverDecoration() (at E:/Unity/Projects/Work/FeatherLandNew/Assets/Scripts/New/Systems/IGameSystem.cs:438)
BirdGame.GameEntry:CheckCursor() (at E:/Unity/Projects/Work/FeatherLandNew/Assets/Scripts/New/ViewController/Game/GameEntry.cs:398)
BirdGame.GameEntry:Update() (at E:/Unity/Projects/Work/FeatherLandNew/Assets/Scripts/New/ViewController/Game/GameEntry.cs:158)

通过范围检测发现装饰品：Sprite
UnityEngine.DebugLogHandler:Internal_Log(LogType, LogOption, String, Object)
UnityEngine.Logger:Log(LogType, Object)
UnityEngine.Debug:Log(Object)
BirdGame.GameSystem:IsCoverDecoration() (at E:/Unity/Projects/Work/FeatherLandNew/Assets/Scripts/New/Systems/IGameSystem.cs:438)
BirdGame.GameEntry:CheckCursor() (at E:/Unity/Projects/Work/FeatherLandNew/Assets/Scripts/New/ViewController/Game/GameEntry.cs:398)
BirdGame.GameEntry:Update() (at E:/Unity/Projects/Work/FeatherLandNew/Assets/Scripts/New/ViewController/Game/GameEntry.cs:158)

通过范围检测发现装饰品：Sprite
UnityEngine.DebugLogHandler:Internal_Log(LogType, LogOption, String, Object)
UnityEngine.Logger:Log(LogType, Object)
UnityEngine.Debug:Log(Object)
BirdGame.GameSystem:IsCoverDecoration() (at E:/Unity/Projects/Work/FeatherLandNew/Assets/Scripts/New/Systems/IGameSystem.cs:438)
BirdGame.GameEntry:CheckCursor() (at E:/Unity/Projects/Work/FeatherLandNew/Assets/Scripts/New/ViewController/Game/GameEntry.cs:398)
BirdGame.GameEntry:Update() (at E:/Unity/Projects/Work/FeatherLandNew/Assets/Scripts/New/ViewController/Game/GameEntry.cs:158)

通过范围检测发现装饰品：Sprite
UnityEngine.DebugLogHandler:Internal_Log(LogType, LogOption, String, Object)
UnityEngine.Logger:Log(LogType, Object)
UnityEngine.Debug:Log(Object)
BirdGame.GameSystem:IsCoverDecoration() (at E:/Unity/Projects/Work/FeatherLandNew/Assets/Scripts/New/Systems/IGameSystem.cs:438)
BirdGame.GameEntry:CheckCursor() (at E:/Unity/Projects/Work/FeatherLandNew/Assets/Scripts/New/ViewController/Game/GameEntry.cs:398)
BirdGame.GameEntry:Update() (at E:/Unity/Projects/Work/FeatherLandNew/Assets/Scripts/New/ViewController/Game/GameEntry.cs:158)

通过范围检测发现装饰品：Sprite
UnityEngine.DebugLogHandler:Internal_Log(LogType, LogOption, String, Object)
UnityEngine.Logger:Log(LogType, Object)
UnityEngine.Debug:Log(Object)
BirdGame.GameSystem:IsCoverDecoration() (at E:/Unity/Projects/Work/FeatherLandNew/Assets/Scripts/New/Systems/IGameSystem.cs:438)
BirdGame.GameEntry:CheckCursor() (at E:/Unity/Projects/Work/FeatherLandNew/Assets/Scripts/New/ViewController/Game/GameEntry.cs:398)
BirdGame.GameEntry:Update() (at E:/Unity/Projects/Work/FeatherLandNew/Assets/Scripts/New/ViewController/Game/GameEntry.cs:158)

通过范围检测发现装饰品：Sprite
UnityEngine.DebugLogHandler:Internal_Log(LogType, LogOption, String, Object)
UnityEngine.Logger:Log(LogType, Object)
UnityEngine.Debug:Log(Object)
BirdGame.GameSystem:IsCoverDecoration() (at E:/Unity/Projects/Work/FeatherLandNew/Assets/Scripts/New/Systems/IGameSystem.cs:438)
BirdGame.GameEntry:CheckCursor() (at E:/Unity/Projects/Work/FeatherLandNew/Assets/Scripts/New/ViewController/Game/GameEntry.cs:398)
BirdGame.GameEntry:Update() (at E:/Unity/Projects/Work/FeatherLandNew/Assets/Scripts/New/ViewController/Game/GameEntry.cs:158)

通过范围检测发现装饰品：Sprite
UnityEngine.DebugLogHandler:Internal_Log(LogType, LogOption, String, Object)
UnityEngine.Logger:Log(LogType, Object)
UnityEngine.Debug:Log(Object)
BirdGame.GameSystem:IsCoverDecoration() (at E:/Unity/Projects/Work/FeatherLandNew/Assets/Scripts/New/Systems/IGameSystem.cs:438)
BirdGame.GameEntry:CheckCursor() (at E:/Unity/Projects/Work/FeatherLandNew/Assets/Scripts/New/ViewController/Game/GameEntry.cs:398)
BirdGame.GameEntry:Update() (at E:/Unity/Projects/Work/FeatherLandNew/Assets/Scripts/New/ViewController/Game/GameEntry.cs:158)

通过范围检测发现装饰品：Sprite
UnityEngine.DebugLogHandler:Internal_Log(LogType, LogOption, String, Object)
UnityEngine.Logger:Log(LogType, Object)
UnityEngine.Debug:Log(Object)
BirdGame.GameSystem:IsCoverDecoration() (at E:/Unity/Projects/Work/FeatherLandNew/Assets/Scripts/New/Systems/IGameSystem.cs:438)
BirdGame.GameEntry:CheckCursor() (at E:/Unity/Projects/Work/FeatherLandNew/Assets/Scripts/New/ViewController/Game/GameEntry.cs:398)
BirdGame.GameEntry:Update() (at E:/Unity/Projects/Work/FeatherLandNew/Assets/Scripts/New/ViewController/Game/GameEntry.cs:158)

通过范围检测发现装饰品：Sprite
UnityEngine.DebugLogHandler:Internal_Log(LogType, LogOption, String, Object)
UnityEngine.Logger:Log(LogType, Object)
UnityEngine.Debug:Log(Object)
BirdGame.GameSystem:IsCoverDecoration() (at E:/Unity/Projects/Work/FeatherLandNew/Assets/Scripts/New/Systems/IGameSystem.cs:438)
BirdGame.GameEntry:CheckCursor() (at E:/Unity/Projects/Work/FeatherLandNew/Assets/Scripts/New/ViewController/Game/GameEntry.cs:398)
BirdGame.GameEntry:Update() (at E:/Unity/Projects/Work/FeatherLandNew/Assets/Scripts/New/ViewController/Game/GameEntry.cs:158)

通过范围检测发现装饰品：Sprite
UnityEngine.DebugLogHandler:Internal_Log(LogType, LogOption, String, Object)
UnityEngine.Logger:Log(LogType, Object)
UnityEngine.Debug:Log(Object)
BirdGame.GameSystem:IsCoverDecoration() (at E:/Unity/Projects/Work/FeatherLandNew/Assets/Scripts/New/Systems/IGameSystem.cs:438)
BirdGame.GameEntry:CheckCursor() (at E:/Unity/Projects/Work/FeatherLandNew/Assets/Scripts/New/ViewController/Game/GameEntry.cs:398)
BirdGame.GameEntry:Update() (at E:/Unity/Projects/Work/FeatherLandNew/Assets/Scripts/New/ViewController/Game/GameEntry.cs:158)

通过范围检测发现装饰品：Sprite
UnityEngine.DebugLogHandler:Internal_Log(LogType, LogOption, String, Object)
UnityEngine.Logger:Log(LogType, Object)
UnityEngine.Debug:Log(Object)
BirdGame.GameSystem:IsCoverDecoration() (at E:/Unity/Projects/Work/FeatherLandNew/Assets/Scripts/New/Systems/IGameSystem.cs:438)
BirdGame.GameEntry:CheckCursor() (at E:/Unity/Projects/Work/FeatherLandNew/Assets/Scripts/New/ViewController/Game/GameEntry.cs:398)
BirdGame.GameEntry:Update() (at E:/Unity/Projects/Work/FeatherLandNew/Assets/Scripts/New/ViewController/Game/GameEntry.cs:158)

通过范围检测发现装饰品：Sprite
UnityEngine.DebugLogHandler:Internal_Log(LogType, LogOption, String, Object)
UnityEngine.Logger:Log(LogType, Object)
UnityEngine.Debug:Log(Object)
BirdGame.GameSystem:IsCoverDecoration() (at E:/Unity/Projects/Work/FeatherLandNew/Assets/Scripts/New/Systems/IGameSystem.cs:438)
BirdGame.GameEntry:CheckCursor() (at E:/Unity/Projects/Work/FeatherLandNew/Assets/Scripts/New/ViewController/Game/GameEntry.cs:398)
BirdGame.GameEntry:Update() (at E:/Unity/Projects/Work/FeatherLandNew/Assets/Scripts/New/ViewController/Game/GameEntry.cs:158)

通过范围检测发现装饰品：Sprite
UnityEngine.DebugLogHandler:Internal_Log(LogType, LogOption, String, Object)
UnityEngine.Logger:Log(LogType, Object)
UnityEngine.Debug:Log(Object)
BirdGame.GameSystem:IsCoverDecoration() (at E:/Unity/Projects/Work/FeatherLandNew/Assets/Scripts/New/Systems/IGameSystem.cs:438)
BirdGame.GameEntry:CheckCursor() (at E:/Unity/Projects/Work/FeatherLandNew/Assets/Scripts/New/ViewController/Game/GameEntry.cs:398)
BirdGame.GameEntry:Update() (at E:/Unity/Projects/Work/FeatherLandNew/Assets/Scripts/New/ViewController/Game/GameEntry.cs:158)

通过范围检测发现装饰品：Sprite
UnityEngine.DebugLogHandler:Internal_Log(LogType, LogOption, String, Object)
UnityEngine.Logger:Log(LogType, Object)
UnityEngine.Debug:Log(Object)
BirdGame.GameSystem:IsCoverDecoration() (at E:/Unity/Projects/Work/FeatherLandNew/Assets/Scripts/New/Systems/IGameSystem.cs:438)
BirdGame.GameEntry:CheckCursor() (at E:/Unity/Projects/Work/FeatherLandNew/Assets/Scripts/New/ViewController/Game/GameEntry.cs:398)
BirdGame.GameEntry:Update() (at E:/Unity/Projects/Work/FeatherLandNew/Assets/Scripts/New/ViewController/Game/GameEntry.cs:158)

通过范围检测发现装饰品：Sprite
UnityEngine.DebugLogHandler:Internal_Log(LogType, LogOption, String, Object)
UnityEngine.Logger:Log(LogType, Object)
UnityEngine.Debug:Log(Object)
BirdGame.GameSystem:IsCoverDecoration() (at E:/Unity/Projects/Work/FeatherLandNew/Assets/Scripts/New/Systems/IGameSystem.cs:438)
BirdGame.GameEntry:CheckCursor() (at E:/Unity/Projects/Work/FeatherLandNew/Assets/Scripts/New/ViewController/Game/GameEntry.cs:398)
BirdGame.GameEntry:Update() (at E:/Unity/Projects/Work/FeatherLandNew/Assets/Scripts/New/ViewController/Game/GameEntry.cs:158)

通过范围检测发现装饰品：Sprite
UnityEngine.DebugLogHandler:Internal_Log(LogType, LogOption, String, Object)
UnityEngine.Logger:Log(LogType, Object)
UnityEngine.Debug:Log(Object)
BirdGame.GameSystem:IsCoverDecoration() (at E:/Unity/Projects/Work/FeatherLandNew/Assets/Scripts/New/Systems/IGameSystem.cs:438)
BirdGame.GameEntry:CheckCursor() (at E:/Unity/Projects/Work/FeatherLandNew/Assets/Scripts/New/ViewController/Game/GameEntry.cs:398)
BirdGame.GameEntry:Update() (at E:/Unity/Projects/Work/FeatherLandNew/Assets/Scripts/New/ViewController/Game/GameEntry.cs:158)

通过范围检测发现装饰品：Sprite
UnityEngine.DebugLogHandler:Internal_Log(LogType, LogOption, String, Object)
UnityEngine.Logger:Log(LogType, Object)
UnityEngine.Debug:Log(Object)
BirdGame.GameSystem:IsCoverDecoration() (at E:/Unity/Projects/Work/FeatherLandNew/Assets/Scripts/New/Systems/IGameSystem.cs:438)
BirdGame.GameEntry:CheckCursor() (at E:/Unity/Projects/Work/FeatherLandNew/Assets/Scripts/New/ViewController/Game/GameEntry.cs:398)
BirdGame.GameEntry:Update() (at E:/Unity/Projects/Work/FeatherLandNew/Assets/Scripts/New/ViewController/Game/GameEntry.cs:158)

通过范围检测发现装饰品：Sprite
UnityEngine.DebugLogHandler:Internal_Log(LogType, LogOption, String, Object)
UnityEngine.Logger:Log(LogType, Object)
UnityEngine.Debug:Log(Object)
BirdGame.GameSystem:IsCoverDecoration() (at E:/Unity/Projects/Work/FeatherLandNew/Assets/Scripts/New/Systems/IGameSystem.cs:438)
BirdGame.GameEntry:CheckCursor() (at E:/Unity/Projects/Work/FeatherLandNew/Assets/Scripts/New/ViewController/Game/GameEntry.cs:398)
BirdGame.GameEntry:Update() (at E:/Unity/Projects/Work/FeatherLandNew/Assets/Scripts/New/ViewController/Game/GameEntry.cs:158)

通过范围检测发现装饰品：Sprite
UnityEngine.DebugLogHandler:Internal_Log(LogType, LogOption, String, Object)
UnityEngine.Logger:Log(LogType, Object)
UnityEngine.Debug:Log(Object)
BirdGame.GameSystem:IsCoverDecoration() (at E:/Unity/Projects/Work/FeatherLandNew/Assets/Scripts/New/Systems/IGameSystem.cs:438)
BirdGame.GameEntry:CheckCursor() (at E:/Unity/Projects/Work/FeatherLandNew/Assets/Scripts/New/ViewController/Game/GameEntry.cs:398)
BirdGame.GameEntry:Update() (at E:/Unity/Projects/Work/FeatherLandNew/Assets/Scripts/New/ViewController/Game/GameEntry.cs:158)

通过范围检测发现装饰品：Sprite
UnityEngine.DebugLogHandler:Internal_Log(LogType, LogOption, String, Object)
UnityEngine.Logger:Log(LogType, Object)
UnityEngine.Debug:Log(Object)
BirdGame.GameSystem:IsCoverDecoration() (at E:/Unity/Projects/Work/FeatherLandNew/Assets/Scripts/New/Systems/IGameSystem.cs:438)
BirdGame.GameEntry:CheckCursor() (at E:/Unity/Projects/Work/FeatherLandNew/Assets/Scripts/New/ViewController/Game/GameEntry.cs:398)
BirdGame.GameEntry:Update() (at E:/Unity/Projects/Work/FeatherLandNew/Assets/Scripts/New/ViewController/Game/GameEntry.cs:158)

通过范围检测发现装饰品：Sprite
UnityEngine.DebugLogHandler:Internal_Log(LogType, LogOption, String, Object)
UnityEngine.Logger:Log(LogType, Object)
UnityEngine.Debug:Log(Object)
BirdGame.GameSystem:IsCoverDecoration() (at E:/Unity/Projects/Work/FeatherLandNew/Assets/Scripts/New/Systems/IGameSystem.cs:438)
BirdGame.GameEntry:CheckCursor() (at E:/Unity/Projects/Work/FeatherLandNew/Assets/Scripts/New/ViewController/Game/GameEntry.cs:398)
BirdGame.GameEntry:Update() (at E:/Unity/Projects/Work/FeatherLandNew/Assets/Scripts/New/ViewController/Game/GameEntry.cs:158)

通过范围检测发现装饰品：Sprite
UnityEngine.DebugLogHandler:Internal_Log(LogType, LogOption, String, Object)
UnityEngine.Logger:Log(LogType, Object)
UnityEngine.Debug:Log(Object)
BirdGame.GameSystem:IsCoverDecoration() (at E:/Unity/Projects/Work/FeatherLandNew/Assets/Scripts/New/Systems/IGameSystem.cs:438)
BirdGame.GameEntry:CheckCursor() (at E:/Unity/Projects/Work/FeatherLandNew/Assets/Scripts/New/ViewController/Game/GameEntry.cs:398)
BirdGame.GameEntry:Update() (at E:/Unity/Projects/Work/FeatherLandNew/Assets/Scripts/New/ViewController/Game/GameEntry.cs:158)

通过范围检测发现装饰品：Sprite
UnityEngine.DebugLogHandler:Internal_Log(LogType, LogOption, String, Object)
UnityEngine.Logger:Log(LogType, Object)
UnityEngine.Debug:Log(Object)
BirdGame.GameSystem:IsCoverDecoration() (at E:/Unity/Projects/Work/FeatherLandNew/Assets/Scripts/New/Systems/IGameSystem.cs:438)
BirdGame.GameEntry:CheckCursor() (at E:/Unity/Projects/Work/FeatherLandNew/Assets/Scripts/New/ViewController/Game/GameEntry.cs:398)
BirdGame.GameEntry:Update() (at E:/Unity/Projects/Work/FeatherLandNew/Assets/Scripts/New/ViewController/Game/GameEntry.cs:158)

通过范围检测发现装饰品：Sprite
UnityEngine.DebugLogHandler:Internal_Log(LogType, LogOption, String, Object)
UnityEngine.Logger:Log(LogType, Object)
UnityEngine.Debug:Log(Object)
BirdGame.GameSystem:IsCoverDecoration() (at E:/Unity/Projects/Work/FeatherLandNew/Assets/Scripts/New/Systems/IGameSystem.cs:438)
BirdGame.GameEntry:CheckCursor() (at E:/Unity/Projects/Work/FeatherLandNew/Assets/Scripts/New/ViewController/Game/GameEntry.cs:398)
BirdGame.GameEntry:Update() (at E:/Unity/Projects/Work/FeatherLandNew/Assets/Scripts/New/ViewController/Game/GameEntry.cs:158)

通过范围检测发现装饰品：Sprite
UnityEngine.DebugLogHandler:Internal_Log(LogType, LogOption, String, Object)
UnityEngine.Logger:Log(LogType, Object)
UnityEngine.Debug:Log(Object)
BirdGame.GameSystem:IsCoverDecoration() (at E:/Unity/Projects/Work/FeatherLandNew/Assets/Scripts/New/Systems/IGameSystem.cs:438)
BirdGame.GameEntry:CheckCursor() (at E:/Unity/Projects/Work/FeatherLandNew/Assets/Scripts/New/ViewController/Game/GameEntry.cs:398)
BirdGame.GameEntry:Update() (at E:/Unity/Projects/Work/FeatherLandNew/Assets/Scripts/New/ViewController/Game/GameEntry.cs:158)

通过范围检测发现装饰品：Sprite
UnityEngine.DebugLogHandler:Internal_Log(LogType, LogOption, String, Object)
UnityEngine.Logger:Log(LogType, Object)
UnityEngine.Debug:Log(Object)
BirdGame.GameSystem:IsCoverDecoration() (at E:/Unity/Projects/Work/FeatherLandNew/Assets/Scripts/New/Systems/IGameSystem.cs:438)
BirdGame.GameEntry:CheckCursor() (at E:/Unity/Projects/Work/FeatherLandNew/Assets/Scripts/New/ViewController/Game/GameEntry.cs:398)
BirdGame.GameEntry:Update() (at E:/Unity/Projects/Work/FeatherLandNew/Assets/Scripts/New/ViewController/Game/GameEntry.cs:158)

通过范围检测发现装饰品：Sprite
UnityEngine.DebugLogHandler:Internal_Log(LogType, LogOption, String, Object)
UnityEngine.Logger:Log(LogType, Object)
UnityEngine.Debug:Log(Object)
BirdGame.GameSystem:IsCoverDecoration() (at E:/Unity/Projects/Work/FeatherLandNew/Assets/Scripts/New/Systems/IGameSystem.cs:438)
BirdGame.GameEntry:CheckCursor() (at E:/Unity/Projects/Work/FeatherLandNew/Assets/Scripts/New/ViewController/Game/GameEntry.cs:398)
BirdGame.GameEntry:Update() (at E:/Unity/Projects/Work/FeatherLandNew/Assets/Scripts/New/ViewController/Game/GameEntry.cs:158)

通过范围检测发现装饰品：Sprite
UnityEngine.DebugLogHandler:Internal_Log(LogType, LogOption, String, Object)
UnityEngine.Logger:Log(LogType, Object)
UnityEngine.Debug:Log(Object)
BirdGame.GameSystem:IsCoverDecoration() (at E:/Unity/Projects/Work/FeatherLandNew/Assets/Scripts/New/Systems/IGameSystem.cs:438)
BirdGame.GameEntry:CheckCursor() (at E:/Unity/Projects/Work/FeatherLandNew/Assets/Scripts/New/ViewController/Game/GameEntry.cs:398)
BirdGame.GameEntry:Update() (at E:/Unity/Projects/Work/FeatherLandNew/Assets/Scripts/New/ViewController/Game/GameEntry.cs:158)

通过范围检测发现装饰品：Sprite
UnityEngine.DebugLogHandler:Internal_Log(LogType, LogOption, String, Object)
UnityEngine.Logger:Log(LogType, Object)
UnityEngine.Debug:Log(Object)
BirdGame.GameSystem:IsCoverDecoration() (at E:/Unity/Projects/Work/FeatherLandNew/Assets/Scripts/New/Systems/IGameSystem.cs:438)
BirdGame.GameEntry:CheckCursor() (at E:/Unity/Projects/Work/FeatherLandNew/Assets/Scripts/New/ViewController/Game/GameEntry.cs:398)
BirdGame.GameEntry:Update() (at E:/Unity/Projects/Work/FeatherLandNew/Assets/Scripts/New/ViewController/Game/GameEntry.cs:158)

通过范围检测发现装饰品：Sprite
UnityEngine.DebugLogHandler:Internal_Log(LogType, LogOption, String, Object)
UnityEngine.Logger:Log(LogType, Object)
UnityEngine.Debug:Log(Object)
BirdGame.GameSystem:IsCoverDecoration() (at E:/Unity/Projects/Work/FeatherLandNew/Assets/Scripts/New/Systems/IGameSystem.cs:438)
BirdGame.GameEntry:CheckCursor() (at E:/Unity/Projects/Work/FeatherLandNew/Assets/Scripts/New/ViewController/Game/GameEntry.cs:398)
BirdGame.GameEntry:Update() (at E:/Unity/Projects/Work/FeatherLandNew/Assets/Scripts/New/ViewController/Game/GameEntry.cs:158)

SetScreenMode 被调用，模式: 1
UnityEngine.DebugLogHandler:Internal_Log(LogType, LogOption, String, Object)
UnityEngine.Logger:Log(LogType, Object)
UnityEngine.Debug:Log(Object)
BirdGame.GameEntry:SetScreenMode(Int32, Boolean) (at E:/Unity/Projects/Work/FeatherLandNew/Assets/Scripts/New/ViewController/Game/GameEntry.cs:109)
BirdGame.GameEntry:HandleKeyboardShortcuts() (at E:/Unity/Projects/Work/FeatherLandNew/Assets/Scripts/New/ViewController/Game/GameEntry.cs:551)
BirdGame.GameEntry:Update() (at E:/Unity/Projects/Work/FeatherLandNew/Assets/Scripts/New/ViewController/Game/GameEntry.cs:161)

[WallpaperMode] SetParent 到 WorkerW 失败，已中止以避免层级异常
UnityEngine.DebugLogHandler:Internal_Log(LogType, LogOption, String, Object)
UnityEngine.Logger:Log(LogType, Object)
UnityEngine.Debug:LogError(Object)
BirdGame.FullScreenUtility:WallpaperMode() (at E:/Unity/Projects/Work/FeatherLandNew/Assets/Scripts/New/Utility/FullScreenUtility.cs:382)
BirdGame.GameEntry:SetScreenMode(Int32, Boolean) (at E:/Unity/Projects/Work/FeatherLandNew/Assets/Scripts/New/ViewController/Game/GameEntry.cs:124)
BirdGame.GameEntry:HandleKeyboardShortcuts() (at E:/Unity/Projects/Work/FeatherLandNew/Assets/Scripts/New/ViewController/Game/GameEntry.cs:551)
BirdGame.GameEntry:Update() (at E:/Unity/Projects/Work/FeatherLandNew/Assets/Scripts/New/ViewController/Game/GameEntry.cs:161)

设置为壁纸模式 (60 FPS - 流畅光标)
UnityEngine.DebugLogHandler:Internal_Log(LogType, LogOption, String, Object)
UnityEngine.Logger:Log(LogType, Object)
UnityEngine.Debug:Log(Object)
BirdGame.GameEntry:SetScreenMode(Int32, Boolean) (at E:/Unity/Projects/Work/FeatherLandNew/Assets/Scripts/New/ViewController/Game/GameEntry.cs:139)
BirdGame.GameEntry:HandleKeyboardShortcuts() (at E:/Unity/Projects/Work/FeatherLandNew/Assets/Scripts/New/ViewController/Game/GameEntry.cs:551)
BirdGame.GameEntry:Update() (at E:/Unity/Projects/Work/FeatherLandNew/Assets/Scripts/New/ViewController/Game/GameEntry.cs:161)

通过范围检测发现装饰品：Sprite
UnityEngine.DebugLogHandler:Internal_Log(LogType, LogOption, String, Object)
UnityEngine.Logger:Log(LogType, Object)
UnityEngine.Debug:Log(Object)
BirdGame.GameSystem:IsCoverDecoration() (at E:/Unity/Projects/Work/FeatherLandNew/Assets/Scripts/New/Systems/IGameSystem.cs:438)
BirdGame.GameEntry:CheckCursor() (at E:/Unity/Projects/Work/FeatherLandNew/Assets/Scripts/New/ViewController/Game/GameEntry.cs:398)
BirdGame.GameEntry:Update() (at E:/Unity/Projects/Work/FeatherLandNew/Assets/Scripts/New/ViewController/Game/GameEntry.cs:158)

通过范围检测发现装饰品：Sprite
UnityEngine.DebugLogHandler:Internal_Log(LogType, LogOption, String, Object)
UnityEngine.Logger:Log(LogType, Object)
UnityEngine.Debug:Log(Object)
BirdGame.GameSystem:IsCoverDecoration() (at E:/Unity/Projects/Work/FeatherLandNew/Assets/Scripts/New/Systems/IGameSystem.cs:438)
BirdGame.GameEntry:CheckCursor() (at E:/Unity/Projects/Work/FeatherLandNew/Assets/Scripts/New/ViewController/Game/GameEntry.cs:398)
BirdGame.GameEntry:Update() (at E:/Unity/Projects/Work/FeatherLandNew/Assets/Scripts/New/ViewController/Game/GameEntry.cs:158)

通过范围检测发现装饰品：Sprite
UnityEngine.DebugLogHandler:Internal_Log(LogType, LogOption, String, Object)
UnityEngine.Logger:Log(LogType, Object)
UnityEngine.Debug:Log(Object)
BirdGame.GameSystem:IsCoverDecoration() (at E:/Unity/Projects/Work/FeatherLandNew/Assets/Scripts/New/Systems/IGameSystem.cs:438)
BirdGame.GameEntry:CheckCursor() (at E:/Unity/Projects/Work/FeatherLandNew/Assets/Scripts/New/ViewController/Game/GameEntry.cs:398)
BirdGame.GameEntry:Update() (at E:/Unity/Projects/Work/FeatherLandNew/Assets/Scripts/New/ViewController/Game/GameEntry.cs:158)

通过范围检测发现装饰品：Sprite
UnityEngine.DebugLogHandler:Internal_Log(LogType, LogOption, String, Object)
UnityEngine.Logger:Log(LogType, Object)
UnityEngine.Debug:Log(Object)
BirdGame.GameSystem:IsCoverDecoration() (at E:/Unity/Projects/Work/FeatherLandNew/Assets/Scripts/New/Systems/IGameSystem.cs:438)
BirdGame.GameEntry:CheckCursor() (at E:/Unity/Projects/Work/FeatherLandNew/Assets/Scripts/New/ViewController/Game/GameEntry.cs:398)
BirdGame.GameEntry:Update() (at E:/Unity/Projects/Work/FeatherLandNew/Assets/Scripts/New/ViewController/Game/GameEntry.cs:158)

通过范围检测发现装饰品：Sprite
UnityEngine.DebugLogHandler:Internal_Log(LogType, LogOption, String, Object)
UnityEngine.Logger:Log(LogType, Object)
UnityEngine.Debug:Log(Object)
BirdGame.GameSystem:IsCoverDecoration() (at E:/Unity/Projects/Work/FeatherLandNew/Assets/Scripts/New/Systems/IGameSystem.cs:438)
BirdGame.GameEntry:CheckCursor() (at E:/Unity/Projects/Work/FeatherLandNew/Assets/Scripts/New/ViewController/Game/GameEntry.cs:398)
BirdGame.GameEntry:Update() (at E:/Unity/Projects/Work/FeatherLandNew/Assets/Scripts/New/ViewController/Game/GameEntry.cs:158)

通过范围检测发现装饰品：Sprite
UnityEngine.DebugLogHandler:Internal_Log(LogType, LogOption, String, Object)
UnityEngine.Logger:Log(LogType, Object)
UnityEngine.Debug:Log(Object)
BirdGame.GameSystem:IsCoverDecoration() (at E:/Unity/Projects/Work/FeatherLandNew/Assets/Scripts/New/Systems/IGameSystem.cs:438)
BirdGame.GameEntry:CheckCursor() (at E:/Unity/Projects/Work/FeatherLandNew/Assets/Scripts/New/ViewController/Game/GameEntry.cs:398)
BirdGame.GameEntry:Update() (at E:/Unity/Projects/Work/FeatherLandNew/Assets/Scripts/New/ViewController/Game/GameEntry.cs:158)

通过范围检测发现装饰品：Sprite
UnityEngine.DebugLogHandler:Internal_Log(LogType, LogOption, String, Object)
UnityEngine.Logger:Log(LogType, Object)
UnityEngine.Debug:Log(Object)
BirdGame.GameSystem:IsCoverDecoration() (at E:/Unity/Projects/Work/FeatherLandNew/Assets/Scripts/New/Systems/IGameSystem.cs:438)
BirdGame.GameEntry:CheckCursor() (at E:/Unity/Projects/Work/FeatherLandNew/Assets/Scripts/New/ViewController/Game/GameEntry.cs:398)
BirdGame.GameEntry:Update() (at E:/Unity/Projects/Work/FeatherLandNew/Assets/Scripts/New/ViewController/Game/GameEntry.cs:158)

通过范围检测发现装饰品：Sprite
UnityEngine.DebugLogHandler:Internal_Log(LogType, LogOption, String, Object)
UnityEngine.Logger:Log(LogType, Object)
UnityEngine.Debug:Log(Object)
BirdGame.GameSystem:IsCoverDecoration() (at E:/Unity/Projects/Work/FeatherLandNew/Assets/Scripts/New/Systems/IGameSystem.cs:438)
BirdGame.GameEntry:CheckCursor() (at E:/Unity/Projects/Work/FeatherLandNew/Assets/Scripts/New/ViewController/Game/GameEntry.cs:398)
BirdGame.GameEntry:Update() (at E:/Unity/Projects/Work/FeatherLandNew/Assets/Scripts/New/ViewController/Game/GameEntry.cs:158)

通过范围检测发现装饰品：Sprite
UnityEngine.DebugLogHandler:Internal_Log(LogType, LogOption, String, Object)
UnityEngine.Logger:Log(LogType, Object)
UnityEngine.Debug:Log(Object)
BirdGame.GameSystem:IsCoverDecoration() (at E:/Unity/Projects/Work/FeatherLandNew/Assets/Scripts/New/Systems/IGameSystem.cs:438)
BirdGame.GameEntry:CheckCursor() (at E:/Unity/Projects/Work/FeatherLandNew/Assets/Scripts/New/ViewController/Game/GameEntry.cs:398)
BirdGame.GameEntry:Update() (at E:/Unity/Projects/Work/FeatherLandNew/Assets/Scripts/New/ViewController/Game/GameEntry.cs:158)

通过范围检测发现装饰品：Sprite
UnityEngine.DebugLogHandler:Internal_Log(LogType, LogOption, String, Object)
UnityEngine.Logger:Log(LogType, Object)
UnityEngine.Debug:Log(Object)
BirdGame.GameSystem:IsCoverDecoration() (at E:/Unity/Projects/Work/FeatherLandNew/Assets/Scripts/New/Systems/IGameSystem.cs:438)
BirdGame.GameEntry:CheckCursor() (at E:/Unity/Projects/Work/FeatherLandNew/Assets/Scripts/New/ViewController/Game/GameEntry.cs:398)
BirdGame.GameEntry:Update() (at E:/Unity/Projects/Work/FeatherLandNew/Assets/Scripts/New/ViewController/Game/GameEntry.cs:158)

通过范围检测发现装饰品：Sprite
UnityEngine.DebugLogHandler:Internal_Log(LogType, LogOption, String, Object)
UnityEngine.Logger:Log(LogType, Object)
UnityEngine.Debug:Log(Object)
BirdGame.GameSystem:IsCoverDecoration() (at E:/Unity/Projects/Work/FeatherLandNew/Assets/Scripts/New/Systems/IGameSystem.cs:438)
BirdGame.GameEntry:CheckCursor() (at E:/Unity/Projects/Work/FeatherLandNew/Assets/Scripts/New/ViewController/Game/GameEntry.cs:398)
BirdGame.GameEntry:Update() (at E:/Unity/Projects/Work/FeatherLandNew/Assets/Scripts/New/ViewController/Game/GameEntry.cs:158)

通过范围检测发现装饰品：Sprite
UnityEngine.DebugLogHandler:Internal_Log(LogType, LogOption, String, Object)
UnityEngine.Logger:Log(LogType, Object)
UnityEngine.Debug:Log(Object)
BirdGame.GameSystem:IsCoverDecoration() (at E:/Unity/Projects/Work/FeatherLandNew/Assets/Scripts/New/Systems/IGameSystem.cs:438)
BirdGame.GameEntry:CheckCursor() (at E:/Unity/Projects/Work/FeatherLandNew/Assets/Scripts/New/ViewController/Game/GameEntry.cs:398)
BirdGame.GameEntry:Update() (at E:/Unity/Projects/Work/FeatherLandNew/Assets/Scripts/New/ViewController/Game/GameEntry.cs:158)

通过范围检测发现装饰品：Sprite
UnityEngine.DebugLogHandler:Internal_Log(LogType, LogOption, String, Object)
UnityEngine.Logger:Log(LogType, Object)
UnityEngine.Debug:Log(Object)
BirdGame.GameSystem:IsCoverDecoration() (at E:/Unity/Projects/Work/FeatherLandNew/Assets/Scripts/New/Systems/IGameSystem.cs:438)
BirdGame.GameEntry:CheckCursor() (at E:/Unity/Projects/Work/FeatherLandNew/Assets/Scripts/New/ViewController/Game/GameEntry.cs:398)
BirdGame.GameEntry:Update() (at E:/Unity/Projects/Work/FeatherLandNew/Assets/Scripts/New/ViewController/Game/GameEntry.cs:158)

检测到装饰品：Sprite
UnityEngine.DebugLogHandler:Internal_Log(LogType, LogOption, String, Object)
UnityEngine.Logger:Log(LogType, Object)
UnityEngine.Debug:Log(Object)
BirdGame.GameSystem:IsCoverDecoration() (at E:/Unity/Projects/Work/FeatherLandNew/Assets/Scripts/New/Systems/IGameSystem.cs:438)
BirdGame.GameEntry:CheckCursor() (at E:/Unity/Projects/Work/FeatherLandNew/Assets/Scripts/New/ViewController/Game/GameEntry.cs:398)
BirdGame.GameEntry:Update() (at E:/Unity/Projects/Work/FeatherLandNew/Assets/Scripts/New/ViewController/Game/GameEntry.cs:158)

通过范围检测发现装饰品：Sprite
UnityEngine.DebugLogHandler:Internal_Log(LogType, LogOption, String, Object)
UnityEngine.Logger:Log(LogType, Object)
UnityEngine.Debug:Log(Object)
BirdGame.GameSystem:IsCoverDecoration() (at E:/Unity/Projects/Work/FeatherLandNew/Assets/Scripts/New/Systems/IGameSystem.cs:438)
BirdGame.GameEntry:CheckCursor() (at E:/Unity/Projects/Work/FeatherLandNew/Assets/Scripts/New/ViewController/Game/GameEntry.cs:398)
BirdGame.GameEntry:Update() (at E:/Unity/Projects/Work/FeatherLandNew/Assets/Scripts/New/ViewController/Game/GameEntry.cs:158)

通过范围检测发现装饰品：Sprite
UnityEngine.DebugLogHandler:Internal_Log(LogType, LogOption, String, Object)
UnityEngine.Logger:Log(LogType, Object)
UnityEngine.Debug:Log(Object)
BirdGame.GameSystem:IsCoverDecoration() (at E:/Unity/Projects/Work/FeatherLandNew/Assets/Scripts/New/Systems/IGameSystem.cs:438)
BirdGame.GameEntry:CheckCursor() (at E:/Unity/Projects/Work/FeatherLandNew/Assets/Scripts/New/ViewController/Game/GameEntry.cs:398)
BirdGame.GameEntry:Update() (at E:/Unity/Projects/Work/FeatherLandNew/Assets/Scripts/New/ViewController/Game/GameEntry.cs:158)

通过范围检测发现装饰品：Sprite
UnityEngine.DebugLogHandler:Internal_Log(LogType, LogOption, String, Object)
UnityEngine.Logger:Log(LogType, Object)
UnityEngine.Debug:Log(Object)
BirdGame.GameSystem:IsCoverDecoration() (at E:/Unity/Projects/Work/FeatherLandNew/Assets/Scripts/New/Systems/IGameSystem.cs:438)
BirdGame.GameEntry:CheckCursor() (at E:/Unity/Projects/Work/FeatherLandNew/Assets/Scripts/New/ViewController/Game/GameEntry.cs:398)
BirdGame.GameEntry:Update() (at E:/Unity/Projects/Work/FeatherLandNew/Assets/Scripts/New/ViewController/Game/GameEntry.cs:158)

通过范围检测发现装饰品：Sprite
UnityEngine.DebugLogHandler:Internal_Log(LogType, LogOption, String, Object)
UnityEngine.Logger:Log(LogType, Object)
UnityEngine.Debug:Log(Object)
BirdGame.GameSystem:IsCoverDecoration() (at E:/Unity/Projects/Work/FeatherLandNew/Assets/Scripts/New/Systems/IGameSystem.cs:438)
BirdGame.GameEntry:CheckCursor() (at E:/Unity/Projects/Work/FeatherLandNew/Assets/Scripts/New/ViewController/Game/GameEntry.cs:398)
BirdGame.GameEntry:Update() (at E:/Unity/Projects/Work/FeatherLandNew/Assets/Scripts/New/ViewController/Game/GameEntry.cs:158)

通过范围检测发现装饰品：Sprite
UnityEngine.DebugLogHandler:Internal_Log(LogType, LogOption, String, Object)
UnityEngine.Logger:Log(LogType, Object)
UnityEngine.Debug:Log(Object)
BirdGame.GameSystem:IsCoverDecoration() (at E:/Unity/Projects/Work/FeatherLandNew/Assets/Scripts/New/Systems/IGameSystem.cs:438)
BirdGame.GameEntry:CheckCursor() (at E:/Unity/Projects/Work/FeatherLandNew/Assets/Scripts/New/ViewController/Game/GameEntry.cs:398)
BirdGame.GameEntry:Update() (at E:/Unity/Projects/Work/FeatherLandNew/Assets/Scripts/New/ViewController/Game/GameEntry.cs:158)

通过范围检测发现装饰品：Sprite
UnityEngine.DebugLogHandler:Internal_Log(LogType, LogOption, String, Object)
UnityEngine.Logger:Log(LogType, Object)
UnityEngine.Debug:Log(Object)
BirdGame.GameSystem:IsCoverDecoration() (at E:/Unity/Projects/Work/FeatherLandNew/Assets/Scripts/New/Systems/IGameSystem.cs:438)
BirdGame.GameEntry:CheckCursor() (at E:/Unity/Projects/Work/FeatherLandNew/Assets/Scripts/New/ViewController/Game/GameEntry.cs:398)
BirdGame.GameEntry:Update() (at E:/Unity/Projects/Work/FeatherLandNew/Assets/Scripts/New/ViewController/Game/GameEntry.cs:158)

通过范围检测发现装饰品：Sprite
UnityEngine.DebugLogHandler:Internal_Log(LogType, LogOption, String, Object)
UnityEngine.Logger:Log(LogType, Object)
UnityEngine.Debug:Log(Object)
BirdGame.GameSystem:IsCoverDecoration() (at E:/Unity/Projects/Work/FeatherLandNew/Assets/Scripts/New/Systems/IGameSystem.cs:438)
BirdGame.GameEntry:CheckCursor() (at E:/Unity/Projects/Work/FeatherLandNew/Assets/Scripts/New/ViewController/Game/GameEntry.cs:398)
BirdGame.GameEntry:Update() (at E:/Unity/Projects/Work/FeatherLandNew/Assets/Scripts/New/ViewController/Game/GameEntry.cs:158)

通过范围检测发现装饰品：Sprite
UnityEngine.DebugLogHandler:Internal_Log(LogType, LogOption, String, Object)
UnityEngine.Logger:Log(LogType, Object)
UnityEngine.Debug:Log(Object)
BirdGame.GameSystem:IsCoverDecoration() (at E:/Unity/Projects/Work/FeatherLandNew/Assets/Scripts/New/Systems/IGameSystem.cs:438)
BirdGame.GameEntry:CheckCursor() (at E:/Unity/Projects/Work/FeatherLandNew/Assets/Scripts/New/ViewController/Game/GameEntry.cs:398)
BirdGame.GameEntry:Update() (at E:/Unity/Projects/Work/FeatherLandNew/Assets/Scripts/New/ViewController/Game/GameEntry.cs:158)

[MapButton] 鼠标在按钮区域内: (26.94, -52.30), 按钮区域: (x:-41.50, y:-57.25, width:83.00, height:114.50)
UnityEngine.DebugLogHandler:Internal_Log(LogType, LogOption, String, Object)
UnityEngine.Logger:Log(LogType, Object)
UnityEngine.Debug:Log(Object)
UIButtonHoverScale:IsMouseOverButton() (at E:/Unity/Projects/Work/FeatherLandNew/Assets/Scripts/UIButtonHoverScale.cs:458)
UIButtonHoverScale:Update() (at E:/Unity/Projects/Work/FeatherLandNew/Assets/Scripts/UIButtonHoverScale.cs:236)

[MapButton] 鼠标在按钮区域内: (20.86, -37.55), 按钮区域: (x:-41.50, y:-57.25, width:83.00, height:114.50)
UnityEngine.DebugLogHandler:Internal_Log(LogType, LogOption, String, Object)
UnityEngine.Logger:Log(LogType, Object)
UnityEngine.Debug:Log(Object)
UIButtonHoverScale:IsMouseOverButton() (at E:/Unity/Projects/Work/FeatherLandNew/Assets/Scripts/UIButtonHoverScale.cs:458)
UIButtonHoverScale:Update() (at E:/Unity/Projects/Work/FeatherLandNew/Assets/Scripts/UIButtonHoverScale.cs:236)

[MapButton] 鼠标在按钮区域内: (19.95, -33.00), 按钮区域: (x:-41.50, y:-57.25, width:83.00, height:114.50)
UnityEngine.DebugLogHandler:Internal_Log(LogType, LogOption, String, Object)
UnityEngine.Logger:Log(LogType, Object)
UnityEngine.Debug:Log(Object)
UIButtonHoverScale:IsMouseOverButton() (at E:/Unity/Projects/Work/FeatherLandNew/Assets/Scripts/UIButtonHoverScale.cs:458)
UIButtonHoverScale:Update() (at E:/Unity/Projects/Work/FeatherLandNew/Assets/Scripts/UIButtonHoverScale.cs:236)

[MapButton] 鼠标在按钮区域内: (13.58, -22.09), 按钮区域: (x:-41.50, y:-57.25, width:83.00, height:114.50)
UnityEngine.DebugLogHandler:Internal_Log(LogType, LogOption, String, Object)
UnityEngine.Logger:Log(LogType, Object)
UnityEngine.Debug:Log(Object)
UIButtonHoverScale:IsMouseOverButton() (at E:/Unity/Projects/Work/FeatherLandNew/Assets/Scripts/UIButtonHoverScale.cs:458)
UIButtonHoverScale:Update() (at E:/Unity/Projects/Work/FeatherLandNew/Assets/Scripts/UIButtonHoverScale.cs:236)

[MapButton] 鼠标在按钮区域内: (9.95, -13.91), 按钮区域: (x:-41.50, y:-57.25, width:83.00, height:114.50)
UnityEngine.DebugLogHandler:Internal_Log(LogType, LogOption, String, Object)
UnityEngine.Logger:Log(LogType, Object)
UnityEngine.Debug:Log(Object)
UIButtonHoverScale:IsMouseOverButton() (at E:/Unity/Projects/Work/FeatherLandNew/Assets/Scripts/UIButtonHoverScale.cs:458)
UIButtonHoverScale:Update() (at E:/Unity/Projects/Work/FeatherLandNew/Assets/Scripts/UIButtonHoverScale.cs:236)

[MapButton] 鼠标在按钮区域内: (3.58, -3.91), 按钮区域: (x:-41.50, y:-57.25, width:83.00, height:114.50)
UnityEngine.DebugLogHandler:Internal_Log(LogType, LogOption, String, Object)
UnityEngine.Logger:Log(LogType, Object)
UnityEngine.Debug:Log(Object)
UIButtonHoverScale:IsMouseOverButton() (at E:/Unity/Projects/Work/FeatherLandNew/Assets/Scripts/UIButtonHoverScale.cs:458)
UIButtonHoverScale:Update() (at E:/Unity/Projects/Work/FeatherLandNew/Assets/Scripts/UIButtonHoverScale.cs:236)

[MapButton] 鼠标在按钮区域内: (1.77, -3.00), 按钮区域: (x:-41.50, y:-57.25, width:83.00, height:114.50)
UnityEngine.DebugLogHandler:Internal_Log(LogType, LogOption, String, Object)
UnityEngine.Logger:Log(LogType, Object)
UnityEngine.Debug:Log(Object)
UIButtonHoverScale:IsMouseOverButton() (at E:/Unity/Projects/Work/FeatherLandNew/Assets/Scripts/UIButtonHoverScale.cs:458)
UIButtonHoverScale:Update() (at E:/Unity/Projects/Work/FeatherLandNew/Assets/Scripts/UIButtonHoverScale.cs:236)

[MapButton] 鼠标在按钮区域内: (-0.96, -2.09), 按钮区域: (x:-41.50, y:-57.25, width:83.00, height:114.50)
UnityEngine.DebugLogHandler:Internal_Log(LogType, LogOption, String, Object)
UnityEngine.Logger:Log(LogType, Object)
UnityEngine.Debug:Log(Object)
UIButtonHoverScale:IsMouseOverButton() (at E:/Unity/Projects/Work/FeatherLandNew/Assets/Scripts/UIButtonHoverScale.cs:458)
UIButtonHoverScale:Update() (at E:/Unity/Projects/Work/FeatherLandNew/Assets/Scripts/UIButtonHoverScale.cs:236)

[MapButton] 鼠标在按钮区域内: (-2.78, -1.18), 按钮区域: (x:-41.50, y:-57.25, width:83.00, height:114.50)
UnityEngine.DebugLogHandler:Internal_Log(LogType, LogOption, String, Object)
UnityEngine.Logger:Log(LogType, Object)
UnityEngine.Debug:Log(Object)
UIButtonHoverScale:IsMouseOverButton() (at E:/Unity/Projects/Work/FeatherLandNew/Assets/Scripts/UIButtonHoverScale.cs:458)
UIButtonHoverScale:Update() (at E:/Unity/Projects/Work/FeatherLandNew/Assets/Scripts/UIButtonHoverScale.cs:236)

[MapButton] 鼠标在按钮区域内: (-10.05, -1.18), 按钮区域: (x:-41.50, y:-57.25, width:83.00, height:114.50)
UnityEngine.DebugLogHandler:Internal_Log(LogType, LogOption, String, Object)
UnityEngine.Logger:Log(LogType, Object)
UnityEngine.Debug:Log(Object)
UIButtonHoverScale:IsMouseOverButton() (at E:/Unity/Projects/Work/FeatherLandNew/Assets/Scripts/UIButtonHoverScale.cs:458)
UIButtonHoverScale:Update() (at E:/Unity/Projects/Work/FeatherLandNew/Assets/Scripts/UIButtonHoverScale.cs:236)

[MapButton] 鼠标在按钮区域内: (-15.51, -1.18), 按钮区域: (x:-41.50, y:-57.25, width:83.00, height:114.50)
UnityEngine.DebugLogHandler:Internal_Log(LogType, LogOption, String, Object)
UnityEngine.Logger:Log(LogType, Object)
UnityEngine.Debug:Log(Object)
UIButtonHoverScale:IsMouseOverButton() (at E:/Unity/Projects/Work/FeatherLandNew/Assets/Scripts/UIButtonHoverScale.cs:458)
UIButtonHoverScale:Update() (at E:/Unity/Projects/Work/FeatherLandNew/Assets/Scripts/UIButtonHoverScale.cs:236)

[MapButton] 鼠标在按钮区域内: (-19.14, -1.18), 按钮区域: (x:-41.50, y:-57.25, width:83.00, height:114.50)
UnityEngine.DebugLogHandler:Internal_Log(LogType, LogOption, String, Object)
UnityEngine.Logger:Log(LogType, Object)
UnityEngine.Debug:Log(Object)
UIButtonHoverScale:IsMouseOverButton() (at E:/Unity/Projects/Work/FeatherLandNew/Assets/Scripts/UIButtonHoverScale.cs:458)
UIButtonHoverScale:Update() (at E:/Unity/Projects/Work/FeatherLandNew/Assets/Scripts/UIButtonHoverScale.cs:236)

[MapButton] 鼠标在按钮区域内: (-28.23, -2.09), 按钮区域: (x:-41.50, y:-57.25, width:83.00, height:114.50)
UnityEngine.DebugLogHandler:Internal_Log(LogType, LogOption, String, Object)
UnityEngine.Logger:Log(LogType, Object)
UnityEngine.Debug:Log(Object)
UIButtonHoverScale:IsMouseOverButton() (at E:/Unity/Projects/Work/FeatherLandNew/Assets/Scripts/UIButtonHoverScale.cs:458)
UIButtonHoverScale:Update() (at E:/Unity/Projects/Work/FeatherLandNew/Assets/Scripts/UIButtonHoverScale.cs:236)

[MapButton] 鼠标在按钮区域内: (-33.69, -3.00), 按钮区域: (x:-41.50, y:-57.25, width:83.00, height:114.50)
UnityEngine.DebugLogHandler:Internal_Log(LogType, LogOption, String, Object)
UnityEngine.Logger:Log(LogType, Object)
UnityEngine.Debug:Log(Object)
UIButtonHoverScale:IsMouseOverButton() (at E:/Unity/Projects/Work/FeatherLandNew/Assets/Scripts/UIButtonHoverScale.cs:458)
UIButtonHoverScale:Update() (at E:/Unity/Projects/Work/FeatherLandNew/Assets/Scripts/UIButtonHoverScale.cs:236)

[WeatherIcon] 鼠标在按钮区域内: (43.50, -13.56), 按钮区域: (x:-44.25, y:-55.50, width:88.50, height:111.00)
UnityEngine.DebugLogHandler:Internal_Log(LogType, LogOption, String, Object)
UnityEngine.Logger:Log(LogType, Object)
UnityEngine.Debug:Log(Object)
UIButtonHoverScale:IsMouseOverButton() (at E:/Unity/Projects/Work/FeatherLandNew/Assets/Scripts/UIButtonHoverScale.cs:458)
UIButtonHoverScale:Update() (at E:/Unity/Projects/Work/FeatherLandNew/Assets/Scripts/UIButtonHoverScale.cs:236)

[WeatherIcon] 鼠标在按钮区域内: (38.64, -12.33), 按钮区域: (x:-44.25, y:-55.50, width:88.50, height:111.00)
UnityEngine.DebugLogHandler:Internal_Log(LogType, LogOption, String, Object)
UnityEngine.Logger:Log(LogType, Object)
UnityEngine.Debug:Log(Object)
UIButtonHoverScale:IsMouseOverButton() (at E:/Unity/Projects/Work/FeatherLandNew/Assets/Scripts/UIButtonHoverScale.cs:458)
UIButtonHoverScale:Update() (at E:/Unity/Projects/Work/FeatherLandNew/Assets/Scripts/UIButtonHoverScale.cs:236)

[WeatherIcon] 鼠标在按钮区域内: (38.64, -12.33), 按钮区域: (x:-44.25, y:-55.50, width:88.50, height:111.00)
UnityEngine.DebugLogHandler:Internal_Log(LogType, LogOption, String, Object)
UnityEngine.Logger:Log(LogType, Object)
UnityEngine.Debug:Log(Object)
UIButtonHoverScale:IsMouseOverButton() (at E:/Unity/Projects/Work/FeatherLandNew/Assets/Scripts/UIButtonHoverScale.cs:458)
UIButtonHoverScale:Update() (at E:/Unity/Projects/Work/FeatherLandNew/Assets/Scripts/UIButtonHoverScale.cs:236)

[WeatherIcon] 鼠标在按钮区域内: (37.73, -12.33), 按钮区域: (x:-44.25, y:-55.50, width:88.50, height:111.00)
UnityEngine.DebugLogHandler:Internal_Log(LogType, LogOption, String, Object)
UnityEngine.Logger:Log(LogType, Object)
UnityEngine.Debug:Log(Object)
UIButtonHoverScale:IsMouseOverButton() (at E:/Unity/Projects/Work/FeatherLandNew/Assets/Scripts/UIButtonHoverScale.cs:458)
UIButtonHoverScale:Update() (at E:/Unity/Projects/Work/FeatherLandNew/Assets/Scripts/UIButtonHoverScale.cs:236)

[WeatherIcon] 鼠标在按钮区域内: (35.00, -12.33), 按钮区域: (x:-44.25, y:-55.50, width:88.50, height:111.00)
UnityEngine.DebugLogHandler:Internal_Log(LogType, LogOption, String, Object)
UnityEngine.Logger:Log(LogType, Object)
UnityEngine.Debug:Log(Object)
UIButtonHoverScale:IsMouseOverButton() (at E:/Unity/Projects/Work/FeatherLandNew/Assets/Scripts/UIButtonHoverScale.cs:458)
UIButtonHoverScale:Update() (at E:/Unity/Projects/Work/FeatherLandNew/Assets/Scripts/UIButtonHoverScale.cs:236)

[WeatherIcon] 鼠标在按钮区域内: (33.18, -13.24), 按钮区域: (x:-44.25, y:-55.50, width:88.50, height:111.00)
UnityEngine.DebugLogHandler:Internal_Log(LogType, LogOption, String, Object)
UnityEngine.Logger:Log(LogType, Object)
UnityEngine.Debug:Log(Object)
UIButtonHoverScale:IsMouseOverButton() (at E:/Unity/Projects/Work/FeatherLandNew/Assets/Scripts/UIButtonHoverScale.cs:458)
UIButtonHoverScale:Update() (at E:/Unity/Projects/Work/FeatherLandNew/Assets/Scripts/UIButtonHoverScale.cs:236)

[WeatherIcon] 鼠标在按钮区域内: (30.45, -13.24), 按钮区域: (x:-44.25, y:-55.50, width:88.50, height:111.00)
UnityEngine.DebugLogHandler:Internal_Log(LogType, LogOption, String, Object)
UnityEngine.Logger:Log(LogType, Object)
UnityEngine.Debug:Log(Object)
UIButtonHoverScale:IsMouseOverButton() (at E:/Unity/Projects/Work/FeatherLandNew/Assets/Scripts/UIButtonHoverScale.cs:458)
UIButtonHoverScale:Update() (at E:/Unity/Projects/Work/FeatherLandNew/Assets/Scripts/UIButtonHoverScale.cs:236)

[WeatherIcon] 鼠标在按钮区域内: (28.64, -13.24), 按钮区域: (x:-44.25, y:-55.50, width:88.50, height:111.00)
UnityEngine.DebugLogHandler:Internal_Log(LogType, LogOption, String, Object)
UnityEngine.Logger:Log(LogType, Object)
UnityEngine.Debug:Log(Object)
UIButtonHoverScale:IsMouseOverButton() (at E:/Unity/Projects/Work/FeatherLandNew/Assets/Scripts/UIButtonHoverScale.cs:458)
UIButtonHoverScale:Update() (at E:/Unity/Projects/Work/FeatherLandNew/Assets/Scripts/UIButtonHoverScale.cs:236)

[WeatherIcon] 鼠标在按钮区域内: (27.73, -13.24), 按钮区域: (x:-44.25, y:-55.50, width:88.50, height:111.00)
UnityEngine.DebugLogHandler:Internal_Log(LogType, LogOption, String, Object)
UnityEngine.Logger:Log(LogType, Object)
UnityEngine.Debug:Log(Object)
UIButtonHoverScale:IsMouseOverButton() (at E:/Unity/Projects/Work/FeatherLandNew/Assets/Scripts/UIButtonHoverScale.cs:458)
UIButtonHoverScale:Update() (at E:/Unity/Projects/Work/FeatherLandNew/Assets/Scripts/UIButtonHoverScale.cs:236)

[WeatherIcon] 鼠标在按钮区域内: (25.91, -14.15), 按钮区域: (x:-44.25, y:-55.50, width:88.50, height:111.00)
UnityEngine.DebugLogHandler:Internal_Log(LogType, LogOption, String, Object)
UnityEngine.Logger:Log(LogType, Object)
UnityEngine.Debug:Log(Object)
UIButtonHoverScale:IsMouseOverButton() (at E:/Unity/Projects/Work/FeatherLandNew/Assets/Scripts/UIButtonHoverScale.cs:458)
UIButtonHoverScale:Update() (at E:/Unity/Projects/Work/FeatherLandNew/Assets/Scripts/UIButtonHoverScale.cs:236)

[WeatherIcon] 鼠标在按钮区域内: (24.09, -14.15), 按钮区域: (x:-44.25, y:-55.50, width:88.50, height:111.00)
UnityEngine.DebugLogHandler:Internal_Log(LogType, LogOption, String, Object)
UnityEngine.Logger:Log(LogType, Object)
UnityEngine.Debug:Log(Object)
UIButtonHoverScale:IsMouseOverButton() (at E:/Unity/Projects/Work/FeatherLandNew/Assets/Scripts/UIButtonHoverScale.cs:458)
UIButtonHoverScale:Update() (at E:/Unity/Projects/Work/FeatherLandNew/Assets/Scripts/UIButtonHoverScale.cs:236)

[WeatherIcon] 鼠标在按钮区域内: (23.18, -14.15), 按钮区域: (x:-44.25, y:-55.50, width:88.50, height:111.00)
UnityEngine.DebugLogHandler:Internal_Log(LogType, LogOption, String, Object)
UnityEngine.Logger:Log(LogType, Object)
UnityEngine.Debug:Log(Object)
UIButtonHoverScale:IsMouseOverButton() (at E:/Unity/Projects/Work/FeatherLandNew/Assets/Scripts/UIButtonHoverScale.cs:458)
UIButtonHoverScale:Update() (at E:/Unity/Projects/Work/FeatherLandNew/Assets/Scripts/UIButtonHoverScale.cs:236)

[WeatherIcon] 鼠标在按钮区域内: (23.18, -14.15), 按钮区域: (x:-44.25, y:-55.50, width:88.50, height:111.00)
UnityEngine.DebugLogHandler:Internal_Log(LogType, LogOption, String, Object)
UnityEngine.Logger:Log(LogType, Object)
UnityEngine.Debug:Log(Object)
UIButtonHoverScale:IsMouseOverButton() (at E:/Unity/Projects/Work/FeatherLandNew/Assets/Scripts/UIButtonHoverScale.cs:458)
UIButtonHoverScale:Update() (at E:/Unity/Projects/Work/FeatherLandNew/Assets/Scripts/UIButtonHoverScale.cs:236)

[WeatherIcon] 鼠标在按钮区域内: (20.45, -14.15), 按钮区域: (x:-44.25, y:-55.50, width:88.50, height:111.00)
UnityEngine.DebugLogHandler:Internal_Log(LogType, LogOption, String, Object)
UnityEngine.Logger:Log(LogType, Object)
UnityEngine.Debug:Log(Object)
UIButtonHoverScale:IsMouseOverButton() (at E:/Unity/Projects/Work/FeatherLandNew/Assets/Scripts/UIButtonHoverScale.cs:458)
UIButtonHoverScale:Update() (at E:/Unity/Projects/Work/FeatherLandNew/Assets/Scripts/UIButtonHoverScale.cs:236)

[WeatherIcon] 鼠标在按钮区域内: (18.64, -14.15), 按钮区域: (x:-44.25, y:-55.50, width:88.50, height:111.00)
UnityEngine.DebugLogHandler:Internal_Log(LogType, LogOption, String, Object)
UnityEngine.Logger:Log(LogType, Object)
UnityEngine.Debug:Log(Object)
UIButtonHoverScale:IsMouseOverButton() (at E:/Unity/Projects/Work/FeatherLandNew/Assets/Scripts/UIButtonHoverScale.cs:458)
UIButtonHoverScale:Update() (at E:/Unity/Projects/Work/FeatherLandNew/Assets/Scripts/UIButtonHoverScale.cs:236)

[WeatherIcon] 鼠标在按钮区域内: (16.82, -14.15), 按钮区域: (x:-44.25, y:-55.50, width:88.50, height:111.00)
UnityEngine.DebugLogHandler:Internal_Log(LogType, LogOption, String, Object)
UnityEngine.Logger:Log(LogType, Object)
UnityEngine.Debug:Log(Object)
UIButtonHoverScale:IsMouseOverButton() (at E:/Unity/Projects/Work/FeatherLandNew/Assets/Scripts/UIButtonHoverScale.cs:458)
UIButtonHoverScale:Update() (at E:/Unity/Projects/Work/FeatherLandNew/Assets/Scripts/UIButtonHoverScale.cs:236)

[WeatherIcon] 鼠标在按钮区域内: (15.91, -13.24), 按钮区域: (x:-44.25, y:-55.50, width:88.50, height:111.00)
UnityEngine.DebugLogHandler:Internal_Log(LogType, LogOption, String, Object)
UnityEngine.Logger:Log(LogType, Object)
UnityEngine.Debug:Log(Object)
UIButtonHoverScale:IsMouseOverButton() (at E:/Unity/Projects/Work/FeatherLandNew/Assets/Scripts/UIButtonHoverScale.cs:458)
UIButtonHoverScale:Update() (at E:/Unity/Projects/Work/FeatherLandNew/Assets/Scripts/UIButtonHoverScale.cs:236)

[WeatherIcon] 鼠标在按钮区域内: (14.09, -12.33), 按钮区域: (x:-44.25, y:-55.50, width:88.50, height:111.00)
UnityEngine.DebugLogHandler:Internal_Log(LogType, LogOption, String, Object)
UnityEngine.Logger:Log(LogType, Object)
UnityEngine.Debug:Log(Object)
UIButtonHoverScale:IsMouseOverButton() (at E:/Unity/Projects/Work/FeatherLandNew/Assets/Scripts/UIButtonHoverScale.cs:458)
UIButtonHoverScale:Update() (at E:/Unity/Projects/Work/FeatherLandNew/Assets/Scripts/UIButtonHoverScale.cs:236)

[WeatherIcon] 鼠标在按钮区域内: (12.27, -12.33), 按钮区域: (x:-44.25, y:-55.50, width:88.50, height:111.00)
UnityEngine.DebugLogHandler:Internal_Log(LogType, LogOption, String, Object)
UnityEngine.Logger:Log(LogType, Object)
UnityEngine.Debug:Log(Object)
UIButtonHoverScale:IsMouseOverButton() (at E:/Unity/Projects/Work/FeatherLandNew/Assets/Scripts/UIButtonHoverScale.cs:458)
UIButtonHoverScale:Update() (at E:/Unity/Projects/Work/FeatherLandNew/Assets/Scripts/UIButtonHoverScale.cs:236)

[WeatherIcon] 鼠标在按钮区域内: (11.36, -12.33), 按钮区域: (x:-44.25, y:-55.50, width:88.50, height:111.00)
UnityEngine.DebugLogHandler:Internal_Log(LogType, LogOption, String, Object)
UnityEngine.Logger:Log(LogType, Object)
UnityEngine.Debug:Log(Object)
UIButtonHoverScale:IsMouseOverButton() (at E:/Unity/Projects/Work/FeatherLandNew/Assets/Scripts/UIButtonHoverScale.cs:458)
UIButtonHoverScale:Update() (at E:/Unity/Projects/Work/FeatherLandNew/Assets/Scripts/UIButtonHoverScale.cs:236)

[WeatherIcon] 鼠标在按钮区域内: (11.36, -12.33), 按钮区域: (x:-44.25, y:-55.50, width:88.50, height:111.00)
UnityEngine.DebugLogHandler:Internal_Log(LogType, LogOption, String, Object)
UnityEngine.Logger:Log(LogType, Object)
UnityEngine.Debug:Log(Object)
UIButtonHoverScale:IsMouseOverButton() (at E:/Unity/Projects/Work/FeatherLandNew/Assets/Scripts/UIButtonHoverScale.cs:458)
UIButtonHoverScale:Update() (at E:/Unity/Projects/Work/FeatherLandNew/Assets/Scripts/UIButtonHoverScale.cs:236)

[WeatherIcon] 鼠标在按钮区域内: (11.36, -12.33), 按钮区域: (x:-44.25, y:-55.50, width:88.50, height:111.00)
UnityEngine.DebugLogHandler:Internal_Log(LogType, LogOption, String, Object)
UnityEngine.Logger:Log(LogType, Object)
UnityEngine.Debug:Log(Object)
UIButtonHoverScale:IsMouseOverButton() (at E:/Unity/Projects/Work/FeatherLandNew/Assets/Scripts/UIButtonHoverScale.cs:458)
UIButtonHoverScale:Update() (at E:/Unity/Projects/Work/FeatherLandNew/Assets/Scripts/UIButtonHoverScale.cs:236)

[WeatherIcon] 鼠标在按钮区域内: (10.45, -12.33), 按钮区域: (x:-44.25, y:-55.50, width:88.50, height:111.00)
UnityEngine.DebugLogHandler:Internal_Log(LogType, LogOption, String, Object)
UnityEngine.Logger:Log(LogType, Object)
UnityEngine.Debug:Log(Object)
UIButtonHoverScale:IsMouseOverButton() (at E:/Unity/Projects/Work/FeatherLandNew/Assets/Scripts/UIButtonHoverScale.cs:458)
UIButtonHoverScale:Update() (at E:/Unity/Projects/Work/FeatherLandNew/Assets/Scripts/UIButtonHoverScale.cs:236)

[WeatherIcon] 鼠标在按钮区域内: (9.55, -13.24), 按钮区域: (x:-44.25, y:-55.50, width:88.50, height:111.00)
UnityEngine.DebugLogHandler:Internal_Log(LogType, LogOption, String, Object)
UnityEngine.Logger:Log(LogType, Object)
UnityEngine.Debug:Log(Object)
UIButtonHoverScale:IsMouseOverButton() (at E:/Unity/Projects/Work/FeatherLandNew/Assets/Scripts/UIButtonHoverScale.cs:458)
UIButtonHoverScale:Update() (at E:/Unity/Projects/Work/FeatherLandNew/Assets/Scripts/UIButtonHoverScale.cs:236)

[WeatherIcon] 鼠标在按钮区域内: (9.55, -13.24), 按钮区域: (x:-44.25, y:-55.50, width:88.50, height:111.00)
UnityEngine.DebugLogHandler:Internal_Log(LogType, LogOption, String, Object)
UnityEngine.Logger:Log(LogType, Object)
UnityEngine.Debug:Log(Object)
UIButtonHoverScale:IsMouseOverButton() (at E:/Unity/Projects/Work/FeatherLandNew/Assets/Scripts/UIButtonHoverScale.cs:458)
UIButtonHoverScale:Update() (at E:/Unity/Projects/Work/FeatherLandNew/Assets/Scripts/UIButtonHoverScale.cs:236)

[WeatherIcon] 鼠标在按钮区域内: (9.55, -13.24), 按钮区域: (x:-44.25, y:-55.50, width:88.50, height:111.00)
UnityEngine.DebugLogHandler:Internal_Log(LogType, LogOption, String, Object)
UnityEngine.Logger:Log(LogType, Object)
UnityEngine.Debug:Log(Object)
UIButtonHoverScale:IsMouseOverButton() (at E:/Unity/Projects/Work/FeatherLandNew/Assets/Scripts/UIButtonHoverScale.cs:458)
UIButtonHoverScale:Update() (at E:/Unity/Projects/Work/FeatherLandNew/Assets/Scripts/UIButtonHoverScale.cs:236)

[WeatherIcon] 鼠标在按钮区域内: (9.55, -13.24), 按钮区域: (x:-44.25, y:-55.50, width:88.50, height:111.00)
UnityEngine.DebugLogHandler:Internal_Log(LogType, LogOption, String, Object)
UnityEngine.Logger:Log(LogType, Object)
UnityEngine.Debug:Log(Object)
UIButtonHoverScale:IsMouseOverButton() (at E:/Unity/Projects/Work/FeatherLandNew/Assets/Scripts/UIButtonHoverScale.cs:458)
UIButtonHoverScale:Update() (at E:/Unity/Projects/Work/FeatherLandNew/Assets/Scripts/UIButtonHoverScale.cs:236)

[WeatherIcon] 鼠标在按钮区域内: (9.55, -13.24), 按钮区域: (x:-44.25, y:-55.50, width:88.50, height:111.00)
UnityEngine.DebugLogHandler:Internal_Log(LogType, LogOption, String, Object)
UnityEngine.Logger:Log(LogType, Object)
UnityEngine.Debug:Log(Object)
UIButtonHoverScale:IsMouseOverButton() (at E:/Unity/Projects/Work/FeatherLandNew/Assets/Scripts/UIButtonHoverScale.cs:458)
UIButtonHoverScale:Update() (at E:/Unity/Projects/Work/FeatherLandNew/Assets/Scripts/UIButtonHoverScale.cs:236)

[WeatherIcon] 鼠标在按钮区域内: (9.55, -14.15), 按钮区域: (x:-44.25, y:-55.50, width:88.50, height:111.00)
UnityEngine.DebugLogHandler:Internal_Log(LogType, LogOption, String, Object)
UnityEngine.Logger:Log(LogType, Object)
UnityEngine.Debug:Log(Object)
UIButtonHoverScale:IsMouseOverButton() (at E:/Unity/Projects/Work/FeatherLandNew/Assets/Scripts/UIButtonHoverScale.cs:458)
UIButtonHoverScale:Update() (at E:/Unity/Projects/Work/FeatherLandNew/Assets/Scripts/UIButtonHoverScale.cs:236)

[WeatherIcon] 鼠标在按钮区域内: (9.55, -14.15), 按钮区域: (x:-44.25, y:-55.50, width:88.50, height:111.00)
UnityEngine.DebugLogHandler:Internal_Log(LogType, LogOption, String, Object)
UnityEngine.Logger:Log(LogType, Object)
UnityEngine.Debug:Log(Object)
UIButtonHoverScale:IsMouseOverButton() (at E:/Unity/Projects/Work/FeatherLandNew/Assets/Scripts/UIButtonHoverScale.cs:458)
UIButtonHoverScale:Update() (at E:/Unity/Projects/Work/FeatherLandNew/Assets/Scripts/UIButtonHoverScale.cs:236)

[WeatherIcon] 鼠标在按钮区域内: (9.55, -14.15), 按钮区域: (x:-44.25, y:-55.50, width:88.50, height:111.00)
UnityEngine.DebugLogHandler:Internal_Log(LogType, LogOption, String, Object)
UnityEngine.Logger:Log(LogType, Object)
UnityEngine.Debug:Log(Object)
UIButtonHoverScale:IsMouseOverButton() (at E:/Unity/Projects/Work/FeatherLandNew/Assets/Scripts/UIButtonHoverScale.cs:458)
UIButtonHoverScale:Update() (at E:/Unity/Projects/Work/FeatherLandNew/Assets/Scripts/UIButtonHoverScale.cs:236)

[WeatherIcon] 鼠标在按钮区域内: (9.55, -14.15), 按钮区域: (x:-44.25, y:-55.50, width:88.50, height:111.00)
UnityEngine.DebugLogHandler:Internal_Log(LogType, LogOption, String, Object)
UnityEngine.Logger:Log(LogType, Object)
UnityEngine.Debug:Log(Object)
UIButtonHoverScale:IsMouseOverButton() (at E:/Unity/Projects/Work/FeatherLandNew/Assets/Scripts/UIButtonHoverScale.cs:458)
UIButtonHoverScale:Update() (at E:/Unity/Projects/Work/FeatherLandNew/Assets/Scripts/UIButtonHoverScale.cs:236)

[WeatherIcon] 鼠标在按钮区域内: (9.55, -14.15), 按钮区域: (x:-44.25, y:-55.50, width:88.50, height:111.00)
UnityEngine.DebugLogHandler:Internal_Log(LogType, LogOption, String, Object)
UnityEngine.Logger:Log(LogType, Object)
UnityEngine.Debug:Log(Object)
UIButtonHoverScale:IsMouseOverButton() (at E:/Unity/Projects/Work/FeatherLandNew/Assets/Scripts/UIButtonHoverScale.cs:458)
UIButtonHoverScale:Update() (at E:/Unity/Projects/Work/FeatherLandNew/Assets/Scripts/UIButtonHoverScale.cs:236)

[WeatherIcon] 鼠标在按钮区域内: (9.55, -14.15), 按钮区域: (x:-44.25, y:-55.50, width:88.50, height:111.00)
UnityEngine.DebugLogHandler:Internal_Log(LogType, LogOption, String, Object)
UnityEngine.Logger:Log(LogType, Object)
UnityEngine.Debug:Log(Object)
UIButtonHoverScale:IsMouseOverButton() (at E:/Unity/Projects/Work/FeatherLandNew/Assets/Scripts/UIButtonHoverScale.cs:458)
UIButtonHoverScale:Update() (at E:/Unity/Projects/Work/FeatherLandNew/Assets/Scripts/UIButtonHoverScale.cs:236)

[WeatherIcon] 鼠标在按钮区域内: (9.55, -14.15), 按钮区域: (x:-44.25, y:-55.50, width:88.50, height:111.00)
UnityEngine.DebugLogHandler:Internal_Log(LogType, LogOption, String, Object)
UnityEngine.Logger:Log(LogType, Object)
UnityEngine.Debug:Log(Object)
UIButtonHoverScale:IsMouseOverButton() (at E:/Unity/Projects/Work/FeatherLandNew/Assets/Scripts/UIButtonHoverScale.cs:458)
UIButtonHoverScale:Update() (at E:/Unity/Projects/Work/FeatherLandNew/Assets/Scripts/UIButtonHoverScale.cs:236)

[WeatherIcon] 鼠标在按钮区域内: (9.55, -14.15), 按钮区域: (x:-44.25, y:-55.50, width:88.50, height:111.00)
UnityEngine.DebugLogHandler:Internal_Log(LogType, LogOption, String, Object)
UnityEngine.Logger:Log(LogType, Object)
UnityEngine.Debug:Log(Object)
UIButtonHoverScale:IsMouseOverButton() (at E:/Unity/Projects/Work/FeatherLandNew/Assets/Scripts/UIButtonHoverScale.cs:458)
UIButtonHoverScale:Update() (at E:/Unity/Projects/Work/FeatherLandNew/Assets/Scripts/UIButtonHoverScale.cs:236)

[WeatherIcon] 鼠标在按钮区域内: (9.55, -14.15), 按钮区域: (x:-44.25, y:-55.50, width:88.50, height:111.00)
UnityEngine.DebugLogHandler:Internal_Log(LogType, LogOption, String, Object)
UnityEngine.Logger:Log(LogType, Object)
UnityEngine.Debug:Log(Object)
UIButtonHoverScale:IsMouseOverButton() (at E:/Unity/Projects/Work/FeatherLandNew/Assets/Scripts/UIButtonHoverScale.cs:458)
UIButtonHoverScale:Update() (at E:/Unity/Projects/Work/FeatherLandNew/Assets/Scripts/UIButtonHoverScale.cs:236)

[WeatherIcon] 鼠标在按钮区域内: (9.55, -14.15), 按钮区域: (x:-44.25, y:-55.50, width:88.50, height:111.00)
UnityEngine.DebugLogHandler:Internal_Log(LogType, LogOption, String, Object)
UnityEngine.Logger:Log(LogType, Object)
UnityEngine.Debug:Log(Object)
UIButtonHoverScale:IsMouseOverButton() (at E:/Unity/Projects/Work/FeatherLandNew/Assets/Scripts/UIButtonHoverScale.cs:458)
UIButtonHoverScale:Update() (at E:/Unity/Projects/Work/FeatherLandNew/Assets/Scripts/UIButtonHoverScale.cs:236)

[WeatherIcon] 鼠标在按钮区域内: (8.64, -14.15), 按钮区域: (x:-44.25, y:-55.50, width:88.50, height:111.00)
UnityEngine.DebugLogHandler:Internal_Log(LogType, LogOption, String, Object)
UnityEngine.Logger:Log(LogType, Object)
UnityEngine.Debug:Log(Object)
UIButtonHoverScale:IsMouseOverButton() (at E:/Unity/Projects/Work/FeatherLandNew/Assets/Scripts/UIButtonHoverScale.cs:458)
UIButtonHoverScale:Update() (at E:/Unity/Projects/Work/FeatherLandNew/Assets/Scripts/UIButtonHoverScale.cs:236)

[WeatherIcon] 鼠标在按钮区域内: (8.64, -15.05), 按钮区域: (x:-44.25, y:-55.50, width:88.50, height:111.00)
UnityEngine.DebugLogHandler:Internal_Log(LogType, LogOption, String, Object)
UnityEngine.Logger:Log(LogType, Object)
UnityEngine.Debug:Log(Object)
UIButtonHoverScale:IsMouseOverButton() (at E:/Unity/Projects/Work/FeatherLandNew/Assets/Scripts/UIButtonHoverScale.cs:458)
UIButtonHoverScale:Update() (at E:/Unity/Projects/Work/FeatherLandNew/Assets/Scripts/UIButtonHoverScale.cs:236)

[WeatherIcon] 鼠标在按钮区域内: (8.64, -15.05), 按钮区域: (x:-44.25, y:-55.50, width:88.50, height:111.00)
UnityEngine.DebugLogHandler:Internal_Log(LogType, LogOption, String, Object)
UnityEngine.Logger:Log(LogType, Object)
UnityEngine.Debug:Log(Object)
UIButtonHoverScale:IsMouseOverButton() (at E:/Unity/Projects/Work/FeatherLandNew/Assets/Scripts/UIButtonHoverScale.cs:458)
UIButtonHoverScale:Update() (at E:/Unity/Projects/Work/FeatherLandNew/Assets/Scripts/UIButtonHoverScale.cs:236)

[WeatherIcon] 鼠标在按钮区域内: (8.64, -15.05), 按钮区域: (x:-44.25, y:-55.50, width:88.50, height:111.00)
UnityEngine.DebugLogHandler:Internal_Log(LogType, LogOption, String, Object)
UnityEngine.Logger:Log(LogType, Object)
UnityEngine.Debug:Log(Object)
UIButtonHoverScale:IsMouseOverButton() (at E:/Unity/Projects/Work/FeatherLandNew/Assets/Scripts/UIButtonHoverScale.cs:458)
UIButtonHoverScale:Update() (at E:/Unity/Projects/Work/FeatherLandNew/Assets/Scripts/UIButtonHoverScale.cs:236)

[WeatherIcon] 鼠标在按钮区域内: (7.73, -15.96), 按钮区域: (x:-44.25, y:-55.50, width:88.50, height:111.00)
UnityEngine.DebugLogHandler:Internal_Log(LogType, LogOption, String, Object)
UnityEngine.Logger:Log(LogType, Object)
UnityEngine.Debug:Log(Object)
UIButtonHoverScale:IsMouseOverButton() (at E:/Unity/Projects/Work/FeatherLandNew/Assets/Scripts/UIButtonHoverScale.cs:458)
UIButtonHoverScale:Update() (at E:/Unity/Projects/Work/FeatherLandNew/Assets/Scripts/UIButtonHoverScale.cs:236)

[WeatherIcon] 鼠标在按钮区域内: (7.73, -15.96), 按钮区域: (x:-44.25, y:-55.50, width:88.50, height:111.00)
UnityEngine.DebugLogHandler:Internal_Log(LogType, LogOption, String, Object)
UnityEngine.Logger:Log(LogType, Object)
UnityEngine.Debug:Log(Object)
UIButtonHoverScale:IsMouseOverButton() (at E:/Unity/Projects/Work/FeatherLandNew/Assets/Scripts/UIButtonHoverScale.cs:458)
UIButtonHoverScale:Update() (at E:/Unity/Projects/Work/FeatherLandNew/Assets/Scripts/UIButtonHoverScale.cs:236)

[WeatherIcon] 鼠标在按钮区域内: (7.73, -15.96), 按钮区域: (x:-44.25, y:-55.50, width:88.50, height:111.00)
UnityEngine.DebugLogHandler:Internal_Log(LogType, LogOption, String, Object)
UnityEngine.Logger:Log(LogType, Object)
UnityEngine.Debug:Log(Object)
UIButtonHoverScale:IsMouseOverButton() (at E:/Unity/Projects/Work/FeatherLandNew/Assets/Scripts/UIButtonHoverScale.cs:458)
UIButtonHoverScale:Update() (at E:/Unity/Projects/Work/FeatherLandNew/Assets/Scripts/UIButtonHoverScale.cs:236)

[WeatherIcon] 鼠标在按钮区域内: (7.73, -15.96), 按钮区域: (x:-44.25, y:-55.50, width:88.50, height:111.00)
UnityEngine.DebugLogHandler:Internal_Log(LogType, LogOption, String, Object)
UnityEngine.Logger:Log(LogType, Object)
UnityEngine.Debug:Log(Object)
UIButtonHoverScale:IsMouseOverButton() (at E:/Unity/Projects/Work/FeatherLandNew/Assets/Scripts/UIButtonHoverScale.cs:458)
UIButtonHoverScale:Update() (at E:/Unity/Projects/Work/FeatherLandNew/Assets/Scripts/UIButtonHoverScale.cs:236)

[WeatherIcon] 鼠标在按钮区域内: (7.73, -15.96), 按钮区域: (x:-44.25, y:-55.50, width:88.50, height:111.00)
UnityEngine.DebugLogHandler:Internal_Log(LogType, LogOption, String, Object)
UnityEngine.Logger:Log(LogType, Object)
UnityEngine.Debug:Log(Object)
UIButtonHoverScale:IsMouseOverButton() (at E:/Unity/Projects/Work/FeatherLandNew/Assets/Scripts/UIButtonHoverScale.cs:458)
UIButtonHoverScale:Update() (at E:/Unity/Projects/Work/FeatherLandNew/Assets/Scripts/UIButtonHoverScale.cs:236)

[WeatherIcon] 鼠标在按钮区域内: (7.73, -15.96), 按钮区域: (x:-44.25, y:-55.50, width:88.50, height:111.00)
UnityEngine.DebugLogHandler:Internal_Log(LogType, LogOption, String, Object)
UnityEngine.Logger:Log(LogType, Object)
UnityEngine.Debug:Log(Object)
UIButtonHoverScale:IsMouseOverButton() (at E:/Unity/Projects/Work/FeatherLandNew/Assets/Scripts/UIButtonHoverScale.cs:458)
UIButtonHoverScale:Update() (at E:/Unity/Projects/Work/FeatherLandNew/Assets/Scripts/UIButtonHoverScale.cs:236)

[WeatherIcon] 鼠标在按钮区域内: (6.82, -15.96), 按钮区域: (x:-44.25, y:-55.50, width:88.50, height:111.00)
UnityEngine.DebugLogHandler:Internal_Log(LogType, LogOption, String, Object)
UnityEngine.Logger:Log(LogType, Object)
UnityEngine.Debug:Log(Object)
UIButtonHoverScale:IsMouseOverButton() (at E:/Unity/Projects/Work/FeatherLandNew/Assets/Scripts/UIButtonHoverScale.cs:458)
UIButtonHoverScale:Update() (at E:/Unity/Projects/Work/FeatherLandNew/Assets/Scripts/UIButtonHoverScale.cs:236)

[WeatherIcon] 鼠标在按钮区域内: (5.91, -15.96), 按钮区域: (x:-44.25, y:-55.50, width:88.50, height:111.00)
UnityEngine.DebugLogHandler:Internal_Log(LogType, LogOption, String, Object)
UnityEngine.Logger:Log(LogType, Object)
UnityEngine.Debug:Log(Object)
UIButtonHoverScale:IsMouseOverButton() (at E:/Unity/Projects/Work/FeatherLandNew/Assets/Scripts/UIButtonHoverScale.cs:458)
UIButtonHoverScale:Update() (at E:/Unity/Projects/Work/FeatherLandNew/Assets/Scripts/UIButtonHoverScale.cs:236)

[WeatherIcon] 鼠标在按钮区域内: (1.36, -15.96), 按钮区域: (x:-44.25, y:-55.50, width:88.50, height:111.00)
UnityEngine.DebugLogHandler:Internal_Log(LogType, LogOption, String, Object)
UnityEngine.Logger:Log(LogType, Object)
UnityEngine.Debug:Log(Object)
UIButtonHoverScale:IsMouseOverButton() (at E:/Unity/Projects/Work/FeatherLandNew/Assets/Scripts/UIButtonHoverScale.cs:458)
UIButtonHoverScale:Update() (at E:/Unity/Projects/Work/FeatherLandNew/Assets/Scripts/UIButtonHoverScale.cs:236)

[WeatherIcon] 鼠标在按钮区域内: (-5.91, -16.87), 按钮区域: (x:-44.25, y:-55.50, width:88.50, height:111.00)
UnityEngine.DebugLogHandler:Internal_Log(LogType, LogOption, String, Object)
UnityEngine.Logger:Log(LogType, Object)
UnityEngine.Debug:Log(Object)
UIButtonHoverScale:IsMouseOverButton() (at E:/Unity/Projects/Work/FeatherLandNew/Assets/Scripts/UIButtonHoverScale.cs:458)
UIButtonHoverScale:Update() (at E:/Unity/Projects/Work/FeatherLandNew/Assets/Scripts/UIButtonHoverScale.cs:236)

[WeatherIcon] 鼠标在按钮区域内: (-12.27, -17.78), 按钮区域: (x:-44.25, y:-55.50, width:88.50, height:111.00)
UnityEngine.DebugLogHandler:Internal_Log(LogType, LogOption, String, Object)
UnityEngine.Logger:Log(LogType, Object)
UnityEngine.Debug:Log(Object)
UIButtonHoverScale:IsMouseOverButton() (at E:/Unity/Projects/Work/FeatherLandNew/Assets/Scripts/UIButtonHoverScale.cs:458)
UIButtonHoverScale:Update() (at E:/Unity/Projects/Work/FeatherLandNew/Assets/Scripts/UIButtonHoverScale.cs:236)

[IllustratedButton] 鼠标在按钮区域内: (32.40, -36.50), 按钮区域: (x:-46.75, y:-57.75, width:93.50, height:115.50)
UnityEngine.DebugLogHandler:Internal_Log(LogType, LogOption, String, Object)
UnityEngine.Logger:Log(LogType, Object)
UnityEngine.Debug:Log(Object)
UIButtonHoverScale:IsMouseOverButton() (at E:/Unity/Projects/Work/FeatherLandNew/Assets/Scripts/UIButtonHoverScale.cs:458)
UIButtonHoverScale:Update() (at E:/Unity/Projects/Work/FeatherLandNew/Assets/Scripts/UIButtonHoverScale.cs:236)

[IllustratedButton] 鼠标在按钮区域内: (16.73, -33.18), 按钮区域: (x:-46.75, y:-57.75, width:93.50, height:115.50)
UnityEngine.DebugLogHandler:Internal_Log(LogType, LogOption, String, Object)
UnityEngine.Logger:Log(LogType, Object)
UnityEngine.Debug:Log(Object)
UIButtonHoverScale:IsMouseOverButton() (at E:/Unity/Projects/Work/FeatherLandNew/Assets/Scripts/UIButtonHoverScale.cs:458)
UIButtonHoverScale:Update() (at E:/Unity/Projects/Work/FeatherLandNew/Assets/Scripts/UIButtonHoverScale.cs:236)

[IllustratedButton] 鼠标在按钮区域内: (-1.45, -34.09), 按钮区域: (x:-46.75, y:-57.75, width:93.50, height:115.50)
UnityEngine.DebugLogHandler:Internal_Log(LogType, LogOption, String, Object)
UnityEngine.Logger:Log(LogType, Object)
UnityEngine.Debug:Log(Object)
UIButtonHoverScale:IsMouseOverButton() (at E:/Unity/Projects/Work/FeatherLandNew/Assets/Scripts/UIButtonHoverScale.cs:458)
UIButtonHoverScale:Update() (at E:/Unity/Projects/Work/FeatherLandNew/Assets/Scripts/UIButtonHoverScale.cs:236)

[IllustratedButton] 鼠标在按钮区域内: (-8.73, -34.09), 按钮区域: (x:-46.75, y:-57.75, width:93.50, height:115.50)
UnityEngine.DebugLogHandler:Internal_Log(LogType, LogOption, String, Object)
UnityEngine.Logger:Log(LogType, Object)
UnityEngine.Debug:Log(Object)
UIButtonHoverScale:IsMouseOverButton() (at E:/Unity/Projects/Work/FeatherLandNew/Assets/Scripts/UIButtonHoverScale.cs:458)
UIButtonHoverScale:Update() (at E:/Unity/Projects/Work/FeatherLandNew/Assets/Scripts/UIButtonHoverScale.cs:236)

[IllustratedButton] 鼠标在按钮区域内: (-17.82, -34.09), 按钮区域: (x:-46.75, y:-57.75, width:93.50, height:115.50)
UnityEngine.DebugLogHandler:Internal_Log(LogType, LogOption, String, Object)
UnityEngine.Logger:Log(LogType, Object)
UnityEngine.Debug:Log(Object)
UIButtonHoverScale:IsMouseOverButton() (at E:/Unity/Projects/Work/FeatherLandNew/Assets/Scripts/UIButtonHoverScale.cs:458)
UIButtonHoverScale:Update() (at E:/Unity/Projects/Work/FeatherLandNew/Assets/Scripts/UIButtonHoverScale.cs:236)

[IllustratedButton] 鼠标在按钮区域内: (-25.09, -34.09), 按钮区域: (x:-46.75, y:-57.75, width:93.50, height:115.50)
UnityEngine.DebugLogHandler:Internal_Log(LogType, LogOption, String, Object)
UnityEngine.Logger:Log(LogType, Object)
UnityEngine.Debug:Log(Object)
UIButtonHoverScale:IsMouseOverButton() (at E:/Unity/Projects/Work/FeatherLandNew/Assets/Scripts/UIButtonHoverScale.cs:458)
UIButtonHoverScale:Update() (at E:/Unity/Projects/Work/FeatherLandNew/Assets/Scripts/UIButtonHoverScale.cs:236)

[IllustratedButton] 鼠标在按钮区域内: (-28.73, -34.09), 按钮区域: (x:-46.75, y:-57.75, width:93.50, height:115.50)
UnityEngine.DebugLogHandler:Internal_Log(LogType, LogOption, String, Object)
UnityEngine.Logger:Log(LogType, Object)
UnityEngine.Debug:Log(Object)
UIButtonHoverScale:IsMouseOverButton() (at E:/Unity/Projects/Work/FeatherLandNew/Assets/Scripts/UIButtonHoverScale.cs:458)
UIButtonHoverScale:Update() (at E:/Unity/Projects/Work/FeatherLandNew/Assets/Scripts/UIButtonHoverScale.cs:236)

[IllustratedButton] 鼠标在按钮区域内: (-29.64, -34.09), 按钮区域: (x:-46.75, y:-57.75, width:93.50, height:115.50)
UnityEngine.DebugLogHandler:Internal_Log(LogType, LogOption, String, Object)
UnityEngine.Logger:Log(LogType, Object)
UnityEngine.Debug:Log(Object)
UIButtonHoverScale:IsMouseOverButton() (at E:/Unity/Projects/Work/FeatherLandNew/Assets/Scripts/UIButtonHoverScale.cs:458)
UIButtonHoverScale:Update() (at E:/Unity/Projects/Work/FeatherLandNew/Assets/Scripts/UIButtonHoverScale.cs:236)

[IllustratedButton] 鼠标在按钮区域内: (-29.64, -34.09), 按钮区域: (x:-46.75, y:-57.75, width:93.50, height:115.50)
UnityEngine.DebugLogHandler:Internal_Log(LogType, LogOption, String, Object)
UnityEngine.Logger:Log(LogType, Object)
UnityEngine.Debug:Log(Object)
UIButtonHoverScale:IsMouseOverButton() (at E:/Unity/Projects/Work/FeatherLandNew/Assets/Scripts/UIButtonHoverScale.cs:458)
UIButtonHoverScale:Update() (at E:/Unity/Projects/Work/FeatherLandNew/Assets/Scripts/UIButtonHoverScale.cs:236)

[IllustratedButton] 鼠标在按钮区域内: (-29.64, -34.09), 按钮区域: (x:-46.75, y:-57.75, width:93.50, height:115.50)
UnityEngine.DebugLogHandler:Internal_Log(LogType, LogOption, String, Object)
UnityEngine.Logger:Log(LogType, Object)
UnityEngine.Debug:Log(Object)
UIButtonHoverScale:IsMouseOverButton() (at E:/Unity/Projects/Work/FeatherLandNew/Assets/Scripts/UIButtonHoverScale.cs:458)
UIButtonHoverScale:Update() (at E:/Unity/Projects/Work/FeatherLandNew/Assets/Scripts/UIButtonHoverScale.cs:236)

[IllustratedButton] 鼠标在按钮区域内: (-29.64, -34.09), 按钮区域: (x:-46.75, y:-57.75, width:93.50, height:115.50)
UnityEngine.DebugLogHandler:Internal_Log(LogType, LogOption, String, Object)
UnityEngine.Logger:Log(LogType, Object)
UnityEngine.Debug:Log(Object)
UIButtonHoverScale:IsMouseOverButton() (at E:/Unity/Projects/Work/FeatherLandNew/Assets/Scripts/UIButtonHoverScale.cs:458)
UIButtonHoverScale:Update() (at E:/Unity/Projects/Work/FeatherLandNew/Assets/Scripts/UIButtonHoverScale.cs:236)

[IllustratedButton] 鼠标在按钮区域内: (-29.64, -34.09), 按钮区域: (x:-46.75, y:-57.75, width:93.50, height:115.50)
UnityEngine.DebugLogHandler:Internal_Log(LogType, LogOption, String, Object)
UnityEngine.Logger:Log(LogType, Object)
UnityEngine.Debug:Log(Object)
UIButtonHoverScale:IsMouseOverButton() (at E:/Unity/Projects/Work/FeatherLandNew/Assets/Scripts/UIButtonHoverScale.cs:458)
UIButtonHoverScale:Update() (at E:/Unity/Projects/Work/FeatherLandNew/Assets/Scripts/UIButtonHoverScale.cs:236)

[IllustratedButton] 鼠标在按钮区域内: (-29.64, -34.09), 按钮区域: (x:-46.75, y:-57.75, width:93.50, height:115.50)
UnityEngine.DebugLogHandler:Internal_Log(LogType, LogOption, String, Object)
UnityEngine.Logger:Log(LogType, Object)
UnityEngine.Debug:Log(Object)
UIButtonHoverScale:IsMouseOverButton() (at E:/Unity/Projects/Work/FeatherLandNew/Assets/Scripts/UIButtonHoverScale.cs:458)
UIButtonHoverScale:Update() (at E:/Unity/Projects/Work/FeatherLandNew/Assets/Scripts/UIButtonHoverScale.cs:236)

[IllustratedButton] 鼠标在按钮区域内: (-29.64, -34.09), 按钮区域: (x:-46.75, y:-57.75, width:93.50, height:115.50)
UnityEngine.DebugLogHandler:Internal_Log(LogType, LogOption, String, Object)
UnityEngine.Logger:Log(LogType, Object)
UnityEngine.Debug:Log(Object)
UIButtonHoverScale:IsMouseOverButton() (at E:/Unity/Projects/Work/FeatherLandNew/Assets/Scripts/UIButtonHoverScale.cs:458)
UIButtonHoverScale:Update() (at E:/Unity/Projects/Work/FeatherLandNew/Assets/Scripts/UIButtonHoverScale.cs:236)

[IllustratedButton] 鼠标在按钮区域内: (-29.64, -34.09), 按钮区域: (x:-46.75, y:-57.75, width:93.50, height:115.50)
UnityEngine.DebugLogHandler:Internal_Log(LogType, LogOption, String, Object)
UnityEngine.Logger:Log(LogType, Object)
UnityEngine.Debug:Log(Object)
UIButtonHoverScale:IsMouseOverButton() (at E:/Unity/Projects/Work/FeatherLandNew/Assets/Scripts/UIButtonHoverScale.cs:458)
UIButtonHoverScale:Update() (at E:/Unity/Projects/Work/FeatherLandNew/Assets/Scripts/UIButtonHoverScale.cs:236)

[IllustratedButton] 鼠标在按钮区域内: (-29.64, -34.09), 按钮区域: (x:-46.75, y:-57.75, width:93.50, height:115.50)
UnityEngine.DebugLogHandler:Internal_Log(LogType, LogOption, String, Object)
UnityEngine.Logger:Log(LogType, Object)
UnityEngine.Debug:Log(Object)
UIButtonHoverScale:IsMouseOverButton() (at E:/Unity/Projects/Work/FeatherLandNew/Assets/Scripts/UIButtonHoverScale.cs:458)
UIButtonHoverScale:Update() (at E:/Unity/Projects/Work/FeatherLandNew/Assets/Scripts/UIButtonHoverScale.cs:236)

[IllustratedButton] 鼠标在按钮区域内: (-29.64, -34.09), 按钮区域: (x:-46.75, y:-57.75, width:93.50, height:115.50)
UnityEngine.DebugLogHandler:Internal_Log(LogType, LogOption, String, Object)
UnityEngine.Logger:Log(LogType, Object)
UnityEngine.Debug:Log(Object)
UIButtonHoverScale:IsMouseOverButton() (at E:/Unity/Projects/Work/FeatherLandNew/Assets/Scripts/UIButtonHoverScale.cs:458)
UIButtonHoverScale:Update() (at E:/Unity/Projects/Work/FeatherLandNew/Assets/Scripts/UIButtonHoverScale.cs:236)

[IllustratedButton] 鼠标在按钮区域内: (-29.64, -34.09), 按钮区域: (x:-46.75, y:-57.75, width:93.50, height:115.50)
UnityEngine.DebugLogHandler:Internal_Log(LogType, LogOption, String, Object)
UnityEngine.Logger:Log(LogType, Object)
UnityEngine.Debug:Log(Object)
UIButtonHoverScale:IsMouseOverButton() (at E:/Unity/Projects/Work/FeatherLandNew/Assets/Scripts/UIButtonHoverScale.cs:458)
UIButtonHoverScale:Update() (at E:/Unity/Projects/Work/FeatherLandNew/Assets/Scripts/UIButtonHoverScale.cs:236)

[IllustratedButton] 鼠标在按钮区域内: (-29.64, -34.09), 按钮区域: (x:-46.75, y:-57.75, width:93.50, height:115.50)
UnityEngine.DebugLogHandler:Internal_Log(LogType, LogOption, String, Object)
UnityEngine.Logger:Log(LogType, Object)
UnityEngine.Debug:Log(Object)
UIButtonHoverScale:IsMouseOverButton() (at E:/Unity/Projects/Work/FeatherLandNew/Assets/Scripts/UIButtonHoverScale.cs:458)
UIButtonHoverScale:Update() (at E:/Unity/Projects/Work/FeatherLandNew/Assets/Scripts/UIButtonHoverScale.cs:236)

[IllustratedButton] 鼠标在按钮区域内: (-29.64, -34.09), 按钮区域: (x:-46.75, y:-57.75, width:93.50, height:115.50)
UnityEngine.DebugLogHandler:Internal_Log(LogType, LogOption, String, Object)
UnityEngine.Logger:Log(LogType, Object)
UnityEngine.Debug:Log(Object)
UIButtonHoverScale:IsMouseOverButton() (at E:/Unity/Projects/Work/FeatherLandNew/Assets/Scripts/UIButtonHoverScale.cs:458)
UIButtonHoverScale:Update() (at E:/Unity/Projects/Work/FeatherLandNew/Assets/Scripts/UIButtonHoverScale.cs:236)

[IllustratedButton] 鼠标在按钮区域内: (-29.64, -34.09), 按钮区域: (x:-46.75, y:-57.75, width:93.50, height:115.50)
UnityEngine.DebugLogHandler:Internal_Log(LogType, LogOption, String, Object)
UnityEngine.Logger:Log(LogType, Object)
UnityEngine.Debug:Log(Object)
UIButtonHoverScale:IsMouseOverButton() (at E:/Unity/Projects/Work/FeatherLandNew/Assets/Scripts/UIButtonHoverScale.cs:458)
UIButtonHoverScale:Update() (at E:/Unity/Projects/Work/FeatherLandNew/Assets/Scripts/UIButtonHoverScale.cs:236)

[IllustratedButton] 鼠标在按钮区域内: (-29.64, -34.09), 按钮区域: (x:-46.75, y:-57.75, width:93.50, height:115.50)
UnityEngine.DebugLogHandler:Internal_Log(LogType, LogOption, String, Object)
UnityEngine.Logger:Log(LogType, Object)
UnityEngine.Debug:Log(Object)
UIButtonHoverScale:IsMouseOverButton() (at E:/Unity/Projects/Work/FeatherLandNew/Assets/Scripts/UIButtonHoverScale.cs:458)
UIButtonHoverScale:Update() (at E:/Unity/Projects/Work/FeatherLandNew/Assets/Scripts/UIButtonHoverScale.cs:236)

[IllustratedButton] 鼠标在按钮区域内: (-30.55, -33.18), 按钮区域: (x:-46.75, y:-57.75, width:93.50, height:115.50)
UnityEngine.DebugLogHandler:Internal_Log(LogType, LogOption, String, Object)
UnityEngine.Logger:Log(LogType, Object)
UnityEngine.Debug:Log(Object)
UIButtonHoverScale:IsMouseOverButton() (at E:/Unity/Projects/Work/FeatherLandNew/Assets/Scripts/UIButtonHoverScale.cs:458)
UIButtonHoverScale:Update() (at E:/Unity/Projects/Work/FeatherLandNew/Assets/Scripts/UIButtonHoverScale.cs:236)

[IllustratedButton] 鼠标在按钮区域内: (-31.45, -33.18), 按钮区域: (x:-46.75, y:-57.75, width:93.50, height:115.50)
UnityEngine.DebugLogHandler:Internal_Log(LogType, LogOption, String, Object)
UnityEngine.Logger:Log(LogType, Object)
UnityEngine.Debug:Log(Object)
UIButtonHoverScale:IsMouseOverButton() (at E:/Unity/Projects/Work/FeatherLandNew/Assets/Scripts/UIButtonHoverScale.cs:458)
UIButtonHoverScale:Update() (at E:/Unity/Projects/Work/FeatherLandNew/Assets/Scripts/UIButtonHoverScale.cs:236)

[IllustratedButton] 鼠标在按钮区域内: (-33.27, -33.18), 按钮区域: (x:-46.75, y:-57.75, width:93.50, height:115.50)
UnityEngine.DebugLogHandler:Internal_Log(LogType, LogOption, String, Object)
UnityEngine.Logger:Log(LogType, Object)
UnityEngine.Debug:Log(Object)
UIButtonHoverScale:IsMouseOverButton() (at E:/Unity/Projects/Work/FeatherLandNew/Assets/Scripts/UIButtonHoverScale.cs:458)
UIButtonHoverScale:Update() (at E:/Unity/Projects/Work/FeatherLandNew/Assets/Scripts/UIButtonHoverScale.cs:236)

[IllustratedButton] 鼠标在按钮区域内: (-34.18, -33.18), 按钮区域: (x:-46.75, y:-57.75, width:93.50, height:115.50)
UnityEngine.DebugLogHandler:Internal_Log(LogType, LogOption, String, Object)
UnityEngine.Logger:Log(LogType, Object)
UnityEngine.Debug:Log(Object)
UIButtonHoverScale:IsMouseOverButton() (at E:/Unity/Projects/Work/FeatherLandNew/Assets/Scripts/UIButtonHoverScale.cs:458)
UIButtonHoverScale:Update() (at E:/Unity/Projects/Work/FeatherLandNew/Assets/Scripts/UIButtonHoverScale.cs:236)

[IllustratedButton] 鼠标在按钮区域内: (-36.91, -33.18), 按钮区域: (x:-46.75, y:-57.75, width:93.50, height:115.50)
UnityEngine.DebugLogHandler:Internal_Log(LogType, LogOption, String, Object)
UnityEngine.Logger:Log(LogType, Object)
UnityEngine.Debug:Log(Object)
UIButtonHoverScale:IsMouseOverButton() (at E:/Unity/Projects/Work/FeatherLandNew/Assets/Scripts/UIButtonHoverScale.cs:458)
UIButtonHoverScale:Update() (at E:/Unity/Projects/Work/FeatherLandNew/Assets/Scripts/UIButtonHoverScale.cs:236)

[IllustratedButton] 鼠标在按钮区域内: (-41.45, -33.18), 按钮区域: (x:-46.75, y:-57.75, width:93.50, height:115.50)
UnityEngine.DebugLogHandler:Internal_Log(LogType, LogOption, String, Object)
UnityEngine.Logger:Log(LogType, Object)
UnityEngine.Debug:Log(Object)
UIButtonHoverScale:IsMouseOverButton() (at E:/Unity/Projects/Work/FeatherLandNew/Assets/Scripts/UIButtonHoverScale.cs:458)
UIButtonHoverScale:Update() (at E:/Unity/Projects/Work/FeatherLandNew/Assets/Scripts/UIButtonHoverScale.cs:236)

[IllustratedButton] 鼠标在按钮区域内: (-45.09, -33.18), 按钮区域: (x:-46.75, y:-57.75, width:93.50, height:115.50)
UnityEngine.DebugLogHandler:Internal_Log(LogType, LogOption, String, Object)
UnityEngine.Logger:Log(LogType, Object)
UnityEngine.Debug:Log(Object)
UIButtonHoverScale:IsMouseOverButton() (at E:/Unity/Projects/Work/FeatherLandNew/Assets/Scripts/UIButtonHoverScale.cs:458)
UIButtonHoverScale:Update() (at E:/Unity/Projects/Work/FeatherLandNew/Assets/Scripts/UIButtonHoverScale.cs:236)

[ShopButton] 鼠标在按钮区域内: (39.35, -21.32), 按钮区域: (x:-40.25, y:-57.25, width:80.50, height:114.50)
UnityEngine.DebugLogHandler:Internal_Log(LogType, LogOption, String, Object)
UnityEngine.Logger:Log(LogType, Object)
UnityEngine.Debug:Log(Object)
UIButtonHoverScale:IsMouseOverButton() (at E:/Unity/Projects/Work/FeatherLandNew/Assets/Scripts/UIButtonHoverScale.cs:458)
UIButtonHoverScale:Update() (at E:/Unity/Projects/Work/FeatherLandNew/Assets/Scripts/UIButtonHoverScale.cs:236)

[ShopButton] 鼠标在按钮区域内: (33.05, -17.57), 按钮区域: (x:-40.25, y:-57.25, width:80.50, height:114.50)
UnityEngine.DebugLogHandler:Internal_Log(LogType, LogOption, String, Object)
UnityEngine.Logger:Log(LogType, Object)
UnityEngine.Debug:Log(Object)
UIButtonHoverScale:IsMouseOverButton() (at E:/Unity/Projects/Work/FeatherLandNew/Assets/Scripts/UIButtonHoverScale.cs:458)
UIButtonHoverScale:Update() (at E:/Unity/Projects/Work/FeatherLandNew/Assets/Scripts/UIButtonHoverScale.cs:236)

[ShopButton] 鼠标在按钮区域内: (33.05, -17.57), 按钮区域: (x:-40.25, y:-57.25, width:80.50, height:114.50)
UnityEngine.DebugLogHandler:Internal_Log(LogType, LogOption, String, Object)
UnityEngine.Logger:Log(LogType, Object)
UnityEngine.Debug:Log(Object)
UIButtonHoverScale:IsMouseOverButton() (at E:/Unity/Projects/Work/FeatherLandNew/Assets/Scripts/UIButtonHoverScale.cs:458)
UIButtonHoverScale:Update() (at E:/Unity/Projects/Work/FeatherLandNew/Assets/Scripts/UIButtonHoverScale.cs:236)

[ShopButton] 鼠标在按钮区域内: (31.23, -17.57), 按钮区域: (x:-40.25, y:-57.25, width:80.50, height:114.50)
UnityEngine.DebugLogHandler:Internal_Log(LogType, LogOption, String, Object)
UnityEngine.Logger:Log(LogType, Object)
UnityEngine.Debug:Log(Object)
UIButtonHoverScale:IsMouseOverButton() (at E:/Unity/Projects/Work/FeatherLandNew/Assets/Scripts/UIButtonHoverScale.cs:458)
UIButtonHoverScale:Update() (at E:/Unity/Projects/Work/FeatherLandNew/Assets/Scripts/UIButtonHoverScale.cs:236)

[ShopButton] 鼠标在按钮区域内: (29.41, -16.66), 按钮区域: (x:-40.25, y:-57.25, width:80.50, height:114.50)
UnityEngine.DebugLogHandler:Internal_Log(LogType, LogOption, String, Object)
UnityEngine.Logger:Log(LogType, Object)
UnityEngine.Debug:Log(Object)
UIButtonHoverScale:IsMouseOverButton() (at E:/Unity/Projects/Work/FeatherLandNew/Assets/Scripts/UIButtonHoverScale.cs:458)
UIButtonHoverScale:Update() (at E:/Unity/Projects/Work/FeatherLandNew/Assets/Scripts/UIButtonHoverScale.cs:236)

[ShopButton] 鼠标在按钮区域内: (27.59, -16.66), 按钮区域: (x:-40.25, y:-57.25, width:80.50, height:114.50)
UnityEngine.DebugLogHandler:Internal_Log(LogType, LogOption, String, Object)
UnityEngine.Logger:Log(LogType, Object)
UnityEngine.Debug:Log(Object)
UIButtonHoverScale:IsMouseOverButton() (at E:/Unity/Projects/Work/FeatherLandNew/Assets/Scripts/UIButtonHoverScale.cs:458)
UIButtonHoverScale:Update() (at E:/Unity/Projects/Work/FeatherLandNew/Assets/Scripts/UIButtonHoverScale.cs:236)

[ShopButton] 鼠标在按钮区域内: (24.86, -16.66), 按钮区域: (x:-40.25, y:-57.25, width:80.50, height:114.50)
UnityEngine.DebugLogHandler:Internal_Log(LogType, LogOption, String, Object)
UnityEngine.Logger:Log(LogType, Object)
UnityEngine.Debug:Log(Object)
UIButtonHoverScale:IsMouseOverButton() (at E:/Unity/Projects/Work/FeatherLandNew/Assets/Scripts/UIButtonHoverScale.cs:458)
UIButtonHoverScale:Update() (at E:/Unity/Projects/Work/FeatherLandNew/Assets/Scripts/UIButtonHoverScale.cs:236)

[ShopButton] 鼠标在按钮区域内: (24.86, -15.75), 按钮区域: (x:-40.25, y:-57.25, width:80.50, height:114.50)
UnityEngine.DebugLogHandler:Internal_Log(LogType, LogOption, String, Object)
UnityEngine.Logger:Log(LogType, Object)
UnityEngine.Debug:Log(Object)
UIButtonHoverScale:IsMouseOverButton() (at E:/Unity/Projects/Work/FeatherLandNew/Assets/Scripts/UIButtonHoverScale.cs:458)
UIButtonHoverScale:Update() (at E:/Unity/Projects/Work/FeatherLandNew/Assets/Scripts/UIButtonHoverScale.cs:236)

[ShopButton] 鼠标在按钮区域内: (23.95, -15.75), 按钮区域: (x:-40.25, y:-57.25, width:80.50, height:114.50)
UnityEngine.DebugLogHandler:Internal_Log(LogType, LogOption, String, Object)
UnityEngine.Logger:Log(LogType, Object)
UnityEngine.Debug:Log(Object)
UIButtonHoverScale:IsMouseOverButton() (at E:/Unity/Projects/Work/FeatherLandNew/Assets/Scripts/UIButtonHoverScale.cs:458)
UIButtonHoverScale:Update() (at E:/Unity/Projects/Work/FeatherLandNew/Assets/Scripts/UIButtonHoverScale.cs:236)

[ShopButton] 鼠标在按钮区域内: (23.05, -15.75), 按钮区域: (x:-40.25, y:-57.25, width:80.50, height:114.50)
UnityEngine.DebugLogHandler:Internal_Log(LogType, LogOption, String, Object)
UnityEngine.Logger:Log(LogType, Object)
UnityEngine.Debug:Log(Object)
UIButtonHoverScale:IsMouseOverButton() (at E:/Unity/Projects/Work/FeatherLandNew/Assets/Scripts/UIButtonHoverScale.cs:458)
UIButtonHoverScale:Update() (at E:/Unity/Projects/Work/FeatherLandNew/Assets/Scripts/UIButtonHoverScale.cs:236)

[ShopButton] 鼠标在按钮区域内: (22.14, -15.75), 按钮区域: (x:-40.25, y:-57.25, width:80.50, height:114.50)
UnityEngine.DebugLogHandler:Internal_Log(LogType, LogOption, String, Object)
UnityEngine.Logger:Log(LogType, Object)
UnityEngine.Debug:Log(Object)
UIButtonHoverScale:IsMouseOverButton() (at E:/Unity/Projects/Work/FeatherLandNew/Assets/Scripts/UIButtonHoverScale.cs:458)
UIButtonHoverScale:Update() (at E:/Unity/Projects/Work/FeatherLandNew/Assets/Scripts/UIButtonHoverScale.cs:236)

[ShopButton] 鼠标在按钮区域内: (21.23, -15.75), 按钮区域: (x:-40.25, y:-57.25, width:80.50, height:114.50)
UnityEngine.DebugLogHandler:Internal_Log(LogType, LogOption, String, Object)
UnityEngine.Logger:Log(LogType, Object)
UnityEngine.Debug:Log(Object)
UIButtonHoverScale:IsMouseOverButton() (at E:/Unity/Projects/Work/FeatherLandNew/Assets/Scripts/UIButtonHoverScale.cs:458)
UIButtonHoverScale:Update() (at E:/Unity/Projects/Work/FeatherLandNew/Assets/Scripts/UIButtonHoverScale.cs:236)

[ShopButton] 鼠标在按钮区域内: (20.32, -15.75), 按钮区域: (x:-40.25, y:-57.25, width:80.50, height:114.50)
UnityEngine.DebugLogHandler:Internal_Log(LogType, LogOption, String, Object)
UnityEngine.Logger:Log(LogType, Object)
UnityEngine.Debug:Log(Object)
UIButtonHoverScale:IsMouseOverButton() (at E:/Unity/Projects/Work/FeatherLandNew/Assets/Scripts/UIButtonHoverScale.cs:458)
UIButtonHoverScale:Update() (at E:/Unity/Projects/Work/FeatherLandNew/Assets/Scripts/UIButtonHoverScale.cs:236)

[ShopButton] 鼠标在按钮区域内: (20.32, -15.75), 按钮区域: (x:-40.25, y:-57.25, width:80.50, height:114.50)
UnityEngine.DebugLogHandler:Internal_Log(LogType, LogOption, String, Object)
UnityEngine.Logger:Log(LogType, Object)
UnityEngine.Debug:Log(Object)
UIButtonHoverScale:IsMouseOverButton() (at E:/Unity/Projects/Work/FeatherLandNew/Assets/Scripts/UIButtonHoverScale.cs:458)
UIButtonHoverScale:Update() (at E:/Unity/Projects/Work/FeatherLandNew/Assets/Scripts/UIButtonHoverScale.cs:236)

[ShopButton] 鼠标在按钮区域内: (20.32, -15.75), 按钮区域: (x:-40.25, y:-57.25, width:80.50, height:114.50)
UnityEngine.DebugLogHandler:Internal_Log(LogType, LogOption, String, Object)
UnityEngine.Logger:Log(LogType, Object)
UnityEngine.Debug:Log(Object)
UIButtonHoverScale:IsMouseOverButton() (at E:/Unity/Projects/Work/FeatherLandNew/Assets/Scripts/UIButtonHoverScale.cs:458)
UIButtonHoverScale:Update() (at E:/Unity/Projects/Work/FeatherLandNew/Assets/Scripts/UIButtonHoverScale.cs:236)

[ShopButton] 鼠标在按钮区域内: (20.32, -15.75), 按钮区域: (x:-40.25, y:-57.25, width:80.50, height:114.50)
UnityEngine.DebugLogHandler:Internal_Log(LogType, LogOption, String, Object)
UnityEngine.Logger:Log(LogType, Object)
UnityEngine.Debug:Log(Object)
UIButtonHoverScale:IsMouseOverButton() (at E:/Unity/Projects/Work/FeatherLandNew/Assets/Scripts/UIButtonHoverScale.cs:458)
UIButtonHoverScale:Update() (at E:/Unity/Projects/Work/FeatherLandNew/Assets/Scripts/UIButtonHoverScale.cs:236)

[ShopButton] 鼠标在按钮区域内: (20.32, -15.75), 按钮区域: (x:-40.25, y:-57.25, width:80.50, height:114.50)
UnityEngine.DebugLogHandler:Internal_Log(LogType, LogOption, String, Object)
UnityEngine.Logger:Log(LogType, Object)
UnityEngine.Debug:Log(Object)
UIButtonHoverScale:IsMouseOverButton() (at E:/Unity/Projects/Work/FeatherLandNew/Assets/Scripts/UIButtonHoverScale.cs:458)
UIButtonHoverScale:Update() (at E:/Unity/Projects/Work/FeatherLandNew/Assets/Scripts/UIButtonHoverScale.cs:236)

[ShopButton] 鼠标在按钮区域内: (20.32, -14.84), 按钮区域: (x:-40.25, y:-57.25, width:80.50, height:114.50)
UnityEngine.DebugLogHandler:Internal_Log(LogType, LogOption, String, Object)
UnityEngine.Logger:Log(LogType, Object)
UnityEngine.Debug:Log(Object)
UIButtonHoverScale:IsMouseOverButton() (at E:/Unity/Projects/Work/FeatherLandNew/Assets/Scripts/UIButtonHoverScale.cs:458)
UIButtonHoverScale:Update() (at E:/Unity/Projects/Work/FeatherLandNew/Assets/Scripts/UIButtonHoverScale.cs:236)

[ShopButton] 鼠标在按钮区域内: (19.41, -14.84), 按钮区域: (x:-40.25, y:-57.25, width:80.50, height:114.50)
UnityEngine.DebugLogHandler:Internal_Log(LogType, LogOption, String, Object)
UnityEngine.Logger:Log(LogType, Object)
UnityEngine.Debug:Log(Object)
UIButtonHoverScale:IsMouseOverButton() (at E:/Unity/Projects/Work/FeatherLandNew/Assets/Scripts/UIButtonHoverScale.cs:458)
UIButtonHoverScale:Update() (at E:/Unity/Projects/Work/FeatherLandNew/Assets/Scripts/UIButtonHoverScale.cs:236)

[ShopButton] 鼠标在按钮区域内: (19.41, -14.84), 按钮区域: (x:-40.25, y:-57.25, width:80.50, height:114.50)
UnityEngine.DebugLogHandler:Internal_Log(LogType, LogOption, String, Object)
UnityEngine.Logger:Log(LogType, Object)
UnityEngine.Debug:Log(Object)
UIButtonHoverScale:IsMouseOverButton() (at E:/Unity/Projects/Work/FeatherLandNew/Assets/Scripts/UIButtonHoverScale.cs:458)
UIButtonHoverScale:Update() (at E:/Unity/Projects/Work/FeatherLandNew/Assets/Scripts/UIButtonHoverScale.cs:236)

[ShopButton] 鼠标在按钮区域内: (18.50, -14.84), 按钮区域: (x:-40.25, y:-57.25, width:80.50, height:114.50)
UnityEngine.DebugLogHandler:Internal_Log(LogType, LogOption, String, Object)
UnityEngine.Logger:Log(LogType, Object)
UnityEngine.Debug:Log(Object)
UIButtonHoverScale:IsMouseOverButton() (at E:/Unity/Projects/Work/FeatherLandNew/Assets/Scripts/UIButtonHoverScale.cs:458)
UIButtonHoverScale:Update() (at E:/Unity/Projects/Work/FeatherLandNew/Assets/Scripts/UIButtonHoverScale.cs:236)

[ShopButton] 鼠标在按钮区域内: (18.50, -14.84), 按钮区域: (x:-40.25, y:-57.25, width:80.50, height:114.50)
UnityEngine.DebugLogHandler:Internal_Log(LogType, LogOption, String, Object)
UnityEngine.Logger:Log(LogType, Object)
UnityEngine.Debug:Log(Object)
UIButtonHoverScale:IsMouseOverButton() (at E:/Unity/Projects/Work/FeatherLandNew/Assets/Scripts/UIButtonHoverScale.cs:458)
UIButtonHoverScale:Update() (at E:/Unity/Projects/Work/FeatherLandNew/Assets/Scripts/UIButtonHoverScale.cs:236)

[ShopButton] 鼠标在按钮区域内: (18.50, -14.84), 按钮区域: (x:-40.25, y:-57.25, width:80.50, height:114.50)
UnityEngine.DebugLogHandler:Internal_Log(LogType, LogOption, String, Object)
UnityEngine.Logger:Log(LogType, Object)
UnityEngine.Debug:Log(Object)
UIButtonHoverScale:IsMouseOverButton() (at E:/Unity/Projects/Work/FeatherLandNew/Assets/Scripts/UIButtonHoverScale.cs:458)
UIButtonHoverScale:Update() (at E:/Unity/Projects/Work/FeatherLandNew/Assets/Scripts/UIButtonHoverScale.cs:236)

[ShopButton] 鼠标在按钮区域内: (18.50, -14.84), 按钮区域: (x:-40.25, y:-57.25, width:80.50, height:114.50)
UnityEngine.DebugLogHandler:Internal_Log(LogType, LogOption, String, Object)
UnityEngine.Logger:Log(LogType, Object)
UnityEngine.Debug:Log(Object)
UIButtonHoverScale:IsMouseOverButton() (at E:/Unity/Projects/Work/FeatherLandNew/Assets/Scripts/UIButtonHoverScale.cs:458)
UIButtonHoverScale:Update() (at E:/Unity/Projects/Work/FeatherLandNew/Assets/Scripts/UIButtonHoverScale.cs:236)

[ShopButton] 鼠标在按钮区域内: (17.59, -14.84), 按钮区域: (x:-40.25, y:-57.25, width:80.50, height:114.50)
UnityEngine.DebugLogHandler:Internal_Log(LogType, LogOption, String, Object)
UnityEngine.Logger:Log(LogType, Object)
UnityEngine.Debug:Log(Object)
UIButtonHoverScale:IsMouseOverButton() (at E:/Unity/Projects/Work/FeatherLandNew/Assets/Scripts/UIButtonHoverScale.cs:458)
UIButtonHoverScale:Update() (at E:/Unity/Projects/Work/FeatherLandNew/Assets/Scripts/UIButtonHoverScale.cs:236)

[ShopButton] 鼠标在按钮区域内: (17.59, -14.84), 按钮区域: (x:-40.25, y:-57.25, width:80.50, height:114.50)
UnityEngine.DebugLogHandler:Internal_Log(LogType, LogOption, String, Object)
UnityEngine.Logger:Log(LogType, Object)
UnityEngine.Debug:Log(Object)
UIButtonHoverScale:IsMouseOverButton() (at E:/Unity/Projects/Work/FeatherLandNew/Assets/Scripts/UIButtonHoverScale.cs:458)
UIButtonHoverScale:Update() (at E:/Unity/Projects/Work/FeatherLandNew/Assets/Scripts/UIButtonHoverScale.cs:236)

[ShopButton] 鼠标在按钮区域内: (17.59, -14.84), 按钮区域: (x:-40.25, y:-57.25, width:80.50, height:114.50)
UnityEngine.DebugLogHandler:Internal_Log(LogType, LogOption, String, Object)
UnityEngine.Logger:Log(LogType, Object)
UnityEngine.Debug:Log(Object)
UIButtonHoverScale:IsMouseOverButton() (at E:/Unity/Projects/Work/FeatherLandNew/Assets/Scripts/UIButtonHoverScale.cs:458)
UIButtonHoverScale:Update() (at E:/Unity/Projects/Work/FeatherLandNew/Assets/Scripts/UIButtonHoverScale.cs:236)

[ShopButton] 鼠标在按钮区域内: (17.59, -14.84), 按钮区域: (x:-40.25, y:-57.25, width:80.50, height:114.50)
UnityEngine.DebugLogHandler:Internal_Log(LogType, LogOption, String, Object)
UnityEngine.Logger:Log(LogType, Object)
UnityEngine.Debug:Log(Object)
UIButtonHoverScale:IsMouseOverButton() (at E:/Unity/Projects/Work/FeatherLandNew/Assets/Scripts/UIButtonHoverScale.cs:458)
UIButtonHoverScale:Update() (at E:/Unity/Projects/Work/FeatherLandNew/Assets/Scripts/UIButtonHoverScale.cs:236)

[ShopButton] 鼠标在按钮区域内: (17.59, -14.84), 按钮区域: (x:-40.25, y:-57.25, width:80.50, height:114.50)
UnityEngine.DebugLogHandler:Internal_Log(LogType, LogOption, String, Object)
UnityEngine.Logger:Log(LogType, Object)
UnityEngine.Debug:Log(Object)
UIButtonHoverScale:IsMouseOverButton() (at E:/Unity/Projects/Work/FeatherLandNew/Assets/Scripts/UIButtonHoverScale.cs:458)
UIButtonHoverScale:Update() (at E:/Unity/Projects/Work/FeatherLandNew/Assets/Scripts/UIButtonHoverScale.cs:236)

[ShopButton] 鼠标在按钮区域内: (17.59, -14.84), 按钮区域: (x:-40.25, y:-57.25, width:80.50, height:114.50)
UnityEngine.DebugLogHandler:Internal_Log(LogType, LogOption, String, Object)
UnityEngine.Logger:Log(LogType, Object)
UnityEngine.Debug:Log(Object)
UIButtonHoverScale:IsMouseOverButton() (at E:/Unity/Projects/Work/FeatherLandNew/Assets/Scripts/UIButtonHoverScale.cs:458)
UIButtonHoverScale:Update() (at E:/Unity/Projects/Work/FeatherLandNew/Assets/Scripts/UIButtonHoverScale.cs:236)

[ShopButton] 鼠标在按钮区域内: (17.59, -14.84), 按钮区域: (x:-40.25, y:-57.25, width:80.50, height:114.50)
UnityEngine.DebugLogHandler:Internal_Log(LogType, LogOption, String, Object)
UnityEngine.Logger:Log(LogType, Object)
UnityEngine.Debug:Log(Object)
UIButtonHoverScale:IsMouseOverButton() (at E:/Unity/Projects/Work/FeatherLandNew/Assets/Scripts/UIButtonHoverScale.cs:458)
UIButtonHoverScale:Update() (at E:/Unity/Projects/Work/FeatherLandNew/Assets/Scripts/UIButtonHoverScale.cs:236)

[ShopButton] 鼠标在按钮区域内: (17.59, -14.84), 按钮区域: (x:-40.25, y:-57.25, width:80.50, height:114.50)
UnityEngine.DebugLogHandler:Internal_Log(LogType, LogOption, String, Object)
UnityEngine.Logger:Log(LogType, Object)
UnityEngine.Debug:Log(Object)
UIButtonHoverScale:IsMouseOverButton() (at E:/Unity/Projects/Work/FeatherLandNew/Assets/Scripts/UIButtonHoverScale.cs:458)
UIButtonHoverScale:Update() (at E:/Unity/Projects/Work/FeatherLandNew/Assets/Scripts/UIButtonHoverScale.cs:236)

[ShopButton] 鼠标在按钮区域内: (17.59, -14.84), 按钮区域: (x:-40.25, y:-57.25, width:80.50, height:114.50)
UnityEngine.DebugLogHandler:Internal_Log(LogType, LogOption, String, Object)
UnityEngine.Logger:Log(LogType, Object)
UnityEngine.Debug:Log(Object)
UIButtonHoverScale:IsMouseOverButton() (at E:/Unity/Projects/Work/FeatherLandNew/Assets/Scripts/UIButtonHoverScale.cs:458)
UIButtonHoverScale:Update() (at E:/Unity/Projects/Work/FeatherLandNew/Assets/Scripts/UIButtonHoverScale.cs:236)

[ShopButton] 鼠标在按钮区域内: (17.59, -14.84), 按钮区域: (x:-40.25, y:-57.25, width:80.50, height:114.50)
UnityEngine.DebugLogHandler:Internal_Log(LogType, LogOption, String, Object)
UnityEngine.Logger:Log(LogType, Object)
UnityEngine.Debug:Log(Object)
UIButtonHoverScale:IsMouseOverButton() (at E:/Unity/Projects/Work/FeatherLandNew/Assets/Scripts/UIButtonHoverScale.cs:458)
UIButtonHoverScale:Update() (at E:/Unity/Projects/Work/FeatherLandNew/Assets/Scripts/UIButtonHoverScale.cs:236)

[ShopButton] 鼠标在按钮区域内: (18.50, -13.02), 按钮区域: (x:-40.25, y:-57.25, width:80.50, height:114.50)
UnityEngine.DebugLogHandler:Internal_Log(LogType, LogOption, String, Object)
UnityEngine.Logger:Log(LogType, Object)
UnityEngine.Debug:Log(Object)
UIButtonHoverScale:IsMouseOverButton() (at E:/Unity/Projects/Work/FeatherLandNew/Assets/Scripts/UIButtonHoverScale.cs:458)
UIButtonHoverScale:Update() (at E:/Unity/Projects/Work/FeatherLandNew/Assets/Scripts/UIButtonHoverScale.cs:236)

[ShopButton] 鼠标在按钮区域内: (18.50, -13.02), 按钮区域: (x:-40.25, y:-57.25, width:80.50, height:114.50)
UnityEngine.DebugLogHandler:Internal_Log(LogType, LogOption, String, Object)
UnityEngine.Logger:Log(LogType, Object)
UnityEngine.Debug:Log(Object)
UIButtonHoverScale:IsMouseOverButton() (at E:/Unity/Projects/Work/FeatherLandNew/Assets/Scripts/UIButtonHoverScale.cs:458)
UIButtonHoverScale:Update() (at E:/Unity/Projects/Work/FeatherLandNew/Assets/Scripts/UIButtonHoverScale.cs:236)

[ShopButton] 鼠标在按钮区域内: (21.23, -13.02), 按钮区域: (x:-40.25, y:-57.25, width:80.50, height:114.50)
UnityEngine.DebugLogHandler:Internal_Log(LogType, LogOption, String, Object)
UnityEngine.Logger:Log(LogType, Object)
UnityEngine.Debug:Log(Object)
UIButtonHoverScale:IsMouseOverButton() (at E:/Unity/Projects/Work/FeatherLandNew/Assets/Scripts/UIButtonHoverScale.cs:458)
UIButtonHoverScale:Update() (at E:/Unity/Projects/Work/FeatherLandNew/Assets/Scripts/UIButtonHoverScale.cs:236)

[ShopButton] 鼠标在按钮区域内: (29.41, -13.02), 按钮区域: (x:-40.25, y:-57.25, width:80.50, height:114.50)
UnityEngine.DebugLogHandler:Internal_Log(LogType, LogOption, String, Object)
UnityEngine.Logger:Log(LogType, Object)
UnityEngine.Debug:Log(Object)
UIButtonHoverScale:IsMouseOverButton() (at E:/Unity/Projects/Work/FeatherLandNew/Assets/Scripts/UIButtonHoverScale.cs:458)
UIButtonHoverScale:Update() (at E:/Unity/Projects/Work/FeatherLandNew/Assets/Scripts/UIButtonHoverScale.cs:236)

[ShopButton] 鼠标在按钮区域内: (34.86, -14.84), 按钮区域: (x:-40.25, y:-57.25, width:80.50, height:114.50)
UnityEngine.DebugLogHandler:Internal_Log(LogType, LogOption, String, Object)
UnityEngine.Logger:Log(LogType, Object)
UnityEngine.Debug:Log(Object)
UIButtonHoverScale:IsMouseOverButton() (at E:/Unity/Projects/Work/FeatherLandNew/Assets/Scripts/UIButtonHoverScale.cs:458)
UIButtonHoverScale:Update() (at E:/Unity/Projects/Work/FeatherLandNew/Assets/Scripts/UIButtonHoverScale.cs:236)

[IllustratedButton] 鼠标在按钮区域内: (-46.60, -21.50), 按钮区域: (x:-46.75, y:-57.75, width:93.50, height:115.50)
UnityEngine.DebugLogHandler:Internal_Log(LogType, LogOption, String, Object)
UnityEngine.Logger:Log(LogType, Object)
UnityEngine.Debug:Log(Object)
UIButtonHoverScale:IsMouseOverButton() (at E:/Unity/Projects/Work/FeatherLandNew/Assets/Scripts/UIButtonHoverScale.cs:458)
UIButtonHoverScale:Update() (at E:/Unity/Projects/Work/FeatherLandNew/Assets/Scripts/UIButtonHoverScale.cs:236)

[IllustratedButton] 鼠标在按钮区域内: (-40.55, -19.55), 按钮区域: (x:-46.75, y:-57.75, width:93.50, height:115.50)
UnityEngine.DebugLogHandler:Internal_Log(LogType, LogOption, String, Object)
UnityEngine.Logger:Log(LogType, Object)
UnityEngine.Debug:Log(Object)
UIButtonHoverScale:IsMouseOverButton() (at E:/Unity/Projects/Work/FeatherLandNew/Assets/Scripts/UIButtonHoverScale.cs:458)
UIButtonHoverScale:Update() (at E:/Unity/Projects/Work/FeatherLandNew/Assets/Scripts/UIButtonHoverScale.cs:236)

[IllustratedButton] 鼠标在按钮区域内: (-39.64, -19.55), 按钮区域: (x:-46.75, y:-57.75, width:93.50, height:115.50)
UnityEngine.DebugLogHandler:Internal_Log(LogType, LogOption, String, Object)
UnityEngine.Logger:Log(LogType, Object)
UnityEngine.Debug:Log(Object)
UIButtonHoverScale:IsMouseOverButton() (at E:/Unity/Projects/Work/FeatherLandNew/Assets/Scripts/UIButtonHoverScale.cs:458)
UIButtonHoverScale:Update() (at E:/Unity/Projects/Work/FeatherLandNew/Assets/Scripts/UIButtonHoverScale.cs:236)

[IllustratedButton] 鼠标在按钮区域内: (-37.82, -19.55), 按钮区域: (x:-46.75, y:-57.75, width:93.50, height:115.50)
UnityEngine.DebugLogHandler:Internal_Log(LogType, LogOption, String, Object)
UnityEngine.Logger:Log(LogType, Object)
UnityEngine.Debug:Log(Object)
UIButtonHoverScale:IsMouseOverButton() (at E:/Unity/Projects/Work/FeatherLandNew/Assets/Scripts/UIButtonHoverScale.cs:458)
UIButtonHoverScale:Update() (at E:/Unity/Projects/Work/FeatherLandNew/Assets/Scripts/UIButtonHoverScale.cs:236)

[IllustratedButton] 鼠标在按钮区域内: (-37.82, -19.55), 按钮区域: (x:-46.75, y:-57.75, width:93.50, height:115.50)
UnityEngine.DebugLogHandler:Internal_Log(LogType, LogOption, String, Object)
UnityEngine.Logger:Log(LogType, Object)
UnityEngine.Debug:Log(Object)
UIButtonHoverScale:IsMouseOverButton() (at E:/Unity/Projects/Work/FeatherLandNew/Assets/Scripts/UIButtonHoverScale.cs:458)
UIButtonHoverScale:Update() (at E:/Unity/Projects/Work/FeatherLandNew/Assets/Scripts/UIButtonHoverScale.cs:236)

[IllustratedButton] 鼠标在按钮区域内: (-36.91, -19.55), 按钮区域: (x:-46.75, y:-57.75, width:93.50, height:115.50)
UnityEngine.DebugLogHandler:Internal_Log(LogType, LogOption, String, Object)
UnityEngine.Logger:Log(LogType, Object)
UnityEngine.Debug:Log(Object)
UIButtonHoverScale:IsMouseOverButton() (at E:/Unity/Projects/Work/FeatherLandNew/Assets/Scripts/UIButtonHoverScale.cs:458)
UIButtonHoverScale:Update() (at E:/Unity/Projects/Work/FeatherLandNew/Assets/Scripts/UIButtonHoverScale.cs:236)

[IllustratedButton] 鼠标在按钮区域内: (-36.91, -19.55), 按钮区域: (x:-46.75, y:-57.75, width:93.50, height:115.50)
UnityEngine.DebugLogHandler:Internal_Log(LogType, LogOption, String, Object)
UnityEngine.Logger:Log(LogType, Object)
UnityEngine.Debug:Log(Object)
UIButtonHoverScale:IsMouseOverButton() (at E:/Unity/Projects/Work/FeatherLandNew/Assets/Scripts/UIButtonHoverScale.cs:458)
UIButtonHoverScale:Update() (at E:/Unity/Projects/Work/FeatherLandNew/Assets/Scripts/UIButtonHoverScale.cs:236)

[IllustratedButton] 鼠标在按钮区域内: (-36.00, -19.55), 按钮区域: (x:-46.75, y:-57.75, width:93.50, height:115.50)
UnityEngine.DebugLogHandler:Internal_Log(LogType, LogOption, String, Object)
UnityEngine.Logger:Log(LogType, Object)
UnityEngine.Debug:Log(Object)
UIButtonHoverScale:IsMouseOverButton() (at E:/Unity/Projects/Work/FeatherLandNew/Assets/Scripts/UIButtonHoverScale.cs:458)
UIButtonHoverScale:Update() (at E:/Unity/Projects/Work/FeatherLandNew/Assets/Scripts/UIButtonHoverScale.cs:236)

[IllustratedButton] 鼠标在按钮区域内: (-36.00, -19.55), 按钮区域: (x:-46.75, y:-57.75, width:93.50, height:115.50)
UnityEngine.DebugLogHandler:Internal_Log(LogType, LogOption, String, Object)
UnityEngine.Logger:Log(LogType, Object)
UnityEngine.Debug:Log(Object)
UIButtonHoverScale:IsMouseOverButton() (at E:/Unity/Projects/Work/FeatherLandNew/Assets/Scripts/UIButtonHoverScale.cs:458)
UIButtonHoverScale:Update() (at E:/Unity/Projects/Work/FeatherLandNew/Assets/Scripts/UIButtonHoverScale.cs:236)

[IllustratedButton] 鼠标在按钮区域内: (-36.00, -19.55), 按钮区域: (x:-46.75, y:-57.75, width:93.50, height:115.50)
UnityEngine.DebugLogHandler:Internal_Log(LogType, LogOption, String, Object)
UnityEngine.Logger:Log(LogType, Object)
UnityEngine.Debug:Log(Object)
UIButtonHoverScale:IsMouseOverButton() (at E:/Unity/Projects/Work/FeatherLandNew/Assets/Scripts/UIButtonHoverScale.cs:458)
UIButtonHoverScale:Update() (at E:/Unity/Projects/Work/FeatherLandNew/Assets/Scripts/UIButtonHoverScale.cs:236)

[IllustratedButton] 鼠标在按钮区域内: (-35.09, -18.64), 按钮区域: (x:-46.75, y:-57.75, width:93.50, height:115.50)
UnityEngine.DebugLogHandler:Internal_Log(LogType, LogOption, String, Object)
UnityEngine.Logger:Log(LogType, Object)
UnityEngine.Debug:Log(Object)
UIButtonHoverScale:IsMouseOverButton() (at E:/Unity/Projects/Work/FeatherLandNew/Assets/Scripts/UIButtonHoverScale.cs:458)
UIButtonHoverScale:Update() (at E:/Unity/Projects/Work/FeatherLandNew/Assets/Scripts/UIButtonHoverScale.cs:236)

[IllustratedButton] 鼠标在按钮区域内: (-35.09, -18.64), 按钮区域: (x:-46.75, y:-57.75, width:93.50, height:115.50)
UnityEngine.DebugLogHandler:Internal_Log(LogType, LogOption, String, Object)
UnityEngine.Logger:Log(LogType, Object)
UnityEngine.Debug:Log(Object)
UIButtonHoverScale:IsMouseOverButton() (at E:/Unity/Projects/Work/FeatherLandNew/Assets/Scripts/UIButtonHoverScale.cs:458)
UIButtonHoverScale:Update() (at E:/Unity/Projects/Work/FeatherLandNew/Assets/Scripts/UIButtonHoverScale.cs:236)

[IllustratedButton] 鼠标在按钮区域内: (-35.09, -18.64), 按钮区域: (x:-46.75, y:-57.75, width:93.50, height:115.50)
UnityEngine.DebugLogHandler:Internal_Log(LogType, LogOption, String, Object)
UnityEngine.Logger:Log(LogType, Object)
UnityEngine.Debug:Log(Object)
UIButtonHoverScale:IsMouseOverButton() (at E:/Unity/Projects/Work/FeatherLandNew/Assets/Scripts/UIButtonHoverScale.cs:458)
UIButtonHoverScale:Update() (at E:/Unity/Projects/Work/FeatherLandNew/Assets/Scripts/UIButtonHoverScale.cs:236)

[IllustratedButton] 鼠标在按钮区域内: (-35.09, -17.73), 按钮区域: (x:-46.75, y:-57.75, width:93.50, height:115.50)
UnityEngine.DebugLogHandler:Internal_Log(LogType, LogOption, String, Object)
UnityEngine.Logger:Log(LogType, Object)
UnityEngine.Debug:Log(Object)
UIButtonHoverScale:IsMouseOverButton() (at E:/Unity/Projects/Work/FeatherLandNew/Assets/Scripts/UIButtonHoverScale.cs:458)
UIButtonHoverScale:Update() (at E:/Unity/Projects/Work/FeatherLandNew/Assets/Scripts/UIButtonHoverScale.cs:236)

[IllustratedButton] 鼠标在按钮区域内: (-36.91, -17.73), 按钮区域: (x:-46.75, y:-57.75, width:93.50, height:115.50)
UnityEngine.DebugLogHandler:Internal_Log(LogType, LogOption, String, Object)
UnityEngine.Logger:Log(LogType, Object)
UnityEngine.Debug:Log(Object)
UIButtonHoverScale:IsMouseOverButton() (at E:/Unity/Projects/Work/FeatherLandNew/Assets/Scripts/UIButtonHoverScale.cs:458)
UIButtonHoverScale:Update() (at E:/Unity/Projects/Work/FeatherLandNew/Assets/Scripts/UIButtonHoverScale.cs:236)

[IllustratedButton] 鼠标在按钮区域内: (-39.64, -16.82), 按钮区域: (x:-46.75, y:-57.75, width:93.50, height:115.50)
UnityEngine.DebugLogHandler:Internal_Log(LogType, LogOption, String, Object)
UnityEngine.Logger:Log(LogType, Object)
UnityEngine.Debug:Log(Object)
UIButtonHoverScale:IsMouseOverButton() (at E:/Unity/Projects/Work/FeatherLandNew/Assets/Scripts/UIButtonHoverScale.cs:458)
UIButtonHoverScale:Update() (at E:/Unity/Projects/Work/FeatherLandNew/Assets/Scripts/UIButtonHoverScale.cs:236)

[IllustratedButton] 鼠标在按钮区域内: (-45.09, -16.82), 按钮区域: (x:-46.75, y:-57.75, width:93.50, height:115.50)
UnityEngine.DebugLogHandler:Internal_Log(LogType, LogOption, String, Object)
UnityEngine.Logger:Log(LogType, Object)
UnityEngine.Debug:Log(Object)
UIButtonHoverScale:IsMouseOverButton() (at E:/Unity/Projects/Work/FeatherLandNew/Assets/Scripts/UIButtonHoverScale.cs:458)
UIButtonHoverScale:Update() (at E:/Unity/Projects/Work/FeatherLandNew/Assets/Scripts/UIButtonHoverScale.cs:236)

[ShopButton] 鼠标在按钮区域内: (36.35, -13.32), 按钮区域: (x:-40.25, y:-57.25, width:80.50, height:114.50)
UnityEngine.DebugLogHandler:Internal_Log(LogType, LogOption, String, Object)
UnityEngine.Logger:Log(LogType, Object)
UnityEngine.Debug:Log(Object)
UIButtonHoverScale:IsMouseOverButton() (at E:/Unity/Projects/Work/FeatherLandNew/Assets/Scripts/UIButtonHoverScale.cs:458)
UIButtonHoverScale:Update() (at E:/Unity/Projects/Work/FeatherLandNew/Assets/Scripts/UIButtonHoverScale.cs:236)

[ShopButton] 鼠标在按钮区域内: (27.59, -12.11), 按钮区域: (x:-40.25, y:-57.25, width:80.50, height:114.50)
UnityEngine.DebugLogHandler:Internal_Log(LogType, LogOption, String, Object)
UnityEngine.Logger:Log(LogType, Object)
UnityEngine.Debug:Log(Object)
UIButtonHoverScale:IsMouseOverButton() (at E:/Unity/Projects/Work/FeatherLandNew/Assets/Scripts/UIButtonHoverScale.cs:458)
UIButtonHoverScale:Update() (at E:/Unity/Projects/Work/FeatherLandNew/Assets/Scripts/UIButtonHoverScale.cs:236)

[ShopButton] 鼠标在按钮区域内: (21.23, -12.11), 按钮区域: (x:-40.25, y:-57.25, width:80.50, height:114.50)
UnityEngine.DebugLogHandler:Internal_Log(LogType, LogOption, String, Object)
UnityEngine.Logger:Log(LogType, Object)
UnityEngine.Debug:Log(Object)
UIButtonHoverScale:IsMouseOverButton() (at E:/Unity/Projects/Work/FeatherLandNew/Assets/Scripts/UIButtonHoverScale.cs:458)
UIButtonHoverScale:Update() (at E:/Unity/Projects/Work/FeatherLandNew/Assets/Scripts/UIButtonHoverScale.cs:236)

[ShopButton] 鼠标在按钮区域内: (18.50, -12.11), 按钮区域: (x:-40.25, y:-57.25, width:80.50, height:114.50)
UnityEngine.DebugLogHandler:Internal_Log(LogType, LogOption, String, Object)
UnityEngine.Logger:Log(LogType, Object)
UnityEngine.Debug:Log(Object)
UIButtonHoverScale:IsMouseOverButton() (at E:/Unity/Projects/Work/FeatherLandNew/Assets/Scripts/UIButtonHoverScale.cs:458)
UIButtonHoverScale:Update() (at E:/Unity/Projects/Work/FeatherLandNew/Assets/Scripts/UIButtonHoverScale.cs:236)

[ShopButton] 鼠标在按钮区域内: (11.23, -12.11), 按钮区域: (x:-40.25, y:-57.25, width:80.50, height:114.50)
UnityEngine.DebugLogHandler:Internal_Log(LogType, LogOption, String, Object)
UnityEngine.Logger:Log(LogType, Object)
UnityEngine.Debug:Log(Object)
UIButtonHoverScale:IsMouseOverButton() (at E:/Unity/Projects/Work/FeatherLandNew/Assets/Scripts/UIButtonHoverScale.cs:458)
UIButtonHoverScale:Update() (at E:/Unity/Projects/Work/FeatherLandNew/Assets/Scripts/UIButtonHoverScale.cs:236)

[ShopButton] 鼠标在按钮区域内: (8.50, -12.11), 按钮区域: (x:-40.25, y:-57.25, width:80.50, height:114.50)
UnityEngine.DebugLogHandler:Internal_Log(LogType, LogOption, String, Object)
UnityEngine.Logger:Log(LogType, Object)
UnityEngine.Debug:Log(Object)
UIButtonHoverScale:IsMouseOverButton() (at E:/Unity/Projects/Work/FeatherLandNew/Assets/Scripts/UIButtonHoverScale.cs:458)
UIButtonHoverScale:Update() (at E:/Unity/Projects/Work/FeatherLandNew/Assets/Scripts/UIButtonHoverScale.cs:236)

[ShopButton] 鼠标在按钮区域内: (6.68, -12.11), 按钮区域: (x:-40.25, y:-57.25, width:80.50, height:114.50)
UnityEngine.DebugLogHandler:Internal_Log(LogType, LogOption, String, Object)
UnityEngine.Logger:Log(LogType, Object)
UnityEngine.Debug:Log(Object)
UIButtonHoverScale:IsMouseOverButton() (at E:/Unity/Projects/Work/FeatherLandNew/Assets/Scripts/UIButtonHoverScale.cs:458)
UIButtonHoverScale:Update() (at E:/Unity/Projects/Work/FeatherLandNew/Assets/Scripts/UIButtonHoverScale.cs:236)

[ShopButton] 鼠标在按钮区域内: (5.77, -12.11), 按钮区域: (x:-40.25, y:-57.25, width:80.50, height:114.50)
UnityEngine.DebugLogHandler:Internal_Log(LogType, LogOption, String, Object)
UnityEngine.Logger:Log(LogType, Object)
UnityEngine.Debug:Log(Object)
UIButtonHoverScale:IsMouseOverButton() (at E:/Unity/Projects/Work/FeatherLandNew/Assets/Scripts/UIButtonHoverScale.cs:458)
UIButtonHoverScale:Update() (at E:/Unity/Projects/Work/FeatherLandNew/Assets/Scripts/UIButtonHoverScale.cs:236)

[ShopButton] 鼠标在按钮区域内: (5.77, -12.11), 按钮区域: (x:-40.25, y:-57.25, width:80.50, height:114.50)
UnityEngine.DebugLogHandler:Internal_Log(LogType, LogOption, String, Object)
UnityEngine.Logger:Log(LogType, Object)
UnityEngine.Debug:Log(Object)
UIButtonHoverScale:IsMouseOverButton() (at E:/Unity/Projects/Work/FeatherLandNew/Assets/Scripts/UIButtonHoverScale.cs:458)
UIButtonHoverScale:Update() (at E:/Unity/Projects/Work/FeatherLandNew/Assets/Scripts/UIButtonHoverScale.cs:236)

[ShopButton] 鼠标在按钮区域内: (5.77, -12.11), 按钮区域: (x:-40.25, y:-57.25, width:80.50, height:114.50)
UnityEngine.DebugLogHandler:Internal_Log(LogType, LogOption, String, Object)
UnityEngine.Logger:Log(LogType, Object)
UnityEngine.Debug:Log(Object)
UIButtonHoverScale:IsMouseOverButton() (at E:/Unity/Projects/Work/FeatherLandNew/Assets/Scripts/UIButtonHoverScale.cs:458)
UIButtonHoverScale:Update() (at E:/Unity/Projects/Work/FeatherLandNew/Assets/Scripts/UIButtonHoverScale.cs:236)

[ShopButton] 鼠标在按钮区域内: (5.77, -12.11), 按钮区域: (x:-40.25, y:-57.25, width:80.50, height:114.50)
UnityEngine.DebugLogHandler:Internal_Log(LogType, LogOption, String, Object)
UnityEngine.Logger:Log(LogType, Object)
UnityEngine.Debug:Log(Object)
UIButtonHoverScale:IsMouseOverButton() (at E:/Unity/Projects/Work/FeatherLandNew/Assets/Scripts/UIButtonHoverScale.cs:458)
UIButtonHoverScale:Update() (at E:/Unity/Projects/Work/FeatherLandNew/Assets/Scripts/UIButtonHoverScale.cs:236)

[ShopButton] 鼠标在按钮区域内: (5.77, -12.11), 按钮区域: (x:-40.25, y:-57.25, width:80.50, height:114.50)
UnityEngine.DebugLogHandler:Internal_Log(LogType, LogOption, String, Object)
UnityEngine.Logger:Log(LogType, Object)
UnityEngine.Debug:Log(Object)
UIButtonHoverScale:IsMouseOverButton() (at E:/Unity/Projects/Work/FeatherLandNew/Assets/Scripts/UIButtonHoverScale.cs:458)
UIButtonHoverScale:Update() (at E:/Unity/Projects/Work/FeatherLandNew/Assets/Scripts/UIButtonHoverScale.cs:236)

[ShopButton] 鼠标在按钮区域内: (5.77, -12.11), 按钮区域: (x:-40.25, y:-57.25, width:80.50, height:114.50)
UnityEngine.DebugLogHandler:Internal_Log(LogType, LogOption, String, Object)
UnityEngine.Logger:Log(LogType, Object)
UnityEngine.Debug:Log(Object)
UIButtonHoverScale:IsMouseOverButton() (at E:/Unity/Projects/Work/FeatherLandNew/Assets/Scripts/UIButtonHoverScale.cs:458)
UIButtonHoverScale:Update() (at E:/Unity/Projects/Work/FeatherLandNew/Assets/Scripts/UIButtonHoverScale.cs:236)

[ShopButton] 鼠标在按钮区域内: (5.77, -12.11), 按钮区域: (x:-40.25, y:-57.25, width:80.50, height:114.50)
UnityEngine.DebugLogHandler:Internal_Log(LogType, LogOption, String, Object)
UnityEngine.Logger:Log(LogType, Object)
UnityEngine.Debug:Log(Object)
UIButtonHoverScale:IsMouseOverButton() (at E:/Unity/Projects/Work/FeatherLandNew/Assets/Scripts/UIButtonHoverScale.cs:458)
UIButtonHoverScale:Update() (at E:/Unity/Projects/Work/FeatherLandNew/Assets/Scripts/UIButtonHoverScale.cs:236)

[ShopButton] 鼠标在按钮区域内: (5.77, -12.11), 按钮区域: (x:-40.25, y:-57.25, width:80.50, height:114.50)
UnityEngine.DebugLogHandler:Internal_Log(LogType, LogOption, String, Object)
UnityEngine.Logger:Log(LogType, Object)
UnityEngine.Debug:Log(Object)
UIButtonHoverScale:IsMouseOverButton() (at E:/Unity/Projects/Work/FeatherLandNew/Assets/Scripts/UIButtonHoverScale.cs:458)
UIButtonHoverScale:Update() (at E:/Unity/Projects/Work/FeatherLandNew/Assets/Scripts/UIButtonHoverScale.cs:236)

[ShopButton] 鼠标在按钮区域内: (5.77, -12.11), 按钮区域: (x:-40.25, y:-57.25, width:80.50, height:114.50)
UnityEngine.DebugLogHandler:Internal_Log(LogType, LogOption, String, Object)
UnityEngine.Logger:Log(LogType, Object)
UnityEngine.Debug:Log(Object)
UIButtonHoverScale:IsMouseOverButton() (at E:/Unity/Projects/Work/FeatherLandNew/Assets/Scripts/UIButtonHoverScale.cs:458)
UIButtonHoverScale:Update() (at E:/Unity/Projects/Work/FeatherLandNew/Assets/Scripts/UIButtonHoverScale.cs:236)

[ShopButton] 鼠标在按钮区域内: (5.77, -12.11), 按钮区域: (x:-40.25, y:-57.25, width:80.50, height:114.50)
UnityEngine.DebugLogHandler:Internal_Log(LogType, LogOption, String, Object)
UnityEngine.Logger:Log(LogType, Object)
UnityEngine.Debug:Log(Object)
UIButtonHoverScale:IsMouseOverButton() (at E:/Unity/Projects/Work/FeatherLandNew/Assets/Scripts/UIButtonHoverScale.cs:458)
UIButtonHoverScale:Update() (at E:/Unity/Projects/Work/FeatherLandNew/Assets/Scripts/UIButtonHoverScale.cs:236)

[ShopButton] 鼠标在按钮区域内: (5.77, -12.11), 按钮区域: (x:-40.25, y:-57.25, width:80.50, height:114.50)
UnityEngine.DebugLogHandler:Internal_Log(LogType, LogOption, String, Object)
UnityEngine.Logger:Log(LogType, Object)
UnityEngine.Debug:Log(Object)
UIButtonHoverScale:IsMouseOverButton() (at E:/Unity/Projects/Work/FeatherLandNew/Assets/Scripts/UIButtonHoverScale.cs:458)
UIButtonHoverScale:Update() (at E:/Unity/Projects/Work/FeatherLandNew/Assets/Scripts/UIButtonHoverScale.cs:236)

[ShopButton] 鼠标在按钮区域内: (5.77, -12.11), 按钮区域: (x:-40.25, y:-57.25, width:80.50, height:114.50)
UnityEngine.DebugLogHandler:Internal_Log(LogType, LogOption, String, Object)
UnityEngine.Logger:Log(LogType, Object)
UnityEngine.Debug:Log(Object)
UIButtonHoverScale:IsMouseOverButton() (at E:/Unity/Projects/Work/FeatherLandNew/Assets/Scripts/UIButtonHoverScale.cs:458)
UIButtonHoverScale:Update() (at E:/Unity/Projects/Work/FeatherLandNew/Assets/Scripts/UIButtonHoverScale.cs:236)

[ShopButton] 鼠标在按钮区域内: (5.77, -12.11), 按钮区域: (x:-40.25, y:-57.25, width:80.50, height:114.50)
UnityEngine.DebugLogHandler:Internal_Log(LogType, LogOption, String, Object)
UnityEngine.Logger:Log(LogType, Object)
UnityEngine.Debug:Log(Object)
UIButtonHoverScale:IsMouseOverButton() (at E:/Unity/Projects/Work/FeatherLandNew/Assets/Scripts/UIButtonHoverScale.cs:458)
UIButtonHoverScale:Update() (at E:/Unity/Projects/Work/FeatherLandNew/Assets/Scripts/UIButtonHoverScale.cs:236)

[ShopButton] 鼠标在按钮区域内: (8.50, -12.11), 按钮区域: (x:-40.25, y:-57.25, width:80.50, height:114.50)
UnityEngine.DebugLogHandler:Internal_Log(LogType, LogOption, String, Object)
UnityEngine.Logger:Log(LogType, Object)
UnityEngine.Debug:Log(Object)
UIButtonHoverScale:IsMouseOverButton() (at E:/Unity/Projects/Work/FeatherLandNew/Assets/Scripts/UIButtonHoverScale.cs:458)
UIButtonHoverScale:Update() (at E:/Unity/Projects/Work/FeatherLandNew/Assets/Scripts/UIButtonHoverScale.cs:236)

[ShopButton] 鼠标在按钮区域内: (22.14, -11.20), 按钮区域: (x:-40.25, y:-57.25, width:80.50, height:114.50)
UnityEngine.DebugLogHandler:Internal_Log(LogType, LogOption, String, Object)
UnityEngine.Logger:Log(LogType, Object)
UnityEngine.Debug:Log(Object)
UIButtonHoverScale:IsMouseOverButton() (at E:/Unity/Projects/Work/FeatherLandNew/Assets/Scripts/UIButtonHoverScale.cs:458)
UIButtonHoverScale:Update() (at E:/Unity/Projects/Work/FeatherLandNew/Assets/Scripts/UIButtonHoverScale.cs:236)

[ShopButton] 鼠标在按钮区域内: (39.41, -11.20), 按钮区域: (x:-40.25, y:-57.25, width:80.50, height:114.50)
UnityEngine.DebugLogHandler:Internal_Log(LogType, LogOption, String, Object)
UnityEngine.Logger:Log(LogType, Object)
UnityEngine.Debug:Log(Object)
UIButtonHoverScale:IsMouseOverButton() (at E:/Unity/Projects/Work/FeatherLandNew/Assets/Scripts/UIButtonHoverScale.cs:458)
UIButtonHoverScale:Update() (at E:/Unity/Projects/Work/FeatherLandNew/Assets/Scripts/UIButtonHoverScale.cs:236)

[IllustratedButton] 鼠标在按钮区域内: (-40.60, -13.50), 按钮区域: (x:-46.75, y:-57.75, width:93.50, height:115.50)
UnityEngine.DebugLogHandler:Internal_Log(LogType, LogOption, String, Object)
UnityEngine.Logger:Log(LogType, Object)
UnityEngine.Debug:Log(Object)
UIButtonHoverScale:IsMouseOverButton() (at E:/Unity/Projects/Work/FeatherLandNew/Assets/Scripts/UIButtonHoverScale.cs:458)
UIButtonHoverScale:Update() (at E:/Unity/Projects/Work/FeatherLandNew/Assets/Scripts/UIButtonHoverScale.cs:236)

[IllustratedButton] 鼠标在按钮区域内: (-29.64, -12.27), 按钮区域: (x:-46.75, y:-57.75, width:93.50, height:115.50)
UnityEngine.DebugLogHandler:Internal_Log(LogType, LogOption, String, Object)
UnityEngine.Logger:Log(LogType, Object)
UnityEngine.Debug:Log(Object)
UIButtonHoverScale:IsMouseOverButton() (at E:/Unity/Projects/Work/FeatherLandNew/Assets/Scripts/UIButtonHoverScale.cs:458)
UIButtonHoverScale:Update() (at E:/Unity/Projects/Work/FeatherLandNew/Assets/Scripts/UIButtonHoverScale.cs:236)

[IllustratedButton] 鼠标在按钮区域内: (-20.55, -12.27), 按钮区域: (x:-46.75, y:-57.75, width:93.50, height:115.50)
UnityEngine.DebugLogHandler:Internal_Log(LogType, LogOption, String, Object)
UnityEngine.Logger:Log(LogType, Object)
UnityEngine.Debug:Log(Object)
UIButtonHoverScale:IsMouseOverButton() (at E:/Unity/Projects/Work/FeatherLandNew/Assets/Scripts/UIButtonHoverScale.cs:458)
UIButtonHoverScale:Update() (at E:/Unity/Projects/Work/FeatherLandNew/Assets/Scripts/UIButtonHoverScale.cs:236)

[IllustratedButton] 鼠标在按钮区域内: (-18.73, -12.27), 按钮区域: (x:-46.75, y:-57.75, width:93.50, height:115.50)
UnityEngine.DebugLogHandler:Internal_Log(LogType, LogOption, String, Object)
UnityEngine.Logger:Log(LogType, Object)
UnityEngine.Debug:Log(Object)
UIButtonHoverScale:IsMouseOverButton() (at E:/Unity/Projects/Work/FeatherLandNew/Assets/Scripts/UIButtonHoverScale.cs:458)
UIButtonHoverScale:Update() (at E:/Unity/Projects/Work/FeatherLandNew/Assets/Scripts/UIButtonHoverScale.cs:236)

[IllustratedButton] 鼠标在按钮区域内: (-17.82, -12.27), 按钮区域: (x:-46.75, y:-57.75, width:93.50, height:115.50)
UnityEngine.DebugLogHandler:Internal_Log(LogType, LogOption, String, Object)
UnityEngine.Logger:Log(LogType, Object)
UnityEngine.Debug:Log(Object)
UIButtonHoverScale:IsMouseOverButton() (at E:/Unity/Projects/Work/FeatherLandNew/Assets/Scripts/UIButtonHoverScale.cs:458)
UIButtonHoverScale:Update() (at E:/Unity/Projects/Work/FeatherLandNew/Assets/Scripts/UIButtonHoverScale.cs:236)

[IllustratedButton] 鼠标在按钮区域内: (-16.91, -12.27), 按钮区域: (x:-46.75, y:-57.75, width:93.50, height:115.50)
UnityEngine.DebugLogHandler:Internal_Log(LogType, LogOption, String, Object)
UnityEngine.Logger:Log(LogType, Object)
UnityEngine.Debug:Log(Object)
UIButtonHoverScale:IsMouseOverButton() (at E:/Unity/Projects/Work/FeatherLandNew/Assets/Scripts/UIButtonHoverScale.cs:458)
UIButtonHoverScale:Update() (at E:/Unity/Projects/Work/FeatherLandNew/Assets/Scripts/UIButtonHoverScale.cs:236)

[IllustratedButton] 鼠标在按钮区域内: (-15.09, -12.27), 按钮区域: (x:-46.75, y:-57.75, width:93.50, height:115.50)
UnityEngine.DebugLogHandler:Internal_Log(LogType, LogOption, String, Object)
UnityEngine.Logger:Log(LogType, Object)
UnityEngine.Debug:Log(Object)
UIButtonHoverScale:IsMouseOverButton() (at E:/Unity/Projects/Work/FeatherLandNew/Assets/Scripts/UIButtonHoverScale.cs:458)
UIButtonHoverScale:Update() (at E:/Unity/Projects/Work/FeatherLandNew/Assets/Scripts/UIButtonHoverScale.cs:236)

[IllustratedButton] 鼠标在按钮区域内: (-15.09, -12.27), 按钮区域: (x:-46.75, y:-57.75, width:93.50, height:115.50)
UnityEngine.DebugLogHandler:Internal_Log(LogType, LogOption, String, Object)
UnityEngine.Logger:Log(LogType, Object)
UnityEngine.Debug:Log(Object)
UIButtonHoverScale:IsMouseOverButton() (at E:/Unity/Projects/Work/FeatherLandNew/Assets/Scripts/UIButtonHoverScale.cs:458)
UIButtonHoverScale:Update() (at E:/Unity/Projects/Work/FeatherLandNew/Assets/Scripts/UIButtonHoverScale.cs:236)

[IllustratedButton] 鼠标在按钮区域内: (-13.27, -12.27), 按钮区域: (x:-46.75, y:-57.75, width:93.50, height:115.50)
UnityEngine.DebugLogHandler:Internal_Log(LogType, LogOption, String, Object)
UnityEngine.Logger:Log(LogType, Object)
UnityEngine.Debug:Log(Object)
UIButtonHoverScale:IsMouseOverButton() (at E:/Unity/Projects/Work/FeatherLandNew/Assets/Scripts/UIButtonHoverScale.cs:458)
UIButtonHoverScale:Update() (at E:/Unity/Projects/Work/FeatherLandNew/Assets/Scripts/UIButtonHoverScale.cs:236)

[IllustratedButton] 鼠标在按钮区域内: (-8.73, -12.27), 按钮区域: (x:-46.75, y:-57.75, width:93.50, height:115.50)
UnityEngine.DebugLogHandler:Internal_Log(LogType, LogOption, String, Object)
UnityEngine.Logger:Log(LogType, Object)
UnityEngine.Debug:Log(Object)
UIButtonHoverScale:IsMouseOverButton() (at E:/Unity/Projects/Work/FeatherLandNew/Assets/Scripts/UIButtonHoverScale.cs:458)
UIButtonHoverScale:Update() (at E:/Unity/Projects/Work/FeatherLandNew/Assets/Scripts/UIButtonHoverScale.cs:236)

[IllustratedButton] 鼠标在按钮区域内: (-6.91, -12.27), 按钮区域: (x:-46.75, y:-57.75, width:93.50, height:115.50)
UnityEngine.DebugLogHandler:Internal_Log(LogType, LogOption, String, Object)
UnityEngine.Logger:Log(LogType, Object)
UnityEngine.Debug:Log(Object)
UIButtonHoverScale:IsMouseOverButton() (at E:/Unity/Projects/Work/FeatherLandNew/Assets/Scripts/UIButtonHoverScale.cs:458)
UIButtonHoverScale:Update() (at E:/Unity/Projects/Work/FeatherLandNew/Assets/Scripts/UIButtonHoverScale.cs:236)

[IllustratedButton] 鼠标在按钮区域内: (-6.00, -12.27), 按钮区域: (x:-46.75, y:-57.75, width:93.50, height:115.50)
UnityEngine.DebugLogHandler:Internal_Log(LogType, LogOption, String, Object)
UnityEngine.Logger:Log(LogType, Object)
UnityEngine.Debug:Log(Object)
UIButtonHoverScale:IsMouseOverButton() (at E:/Unity/Projects/Work/FeatherLandNew/Assets/Scripts/UIButtonHoverScale.cs:458)
UIButtonHoverScale:Update() (at E:/Unity/Projects/Work/FeatherLandNew/Assets/Scripts/UIButtonHoverScale.cs:236)

[IllustratedButton] 鼠标在按钮区域内: (-6.00, -12.27), 按钮区域: (x:-46.75, y:-57.75, width:93.50, height:115.50)
UnityEngine.DebugLogHandler:Internal_Log(LogType, LogOption, String, Object)
UnityEngine.Logger:Log(LogType, Object)
UnityEngine.Debug:Log(Object)
UIButtonHoverScale:IsMouseOverButton() (at E:/Unity/Projects/Work/FeatherLandNew/Assets/Scripts/UIButtonHoverScale.cs:458)
UIButtonHoverScale:Update() (at E:/Unity/Projects/Work/FeatherLandNew/Assets/Scripts/UIButtonHoverScale.cs:236)

[IllustratedButton] 鼠标在按钮区域内: (-6.00, -12.27), 按钮区域: (x:-46.75, y:-57.75, width:93.50, height:115.50)
UnityEngine.DebugLogHandler:Internal_Log(LogType, LogOption, String, Object)
UnityEngine.Logger:Log(LogType, Object)
UnityEngine.Debug:Log(Object)
UIButtonHoverScale:IsMouseOverButton() (at E:/Unity/Projects/Work/FeatherLandNew/Assets/Scripts/UIButtonHoverScale.cs:458)
UIButtonHoverScale:Update() (at E:/Unity/Projects/Work/FeatherLandNew/Assets/Scripts/UIButtonHoverScale.cs:236)

[IllustratedButton] 鼠标在按钮区域内: (-6.00, -12.27), 按钮区域: (x:-46.75, y:-57.75, width:93.50, height:115.50)
UnityEngine.DebugLogHandler:Internal_Log(LogType, LogOption, String, Object)
UnityEngine.Logger:Log(LogType, Object)
UnityEngine.Debug:Log(Object)
UIButtonHoverScale:IsMouseOverButton() (at E:/Unity/Projects/Work/FeatherLandNew/Assets/Scripts/UIButtonHoverScale.cs:458)
UIButtonHoverScale:Update() (at E:/Unity/Projects/Work/FeatherLandNew/Assets/Scripts/UIButtonHoverScale.cs:236)

[IllustratedButton] 鼠标在按钮区域内: (-6.00, -12.27), 按钮区域: (x:-46.75, y:-57.75, width:93.50, height:115.50)
UnityEngine.DebugLogHandler:Internal_Log(LogType, LogOption, String, Object)
UnityEngine.Logger:Log(LogType, Object)
UnityEngine.Debug:Log(Object)
UIButtonHoverScale:IsMouseOverButton() (at E:/Unity/Projects/Work/FeatherLandNew/Assets/Scripts/UIButtonHoverScale.cs:458)
UIButtonHoverScale:Update() (at E:/Unity/Projects/Work/FeatherLandNew/Assets/Scripts/UIButtonHoverScale.cs:236)

[IllustratedButton] 鼠标在按钮区域内: (-6.00, -12.27), 按钮区域: (x:-46.75, y:-57.75, width:93.50, height:115.50)
UnityEngine.DebugLogHandler:Internal_Log(LogType, LogOption, String, Object)
UnityEngine.Logger:Log(LogType, Object)
UnityEngine.Debug:Log(Object)
UIButtonHoverScale:IsMouseOverButton() (at E:/Unity/Projects/Work/FeatherLandNew/Assets/Scripts/UIButtonHoverScale.cs:458)
UIButtonHoverScale:Update() (at E:/Unity/Projects/Work/FeatherLandNew/Assets/Scripts/UIButtonHoverScale.cs:236)

[IllustratedButton] 鼠标在按钮区域内: (-4.18, -12.27), 按钮区域: (x:-46.75, y:-57.75, width:93.50, height:115.50)
UnityEngine.DebugLogHandler:Internal_Log(LogType, LogOption, String, Object)
UnityEngine.Logger:Log(LogType, Object)
UnityEngine.Debug:Log(Object)
UIButtonHoverScale:IsMouseOverButton() (at E:/Unity/Projects/Work/FeatherLandNew/Assets/Scripts/UIButtonHoverScale.cs:458)
UIButtonHoverScale:Update() (at E:/Unity/Projects/Work/FeatherLandNew/Assets/Scripts/UIButtonHoverScale.cs:236)

[IllustratedButton] 鼠标在按钮区域内: (-1.45, -12.27), 按钮区域: (x:-46.75, y:-57.75, width:93.50, height:115.50)
UnityEngine.DebugLogHandler:Internal_Log(LogType, LogOption, String, Object)
UnityEngine.Logger:Log(LogType, Object)
UnityEngine.Debug:Log(Object)
UIButtonHoverScale:IsMouseOverButton() (at E:/Unity/Projects/Work/FeatherLandNew/Assets/Scripts/UIButtonHoverScale.cs:458)
UIButtonHoverScale:Update() (at E:/Unity/Projects/Work/FeatherLandNew/Assets/Scripts/UIButtonHoverScale.cs:236)

[IllustratedButton] 鼠标在按钮区域内: (3.09, -12.27), 按钮区域: (x:-46.75, y:-57.75, width:93.50, height:115.50)
UnityEngine.DebugLogHandler:Internal_Log(LogType, LogOption, String, Object)
UnityEngine.Logger:Log(LogType, Object)
UnityEngine.Debug:Log(Object)
UIButtonHoverScale:IsMouseOverButton() (at E:/Unity/Projects/Work/FeatherLandNew/Assets/Scripts/UIButtonHoverScale.cs:458)
UIButtonHoverScale:Update() (at E:/Unity/Projects/Work/FeatherLandNew/Assets/Scripts/UIButtonHoverScale.cs:236)

[IllustratedButton] 鼠标在按钮区域内: (8.55, -11.36), 按钮区域: (x:-46.75, y:-57.75, width:93.50, height:115.50)
UnityEngine.DebugLogHandler:Internal_Log(LogType, LogOption, String, Object)
UnityEngine.Logger:Log(LogType, Object)
UnityEngine.Debug:Log(Object)
UIButtonHoverScale:IsMouseOverButton() (at E:/Unity/Projects/Work/FeatherLandNew/Assets/Scripts/UIButtonHoverScale.cs:458)
UIButtonHoverScale:Update() (at E:/Unity/Projects/Work/FeatherLandNew/Assets/Scripts/UIButtonHoverScale.cs:236)

[IllustratedButton] 鼠标在按钮区域内: (23.09, -11.36), 按钮区域: (x:-46.75, y:-57.75, width:93.50, height:115.50)
UnityEngine.DebugLogHandler:Internal_Log(LogType, LogOption, String, Object)
UnityEngine.Logger:Log(LogType, Object)
UnityEngine.Debug:Log(Object)
UIButtonHoverScale:IsMouseOverButton() (at E:/Unity/Projects/Work/FeatherLandNew/Assets/Scripts/UIButtonHoverScale.cs:458)
UIButtonHoverScale:Update() (at E:/Unity/Projects/Work/FeatherLandNew/Assets/Scripts/UIButtonHoverScale.cs:236)

[IllustratedButton] 鼠标在按钮区域内: (29.45, -11.36), 按钮区域: (x:-46.75, y:-57.75, width:93.50, height:115.50)
UnityEngine.DebugLogHandler:Internal_Log(LogType, LogOption, String, Object)
UnityEngine.Logger:Log(LogType, Object)
UnityEngine.Debug:Log(Object)
UIButtonHoverScale:IsMouseOverButton() (at E:/Unity/Projects/Work/FeatherLandNew/Assets/Scripts/UIButtonHoverScale.cs:458)
UIButtonHoverScale:Update() (at E:/Unity/Projects/Work/FeatherLandNew/Assets/Scripts/UIButtonHoverScale.cs:236)

[WeatherIcon] 鼠标在按钮区域内: (-43.50, -5.56), 按钮区域: (x:-44.25, y:-55.50, width:88.50, height:111.00)
UnityEngine.DebugLogHandler:Internal_Log(LogType, LogOption, String, Object)
UnityEngine.Logger:Log(LogType, Object)
UnityEngine.Debug:Log(Object)
UIButtonHoverScale:IsMouseOverButton() (at E:/Unity/Projects/Work/FeatherLandNew/Assets/Scripts/UIButtonHoverScale.cs:458)
UIButtonHoverScale:Update() (at E:/Unity/Projects/Work/FeatherLandNew/Assets/Scripts/UIButtonHoverScale.cs:236)

[WeatherIcon] 鼠标在按钮区域内: (-37.73, -4.15), 按钮区域: (x:-44.25, y:-55.50, width:88.50, height:111.00)
UnityEngine.DebugLogHandler:Internal_Log(LogType, LogOption, String, Object)
UnityEngine.Logger:Log(LogType, Object)
UnityEngine.Debug:Log(Object)
UIButtonHoverScale:IsMouseOverButton() (at E:/Unity/Projects/Work/FeatherLandNew/Assets/Scripts/UIButtonHoverScale.cs:458)
UIButtonHoverScale:Update() (at E:/Unity/Projects/Work/FeatherLandNew/Assets/Scripts/UIButtonHoverScale.cs:236)

[WeatherIcon] 鼠标在按钮区域内: (-37.73, -4.15), 按钮区域: (x:-44.25, y:-55.50, width:88.50, height:111.00)
UnityEngine.DebugLogHandler:Internal_Log(LogType, LogOption, String, Object)
UnityEngine.Logger:Log(LogType, Object)
UnityEngine.Debug:Log(Object)
UIButtonHoverScale:IsMouseOverButton() (at E:/Unity/Projects/Work/FeatherLandNew/Assets/Scripts/UIButtonHoverScale.cs:458)
UIButtonHoverScale:Update() (at E:/Unity/Projects/Work/FeatherLandNew/Assets/Scripts/UIButtonHoverScale.cs:236)

[WeatherIcon] 鼠标在按钮区域内: (-36.82, -4.15), 按钮区域: (x:-44.25, y:-55.50, width:88.50, height:111.00)
UnityEngine.DebugLogHandler:Internal_Log(LogType, LogOption, String, Object)
UnityEngine.Logger:Log(LogType, Object)
UnityEngine.Debug:Log(Object)
UIButtonHoverScale:IsMouseOverButton() (at E:/Unity/Projects/Work/FeatherLandNew/Assets/Scripts/UIButtonHoverScale.cs:458)
UIButtonHoverScale:Update() (at E:/Unity/Projects/Work/FeatherLandNew/Assets/Scripts/UIButtonHoverScale.cs:236)

[WeatherIcon] 鼠标在按钮区域内: (-36.82, -4.15), 按钮区域: (x:-44.25, y:-55.50, width:88.50, height:111.00)
UnityEngine.DebugLogHandler:Internal_Log(LogType, LogOption, String, Object)
UnityEngine.Logger:Log(LogType, Object)
UnityEngine.Debug:Log(Object)
UIButtonHoverScale:IsMouseOverButton() (at E:/Unity/Projects/Work/FeatherLandNew/Assets/Scripts/UIButtonHoverScale.cs:458)
UIButtonHoverScale:Update() (at E:/Unity/Projects/Work/FeatherLandNew/Assets/Scripts/UIButtonHoverScale.cs:236)

[WeatherIcon] 鼠标在按钮区域内: (-36.82, -4.15), 按钮区域: (x:-44.25, y:-55.50, width:88.50, height:111.00)
UnityEngine.DebugLogHandler:Internal_Log(LogType, LogOption, String, Object)
UnityEngine.Logger:Log(LogType, Object)
UnityEngine.Debug:Log(Object)
UIButtonHoverScale:IsMouseOverButton() (at E:/Unity/Projects/Work/FeatherLandNew/Assets/Scripts/UIButtonHoverScale.cs:458)
UIButtonHoverScale:Update() (at E:/Unity/Projects/Work/FeatherLandNew/Assets/Scripts/UIButtonHoverScale.cs:236)

[WeatherIcon] 鼠标在按钮区域内: (-36.82, -4.15), 按钮区域: (x:-44.25, y:-55.50, width:88.50, height:111.00)
UnityEngine.DebugLogHandler:Internal_Log(LogType, LogOption, String, Object)
UnityEngine.Logger:Log(LogType, Object)
UnityEngine.Debug:Log(Object)
UIButtonHoverScale:IsMouseOverButton() (at E:/Unity/Projects/Work/FeatherLandNew/Assets/Scripts/UIButtonHoverScale.cs:458)
UIButtonHoverScale:Update() (at E:/Unity/Projects/Work/FeatherLandNew/Assets/Scripts/UIButtonHoverScale.cs:236)

[WeatherIcon] 鼠标在按钮区域内: (-36.82, -4.15), 按钮区域: (x:-44.25, y:-55.50, width:88.50, height:111.00)
UnityEngine.DebugLogHandler:Internal_Log(LogType, LogOption, String, Object)
UnityEngine.Logger:Log(LogType, Object)
UnityEngine.Debug:Log(Object)
UIButtonHoverScale:IsMouseOverButton() (at E:/Unity/Projects/Work/FeatherLandNew/Assets/Scripts/UIButtonHoverScale.cs:458)
UIButtonHoverScale:Update() (at E:/Unity/Projects/Work/FeatherLandNew/Assets/Scripts/UIButtonHoverScale.cs:236)

[WeatherIcon] 鼠标在按钮区域内: (-36.82, -4.15), 按钮区域: (x:-44.25, y:-55.50, width:88.50, height:111.00)
UnityEngine.DebugLogHandler:Internal_Log(LogType, LogOption, String, Object)
UnityEngine.Logger:Log(LogType, Object)
UnityEngine.Debug:Log(Object)
UIButtonHoverScale:IsMouseOverButton() (at E:/Unity/Projects/Work/FeatherLandNew/Assets/Scripts/UIButtonHoverScale.cs:458)
UIButtonHoverScale:Update() (at E:/Unity/Projects/Work/FeatherLandNew/Assets/Scripts/UIButtonHoverScale.cs:236)

[WeatherIcon] 鼠标在按钮区域内: (-36.82, -4.15), 按钮区域: (x:-44.25, y:-55.50, width:88.50, height:111.00)
UnityEngine.DebugLogHandler:Internal_Log(LogType, LogOption, String, Object)
UnityEngine.Logger:Log(LogType, Object)
UnityEngine.Debug:Log(Object)
UIButtonHoverScale:IsMouseOverButton() (at E:/Unity/Projects/Work/FeatherLandNew/Assets/Scripts/UIButtonHoverScale.cs:458)
UIButtonHoverScale:Update() (at E:/Unity/Projects/Work/FeatherLandNew/Assets/Scripts/UIButtonHoverScale.cs:236)

[WeatherIcon] 鼠标在按钮区域内: (-35.91, -4.15), 按钮区域: (x:-44.25, y:-55.50, width:88.50, height:111.00)
UnityEngine.DebugLogHandler:Internal_Log(LogType, LogOption, String, Object)
UnityEngine.Logger:Log(LogType, Object)
UnityEngine.Debug:Log(Object)
UIButtonHoverScale:IsMouseOverButton() (at E:/Unity/Projects/Work/FeatherLandNew/Assets/Scripts/UIButtonHoverScale.cs:458)
UIButtonHoverScale:Update() (at E:/Unity/Projects/Work/FeatherLandNew/Assets/Scripts/UIButtonHoverScale.cs:236)

[WeatherIcon] 鼠标在按钮区域内: (-34.09, -4.15), 按钮区域: (x:-44.25, y:-55.50, width:88.50, height:111.00)
UnityEngine.DebugLogHandler:Internal_Log(LogType, LogOption, String, Object)
UnityEngine.Logger:Log(LogType, Object)
UnityEngine.Debug:Log(Object)
UIButtonHoverScale:IsMouseOverButton() (at E:/Unity/Projects/Work/FeatherLandNew/Assets/Scripts/UIButtonHoverScale.cs:458)
UIButtonHoverScale:Update() (at E:/Unity/Projects/Work/FeatherLandNew/Assets/Scripts/UIButtonHoverScale.cs:236)

[WeatherIcon] 鼠标在按钮区域内: (-20.45, -4.15), 按钮区域: (x:-44.25, y:-55.50, width:88.50, height:111.00)
UnityEngine.DebugLogHandler:Internal_Log(LogType, LogOption, String, Object)
UnityEngine.Logger:Log(LogType, Object)
UnityEngine.Debug:Log(Object)
UIButtonHoverScale:IsMouseOverButton() (at E:/Unity/Projects/Work/FeatherLandNew/Assets/Scripts/UIButtonHoverScale.cs:458)
UIButtonHoverScale:Update() (at E:/Unity/Projects/Work/FeatherLandNew/Assets/Scripts/UIButtonHoverScale.cs:236)

[WeatherIcon] 鼠标在按钮区域内: (-4.09, -4.15), 按钮区域: (x:-44.25, y:-55.50, width:88.50, height:111.00)
UnityEngine.DebugLogHandler:Internal_Log(LogType, LogOption, String, Object)
UnityEngine.Logger:Log(LogType, Object)
UnityEngine.Debug:Log(Object)
UIButtonHoverScale:IsMouseOverButton() (at E:/Unity/Projects/Work/FeatherLandNew/Assets/Scripts/UIButtonHoverScale.cs:458)
UIButtonHoverScale:Update() (at E:/Unity/Projects/Work/FeatherLandNew/Assets/Scripts/UIButtonHoverScale.cs:236)

[WeatherIcon] 鼠标在按钮区域内: (24.09, -5.05), 按钮区域: (x:-44.25, y:-55.50, width:88.50, height:111.00)
UnityEngine.DebugLogHandler:Internal_Log(LogType, LogOption, String, Object)
UnityEngine.Logger:Log(LogType, Object)
UnityEngine.Debug:Log(Object)
UIButtonHoverScale:IsMouseOverButton() (at E:/Unity/Projects/Work/FeatherLandNew/Assets/Scripts/UIButtonHoverScale.cs:458)
UIButtonHoverScale:Update() (at E:/Unity/Projects/Work/FeatherLandNew/Assets/Scripts/UIButtonHoverScale.cs:236)

[MapButton] 鼠标在按钮区域内: (-29.06, -17.30), 按钮区域: (x:-41.50, y:-57.25, width:83.00, height:114.50)
UnityEngine.DebugLogHandler:Internal_Log(LogType, LogOption, String, Object)
UnityEngine.Logger:Log(LogType, Object)
UnityEngine.Debug:Log(Object)
UIButtonHoverScale:IsMouseOverButton() (at E:/Unity/Projects/Work/FeatherLandNew/Assets/Scripts/UIButtonHoverScale.cs:458)
UIButtonHoverScale:Update() (at E:/Unity/Projects/Work/FeatherLandNew/Assets/Scripts/UIButtonHoverScale.cs:236)

[MapButton] 鼠标在按钮区域内: (-4.60, -21.18), 按钮区域: (x:-41.50, y:-57.25, width:83.00, height:114.50)
UnityEngine.DebugLogHandler:Internal_Log(LogType, LogOption, String, Object)
UnityEngine.Logger:Log(LogType, Object)
UnityEngine.Debug:Log(Object)
UIButtonHoverScale:IsMouseOverButton() (at E:/Unity/Projects/Work/FeatherLandNew/Assets/Scripts/UIButtonHoverScale.cs:458)
UIButtonHoverScale:Update() (at E:/Unity/Projects/Work/FeatherLandNew/Assets/Scripts/UIButtonHoverScale.cs:236)

[MapButton] 鼠标在按钮区域内: (-3.69, -21.18), 按钮区域: (x:-41.50, y:-57.25, width:83.00, height:114.50)
UnityEngine.DebugLogHandler:Internal_Log(LogType, LogOption, String, Object)
UnityEngine.Logger:Log(LogType, Object)
UnityEngine.Debug:Log(Object)
UIButtonHoverScale:IsMouseOverButton() (at E:/Unity/Projects/Work/FeatherLandNew/Assets/Scripts/UIButtonHoverScale.cs:458)
UIButtonHoverScale:Update() (at E:/Unity/Projects/Work/FeatherLandNew/Assets/Scripts/UIButtonHoverScale.cs:236)

[MapButton] 鼠标在按钮区域内: (-3.69, -22.09), 按钮区域: (x:-41.50, y:-57.25, width:83.00, height:114.50)
UnityEngine.DebugLogHandler:Internal_Log(LogType, LogOption, String, Object)
UnityEngine.Logger:Log(LogType, Object)
UnityEngine.Debug:Log(Object)
UIButtonHoverScale:IsMouseOverButton() (at E:/Unity/Projects/Work/FeatherLandNew/Assets/Scripts/UIButtonHoverScale.cs:458)
UIButtonHoverScale:Update() (at E:/Unity/Projects/Work/FeatherLandNew/Assets/Scripts/UIButtonHoverScale.cs:236)

[MapButton] 鼠标在按钮区域内: (-3.69, -22.09), 按钮区域: (x:-41.50, y:-57.25, width:83.00, height:114.50)
UnityEngine.DebugLogHandler:Internal_Log(LogType, LogOption, String, Object)
UnityEngine.Logger:Log(LogType, Object)
UnityEngine.Debug:Log(Object)
UIButtonHoverScale:IsMouseOverButton() (at E:/Unity/Projects/Work/FeatherLandNew/Assets/Scripts/UIButtonHoverScale.cs:458)
UIButtonHoverScale:Update() (at E:/Unity/Projects/Work/FeatherLandNew/Assets/Scripts/UIButtonHoverScale.cs:236)

[MapButton] 鼠标在按钮区域内: (-3.69, -22.09), 按钮区域: (x:-41.50, y:-57.25, width:83.00, height:114.50)
UnityEngine.DebugLogHandler:Internal_Log(LogType, LogOption, String, Object)
UnityEngine.Logger:Log(LogType, Object)
UnityEngine.Debug:Log(Object)
UIButtonHoverScale:IsMouseOverButton() (at E:/Unity/Projects/Work/FeatherLandNew/Assets/Scripts/UIButtonHoverScale.cs:458)
UIButtonHoverScale:Update() (at E:/Unity/Projects/Work/FeatherLandNew/Assets/Scripts/UIButtonHoverScale.cs:236)

[MapButton] 鼠标在按钮区域内: (-3.69, -22.09), 按钮区域: (x:-41.50, y:-57.25, width:83.00, height:114.50)
UnityEngine.DebugLogHandler:Internal_Log(LogType, LogOption, String, Object)
UnityEngine.Logger:Log(LogType, Object)
UnityEngine.Debug:Log(Object)
UIButtonHoverScale:IsMouseOverButton() (at E:/Unity/Projects/Work/FeatherLandNew/Assets/Scripts/UIButtonHoverScale.cs:458)
UIButtonHoverScale:Update() (at E:/Unity/Projects/Work/FeatherLandNew/Assets/Scripts/UIButtonHoverScale.cs:236)

[MapButton] 鼠标在按钮区域内: (-3.69, -22.09), 按钮区域: (x:-41.50, y:-57.25, width:83.00, height:114.50)
UnityEngine.DebugLogHandler:Internal_Log(LogType, LogOption, String, Object)
UnityEngine.Logger:Log(LogType, Object)
UnityEngine.Debug:Log(Object)
UIButtonHoverScale:IsMouseOverButton() (at E:/Unity/Projects/Work/FeatherLandNew/Assets/Scripts/UIButtonHoverScale.cs:458)
UIButtonHoverScale:Update() (at E:/Unity/Projects/Work/FeatherLandNew/Assets/Scripts/UIButtonHoverScale.cs:236)

[MapButton] 鼠标在按钮区域内: (-3.69, -22.09), 按钮区域: (x:-41.50, y:-57.25, width:83.00, height:114.50)
UnityEngine.DebugLogHandler:Internal_Log(LogType, LogOption, String, Object)
UnityEngine.Logger:Log(LogType, Object)
UnityEngine.Debug:Log(Object)
UIButtonHoverScale:IsMouseOverButton() (at E:/Unity/Projects/Work/FeatherLandNew/Assets/Scripts/UIButtonHoverScale.cs:458)
UIButtonHoverScale:Update() (at E:/Unity/Projects/Work/FeatherLandNew/Assets/Scripts/UIButtonHoverScale.cs:236)

[MapButton] 鼠标在按钮区域内: (-3.69, -22.09), 按钮区域: (x:-41.50, y:-57.25, width:83.00, height:114.50)
UnityEngine.DebugLogHandler:Internal_Log(LogType, LogOption, String, Object)
UnityEngine.Logger:Log(LogType, Object)
UnityEngine.Debug:Log(Object)
UIButtonHoverScale:IsMouseOverButton() (at E:/Unity/Projects/Work/FeatherLandNew/Assets/Scripts/UIButtonHoverScale.cs:458)
UIButtonHoverScale:Update() (at E:/Unity/Projects/Work/FeatherLandNew/Assets/Scripts/UIButtonHoverScale.cs:236)

[MapButton] 鼠标在按钮区域内: (-3.69, -22.09), 按钮区域: (x:-41.50, y:-57.25, width:83.00, height:114.50)
UnityEngine.DebugLogHandler:Internal_Log(LogType, LogOption, String, Object)
UnityEngine.Logger:Log(LogType, Object)
UnityEngine.Debug:Log(Object)
UIButtonHoverScale:IsMouseOverButton() (at E:/Unity/Projects/Work/FeatherLandNew/Assets/Scripts/UIButtonHoverScale.cs:458)
UIButtonHoverScale:Update() (at E:/Unity/Projects/Work/FeatherLandNew/Assets/Scripts/UIButtonHoverScale.cs:236)

[MapButton] 鼠标在按钮区域内: (-3.69, -22.09), 按钮区域: (x:-41.50, y:-57.25, width:83.00, height:114.50)
UnityEngine.DebugLogHandler:Internal_Log(LogType, LogOption, String, Object)
UnityEngine.Logger:Log(LogType, Object)
UnityEngine.Debug:Log(Object)
UIButtonHoverScale:IsMouseOverButton() (at E:/Unity/Projects/Work/FeatherLandNew/Assets/Scripts/UIButtonHoverScale.cs:458)
UIButtonHoverScale:Update() (at E:/Unity/Projects/Work/FeatherLandNew/Assets/Scripts/UIButtonHoverScale.cs:236)

[MapButton] 鼠标在按钮区域内: (-3.69, -22.09), 按钮区域: (x:-41.50, y:-57.25, width:83.00, height:114.50)
UnityEngine.DebugLogHandler:Internal_Log(LogType, LogOption, String, Object)
UnityEngine.Logger:Log(LogType, Object)
UnityEngine.Debug:Log(Object)
UIButtonHoverScale:IsMouseOverButton() (at E:/Unity/Projects/Work/FeatherLandNew/Assets/Scripts/UIButtonHoverScale.cs:458)
UIButtonHoverScale:Update() (at E:/Unity/Projects/Work/FeatherLandNew/Assets/Scripts/UIButtonHoverScale.cs:236)

[MapButton] 鼠标在按钮区域内: (-3.69, -22.09), 按钮区域: (x:-41.50, y:-57.25, width:83.00, height:114.50)
UnityEngine.DebugLogHandler:Internal_Log(LogType, LogOption, String, Object)
UnityEngine.Logger:Log(LogType, Object)
UnityEngine.Debug:Log(Object)
UIButtonHoverScale:IsMouseOverButton() (at E:/Unity/Projects/Work/FeatherLandNew/Assets/Scripts/UIButtonHoverScale.cs:458)
UIButtonHoverScale:Update() (at E:/Unity/Projects/Work/FeatherLandNew/Assets/Scripts/UIButtonHoverScale.cs:236)

[MapButton] 鼠标在按钮区域内: (-3.69, -22.09), 按钮区域: (x:-41.50, y:-57.25, width:83.00, height:114.50)
UnityEngine.DebugLogHandler:Internal_Log(LogType, LogOption, String, Object)
UnityEngine.Logger:Log(LogType, Object)
UnityEngine.Debug:Log(Object)
UIButtonHoverScale:IsMouseOverButton() (at E:/Unity/Projects/Work/FeatherLandNew/Assets/Scripts/UIButtonHoverScale.cs:458)
UIButtonHoverScale:Update() (at E:/Unity/Projects/Work/FeatherLandNew/Assets/Scripts/UIButtonHoverScale.cs:236)

[MapButton] 鼠标在按钮区域内: (-4.60, -21.18), 按钮区域: (x:-41.50, y:-57.25, width:83.00, height:114.50)
UnityEngine.DebugLogHandler:Internal_Log(LogType, LogOption, String, Object)
UnityEngine.Logger:Log(LogType, Object)
UnityEngine.Debug:Log(Object)
UIButtonHoverScale:IsMouseOverButton() (at E:/Unity/Projects/Work/FeatherLandNew/Assets/Scripts/UIButtonHoverScale.cs:458)
UIButtonHoverScale:Update() (at E:/Unity/Projects/Work/FeatherLandNew/Assets/Scripts/UIButtonHoverScale.cs:236)

[MapButton] 鼠标在按钮区域内: (-5.51, -20.27), 按钮区域: (x:-41.50, y:-57.25, width:83.00, height:114.50)
UnityEngine.DebugLogHandler:Internal_Log(LogType, LogOption, String, Object)
UnityEngine.Logger:Log(LogType, Object)
UnityEngine.Debug:Log(Object)
UIButtonHoverScale:IsMouseOverButton() (at E:/Unity/Projects/Work/FeatherLandNew/Assets/Scripts/UIButtonHoverScale.cs:458)
UIButtonHoverScale:Update() (at E:/Unity/Projects/Work/FeatherLandNew/Assets/Scripts/UIButtonHoverScale.cs:236)

[MapButton] 鼠标在按钮区域内: (-7.33, -18.45), 按钮区域: (x:-41.50, y:-57.25, width:83.00, height:114.50)
UnityEngine.DebugLogHandler:Internal_Log(LogType, LogOption, String, Object)
UnityEngine.Logger:Log(LogType, Object)
UnityEngine.Debug:Log(Object)
UIButtonHoverScale:IsMouseOverButton() (at E:/Unity/Projects/Work/FeatherLandNew/Assets/Scripts/UIButtonHoverScale.cs:458)
UIButtonHoverScale:Update() (at E:/Unity/Projects/Work/FeatherLandNew/Assets/Scripts/UIButtonHoverScale.cs:236)

[MapButton] 鼠标在按钮区域内: (-8.23, -17.55), 按钮区域: (x:-41.50, y:-57.25, width:83.00, height:114.50)
UnityEngine.DebugLogHandler:Internal_Log(LogType, LogOption, String, Object)
UnityEngine.Logger:Log(LogType, Object)
UnityEngine.Debug:Log(Object)
UIButtonHoverScale:IsMouseOverButton() (at E:/Unity/Projects/Work/FeatherLandNew/Assets/Scripts/UIButtonHoverScale.cs:458)
UIButtonHoverScale:Update() (at E:/Unity/Projects/Work/FeatherLandNew/Assets/Scripts/UIButtonHoverScale.cs:236)

[MapButton] 鼠标在按钮区域内: (-10.05, -16.64), 按钮区域: (x:-41.50, y:-57.25, width:83.00, height:114.50)
UnityEngine.DebugLogHandler:Internal_Log(LogType, LogOption, String, Object)
UnityEngine.Logger:Log(LogType, Object)
UnityEngine.Debug:Log(Object)
UIButtonHoverScale:IsMouseOverButton() (at E:/Unity/Projects/Work/FeatherLandNew/Assets/Scripts/UIButtonHoverScale.cs:458)
UIButtonHoverScale:Update() (at E:/Unity/Projects/Work/FeatherLandNew/Assets/Scripts/UIButtonHoverScale.cs:236)

[MapButton] 鼠标在按钮区域内: (-10.96, -15.73), 按钮区域: (x:-41.50, y:-57.25, width:83.00, height:114.50)
UnityEngine.DebugLogHandler:Internal_Log(LogType, LogOption, String, Object)
UnityEngine.Logger:Log(LogType, Object)
UnityEngine.Debug:Log(Object)
UIButtonHoverScale:IsMouseOverButton() (at E:/Unity/Projects/Work/FeatherLandNew/Assets/Scripts/UIButtonHoverScale.cs:458)
UIButtonHoverScale:Update() (at E:/Unity/Projects/Work/FeatherLandNew/Assets/Scripts/UIButtonHoverScale.cs:236)

[MapButton] 鼠标在按钮区域内: (-10.96, -15.73), 按钮区域: (x:-41.50, y:-57.25, width:83.00, height:114.50)
UnityEngine.DebugLogHandler:Internal_Log(LogType, LogOption, String, Object)
UnityEngine.Logger:Log(LogType, Object)
UnityEngine.Debug:Log(Object)
UIButtonHoverScale:IsMouseOverButton() (at E:/Unity/Projects/Work/FeatherLandNew/Assets/Scripts/UIButtonHoverScale.cs:458)
UIButtonHoverScale:Update() (at E:/Unity/Projects/Work/FeatherLandNew/Assets/Scripts/UIButtonHoverScale.cs:236)

[MapButton] 鼠标在按钮区域内: (-10.96, -15.73), 按钮区域: (x:-41.50, y:-57.25, width:83.00, height:114.50)
UnityEngine.DebugLogHandler:Internal_Log(LogType, LogOption, String, Object)
UnityEngine.Logger:Log(LogType, Object)
UnityEngine.Debug:Log(Object)
UIButtonHoverScale:IsMouseOverButton() (at E:/Unity/Projects/Work/FeatherLandNew/Assets/Scripts/UIButtonHoverScale.cs:458)
UIButtonHoverScale:Update() (at E:/Unity/Projects/Work/FeatherLandNew/Assets/Scripts/UIButtonHoverScale.cs:236)

[MapButton] 鼠标在按钮区域内: (-10.96, -13.91), 按钮区域: (x:-41.50, y:-57.25, width:83.00, height:114.50)
UnityEngine.DebugLogHandler:Internal_Log(LogType, LogOption, String, Object)
UnityEngine.Logger:Log(LogType, Object)
UnityEngine.Debug:Log(Object)
UIButtonHoverScale:IsMouseOverButton() (at E:/Unity/Projects/Work/FeatherLandNew/Assets/Scripts/UIButtonHoverScale.cs:458)
UIButtonHoverScale:Update() (at E:/Unity/Projects/Work/FeatherLandNew/Assets/Scripts/UIButtonHoverScale.cs:236)

[MapButton] 鼠标在按钮区域内: (-8.23, -10.27), 按钮区域: (x:-41.50, y:-57.25, width:83.00, height:114.50)
UnityEngine.DebugLogHandler:Internal_Log(LogType, LogOption, String, Object)
UnityEngine.Logger:Log(LogType, Object)
UnityEngine.Debug:Log(Object)
UIButtonHoverScale:IsMouseOverButton() (at E:/Unity/Projects/Work/FeatherLandNew/Assets/Scripts/UIButtonHoverScale.cs:458)
UIButtonHoverScale:Update() (at E:/Unity/Projects/Work/FeatherLandNew/Assets/Scripts/UIButtonHoverScale.cs:236)

[MapButton] 鼠标在按钮区域内: (-4.60, -7.55), 按钮区域: (x:-41.50, y:-57.25, width:83.00, height:114.50)
UnityEngine.DebugLogHandler:Internal_Log(LogType, LogOption, String, Object)
UnityEngine.Logger:Log(LogType, Object)
UnityEngine.Debug:Log(Object)
UIButtonHoverScale:IsMouseOverButton() (at E:/Unity/Projects/Work/FeatherLandNew/Assets/Scripts/UIButtonHoverScale.cs:458)
UIButtonHoverScale:Update() (at E:/Unity/Projects/Work/FeatherLandNew/Assets/Scripts/UIButtonHoverScale.cs:236)

[MapButton] 鼠标在按钮区域内: (1.77, -4.82), 按钮区域: (x:-41.50, y:-57.25, width:83.00, height:114.50)
UnityEngine.DebugLogHandler:Internal_Log(LogType, LogOption, String, Object)
UnityEngine.Logger:Log(LogType, Object)
UnityEngine.Debug:Log(Object)
UIButtonHoverScale:IsMouseOverButton() (at E:/Unity/Projects/Work/FeatherLandNew/Assets/Scripts/UIButtonHoverScale.cs:458)
UIButtonHoverScale:Update() (at E:/Unity/Projects/Work/FeatherLandNew/Assets/Scripts/UIButtonHoverScale.cs:236)

[MapButton] 鼠标在按钮区域内: (7.22, -3.00), 按钮区域: (x:-41.50, y:-57.25, width:83.00, height:114.50)
UnityEngine.DebugLogHandler:Internal_Log(LogType, LogOption, String, Object)
UnityEngine.Logger:Log(LogType, Object)
UnityEngine.Debug:Log(Object)
UIButtonHoverScale:IsMouseOverButton() (at E:/Unity/Projects/Work/FeatherLandNew/Assets/Scripts/UIButtonHoverScale.cs:458)
UIButtonHoverScale:Update() (at E:/Unity/Projects/Work/FeatherLandNew/Assets/Scripts/UIButtonHoverScale.cs:236)

[MapButton] 鼠标在按钮区域内: (13.58, -0.27), 按钮区域: (x:-41.50, y:-57.25, width:83.00, height:114.50)
UnityEngine.DebugLogHandler:Internal_Log(LogType, LogOption, String, Object)
UnityEngine.Logger:Log(LogType, Object)
UnityEngine.Debug:Log(Object)
UIButtonHoverScale:IsMouseOverButton() (at E:/Unity/Projects/Work/FeatherLandNew/Assets/Scripts/UIButtonHoverScale.cs:458)
UIButtonHoverScale:Update() (at E:/Unity/Projects/Work/FeatherLandNew/Assets/Scripts/UIButtonHoverScale.cs:236)

[MapButton] 鼠标在按钮区域内: (18.13, 0.64), 按钮区域: (x:-41.50, y:-57.25, width:83.00, height:114.50)
UnityEngine.DebugLogHandler:Internal_Log(LogType, LogOption, String, Object)
UnityEngine.Logger:Log(LogType, Object)
UnityEngine.Debug:Log(Object)
UIButtonHoverScale:IsMouseOverButton() (at E:/Unity/Projects/Work/FeatherLandNew/Assets/Scripts/UIButtonHoverScale.cs:458)
UIButtonHoverScale:Update() (at E:/Unity/Projects/Work/FeatherLandNew/Assets/Scripts/UIButtonHoverScale.cs:236)

[MapButton] 鼠标在按钮区域内: (19.95, 0.64), 按钮区域: (x:-41.50, y:-57.25, width:83.00, height:114.50)
UnityEngine.DebugLogHandler:Internal_Log(LogType, LogOption, String, Object)
UnityEngine.Logger:Log(LogType, Object)
UnityEngine.Debug:Log(Object)
UIButtonHoverScale:IsMouseOverButton() (at E:/Unity/Projects/Work/FeatherLandNew/Assets/Scripts/UIButtonHoverScale.cs:458)
UIButtonHoverScale:Update() (at E:/Unity/Projects/Work/FeatherLandNew/Assets/Scripts/UIButtonHoverScale.cs:236)

[MapButton] 鼠标在按钮区域内: (19.95, 0.64), 按钮区域: (x:-41.50, y:-57.25, width:83.00, height:114.50)
UnityEngine.DebugLogHandler:Internal_Log(LogType, LogOption, String, Object)
UnityEngine.Logger:Log(LogType, Object)
UnityEngine.Debug:Log(Object)
UIButtonHoverScale:IsMouseOverButton() (at E:/Unity/Projects/Work/FeatherLandNew/Assets/Scripts/UIButtonHoverScale.cs:458)
UIButtonHoverScale:Update() (at E:/Unity/Projects/Work/FeatherLandNew/Assets/Scripts/UIButtonHoverScale.cs:236)

[MapButton] 鼠标在按钮区域内: (19.95, 0.64), 按钮区域: (x:-41.50, y:-57.25, width:83.00, height:114.50)
UnityEngine.DebugLogHandler:Internal_Log(LogType, LogOption, String, Object)
UnityEngine.Logger:Log(LogType, Object)
UnityEngine.Debug:Log(Object)
UIButtonHoverScale:IsMouseOverButton() (at E:/Unity/Projects/Work/FeatherLandNew/Assets/Scripts/UIButtonHoverScale.cs:458)
UIButtonHoverScale:Update() (at E:/Unity/Projects/Work/FeatherLandNew/Assets/Scripts/UIButtonHoverScale.cs:236)

[MapButton] 鼠标在按钮区域内: (19.95, 0.64), 按钮区域: (x:-41.50, y:-57.25, width:83.00, height:114.50)
UnityEngine.DebugLogHandler:Internal_Log(LogType, LogOption, String, Object)
UnityEngine.Logger:Log(LogType, Object)
UnityEngine.Debug:Log(Object)
UIButtonHoverScale:IsMouseOverButton() (at E:/Unity/Projects/Work/FeatherLandNew/Assets/Scripts/UIButtonHoverScale.cs:458)
UIButtonHoverScale:Update() (at E:/Unity/Projects/Work/FeatherLandNew/Assets/Scripts/UIButtonHoverScale.cs:236)

[MapButton] 鼠标在按钮区域内: (19.95, 0.64), 按钮区域: (x:-41.50, y:-57.25, width:83.00, height:114.50)
UnityEngine.DebugLogHandler:Internal_Log(LogType, LogOption, String, Object)
UnityEngine.Logger:Log(LogType, Object)
UnityEngine.Debug:Log(Object)
UIButtonHoverScale:IsMouseOverButton() (at E:/Unity/Projects/Work/FeatherLandNew/Assets/Scripts/UIButtonHoverScale.cs:458)
UIButtonHoverScale:Update() (at E:/Unity/Projects/Work/FeatherLandNew/Assets/Scripts/UIButtonHoverScale.cs:236)

[MapButton] 鼠标在按钮区域内: (19.95, 0.64), 按钮区域: (x:-41.50, y:-57.25, width:83.00, height:114.50)
UnityEngine.DebugLogHandler:Internal_Log(LogType, LogOption, String, Object)
UnityEngine.Logger:Log(LogType, Object)
UnityEngine.Debug:Log(Object)
UIButtonHoverScale:IsMouseOverButton() (at E:/Unity/Projects/Work/FeatherLandNew/Assets/Scripts/UIButtonHoverScale.cs:458)
UIButtonHoverScale:Update() (at E:/Unity/Projects/Work/FeatherLandNew/Assets/Scripts/UIButtonHoverScale.cs:236)

[MapButton] 鼠标在按钮区域内: (19.95, 0.64), 按钮区域: (x:-41.50, y:-57.25, width:83.00, height:114.50)
UnityEngine.DebugLogHandler:Internal_Log(LogType, LogOption, String, Object)
UnityEngine.Logger:Log(LogType, Object)
UnityEngine.Debug:Log(Object)
UIButtonHoverScale:IsMouseOverButton() (at E:/Unity/Projects/Work/FeatherLandNew/Assets/Scripts/UIButtonHoverScale.cs:458)
UIButtonHoverScale:Update() (at E:/Unity/Projects/Work/FeatherLandNew/Assets/Scripts/UIButtonHoverScale.cs:236)

[MapButton] 鼠标在按钮区域内: (19.95, 0.64), 按钮区域: (x:-41.50, y:-57.25, width:83.00, height:114.50)
UnityEngine.DebugLogHandler:Internal_Log(LogType, LogOption, String, Object)
UnityEngine.Logger:Log(LogType, Object)
UnityEngine.Debug:Log(Object)
UIButtonHoverScale:IsMouseOverButton() (at E:/Unity/Projects/Work/FeatherLandNew/Assets/Scripts/UIButtonHoverScale.cs:458)
UIButtonHoverScale:Update() (at E:/Unity/Projects/Work/FeatherLandNew/Assets/Scripts/UIButtonHoverScale.cs:236)

[MapButton] 鼠标在按钮区域内: (19.95, 0.64), 按钮区域: (x:-41.50, y:-57.25, width:83.00, height:114.50)
UnityEngine.DebugLogHandler:Internal_Log(LogType, LogOption, String, Object)
UnityEngine.Logger:Log(LogType, Object)
UnityEngine.Debug:Log(Object)
UIButtonHoverScale:IsMouseOverButton() (at E:/Unity/Projects/Work/FeatherLandNew/Assets/Scripts/UIButtonHoverScale.cs:458)
UIButtonHoverScale:Update() (at E:/Unity/Projects/Work/FeatherLandNew/Assets/Scripts/UIButtonHoverScale.cs:236)

[MapButton] 鼠标在按钮区域内: (9.04, -0.27), 按钮区域: (x:-41.50, y:-57.25, width:83.00, height:114.50)
UnityEngine.DebugLogHandler:Internal_Log(LogType, LogOption, String, Object)
UnityEngine.Logger:Log(LogType, Object)
UnityEngine.Debug:Log(Object)
UIButtonHoverScale:IsMouseOverButton() (at E:/Unity/Projects/Work/FeatherLandNew/Assets/Scripts/UIButtonHoverScale.cs:458)
UIButtonHoverScale:Update() (at E:/Unity/Projects/Work/FeatherLandNew/Assets/Scripts/UIButtonHoverScale.cs:236)

[MapButton] 鼠标在按钮区域内: (1.77, -3.00), 按钮区域: (x:-41.50, y:-57.25, width:83.00, height:114.50)
UnityEngine.DebugLogHandler:Internal_Log(LogType, LogOption, String, Object)
UnityEngine.Logger:Log(LogType, Object)
UnityEngine.Debug:Log(Object)
UIButtonHoverScale:IsMouseOverButton() (at E:/Unity/Projects/Work/FeatherLandNew/Assets/Scripts/UIButtonHoverScale.cs:458)
UIButtonHoverScale:Update() (at E:/Unity/Projects/Work/FeatherLandNew/Assets/Scripts/UIButtonHoverScale.cs:236)

[MapButton] 鼠标在按钮区域内: (-27.33, -6.64), 按钮区域: (x:-41.50, y:-57.25, width:83.00, height:114.50)
UnityEngine.DebugLogHandler:Internal_Log(LogType, LogOption, String, Object)
UnityEngine.Logger:Log(LogType, Object)
UnityEngine.Debug:Log(Object)
UIButtonHoverScale:IsMouseOverButton() (at E:/Unity/Projects/Work/FeatherLandNew/Assets/Scripts/UIButtonHoverScale.cs:458)
UIButtonHoverScale:Update() (at E:/Unity/Projects/Work/FeatherLandNew/Assets/Scripts/UIButtonHoverScale.cs:236)

[WeatherIcon] 鼠标在按钮区域内: (41.50, -12.56), 按钮区域: (x:-44.25, y:-55.50, width:88.50, height:111.00)
UnityEngine.DebugLogHandler:Internal_Log(LogType, LogOption, String, Object)
UnityEngine.Logger:Log(LogType, Object)
UnityEngine.Debug:Log(Object)
UIButtonHoverScale:IsMouseOverButton() (at E:/Unity/Projects/Work/FeatherLandNew/Assets/Scripts/UIButtonHoverScale.cs:458)
UIButtonHoverScale:Update() (at E:/Unity/Projects/Work/FeatherLandNew/Assets/Scripts/UIButtonHoverScale.cs:236)

[WeatherIcon] 鼠标在按钮区域内: (9.55, -15.05), 按钮区域: (x:-44.25, y:-55.50, width:88.50, height:111.00)
UnityEngine.DebugLogHandler:Internal_Log(LogType, LogOption, String, Object)
UnityEngine.Logger:Log(LogType, Object)
UnityEngine.Debug:Log(Object)
UIButtonHoverScale:IsMouseOverButton() (at E:/Unity/Projects/Work/FeatherLandNew/Assets/Scripts/UIButtonHoverScale.cs:458)
UIButtonHoverScale:Update() (at E:/Unity/Projects/Work/FeatherLandNew/Assets/Scripts/UIButtonHoverScale.cs:236)

[WeatherIcon] 鼠标在按钮区域内: (-8.64, -18.69), 按钮区域: (x:-44.25, y:-55.50, width:88.50, height:111.00)
UnityEngine.DebugLogHandler:Internal_Log(LogType, LogOption, String, Object)
UnityEngine.Logger:Log(LogType, Object)
UnityEngine.Debug:Log(Object)
UIButtonHoverScale:IsMouseOverButton() (at E:/Unity/Projects/Work/FeatherLandNew/Assets/Scripts/UIButtonHoverScale.cs:458)
UIButtonHoverScale:Update() (at E:/Unity/Projects/Work/FeatherLandNew/Assets/Scripts/UIButtonHoverScale.cs:236)

[WeatherIcon] 鼠标在按钮区域内: (-26.82, -18.69), 按钮区域: (x:-44.25, y:-55.50, width:88.50, height:111.00)
UnityEngine.DebugLogHandler:Internal_Log(LogType, LogOption, String, Object)
UnityEngine.Logger:Log(LogType, Object)
UnityEngine.Debug:Log(Object)
UIButtonHoverScale:IsMouseOverButton() (at E:/Unity/Projects/Work/FeatherLandNew/Assets/Scripts/UIButtonHoverScale.cs:458)
UIButtonHoverScale:Update() (at E:/Unity/Projects/Work/FeatherLandNew/Assets/Scripts/UIButtonHoverScale.cs:236)

[WeatherIcon] 鼠标在按钮区域内: (-38.64, -19.60), 按钮区域: (x:-44.25, y:-55.50, width:88.50, height:111.00)
UnityEngine.DebugLogHandler:Internal_Log(LogType, LogOption, String, Object)
UnityEngine.Logger:Log(LogType, Object)
UnityEngine.Debug:Log(Object)
UIButtonHoverScale:IsMouseOverButton() (at E:/Unity/Projects/Work/FeatherLandNew/Assets/Scripts/UIButtonHoverScale.cs:458)
UIButtonHoverScale:Update() (at E:/Unity/Projects/Work/FeatherLandNew/Assets/Scripts/UIButtonHoverScale.cs:236)

[WeatherIcon] 鼠标在按钮区域内: (-39.55, -19.60), 按钮区域: (x:-44.25, y:-55.50, width:88.50, height:111.00)
UnityEngine.DebugLogHandler:Internal_Log(LogType, LogOption, String, Object)
UnityEngine.Logger:Log(LogType, Object)
UnityEngine.Debug:Log(Object)
UIButtonHoverScale:IsMouseOverButton() (at E:/Unity/Projects/Work/FeatherLandNew/Assets/Scripts/UIButtonHoverScale.cs:458)
UIButtonHoverScale:Update() (at E:/Unity/Projects/Work/FeatherLandNew/Assets/Scripts/UIButtonHoverScale.cs:236)

[WeatherIcon] 鼠标在按钮区域内: (-39.55, -19.60), 按钮区域: (x:-44.25, y:-55.50, width:88.50, height:111.00)
UnityEngine.DebugLogHandler:Internal_Log(LogType, LogOption, String, Object)
UnityEngine.Logger:Log(LogType, Object)
UnityEngine.Debug:Log(Object)
UIButtonHoverScale:IsMouseOverButton() (at E:/Unity/Projects/Work/FeatherLandNew/Assets/Scripts/UIButtonHoverScale.cs:458)
UIButtonHoverScale:Update() (at E:/Unity/Projects/Work/FeatherLandNew/Assets/Scripts/UIButtonHoverScale.cs:236)

[WeatherIcon] 鼠标在按钮区域内: (-39.55, -19.60), 按钮区域: (x:-44.25, y:-55.50, width:88.50, height:111.00)
UnityEngine.DebugLogHandler:Internal_Log(LogType, LogOption, String, Object)
UnityEngine.Logger:Log(LogType, Object)
UnityEngine.Debug:Log(Object)
UIButtonHoverScale:IsMouseOverButton() (at E:/Unity/Projects/Work/FeatherLandNew/Assets/Scripts/UIButtonHoverScale.cs:458)
UIButtonHoverScale:Update() (at E:/Unity/Projects/Work/FeatherLandNew/Assets/Scripts/UIButtonHoverScale.cs:236)

[WeatherIcon] 鼠标在按钮区域内: (-39.55, -19.60), 按钮区域: (x:-44.25, y:-55.50, width:88.50, height:111.00)
UnityEngine.DebugLogHandler:Internal_Log(LogType, LogOption, String, Object)
UnityEngine.Logger:Log(LogType, Object)
UnityEngine.Debug:Log(Object)
UIButtonHoverScale:IsMouseOverButton() (at E:/Unity/Projects/Work/FeatherLandNew/Assets/Scripts/UIButtonHoverScale.cs:458)
UIButtonHoverScale:Update() (at E:/Unity/Projects/Work/FeatherLandNew/Assets/Scripts/UIButtonHoverScale.cs:236)

[WeatherIcon] 鼠标在按钮区域内: (-39.55, -19.60), 按钮区域: (x:-44.25, y:-55.50, width:88.50, height:111.00)
UnityEngine.DebugLogHandler:Internal_Log(LogType, LogOption, String, Object)
UnityEngine.Logger:Log(LogType, Object)
UnityEngine.Debug:Log(Object)
UIButtonHoverScale:IsMouseOverButton() (at E:/Unity/Projects/Work/FeatherLandNew/Assets/Scripts/UIButtonHoverScale.cs:458)
UIButtonHoverScale:Update() (at E:/Unity/Projects/Work/FeatherLandNew/Assets/Scripts/UIButtonHoverScale.cs:236)

[WeatherIcon] 鼠标在按钮区域内: (-39.55, -19.60), 按钮区域: (x:-44.25, y:-55.50, width:88.50, height:111.00)
UnityEngine.DebugLogHandler:Internal_Log(LogType, LogOption, String, Object)
UnityEngine.Logger:Log(LogType, Object)
UnityEngine.Debug:Log(Object)
UIButtonHoverScale:IsMouseOverButton() (at E:/Unity/Projects/Work/FeatherLandNew/Assets/Scripts/UIButtonHoverScale.cs:458)
UIButtonHoverScale:Update() (at E:/Unity/Projects/Work/FeatherLandNew/Assets/Scripts/UIButtonHoverScale.cs:236)

[WeatherIcon] 鼠标在按钮区域内: (-39.55, -19.60), 按钮区域: (x:-44.25, y:-55.50, width:88.50, height:111.00)
UnityEngine.DebugLogHandler:Internal_Log(LogType, LogOption, String, Object)
UnityEngine.Logger:Log(LogType, Object)
UnityEngine.Debug:Log(Object)
UIButtonHoverScale:IsMouseOverButton() (at E:/Unity/Projects/Work/FeatherLandNew/Assets/Scripts/UIButtonHoverScale.cs:458)
UIButtonHoverScale:Update() (at E:/Unity/Projects/Work/FeatherLandNew/Assets/Scripts/UIButtonHoverScale.cs:236)

[WeatherIcon] 鼠标在按钮区域内: (-39.55, -19.60), 按钮区域: (x:-44.25, y:-55.50, width:88.50, height:111.00)
UnityEngine.DebugLogHandler:Internal_Log(LogType, LogOption, String, Object)
UnityEngine.Logger:Log(LogType, Object)
UnityEngine.Debug:Log(Object)
UIButtonHoverScale:IsMouseOverButton() (at E:/Unity/Projects/Work/FeatherLandNew/Assets/Scripts/UIButtonHoverScale.cs:458)
UIButtonHoverScale:Update() (at E:/Unity/Projects/Work/FeatherLandNew/Assets/Scripts/UIButtonHoverScale.cs:236)

[WeatherIcon] 鼠标在按钮区域内: (-39.55, -19.60), 按钮区域: (x:-44.25, y:-55.50, width:88.50, height:111.00)
UnityEngine.DebugLogHandler:Internal_Log(LogType, LogOption, String, Object)
UnityEngine.Logger:Log(LogType, Object)
UnityEngine.Debug:Log(Object)
UIButtonHoverScale:IsMouseOverButton() (at E:/Unity/Projects/Work/FeatherLandNew/Assets/Scripts/UIButtonHoverScale.cs:458)
UIButtonHoverScale:Update() (at E:/Unity/Projects/Work/FeatherLandNew/Assets/Scripts/UIButtonHoverScale.cs:236)

[WeatherIcon] 鼠标在按钮区域内: (-40.45, -19.60), 按钮区域: (x:-44.25, y:-55.50, width:88.50, height:111.00)
UnityEngine.DebugLogHandler:Internal_Log(LogType, LogOption, String, Object)
UnityEngine.Logger:Log(LogType, Object)
UnityEngine.Debug:Log(Object)
UIButtonHoverScale:IsMouseOverButton() (at E:/Unity/Projects/Work/FeatherLandNew/Assets/Scripts/UIButtonHoverScale.cs:458)
UIButtonHoverScale:Update() (at E:/Unity/Projects/Work/FeatherLandNew/Assets/Scripts/UIButtonHoverScale.cs:236)

[WeatherIcon] 鼠标在按钮区域内: (-41.36, -19.60), 按钮区域: (x:-44.25, y:-55.50, width:88.50, height:111.00)
UnityEngine.DebugLogHandler:Internal_Log(LogType, LogOption, String, Object)
UnityEngine.Logger:Log(LogType, Object)
UnityEngine.Debug:Log(Object)
UIButtonHoverScale:IsMouseOverButton() (at E:/Unity/Projects/Work/FeatherLandNew/Assets/Scripts/UIButtonHoverScale.cs:458)
UIButtonHoverScale:Update() (at E:/Unity/Projects/Work/FeatherLandNew/Assets/Scripts/UIButtonHoverScale.cs:236)

[WeatherIcon] 鼠标在按钮区域内: (-42.27, -18.69), 按钮区域: (x:-44.25, y:-55.50, width:88.50, height:111.00)
UnityEngine.DebugLogHandler:Internal_Log(LogType, LogOption, String, Object)
UnityEngine.Logger:Log(LogType, Object)
UnityEngine.Debug:Log(Object)
UIButtonHoverScale:IsMouseOverButton() (at E:/Unity/Projects/Work/FeatherLandNew/Assets/Scripts/UIButtonHoverScale.cs:458)
UIButtonHoverScale:Update() (at E:/Unity/Projects/Work/FeatherLandNew/Assets/Scripts/UIButtonHoverScale.cs:236)

[WeatherIcon] 鼠标在按钮区域内: (-44.09, -16.87), 按钮区域: (x:-44.25, y:-55.50, width:88.50, height:111.00)
UnityEngine.DebugLogHandler:Internal_Log(LogType, LogOption, String, Object)
UnityEngine.Logger:Log(LogType, Object)
UnityEngine.Debug:Log(Object)
UIButtonHoverScale:IsMouseOverButton() (at E:/Unity/Projects/Work/FeatherLandNew/Assets/Scripts/UIButtonHoverScale.cs:458)
UIButtonHoverScale:Update() (at E:/Unity/Projects/Work/FeatherLandNew/Assets/Scripts/UIButtonHoverScale.cs:236)

[IllustratedButton] 鼠标在按钮区域内: (43.40, -21.50), 按钮区域: (x:-46.75, y:-57.75, width:93.50, height:115.50)
UnityEngine.DebugLogHandler:Internal_Log(LogType, LogOption, String, Object)
UnityEngine.Logger:Log(LogType, Object)
UnityEngine.Debug:Log(Object)
UIButtonHoverScale:IsMouseOverButton() (at E:/Unity/Projects/Work/FeatherLandNew/Assets/Scripts/UIButtonHoverScale.cs:458)
UIButtonHoverScale:Update() (at E:/Unity/Projects/Work/FeatherLandNew/Assets/Scripts/UIButtonHoverScale.cs:236)

[IllustratedButton] 鼠标在按钮区域内: (35.82, -19.55), 按钮区域: (x:-46.75, y:-57.75, width:93.50, height:115.50)
UnityEngine.DebugLogHandler:Internal_Log(LogType, LogOption, String, Object)
UnityEngine.Logger:Log(LogType, Object)
UnityEngine.Debug:Log(Object)
UIButtonHoverScale:IsMouseOverButton() (at E:/Unity/Projects/Work/FeatherLandNew/Assets/Scripts/UIButtonHoverScale.cs:458)
UIButtonHoverScale:Update() (at E:/Unity/Projects/Work/FeatherLandNew/Assets/Scripts/UIButtonHoverScale.cs:236)

[IllustratedButton] 鼠标在按钮区域内: (34.91, -19.55), 按钮区域: (x:-46.75, y:-57.75, width:93.50, height:115.50)
UnityEngine.DebugLogHandler:Internal_Log(LogType, LogOption, String, Object)
UnityEngine.Logger:Log(LogType, Object)
UnityEngine.Debug:Log(Object)
UIButtonHoverScale:IsMouseOverButton() (at E:/Unity/Projects/Work/FeatherLandNew/Assets/Scripts/UIButtonHoverScale.cs:458)
UIButtonHoverScale:Update() (at E:/Unity/Projects/Work/FeatherLandNew/Assets/Scripts/UIButtonHoverScale.cs:236)

[IllustratedButton] 鼠标在按钮区域内: (32.18, -19.55), 按钮区域: (x:-46.75, y:-57.75, width:93.50, height:115.50)
UnityEngine.DebugLogHandler:Internal_Log(LogType, LogOption, String, Object)
UnityEngine.Logger:Log(LogType, Object)
UnityEngine.Debug:Log(Object)
UIButtonHoverScale:IsMouseOverButton() (at E:/Unity/Projects/Work/FeatherLandNew/Assets/Scripts/UIButtonHoverScale.cs:458)
UIButtonHoverScale:Update() (at E:/Unity/Projects/Work/FeatherLandNew/Assets/Scripts/UIButtonHoverScale.cs:236)

[IllustratedButton] 鼠标在按钮区域内: (26.73, -18.64), 按钮区域: (x:-46.75, y:-57.75, width:93.50, height:115.50)
UnityEngine.DebugLogHandler:Internal_Log(LogType, LogOption, String, Object)
UnityEngine.Logger:Log(LogType, Object)
UnityEngine.Debug:Log(Object)
UIButtonHoverScale:IsMouseOverButton() (at E:/Unity/Projects/Work/FeatherLandNew/Assets/Scripts/UIButtonHoverScale.cs:458)
UIButtonHoverScale:Update() (at E:/Unity/Projects/Work/FeatherLandNew/Assets/Scripts/UIButtonHoverScale.cs:236)

[IllustratedButton] 鼠标在按钮区域内: (21.27, -17.73), 按钮区域: (x:-46.75, y:-57.75, width:93.50, height:115.50)
UnityEngine.DebugLogHandler:Internal_Log(LogType, LogOption, String, Object)
UnityEngine.Logger:Log(LogType, Object)
UnityEngine.Debug:Log(Object)
UIButtonHoverScale:IsMouseOverButton() (at E:/Unity/Projects/Work/FeatherLandNew/Assets/Scripts/UIButtonHoverScale.cs:458)
UIButtonHoverScale:Update() (at E:/Unity/Projects/Work/FeatherLandNew/Assets/Scripts/UIButtonHoverScale.cs:236)

[IllustratedButton] 鼠标在按钮区域内: (11.27, -15.91), 按钮区域: (x:-46.75, y:-57.75, width:93.50, height:115.50)
UnityEngine.DebugLogHandler:Internal_Log(LogType, LogOption, String, Object)
UnityEngine.Logger:Log(LogType, Object)
UnityEngine.Debug:Log(Object)
UIButtonHoverScale:IsMouseOverButton() (at E:/Unity/Projects/Work/FeatherLandNew/Assets/Scripts/UIButtonHoverScale.cs:458)
UIButtonHoverScale:Update() (at E:/Unity/Projects/Work/FeatherLandNew/Assets/Scripts/UIButtonHoverScale.cs:236)

[IllustratedButton] 鼠标在按钮区域内: (4.00, -15.00), 按钮区域: (x:-46.75, y:-57.75, width:93.50, height:115.50)
UnityEngine.DebugLogHandler:Internal_Log(LogType, LogOption, String, Object)
UnityEngine.Logger:Log(LogType, Object)
UnityEngine.Debug:Log(Object)
UIButtonHoverScale:IsMouseOverButton() (at E:/Unity/Projects/Work/FeatherLandNew/Assets/Scripts/UIButtonHoverScale.cs:458)
UIButtonHoverScale:Update() (at E:/Unity/Projects/Work/FeatherLandNew/Assets/Scripts/UIButtonHoverScale.cs:236)

[IllustratedButton] 鼠标在按钮区域内: (-1.45, -15.00), 按钮区域: (x:-46.75, y:-57.75, width:93.50, height:115.50)
UnityEngine.DebugLogHandler:Internal_Log(LogType, LogOption, String, Object)
UnityEngine.Logger:Log(LogType, Object)
UnityEngine.Debug:Log(Object)
UIButtonHoverScale:IsMouseOverButton() (at E:/Unity/Projects/Work/FeatherLandNew/Assets/Scripts/UIButtonHoverScale.cs:458)
UIButtonHoverScale:Update() (at E:/Unity/Projects/Work/FeatherLandNew/Assets/Scripts/UIButtonHoverScale.cs:236)

[IllustratedButton] 鼠标在按钮区域内: (-6.91, -14.09), 按钮区域: (x:-46.75, y:-57.75, width:93.50, height:115.50)
UnityEngine.DebugLogHandler:Internal_Log(LogType, LogOption, String, Object)
UnityEngine.Logger:Log(LogType, Object)
UnityEngine.Debug:Log(Object)
UIButtonHoverScale:IsMouseOverButton() (at E:/Unity/Projects/Work/FeatherLandNew/Assets/Scripts/UIButtonHoverScale.cs:458)
UIButtonHoverScale:Update() (at E:/Unity/Projects/Work/FeatherLandNew/Assets/Scripts/UIButtonHoverScale.cs:236)

[IllustratedButton] 鼠标在按钮区域内: (-6.91, -14.09), 按钮区域: (x:-46.75, y:-57.75, width:93.50, height:115.50)
UnityEngine.DebugLogHandler:Internal_Log(LogType, LogOption, String, Object)
UnityEngine.Logger:Log(LogType, Object)
UnityEngine.Debug:Log(Object)
UIButtonHoverScale:IsMouseOverButton() (at E:/Unity/Projects/Work/FeatherLandNew/Assets/Scripts/UIButtonHoverScale.cs:458)
UIButtonHoverScale:Update() (at E:/Unity/Projects/Work/FeatherLandNew/Assets/Scripts/UIButtonHoverScale.cs:236)

[IllustratedButton] 鼠标在按钮区域内: (-6.91, -14.09), 按钮区域: (x:-46.75, y:-57.75, width:93.50, height:115.50)
UnityEngine.DebugLogHandler:Internal_Log(LogType, LogOption, String, Object)
UnityEngine.Logger:Log(LogType, Object)
UnityEngine.Debug:Log(Object)
UIButtonHoverScale:IsMouseOverButton() (at E:/Unity/Projects/Work/FeatherLandNew/Assets/Scripts/UIButtonHoverScale.cs:458)
UIButtonHoverScale:Update() (at E:/Unity/Projects/Work/FeatherLandNew/Assets/Scripts/UIButtonHoverScale.cs:236)

[IllustratedButton] 鼠标在按钮区域内: (-6.91, -14.09), 按钮区域: (x:-46.75, y:-57.75, width:93.50, height:115.50)
UnityEngine.DebugLogHandler:Internal_Log(LogType, LogOption, String, Object)
UnityEngine.Logger:Log(LogType, Object)
UnityEngine.Debug:Log(Object)
UIButtonHoverScale:IsMouseOverButton() (at E:/Unity/Projects/Work/FeatherLandNew/Assets/Scripts/UIButtonHoverScale.cs:458)
UIButtonHoverScale:Update() (at E:/Unity/Projects/Work/FeatherLandNew/Assets/Scripts/UIButtonHoverScale.cs:236)

[IllustratedButton] 鼠标在按钮区域内: (-7.82, -14.09), 按钮区域: (x:-46.75, y:-57.75, width:93.50, height:115.50)
UnityEngine.DebugLogHandler:Internal_Log(LogType, LogOption, String, Object)
UnityEngine.Logger:Log(LogType, Object)
UnityEngine.Debug:Log(Object)
UIButtonHoverScale:IsMouseOverButton() (at E:/Unity/Projects/Work/FeatherLandNew/Assets/Scripts/UIButtonHoverScale.cs:458)
UIButtonHoverScale:Update() (at E:/Unity/Projects/Work/FeatherLandNew/Assets/Scripts/UIButtonHoverScale.cs:236)

[IllustratedButton] 鼠标在按钮区域内: (-7.82, -14.09), 按钮区域: (x:-46.75, y:-57.75, width:93.50, height:115.50)
UnityEngine.DebugLogHandler:Internal_Log(LogType, LogOption, String, Object)
UnityEngine.Logger:Log(LogType, Object)
UnityEngine.Debug:Log(Object)
UIButtonHoverScale:IsMouseOverButton() (at E:/Unity/Projects/Work/FeatherLandNew/Assets/Scripts/UIButtonHoverScale.cs:458)
UIButtonHoverScale:Update() (at E:/Unity/Projects/Work/FeatherLandNew/Assets/Scripts/UIButtonHoverScale.cs:236)

[IllustratedButton] 鼠标在按钮区域内: (-7.82, -14.09), 按钮区域: (x:-46.75, y:-57.75, width:93.50, height:115.50)
UnityEngine.DebugLogHandler:Internal_Log(LogType, LogOption, String, Object)
UnityEngine.Logger:Log(LogType, Object)
UnityEngine.Debug:Log(Object)
UIButtonHoverScale:IsMouseOverButton() (at E:/Unity/Projects/Work/FeatherLandNew/Assets/Scripts/UIButtonHoverScale.cs:458)
UIButtonHoverScale:Update() (at E:/Unity/Projects/Work/FeatherLandNew/Assets/Scripts/UIButtonHoverScale.cs:236)

[IllustratedButton] 鼠标在按钮区域内: (-7.82, -14.09), 按钮区域: (x:-46.75, y:-57.75, width:93.50, height:115.50)
UnityEngine.DebugLogHandler:Internal_Log(LogType, LogOption, String, Object)
UnityEngine.Logger:Log(LogType, Object)
UnityEngine.Debug:Log(Object)
UIButtonHoverScale:IsMouseOverButton() (at E:/Unity/Projects/Work/FeatherLandNew/Assets/Scripts/UIButtonHoverScale.cs:458)
UIButtonHoverScale:Update() (at E:/Unity/Projects/Work/FeatherLandNew/Assets/Scripts/UIButtonHoverScale.cs:236)

[IllustratedButton] 鼠标在按钮区域内: (-7.82, -14.09), 按钮区域: (x:-46.75, y:-57.75, width:93.50, height:115.50)
UnityEngine.DebugLogHandler:Internal_Log(LogType, LogOption, String, Object)
UnityEngine.Logger:Log(LogType, Object)
UnityEngine.Debug:Log(Object)
UIButtonHoverScale:IsMouseOverButton() (at E:/Unity/Projects/Work/FeatherLandNew/Assets/Scripts/UIButtonHoverScale.cs:458)
UIButtonHoverScale:Update() (at E:/Unity/Projects/Work/FeatherLandNew/Assets/Scripts/UIButtonHoverScale.cs:236)

[IllustratedButton] 鼠标在按钮区域内: (-7.82, -14.09), 按钮区域: (x:-46.75, y:-57.75, width:93.50, height:115.50)
UnityEngine.DebugLogHandler:Internal_Log(LogType, LogOption, String, Object)
UnityEngine.Logger:Log(LogType, Object)
UnityEngine.Debug:Log(Object)
UIButtonHoverScale:IsMouseOverButton() (at E:/Unity/Projects/Work/FeatherLandNew/Assets/Scripts/UIButtonHoverScale.cs:458)
UIButtonHoverScale:Update() (at E:/Unity/Projects/Work/FeatherLandNew/Assets/Scripts/UIButtonHoverScale.cs:236)

[IllustratedButton] 鼠标在按钮区域内: (-7.82, -14.09), 按钮区域: (x:-46.75, y:-57.75, width:93.50, height:115.50)
UnityEngine.DebugLogHandler:Internal_Log(LogType, LogOption, String, Object)
UnityEngine.Logger:Log(LogType, Object)
UnityEngine.Debug:Log(Object)
UIButtonHoverScale:IsMouseOverButton() (at E:/Unity/Projects/Work/FeatherLandNew/Assets/Scripts/UIButtonHoverScale.cs:458)
UIButtonHoverScale:Update() (at E:/Unity/Projects/Work/FeatherLandNew/Assets/Scripts/UIButtonHoverScale.cs:236)

[IllustratedButton] 鼠标在按钮区域内: (-9.64, -14.09), 按钮区域: (x:-46.75, y:-57.75, width:93.50, height:115.50)
UnityEngine.DebugLogHandler:Internal_Log(LogType, LogOption, String, Object)
UnityEngine.Logger:Log(LogType, Object)
UnityEngine.Debug:Log(Object)
UIButtonHoverScale:IsMouseOverButton() (at E:/Unity/Projects/Work/FeatherLandNew/Assets/Scripts/UIButtonHoverScale.cs:458)
UIButtonHoverScale:Update() (at E:/Unity/Projects/Work/FeatherLandNew/Assets/Scripts/UIButtonHoverScale.cs:236)

[IllustratedButton] 鼠标在按钮区域内: (-11.45, -14.09), 按钮区域: (x:-46.75, y:-57.75, width:93.50, height:115.50)
UnityEngine.DebugLogHandler:Internal_Log(LogType, LogOption, String, Object)
UnityEngine.Logger:Log(LogType, Object)
UnityEngine.Debug:Log(Object)
UIButtonHoverScale:IsMouseOverButton() (at E:/Unity/Projects/Work/FeatherLandNew/Assets/Scripts/UIButtonHoverScale.cs:458)
UIButtonHoverScale:Update() (at E:/Unity/Projects/Work/FeatherLandNew/Assets/Scripts/UIButtonHoverScale.cs:236)

[IllustratedButton] 鼠标在按钮区域内: (-14.18, -14.09), 按钮区域: (x:-46.75, y:-57.75, width:93.50, height:115.50)
UnityEngine.DebugLogHandler:Internal_Log(LogType, LogOption, String, Object)
UnityEngine.Logger:Log(LogType, Object)
UnityEngine.Debug:Log(Object)
UIButtonHoverScale:IsMouseOverButton() (at E:/Unity/Projects/Work/FeatherLandNew/Assets/Scripts/UIButtonHoverScale.cs:458)
UIButtonHoverScale:Update() (at E:/Unity/Projects/Work/FeatherLandNew/Assets/Scripts/UIButtonHoverScale.cs:236)

[IllustratedButton] 鼠标在按钮区域内: (-21.45, -14.09), 按钮区域: (x:-46.75, y:-57.75, width:93.50, height:115.50)
UnityEngine.DebugLogHandler:Internal_Log(LogType, LogOption, String, Object)
UnityEngine.Logger:Log(LogType, Object)
UnityEngine.Debug:Log(Object)
UIButtonHoverScale:IsMouseOverButton() (at E:/Unity/Projects/Work/FeatherLandNew/Assets/Scripts/UIButtonHoverScale.cs:458)
UIButtonHoverScale:Update() (at E:/Unity/Projects/Work/FeatherLandNew/Assets/Scripts/UIButtonHoverScale.cs:236)

[IllustratedButton] 鼠标在按钮区域内: (-25.09, -14.09), 按钮区域: (x:-46.75, y:-57.75, width:93.50, height:115.50)
UnityEngine.DebugLogHandler:Internal_Log(LogType, LogOption, String, Object)
UnityEngine.Logger:Log(LogType, Object)
UnityEngine.Debug:Log(Object)
UIButtonHoverScale:IsMouseOverButton() (at E:/Unity/Projects/Work/FeatherLandNew/Assets/Scripts/UIButtonHoverScale.cs:458)
UIButtonHoverScale:Update() (at E:/Unity/Projects/Work/FeatherLandNew/Assets/Scripts/UIButtonHoverScale.cs:236)

[IllustratedButton] 鼠标在按钮区域内: (-26.91, -14.09), 按钮区域: (x:-46.75, y:-57.75, width:93.50, height:115.50)
UnityEngine.DebugLogHandler:Internal_Log(LogType, LogOption, String, Object)
UnityEngine.Logger:Log(LogType, Object)
UnityEngine.Debug:Log(Object)
UIButtonHoverScale:IsMouseOverButton() (at E:/Unity/Projects/Work/FeatherLandNew/Assets/Scripts/UIButtonHoverScale.cs:458)
UIButtonHoverScale:Update() (at E:/Unity/Projects/Work/FeatherLandNew/Assets/Scripts/UIButtonHoverScale.cs:236)

[IllustratedButton] 鼠标在按钮区域内: (-31.45, -14.09), 按钮区域: (x:-46.75, y:-57.75, width:93.50, height:115.50)
UnityEngine.DebugLogHandler:Internal_Log(LogType, LogOption, String, Object)
UnityEngine.Logger:Log(LogType, Object)
UnityEngine.Debug:Log(Object)
UIButtonHoverScale:IsMouseOverButton() (at E:/Unity/Projects/Work/FeatherLandNew/Assets/Scripts/UIButtonHoverScale.cs:458)
UIButtonHoverScale:Update() (at E:/Unity/Projects/Work/FeatherLandNew/Assets/Scripts/UIButtonHoverScale.cs:236)

[IllustratedButton] 鼠标在按钮区域内: (-34.18, -14.09), 按钮区域: (x:-46.75, y:-57.75, width:93.50, height:115.50)
UnityEngine.DebugLogHandler:Internal_Log(LogType, LogOption, String, Object)
UnityEngine.Logger:Log(LogType, Object)
UnityEngine.Debug:Log(Object)
UIButtonHoverScale:IsMouseOverButton() (at E:/Unity/Projects/Work/FeatherLandNew/Assets/Scripts/UIButtonHoverScale.cs:458)
UIButtonHoverScale:Update() (at E:/Unity/Projects/Work/FeatherLandNew/Assets/Scripts/UIButtonHoverScale.cs:236)

[IllustratedButton] 鼠标在按钮区域内: (-42.36, -13.18), 按钮区域: (x:-46.75, y:-57.75, width:93.50, height:115.50)
UnityEngine.DebugLogHandler:Internal_Log(LogType, LogOption, String, Object)
UnityEngine.Logger:Log(LogType, Object)
UnityEngine.Debug:Log(Object)
UIButtonHoverScale:IsMouseOverButton() (at E:/Unity/Projects/Work/FeatherLandNew/Assets/Scripts/UIButtonHoverScale.cs:458)
UIButtonHoverScale:Update() (at E:/Unity/Projects/Work/FeatherLandNew/Assets/Scripts/UIButtonHoverScale.cs:236)

[IllustratedButton] 鼠标在按钮区域内: (-46.00, -13.18), 按钮区域: (x:-46.75, y:-57.75, width:93.50, height:115.50)
UnityEngine.DebugLogHandler:Internal_Log(LogType, LogOption, String, Object)
UnityEngine.Logger:Log(LogType, Object)
UnityEngine.Debug:Log(Object)
UIButtonHoverScale:IsMouseOverButton() (at E:/Unity/Projects/Work/FeatherLandNew/Assets/Scripts/UIButtonHoverScale.cs:458)
UIButtonHoverScale:Update() (at E:/Unity/Projects/Work/FeatherLandNew/Assets/Scripts/UIButtonHoverScale.cs:236)

[ShopButton] 鼠标在按钮区域内: (33.35, -11.32), 按钮区域: (x:-40.25, y:-57.25, width:80.50, height:114.50)
UnityEngine.DebugLogHandler:Internal_Log(LogType, LogOption, String, Object)
UnityEngine.Logger:Log(LogType, Object)
UnityEngine.Debug:Log(Object)
UIButtonHoverScale:IsMouseOverButton() (at E:/Unity/Projects/Work/FeatherLandNew/Assets/Scripts/UIButtonHoverScale.cs:458)
UIButtonHoverScale:Update() (at E:/Unity/Projects/Work/FeatherLandNew/Assets/Scripts/UIButtonHoverScale.cs:236)

[ShopButton] 鼠标在按钮区域内: (24.86, -10.29), 按钮区域: (x:-40.25, y:-57.25, width:80.50, height:114.50)
UnityEngine.DebugLogHandler:Internal_Log(LogType, LogOption, String, Object)
UnityEngine.Logger:Log(LogType, Object)
UnityEngine.Debug:Log(Object)
UIButtonHoverScale:IsMouseOverButton() (at E:/Unity/Projects/Work/FeatherLandNew/Assets/Scripts/UIButtonHoverScale.cs:458)
UIButtonHoverScale:Update() (at E:/Unity/Projects/Work/FeatherLandNew/Assets/Scripts/UIButtonHoverScale.cs:236)

[ShopButton] 鼠标在按钮区域内: (23.05, -10.29), 按钮区域: (x:-40.25, y:-57.25, width:80.50, height:114.50)
UnityEngine.DebugLogHandler:Internal_Log(LogType, LogOption, String, Object)
UnityEngine.Logger:Log(LogType, Object)
UnityEngine.Debug:Log(Object)
UIButtonHoverScale:IsMouseOverButton() (at E:/Unity/Projects/Work/FeatherLandNew/Assets/Scripts/UIButtonHoverScale.cs:458)
UIButtonHoverScale:Update() (at E:/Unity/Projects/Work/FeatherLandNew/Assets/Scripts/UIButtonHoverScale.cs:236)

[ShopButton] 鼠标在按钮区域内: (22.14, -10.29), 按钮区域: (x:-40.25, y:-57.25, width:80.50, height:114.50)
UnityEngine.DebugLogHandler:Internal_Log(LogType, LogOption, String, Object)
UnityEngine.Logger:Log(LogType, Object)
UnityEngine.Debug:Log(Object)
UIButtonHoverScale:IsMouseOverButton() (at E:/Unity/Projects/Work/FeatherLandNew/Assets/Scripts/UIButtonHoverScale.cs:458)
UIButtonHoverScale:Update() (at E:/Unity/Projects/Work/FeatherLandNew/Assets/Scripts/UIButtonHoverScale.cs:236)

[ShopButton] 鼠标在按钮区域内: (21.23, -10.29), 按钮区域: (x:-40.25, y:-57.25, width:80.50, height:114.50)
UnityEngine.DebugLogHandler:Internal_Log(LogType, LogOption, String, Object)
UnityEngine.Logger:Log(LogType, Object)
UnityEngine.Debug:Log(Object)
UIButtonHoverScale:IsMouseOverButton() (at E:/Unity/Projects/Work/FeatherLandNew/Assets/Scripts/UIButtonHoverScale.cs:458)
UIButtonHoverScale:Update() (at E:/Unity/Projects/Work/FeatherLandNew/Assets/Scripts/UIButtonHoverScale.cs:236)

[ShopButton] 鼠标在按钮区域内: (20.32, -10.29), 按钮区域: (x:-40.25, y:-57.25, width:80.50, height:114.50)
UnityEngine.DebugLogHandler:Internal_Log(LogType, LogOption, String, Object)
UnityEngine.Logger:Log(LogType, Object)
UnityEngine.Debug:Log(Object)
UIButtonHoverScale:IsMouseOverButton() (at E:/Unity/Projects/Work/FeatherLandNew/Assets/Scripts/UIButtonHoverScale.cs:458)
UIButtonHoverScale:Update() (at E:/Unity/Projects/Work/FeatherLandNew/Assets/Scripts/UIButtonHoverScale.cs:236)

[ShopButton] 鼠标在按钮区域内: (20.32, -10.29), 按钮区域: (x:-40.25, y:-57.25, width:80.50, height:114.50)
UnityEngine.DebugLogHandler:Internal_Log(LogType, LogOption, String, Object)
UnityEngine.Logger:Log(LogType, Object)
UnityEngine.Debug:Log(Object)
UIButtonHoverScale:IsMouseOverButton() (at E:/Unity/Projects/Work/FeatherLandNew/Assets/Scripts/UIButtonHoverScale.cs:458)
UIButtonHoverScale:Update() (at E:/Unity/Projects/Work/FeatherLandNew/Assets/Scripts/UIButtonHoverScale.cs:236)

[ShopButton] 鼠标在按钮区域内: (20.32, -10.29), 按钮区域: (x:-40.25, y:-57.25, width:80.50, height:114.50)
UnityEngine.DebugLogHandler:Internal_Log(LogType, LogOption, String, Object)
UnityEngine.Logger:Log(LogType, Object)
UnityEngine.Debug:Log(Object)
UIButtonHoverScale:IsMouseOverButton() (at E:/Unity/Projects/Work/FeatherLandNew/Assets/Scripts/UIButtonHoverScale.cs:458)
UIButtonHoverScale:Update() (at E:/Unity/Projects/Work/FeatherLandNew/Assets/Scripts/UIButtonHoverScale.cs:236)

[ShopButton] 鼠标在按钮区域内: (20.32, -10.29), 按钮区域: (x:-40.25, y:-57.25, width:80.50, height:114.50)
UnityEngine.DebugLogHandler:Internal_Log(LogType, LogOption, String, Object)
UnityEngine.Logger:Log(LogType, Object)
UnityEngine.Debug:Log(Object)
UIButtonHoverScale:IsMouseOverButton() (at E:/Unity/Projects/Work/FeatherLandNew/Assets/Scripts/UIButtonHoverScale.cs:458)
UIButtonHoverScale:Update() (at E:/Unity/Projects/Work/FeatherLandNew/Assets/Scripts/UIButtonHoverScale.cs:236)

[ShopButton] 鼠标在按钮区域内: (20.32, -10.29), 按钮区域: (x:-40.25, y:-57.25, width:80.50, height:114.50)
UnityEngine.DebugLogHandler:Internal_Log(LogType, LogOption, String, Object)
UnityEngine.Logger:Log(LogType, Object)
UnityEngine.Debug:Log(Object)
UIButtonHoverScale:IsMouseOverButton() (at E:/Unity/Projects/Work/FeatherLandNew/Assets/Scripts/UIButtonHoverScale.cs:458)
UIButtonHoverScale:Update() (at E:/Unity/Projects/Work/FeatherLandNew/Assets/Scripts/UIButtonHoverScale.cs:236)

[ShopButton] 鼠标在按钮区域内: (20.32, -10.29), 按钮区域: (x:-40.25, y:-57.25, width:80.50, height:114.50)
UnityEngine.DebugLogHandler:Internal_Log(LogType, LogOption, String, Object)
UnityEngine.Logger:Log(LogType, Object)
UnityEngine.Debug:Log(Object)
UIButtonHoverScale:IsMouseOverButton() (at E:/Unity/Projects/Work/FeatherLandNew/Assets/Scripts/UIButtonHoverScale.cs:458)
UIButtonHoverScale:Update() (at E:/Unity/Projects/Work/FeatherLandNew/Assets/Scripts/UIButtonHoverScale.cs:236)

[ShopButton] 鼠标在按钮区域内: (20.32, -10.29), 按钮区域: (x:-40.25, y:-57.25, width:80.50, height:114.50)
UnityEngine.DebugLogHandler:Internal_Log(LogType, LogOption, String, Object)
UnityEngine.Logger:Log(LogType, Object)
UnityEngine.Debug:Log(Object)
UIButtonHoverScale:IsMouseOverButton() (at E:/Unity/Projects/Work/FeatherLandNew/Assets/Scripts/UIButtonHoverScale.cs:458)
UIButtonHoverScale:Update() (at E:/Unity/Projects/Work/FeatherLandNew/Assets/Scripts/UIButtonHoverScale.cs:236)

[ShopButton] 鼠标在按钮区域内: (20.32, -10.29), 按钮区域: (x:-40.25, y:-57.25, width:80.50, height:114.50)
UnityEngine.DebugLogHandler:Internal_Log(LogType, LogOption, String, Object)
UnityEngine.Logger:Log(LogType, Object)
UnityEngine.Debug:Log(Object)
UIButtonHoverScale:IsMouseOverButton() (at E:/Unity/Projects/Work/FeatherLandNew/Assets/Scripts/UIButtonHoverScale.cs:458)
UIButtonHoverScale:Update() (at E:/Unity/Projects/Work/FeatherLandNew/Assets/Scripts/UIButtonHoverScale.cs:236)

[ShopButton] 鼠标在按钮区域内: (20.32, -10.29), 按钮区域: (x:-40.25, y:-57.25, width:80.50, height:114.50)
UnityEngine.DebugLogHandler:Internal_Log(LogType, LogOption, String, Object)
UnityEngine.Logger:Log(LogType, Object)
UnityEngine.Debug:Log(Object)
UIButtonHoverScale:IsMouseOverButton() (at E:/Unity/Projects/Work/FeatherLandNew/Assets/Scripts/UIButtonHoverScale.cs:458)
UIButtonHoverScale:Update() (at E:/Unity/Projects/Work/FeatherLandNew/Assets/Scripts/UIButtonHoverScale.cs:236)

[ShopButton] 鼠标在按钮区域内: (20.32, -10.29), 按钮区域: (x:-40.25, y:-57.25, width:80.50, height:114.50)
UnityEngine.DebugLogHandler:Internal_Log(LogType, LogOption, String, Object)
UnityEngine.Logger:Log(LogType, Object)
UnityEngine.Debug:Log(Object)
UIButtonHoverScale:IsMouseOverButton() (at E:/Unity/Projects/Work/FeatherLandNew/Assets/Scripts/UIButtonHoverScale.cs:458)
UIButtonHoverScale:Update() (at E:/Unity/Projects/Work/FeatherLandNew/Assets/Scripts/UIButtonHoverScale.cs:236)

[ShopButton] 鼠标在按钮区域内: (20.32, -10.29), 按钮区域: (x:-40.25, y:-57.25, width:80.50, height:114.50)
UnityEngine.DebugLogHandler:Internal_Log(LogType, LogOption, String, Object)
UnityEngine.Logger:Log(LogType, Object)
UnityEngine.Debug:Log(Object)
UIButtonHoverScale:IsMouseOverButton() (at E:/Unity/Projects/Work/FeatherLandNew/Assets/Scripts/UIButtonHoverScale.cs:458)
UIButtonHoverScale:Update() (at E:/Unity/Projects/Work/FeatherLandNew/Assets/Scripts/UIButtonHoverScale.cs:236)

[ShopButton] 鼠标在按钮区域内: (20.32, -10.29), 按钮区域: (x:-40.25, y:-57.25, width:80.50, height:114.50)
UnityEngine.DebugLogHandler:Internal_Log(LogType, LogOption, String, Object)
UnityEngine.Logger:Log(LogType, Object)
UnityEngine.Debug:Log(Object)
UIButtonHoverScale:IsMouseOverButton() (at E:/Unity/Projects/Work/FeatherLandNew/Assets/Scripts/UIButtonHoverScale.cs:458)
UIButtonHoverScale:Update() (at E:/Unity/Projects/Work/FeatherLandNew/Assets/Scripts/UIButtonHoverScale.cs:236)

[ShopButton] 鼠标在按钮区域内: (20.32, -10.29), 按钮区域: (x:-40.25, y:-57.25, width:80.50, height:114.50)
UnityEngine.DebugLogHandler:Internal_Log(LogType, LogOption, String, Object)
UnityEngine.Logger:Log(LogType, Object)
UnityEngine.Debug:Log(Object)
UIButtonHoverScale:IsMouseOverButton() (at E:/Unity/Projects/Work/FeatherLandNew/Assets/Scripts/UIButtonHoverScale.cs:458)
UIButtonHoverScale:Update() (at E:/Unity/Projects/Work/FeatherLandNew/Assets/Scripts/UIButtonHoverScale.cs:236)

[ShopButton] 鼠标在按钮区域内: (20.32, -10.29), 按钮区域: (x:-40.25, y:-57.25, width:80.50, height:114.50)
UnityEngine.DebugLogHandler:Internal_Log(LogType, LogOption, String, Object)
UnityEngine.Logger:Log(LogType, Object)
UnityEngine.Debug:Log(Object)
UIButtonHoverScale:IsMouseOverButton() (at E:/Unity/Projects/Work/FeatherLandNew/Assets/Scripts/UIButtonHoverScale.cs:458)
UIButtonHoverScale:Update() (at E:/Unity/Projects/Work/FeatherLandNew/Assets/Scripts/UIButtonHoverScale.cs:236)

[ShopButton] 鼠标在按钮区域内: (20.32, -10.29), 按钮区域: (x:-40.25, y:-57.25, width:80.50, height:114.50)
UnityEngine.DebugLogHandler:Internal_Log(LogType, LogOption, String, Object)
UnityEngine.Logger:Log(LogType, Object)
UnityEngine.Debug:Log(Object)
UIButtonHoverScale:IsMouseOverButton() (at E:/Unity/Projects/Work/FeatherLandNew/Assets/Scripts/UIButtonHoverScale.cs:458)
UIButtonHoverScale:Update() (at E:/Unity/Projects/Work/FeatherLandNew/Assets/Scripts/UIButtonHoverScale.cs:236)

[ShopButton] 鼠标在按钮区域内: (20.32, -11.20), 按钮区域: (x:-40.25, y:-57.25, width:80.50, height:114.50)
UnityEngine.DebugLogHandler:Internal_Log(LogType, LogOption, String, Object)
UnityEngine.Logger:Log(LogType, Object)
UnityEngine.Debug:Log(Object)
UIButtonHoverScale:IsMouseOverButton() (at E:/Unity/Projects/Work/FeatherLandNew/Assets/Scripts/UIButtonHoverScale.cs:458)
UIButtonHoverScale:Update() (at E:/Unity/Projects/Work/FeatherLandNew/Assets/Scripts/UIButtonHoverScale.cs:236)

[ShopButton] 鼠标在按钮区域内: (20.32, -11.20), 按钮区域: (x:-40.25, y:-57.25, width:80.50, height:114.50)
UnityEngine.DebugLogHandler:Internal_Log(LogType, LogOption, String, Object)
UnityEngine.Logger:Log(LogType, Object)
UnityEngine.Debug:Log(Object)
UIButtonHoverScale:IsMouseOverButton() (at E:/Unity/Projects/Work/FeatherLandNew/Assets/Scripts/UIButtonHoverScale.cs:458)
UIButtonHoverScale:Update() (at E:/Unity/Projects/Work/FeatherLandNew/Assets/Scripts/UIButtonHoverScale.cs:236)

[ShopButton] 鼠标在按钮区域内: (21.23, -11.20), 按钮区域: (x:-40.25, y:-57.25, width:80.50, height:114.50)
UnityEngine.DebugLogHandler:Internal_Log(LogType, LogOption, String, Object)
UnityEngine.Logger:Log(LogType, Object)
UnityEngine.Debug:Log(Object)
UIButtonHoverScale:IsMouseOverButton() (at E:/Unity/Projects/Work/FeatherLandNew/Assets/Scripts/UIButtonHoverScale.cs:458)
UIButtonHoverScale:Update() (at E:/Unity/Projects/Work/FeatherLandNew/Assets/Scripts/UIButtonHoverScale.cs:236)

[ShopButton] 鼠标在按钮区域内: (22.14, -12.11), 按钮区域: (x:-40.25, y:-57.25, width:80.50, height:114.50)
UnityEngine.DebugLogHandler:Internal_Log(LogType, LogOption, String, Object)
UnityEngine.Logger:Log(LogType, Object)
UnityEngine.Debug:Log(Object)
UIButtonHoverScale:IsMouseOverButton() (at E:/Unity/Projects/Work/FeatherLandNew/Assets/Scripts/UIButtonHoverScale.cs:458)
UIButtonHoverScale:Update() (at E:/Unity/Projects/Work/FeatherLandNew/Assets/Scripts/UIButtonHoverScale.cs:236)

[ShopButton] 鼠标在按钮区域内: (34.86, -12.11), 按钮区域: (x:-40.25, y:-57.25, width:80.50, height:114.50)
UnityEngine.DebugLogHandler:Internal_Log(LogType, LogOption, String, Object)
UnityEngine.Logger:Log(LogType, Object)
UnityEngine.Debug:Log(Object)
UIButtonHoverScale:IsMouseOverButton() (at E:/Unity/Projects/Work/FeatherLandNew/Assets/Scripts/UIButtonHoverScale.cs:458)
UIButtonHoverScale:Update() (at E:/Unity/Projects/Work/FeatherLandNew/Assets/Scripts/UIButtonHoverScale.cs:236)

[IllustratedButton] 鼠标在按钮区域内: (-36.60, -15.50), 按钮区域: (x:-46.75, y:-57.75, width:93.50, height:115.50)
UnityEngine.DebugLogHandler:Internal_Log(LogType, LogOption, String, Object)
UnityEngine.Logger:Log(LogType, Object)
UnityEngine.Debug:Log(Object)
UIButtonHoverScale:IsMouseOverButton() (at E:/Unity/Projects/Work/FeatherLandNew/Assets/Scripts/UIButtonHoverScale.cs:458)
UIButtonHoverScale:Update() (at E:/Unity/Projects/Work/FeatherLandNew/Assets/Scripts/UIButtonHoverScale.cs:236)

[IllustratedButton] 鼠标在按钮区域内: (-20.55, -14.09), 按钮区域: (x:-46.75, y:-57.75, width:93.50, height:115.50)
UnityEngine.DebugLogHandler:Internal_Log(LogType, LogOption, String, Object)
UnityEngine.Logger:Log(LogType, Object)
UnityEngine.Debug:Log(Object)
UIButtonHoverScale:IsMouseOverButton() (at E:/Unity/Projects/Work/FeatherLandNew/Assets/Scripts/UIButtonHoverScale.cs:458)
UIButtonHoverScale:Update() (at E:/Unity/Projects/Work/FeatherLandNew/Assets/Scripts/UIButtonHoverScale.cs:236)

[IllustratedButton] 鼠标在按钮区域内: (-18.73, -14.09), 按钮区域: (x:-46.75, y:-57.75, width:93.50, height:115.50)
UnityEngine.DebugLogHandler:Internal_Log(LogType, LogOption, String, Object)
UnityEngine.Logger:Log(LogType, Object)
UnityEngine.Debug:Log(Object)
UIButtonHoverScale:IsMouseOverButton() (at E:/Unity/Projects/Work/FeatherLandNew/Assets/Scripts/UIButtonHoverScale.cs:458)
UIButtonHoverScale:Update() (at E:/Unity/Projects/Work/FeatherLandNew/Assets/Scripts/UIButtonHoverScale.cs:236)

[IllustratedButton] 鼠标在按钮区域内: (-18.73, -14.09), 按钮区域: (x:-46.75, y:-57.75, width:93.50, height:115.50)
UnityEngine.DebugLogHandler:Internal_Log(LogType, LogOption, String, Object)
UnityEngine.Logger:Log(LogType, Object)
UnityEngine.Debug:Log(Object)
UIButtonHoverScale:IsMouseOverButton() (at E:/Unity/Projects/Work/FeatherLandNew/Assets/Scripts/UIButtonHoverScale.cs:458)
UIButtonHoverScale:Update() (at E:/Unity/Projects/Work/FeatherLandNew/Assets/Scripts/UIButtonHoverScale.cs:236)

[IllustratedButton] 鼠标在按钮区域内: (-18.73, -14.09), 按钮区域: (x:-46.75, y:-57.75, width:93.50, height:115.50)
UnityEngine.DebugLogHandler:Internal_Log(LogType, LogOption, String, Object)
UnityEngine.Logger:Log(LogType, Object)
UnityEngine.Debug:Log(Object)
UIButtonHoverScale:IsMouseOverButton() (at E:/Unity/Projects/Work/FeatherLandNew/Assets/Scripts/UIButtonHoverScale.cs:458)
UIButtonHoverScale:Update() (at E:/Unity/Projects/Work/FeatherLandNew/Assets/Scripts/UIButtonHoverScale.cs:236)

[IllustratedButton] 鼠标在按钮区域内: (-17.82, -14.09), 按钮区域: (x:-46.75, y:-57.75, width:93.50, height:115.50)
UnityEngine.DebugLogHandler:Internal_Log(LogType, LogOption, String, Object)
UnityEngine.Logger:Log(LogType, Object)
UnityEngine.Debug:Log(Object)
UIButtonHoverScale:IsMouseOverButton() (at E:/Unity/Projects/Work/FeatherLandNew/Assets/Scripts/UIButtonHoverScale.cs:458)
UIButtonHoverScale:Update() (at E:/Unity/Projects/Work/FeatherLandNew/Assets/Scripts/UIButtonHoverScale.cs:236)

[IllustratedButton] 鼠标在按钮区域内: (-17.82, -14.09), 按钮区域: (x:-46.75, y:-57.75, width:93.50, height:115.50)
UnityEngine.DebugLogHandler:Internal_Log(LogType, LogOption, String, Object)
UnityEngine.Logger:Log(LogType, Object)
UnityEngine.Debug:Log(Object)
UIButtonHoverScale:IsMouseOverButton() (at E:/Unity/Projects/Work/FeatherLandNew/Assets/Scripts/UIButtonHoverScale.cs:458)
UIButtonHoverScale:Update() (at E:/Unity/Projects/Work/FeatherLandNew/Assets/Scripts/UIButtonHoverScale.cs:236)

[IllustratedButton] 鼠标在按钮区域内: (-17.82, -14.09), 按钮区域: (x:-46.75, y:-57.75, width:93.50, height:115.50)
UnityEngine.DebugLogHandler:Internal_Log(LogType, LogOption, String, Object)
UnityEngine.Logger:Log(LogType, Object)
UnityEngine.Debug:Log(Object)
UIButtonHoverScale:IsMouseOverButton() (at E:/Unity/Projects/Work/FeatherLandNew/Assets/Scripts/UIButtonHoverScale.cs:458)
UIButtonHoverScale:Update() (at E:/Unity/Projects/Work/FeatherLandNew/Assets/Scripts/UIButtonHoverScale.cs:236)

[IllustratedButton] 鼠标在按钮区域内: (-17.82, -14.09), 按钮区域: (x:-46.75, y:-57.75, width:93.50, height:115.50)
UnityEngine.DebugLogHandler:Internal_Log(LogType, LogOption, String, Object)
UnityEngine.Logger:Log(LogType, Object)
UnityEngine.Debug:Log(Object)
UIButtonHoverScale:IsMouseOverButton() (at E:/Unity/Projects/Work/FeatherLandNew/Assets/Scripts/UIButtonHoverScale.cs:458)
UIButtonHoverScale:Update() (at E:/Unity/Projects/Work/FeatherLandNew/Assets/Scripts/UIButtonHoverScale.cs:236)

[IllustratedButton] 鼠标在按钮区域内: (-17.82, -14.09), 按钮区域: (x:-46.75, y:-57.75, width:93.50, height:115.50)
UnityEngine.DebugLogHandler:Internal_Log(LogType, LogOption, String, Object)
UnityEngine.Logger:Log(LogType, Object)
UnityEngine.Debug:Log(Object)
UIButtonHoverScale:IsMouseOverButton() (at E:/Unity/Projects/Work/FeatherLandNew/Assets/Scripts/UIButtonHoverScale.cs:458)
UIButtonHoverScale:Update() (at E:/Unity/Projects/Work/FeatherLandNew/Assets/Scripts/UIButtonHoverScale.cs:236)

[IllustratedButton] 鼠标在按钮区域内: (-16.91, -14.09), 按钮区域: (x:-46.75, y:-57.75, width:93.50, height:115.50)
UnityEngine.DebugLogHandler:Internal_Log(LogType, LogOption, String, Object)
UnityEngine.Logger:Log(LogType, Object)
UnityEngine.Debug:Log(Object)
UIButtonHoverScale:IsMouseOverButton() (at E:/Unity/Projects/Work/FeatherLandNew/Assets/Scripts/UIButtonHoverScale.cs:458)
UIButtonHoverScale:Update() (at E:/Unity/Projects/Work/FeatherLandNew/Assets/Scripts/UIButtonHoverScale.cs:236)

[IllustratedButton] 鼠标在按钮区域内: (-13.27, -14.09), 按钮区域: (x:-46.75, y:-57.75, width:93.50, height:115.50)
UnityEngine.DebugLogHandler:Internal_Log(LogType, LogOption, String, Object)
UnityEngine.Logger:Log(LogType, Object)
UnityEngine.Debug:Log(Object)
UIButtonHoverScale:IsMouseOverButton() (at E:/Unity/Projects/Work/FeatherLandNew/Assets/Scripts/UIButtonHoverScale.cs:458)
UIButtonHoverScale:Update() (at E:/Unity/Projects/Work/FeatherLandNew/Assets/Scripts/UIButtonHoverScale.cs:236)

[IllustratedButton] 鼠标在按钮区域内: (-10.55, -14.09), 按钮区域: (x:-46.75, y:-57.75, width:93.50, height:115.50)
UnityEngine.DebugLogHandler:Internal_Log(LogType, LogOption, String, Object)
UnityEngine.Logger:Log(LogType, Object)
UnityEngine.Debug:Log(Object)
UIButtonHoverScale:IsMouseOverButton() (at E:/Unity/Projects/Work/FeatherLandNew/Assets/Scripts/UIButtonHoverScale.cs:458)
UIButtonHoverScale:Update() (at E:/Unity/Projects/Work/FeatherLandNew/Assets/Scripts/UIButtonHoverScale.cs:236)

[IllustratedButton] 鼠标在按钮区域内: (-8.73, -14.09), 按钮区域: (x:-46.75, y:-57.75, width:93.50, height:115.50)
UnityEngine.DebugLogHandler:Internal_Log(LogType, LogOption, String, Object)
UnityEngine.Logger:Log(LogType, Object)
UnityEngine.Debug:Log(Object)
UIButtonHoverScale:IsMouseOverButton() (at E:/Unity/Projects/Work/FeatherLandNew/Assets/Scripts/UIButtonHoverScale.cs:458)
UIButtonHoverScale:Update() (at E:/Unity/Projects/Work/FeatherLandNew/Assets/Scripts/UIButtonHoverScale.cs:236)

[IllustratedButton] 鼠标在按钮区域内: (-6.00, -14.09), 按钮区域: (x:-46.75, y:-57.75, width:93.50, height:115.50)
UnityEngine.DebugLogHandler:Internal_Log(LogType, LogOption, String, Object)
UnityEngine.Logger:Log(LogType, Object)
UnityEngine.Debug:Log(Object)
UIButtonHoverScale:IsMouseOverButton() (at E:/Unity/Projects/Work/FeatherLandNew/Assets/Scripts/UIButtonHoverScale.cs:458)
UIButtonHoverScale:Update() (at E:/Unity/Projects/Work/FeatherLandNew/Assets/Scripts/UIButtonHoverScale.cs:236)

[IllustratedButton] 鼠标在按钮区域内: (-4.18, -14.09), 按钮区域: (x:-46.75, y:-57.75, width:93.50, height:115.50)
UnityEngine.DebugLogHandler:Internal_Log(LogType, LogOption, String, Object)
UnityEngine.Logger:Log(LogType, Object)
UnityEngine.Debug:Log(Object)
UIButtonHoverScale:IsMouseOverButton() (at E:/Unity/Projects/Work/FeatherLandNew/Assets/Scripts/UIButtonHoverScale.cs:458)
UIButtonHoverScale:Update() (at E:/Unity/Projects/Work/FeatherLandNew/Assets/Scripts/UIButtonHoverScale.cs:236)

[IllustratedButton] 鼠标在按钮区域内: (-2.36, -14.09), 按钮区域: (x:-46.75, y:-57.75, width:93.50, height:115.50)
UnityEngine.DebugLogHandler:Internal_Log(LogType, LogOption, String, Object)
UnityEngine.Logger:Log(LogType, Object)
UnityEngine.Debug:Log(Object)
UIButtonHoverScale:IsMouseOverButton() (at E:/Unity/Projects/Work/FeatherLandNew/Assets/Scripts/UIButtonHoverScale.cs:458)
UIButtonHoverScale:Update() (at E:/Unity/Projects/Work/FeatherLandNew/Assets/Scripts/UIButtonHoverScale.cs:236)

[IllustratedButton] 鼠标在按钮区域内: (-2.36, -14.09), 按钮区域: (x:-46.75, y:-57.75, width:93.50, height:115.50)
UnityEngine.DebugLogHandler:Internal_Log(LogType, LogOption, String, Object)
UnityEngine.Logger:Log(LogType, Object)
UnityEngine.Debug:Log(Object)
UIButtonHoverScale:IsMouseOverButton() (at E:/Unity/Projects/Work/FeatherLandNew/Assets/Scripts/UIButtonHoverScale.cs:458)
UIButtonHoverScale:Update() (at E:/Unity/Projects/Work/FeatherLandNew/Assets/Scripts/UIButtonHoverScale.cs:236)

[IllustratedButton] 鼠标在按钮区域内: (-1.45, -14.09), 按钮区域: (x:-46.75, y:-57.75, width:93.50, height:115.50)
UnityEngine.DebugLogHandler:Internal_Log(LogType, LogOption, String, Object)
UnityEngine.Logger:Log(LogType, Object)
UnityEngine.Debug:Log(Object)
UIButtonHoverScale:IsMouseOverButton() (at E:/Unity/Projects/Work/FeatherLandNew/Assets/Scripts/UIButtonHoverScale.cs:458)
UIButtonHoverScale:Update() (at E:/Unity/Projects/Work/FeatherLandNew/Assets/Scripts/UIButtonHoverScale.cs:236)

[IllustratedButton] 鼠标在按钮区域内: (-0.55, -14.09), 按钮区域: (x:-46.75, y:-57.75, width:93.50, height:115.50)
UnityEngine.DebugLogHandler:Internal_Log(LogType, LogOption, String, Object)
UnityEngine.Logger:Log(LogType, Object)
UnityEngine.Debug:Log(Object)
UIButtonHoverScale:IsMouseOverButton() (at E:/Unity/Projects/Work/FeatherLandNew/Assets/Scripts/UIButtonHoverScale.cs:458)
UIButtonHoverScale:Update() (at E:/Unity/Projects/Work/FeatherLandNew/Assets/Scripts/UIButtonHoverScale.cs:236)

[IllustratedButton] 鼠标在按钮区域内: (0.36, -14.09), 按钮区域: (x:-46.75, y:-57.75, width:93.50, height:115.50)
UnityEngine.DebugLogHandler:Internal_Log(LogType, LogOption, String, Object)
UnityEngine.Logger:Log(LogType, Object)
UnityEngine.Debug:Log(Object)
UIButtonHoverScale:IsMouseOverButton() (at E:/Unity/Projects/Work/FeatherLandNew/Assets/Scripts/UIButtonHoverScale.cs:458)
UIButtonHoverScale:Update() (at E:/Unity/Projects/Work/FeatherLandNew/Assets/Scripts/UIButtonHoverScale.cs:236)

[IllustratedButton] 鼠标在按钮区域内: (1.27, -14.09), 按钮区域: (x:-46.75, y:-57.75, width:93.50, height:115.50)
UnityEngine.DebugLogHandler:Internal_Log(LogType, LogOption, String, Object)
UnityEngine.Logger:Log(LogType, Object)
UnityEngine.Debug:Log(Object)
UIButtonHoverScale:IsMouseOverButton() (at E:/Unity/Projects/Work/FeatherLandNew/Assets/Scripts/UIButtonHoverScale.cs:458)
UIButtonHoverScale:Update() (at E:/Unity/Projects/Work/FeatherLandNew/Assets/Scripts/UIButtonHoverScale.cs:236)

[IllustratedButton] 鼠标在按钮区域内: (1.27, -14.09), 按钮区域: (x:-46.75, y:-57.75, width:93.50, height:115.50)
UnityEngine.DebugLogHandler:Internal_Log(LogType, LogOption, String, Object)
UnityEngine.Logger:Log(LogType, Object)
UnityEngine.Debug:Log(Object)
UIButtonHoverScale:IsMouseOverButton() (at E:/Unity/Projects/Work/FeatherLandNew/Assets/Scripts/UIButtonHoverScale.cs:458)
UIButtonHoverScale:Update() (at E:/Unity/Projects/Work/FeatherLandNew/Assets/Scripts/UIButtonHoverScale.cs:236)

[IllustratedButton] 鼠标在按钮区域内: (2.18, -14.09), 按钮区域: (x:-46.75, y:-57.75, width:93.50, height:115.50)
UnityEngine.DebugLogHandler:Internal_Log(LogType, LogOption, String, Object)
UnityEngine.Logger:Log(LogType, Object)
UnityEngine.Debug:Log(Object)
UIButtonHoverScale:IsMouseOverButton() (at E:/Unity/Projects/Work/FeatherLandNew/Assets/Scripts/UIButtonHoverScale.cs:458)
UIButtonHoverScale:Update() (at E:/Unity/Projects/Work/FeatherLandNew/Assets/Scripts/UIButtonHoverScale.cs:236)

[IllustratedButton] 鼠标在按钮区域内: (3.09, -14.09), 按钮区域: (x:-46.75, y:-57.75, width:93.50, height:115.50)
UnityEngine.DebugLogHandler:Internal_Log(LogType, LogOption, String, Object)
UnityEngine.Logger:Log(LogType, Object)
UnityEngine.Debug:Log(Object)
UIButtonHoverScale:IsMouseOverButton() (at E:/Unity/Projects/Work/FeatherLandNew/Assets/Scripts/UIButtonHoverScale.cs:458)
UIButtonHoverScale:Update() (at E:/Unity/Projects/Work/FeatherLandNew/Assets/Scripts/UIButtonHoverScale.cs:236)

[IllustratedButton] 鼠标在按钮区域内: (12.18, -14.09), 按钮区域: (x:-46.75, y:-57.75, width:93.50, height:115.50)
UnityEngine.DebugLogHandler:Internal_Log(LogType, LogOption, String, Object)
UnityEngine.Logger:Log(LogType, Object)
UnityEngine.Debug:Log(Object)
UIButtonHoverScale:IsMouseOverButton() (at E:/Unity/Projects/Work/FeatherLandNew/Assets/Scripts/UIButtonHoverScale.cs:458)
UIButtonHoverScale:Update() (at E:/Unity/Projects/Work/FeatherLandNew/Assets/Scripts/UIButtonHoverScale.cs:236)

[IllustratedButton] 鼠标在按钮区域内: (21.27, -14.09), 按钮区域: (x:-46.75, y:-57.75, width:93.50, height:115.50)
UnityEngine.DebugLogHandler:Internal_Log(LogType, LogOption, String, Object)
UnityEngine.Logger:Log(LogType, Object)
UnityEngine.Debug:Log(Object)
UIButtonHoverScale:IsMouseOverButton() (at E:/Unity/Projects/Work/FeatherLandNew/Assets/Scripts/UIButtonHoverScale.cs:458)
UIButtonHoverScale:Update() (at E:/Unity/Projects/Work/FeatherLandNew/Assets/Scripts/UIButtonHoverScale.cs:236)

[IllustratedButton] 鼠标在按钮区域内: (30.36, -12.27), 按钮区域: (x:-46.75, y:-57.75, width:93.50, height:115.50)
UnityEngine.DebugLogHandler:Internal_Log(LogType, LogOption, String, Object)
UnityEngine.Logger:Log(LogType, Object)
UnityEngine.Debug:Log(Object)
UIButtonHoverScale:IsMouseOverButton() (at E:/Unity/Projects/Work/FeatherLandNew/Assets/Scripts/UIButtonHoverScale.cs:458)
UIButtonHoverScale:Update() (at E:/Unity/Projects/Work/FeatherLandNew/Assets/Scripts/UIButtonHoverScale.cs:236)

[IllustratedButton] 鼠标在按钮区域内: (41.27, -12.27), 按钮区域: (x:-46.75, y:-57.75, width:93.50, height:115.50)
UnityEngine.DebugLogHandler:Internal_Log(LogType, LogOption, String, Object)
UnityEngine.Logger:Log(LogType, Object)
UnityEngine.Debug:Log(Object)
UIButtonHoverScale:IsMouseOverButton() (at E:/Unity/Projects/Work/FeatherLandNew/Assets/Scripts/UIButtonHoverScale.cs:458)
UIButtonHoverScale:Update() (at E:/Unity/Projects/Work/FeatherLandNew/Assets/Scripts/UIButtonHoverScale.cs:236)

[WeatherIcon] 鼠标在按钮区域内: (-38.50, -10.56), 按钮区域: (x:-44.25, y:-55.50, width:88.50, height:111.00)
UnityEngine.DebugLogHandler:Internal_Log(LogType, LogOption, String, Object)
UnityEngine.Logger:Log(LogType, Object)
UnityEngine.Debug:Log(Object)
UIButtonHoverScale:IsMouseOverButton() (at E:/Unity/Projects/Work/FeatherLandNew/Assets/Scripts/UIButtonHoverScale.cs:458)
UIButtonHoverScale:Update() (at E:/Unity/Projects/Work/FeatherLandNew/Assets/Scripts/UIButtonHoverScale.cs:236)

[WeatherIcon] 鼠标在按钮区域内: (-26.82, -9.60), 按钮区域: (x:-44.25, y:-55.50, width:88.50, height:111.00)
UnityEngine.DebugLogHandler:Internal_Log(LogType, LogOption, String, Object)
UnityEngine.Logger:Log(LogType, Object)
UnityEngine.Debug:Log(Object)
UIButtonHoverScale:IsMouseOverButton() (at E:/Unity/Projects/Work/FeatherLandNew/Assets/Scripts/UIButtonHoverScale.cs:458)
UIButtonHoverScale:Update() (at E:/Unity/Projects/Work/FeatherLandNew/Assets/Scripts/UIButtonHoverScale.cs:236)

[WeatherIcon] 鼠标在按钮区域内: (-19.55, -9.60), 按钮区域: (x:-44.25, y:-55.50, width:88.50, height:111.00)
UnityEngine.DebugLogHandler:Internal_Log(LogType, LogOption, String, Object)
UnityEngine.Logger:Log(LogType, Object)
UnityEngine.Debug:Log(Object)
UIButtonHoverScale:IsMouseOverButton() (at E:/Unity/Projects/Work/FeatherLandNew/Assets/Scripts/UIButtonHoverScale.cs:458)
UIButtonHoverScale:Update() (at E:/Unity/Projects/Work/FeatherLandNew/Assets/Scripts/UIButtonHoverScale.cs:236)

[WeatherIcon] 鼠标在按钮区域内: (-16.82, -9.60), 按钮区域: (x:-44.25, y:-55.50, width:88.50, height:111.00)
UnityEngine.DebugLogHandler:Internal_Log(LogType, LogOption, String, Object)
UnityEngine.Logger:Log(LogType, Object)
UnityEngine.Debug:Log(Object)
UIButtonHoverScale:IsMouseOverButton() (at E:/Unity/Projects/Work/FeatherLandNew/Assets/Scripts/UIButtonHoverScale.cs:458)
UIButtonHoverScale:Update() (at E:/Unity/Projects/Work/FeatherLandNew/Assets/Scripts/UIButtonHoverScale.cs:236)

[WeatherIcon] 鼠标在按钮区域内: (-11.36, -9.60), 按钮区域: (x:-44.25, y:-55.50, width:88.50, height:111.00)
UnityEngine.DebugLogHandler:Internal_Log(LogType, LogOption, String, Object)
UnityEngine.Logger:Log(LogType, Object)
UnityEngine.Debug:Log(Object)
UIButtonHoverScale:IsMouseOverButton() (at E:/Unity/Projects/Work/FeatherLandNew/Assets/Scripts/UIButtonHoverScale.cs:458)
UIButtonHoverScale:Update() (at E:/Unity/Projects/Work/FeatherLandNew/Assets/Scripts/UIButtonHoverScale.cs:236)

[WeatherIcon] 鼠标在按钮区域内: (-4.09, -10.51), 按钮区域: (x:-44.25, y:-55.50, width:88.50, height:111.00)
UnityEngine.DebugLogHandler:Internal_Log(LogType, LogOption, String, Object)
UnityEngine.Logger:Log(LogType, Object)
UnityEngine.Debug:Log(Object)
UIButtonHoverScale:IsMouseOverButton() (at E:/Unity/Projects/Work/FeatherLandNew/Assets/Scripts/UIButtonHoverScale.cs:458)
UIButtonHoverScale:Update() (at E:/Unity/Projects/Work/FeatherLandNew/Assets/Scripts/UIButtonHoverScale.cs:236)

[WeatherIcon] 鼠标在按钮区域内: (-4.09, -10.51), 按钮区域: (x:-44.25, y:-55.50, width:88.50, height:111.00)
UnityEngine.DebugLogHandler:Internal_Log(LogType, LogOption, String, Object)
UnityEngine.Logger:Log(LogType, Object)
UnityEngine.Debug:Log(Object)
UIButtonHoverScale:IsMouseOverButton() (at E:/Unity/Projects/Work/FeatherLandNew/Assets/Scripts/UIButtonHoverScale.cs:458)
UIButtonHoverScale:Update() (at E:/Unity/Projects/Work/FeatherLandNew/Assets/Scripts/UIButtonHoverScale.cs:236)

[WeatherIcon] 鼠标在按钮区域内: (-3.18, -10.51), 按钮区域: (x:-44.25, y:-55.50, width:88.50, height:111.00)
UnityEngine.DebugLogHandler:Internal_Log(LogType, LogOption, String, Object)
UnityEngine.Logger:Log(LogType, Object)
UnityEngine.Debug:Log(Object)
UIButtonHoverScale:IsMouseOverButton() (at E:/Unity/Projects/Work/FeatherLandNew/Assets/Scripts/UIButtonHoverScale.cs:458)
UIButtonHoverScale:Update() (at E:/Unity/Projects/Work/FeatherLandNew/Assets/Scripts/UIButtonHoverScale.cs:236)

[WeatherIcon] 鼠标在按钮区域内: (-3.18, -10.51), 按钮区域: (x:-44.25, y:-55.50, width:88.50, height:111.00)
UnityEngine.DebugLogHandler:Internal_Log(LogType, LogOption, String, Object)
UnityEngine.Logger:Log(LogType, Object)
UnityEngine.Debug:Log(Object)
UIButtonHoverScale:IsMouseOverButton() (at E:/Unity/Projects/Work/FeatherLandNew/Assets/Scripts/UIButtonHoverScale.cs:458)
UIButtonHoverScale:Update() (at E:/Unity/Projects/Work/FeatherLandNew/Assets/Scripts/UIButtonHoverScale.cs:236)

[WeatherIcon] 鼠标在按钮区域内: (-3.18, -10.51), 按钮区域: (x:-44.25, y:-55.50, width:88.50, height:111.00)
UnityEngine.DebugLogHandler:Internal_Log(LogType, LogOption, String, Object)
UnityEngine.Logger:Log(LogType, Object)
UnityEngine.Debug:Log(Object)
UIButtonHoverScale:IsMouseOverButton() (at E:/Unity/Projects/Work/FeatherLandNew/Assets/Scripts/UIButtonHoverScale.cs:458)
UIButtonHoverScale:Update() (at E:/Unity/Projects/Work/FeatherLandNew/Assets/Scripts/UIButtonHoverScale.cs:236)

[WeatherIcon] 鼠标在按钮区域内: (-3.18, -10.51), 按钮区域: (x:-44.25, y:-55.50, width:88.50, height:111.00)
UnityEngine.DebugLogHandler:Internal_Log(LogType, LogOption, String, Object)
UnityEngine.Logger:Log(LogType, Object)
UnityEngine.Debug:Log(Object)
UIButtonHoverScale:IsMouseOverButton() (at E:/Unity/Projects/Work/FeatherLandNew/Assets/Scripts/UIButtonHoverScale.cs:458)
UIButtonHoverScale:Update() (at E:/Unity/Projects/Work/FeatherLandNew/Assets/Scripts/UIButtonHoverScale.cs:236)

[WeatherIcon] 鼠标在按钮区域内: (-2.27, -10.51), 按钮区域: (x:-44.25, y:-55.50, width:88.50, height:111.00)
UnityEngine.DebugLogHandler:Internal_Log(LogType, LogOption, String, Object)
UnityEngine.Logger:Log(LogType, Object)
UnityEngine.Debug:Log(Object)
UIButtonHoverScale:IsMouseOverButton() (at E:/Unity/Projects/Work/FeatherLandNew/Assets/Scripts/UIButtonHoverScale.cs:458)
UIButtonHoverScale:Update() (at E:/Unity/Projects/Work/FeatherLandNew/Assets/Scripts/UIButtonHoverScale.cs:236)

[WeatherIcon] 鼠标在按钮区域内: (-1.36, -10.51), 按钮区域: (x:-44.25, y:-55.50, width:88.50, height:111.00)
UnityEngine.DebugLogHandler:Internal_Log(LogType, LogOption, String, Object)
UnityEngine.Logger:Log(LogType, Object)
UnityEngine.Debug:Log(Object)
UIButtonHoverScale:IsMouseOverButton() (at E:/Unity/Projects/Work/FeatherLandNew/Assets/Scripts/UIButtonHoverScale.cs:458)
UIButtonHoverScale:Update() (at E:/Unity/Projects/Work/FeatherLandNew/Assets/Scripts/UIButtonHoverScale.cs:236)

[WeatherIcon] 鼠标在按钮区域内: (-0.45, -10.51), 按钮区域: (x:-44.25, y:-55.50, width:88.50, height:111.00)
UnityEngine.DebugLogHandler:Internal_Log(LogType, LogOption, String, Object)
UnityEngine.Logger:Log(LogType, Object)
UnityEngine.Debug:Log(Object)
UIButtonHoverScale:IsMouseOverButton() (at E:/Unity/Projects/Work/FeatherLandNew/Assets/Scripts/UIButtonHoverScale.cs:458)
UIButtonHoverScale:Update() (at E:/Unity/Projects/Work/FeatherLandNew/Assets/Scripts/UIButtonHoverScale.cs:236)

[WeatherIcon] 鼠标在按钮区域内: (2.27, -10.51), 按钮区域: (x:-44.25, y:-55.50, width:88.50, height:111.00)
UnityEngine.DebugLogHandler:Internal_Log(LogType, LogOption, String, Object)
UnityEngine.Logger:Log(LogType, Object)
UnityEngine.Debug:Log(Object)
UIButtonHoverScale:IsMouseOverButton() (at E:/Unity/Projects/Work/FeatherLandNew/Assets/Scripts/UIButtonHoverScale.cs:458)
UIButtonHoverScale:Update() (at E:/Unity/Projects/Work/FeatherLandNew/Assets/Scripts/UIButtonHoverScale.cs:236)

[WeatherIcon] 鼠标在按钮区域内: (4.09, -9.60), 按钮区域: (x:-44.25, y:-55.50, width:88.50, height:111.00)
UnityEngine.DebugLogHandler:Internal_Log(LogType, LogOption, String, Object)
UnityEngine.Logger:Log(LogType, Object)
UnityEngine.Debug:Log(Object)
UIButtonHoverScale:IsMouseOverButton() (at E:/Unity/Projects/Work/FeatherLandNew/Assets/Scripts/UIButtonHoverScale.cs:458)
UIButtonHoverScale:Update() (at E:/Unity/Projects/Work/FeatherLandNew/Assets/Scripts/UIButtonHoverScale.cs:236)

[WeatherIcon] 鼠标在按钮区域内: (5.91, -9.60), 按钮区域: (x:-44.25, y:-55.50, width:88.50, height:111.00)
UnityEngine.DebugLogHandler:Internal_Log(LogType, LogOption, String, Object)
UnityEngine.Logger:Log(LogType, Object)
UnityEngine.Debug:Log(Object)
UIButtonHoverScale:IsMouseOverButton() (at E:/Unity/Projects/Work/FeatherLandNew/Assets/Scripts/UIButtonHoverScale.cs:458)
UIButtonHoverScale:Update() (at E:/Unity/Projects/Work/FeatherLandNew/Assets/Scripts/UIButtonHoverScale.cs:236)

[WeatherIcon] 鼠标在按钮区域内: (6.82, -8.69), 按钮区域: (x:-44.25, y:-55.50, width:88.50, height:111.00)
UnityEngine.DebugLogHandler:Internal_Log(LogType, LogOption, String, Object)
UnityEngine.Logger:Log(LogType, Object)
UnityEngine.Debug:Log(Object)
UIButtonHoverScale:IsMouseOverButton() (at E:/Unity/Projects/Work/FeatherLandNew/Assets/Scripts/UIButtonHoverScale.cs:458)
UIButtonHoverScale:Update() (at E:/Unity/Projects/Work/FeatherLandNew/Assets/Scripts/UIButtonHoverScale.cs:236)

[WeatherIcon] 鼠标在按钮区域内: (6.82, -8.69), 按钮区域: (x:-44.25, y:-55.50, width:88.50, height:111.00)
UnityEngine.DebugLogHandler:Internal_Log(LogType, LogOption, String, Object)
UnityEngine.Logger:Log(LogType, Object)
UnityEngine.Debug:Log(Object)
UIButtonHoverScale:IsMouseOverButton() (at E:/Unity/Projects/Work/FeatherLandNew/Assets/Scripts/UIButtonHoverScale.cs:458)
UIButtonHoverScale:Update() (at E:/Unity/Projects/Work/FeatherLandNew/Assets/Scripts/UIButtonHoverScale.cs:236)

[WeatherIcon] 鼠标在按钮区域内: (9.55, -8.69), 按钮区域: (x:-44.25, y:-55.50, width:88.50, height:111.00)
UnityEngine.DebugLogHandler:Internal_Log(LogType, LogOption, String, Object)
UnityEngine.Logger:Log(LogType, Object)
UnityEngine.Debug:Log(Object)
UIButtonHoverScale:IsMouseOverButton() (at E:/Unity/Projects/Work/FeatherLandNew/Assets/Scripts/UIButtonHoverScale.cs:458)
UIButtonHoverScale:Update() (at E:/Unity/Projects/Work/FeatherLandNew/Assets/Scripts/UIButtonHoverScale.cs:236)

[WeatherIcon] 鼠标在按钮区域内: (11.36, -8.69), 按钮区域: (x:-44.25, y:-55.50, width:88.50, height:111.00)
UnityEngine.DebugLogHandler:Internal_Log(LogType, LogOption, String, Object)
UnityEngine.Logger:Log(LogType, Object)
UnityEngine.Debug:Log(Object)
UIButtonHoverScale:IsMouseOverButton() (at E:/Unity/Projects/Work/FeatherLandNew/Assets/Scripts/UIButtonHoverScale.cs:458)
UIButtonHoverScale:Update() (at E:/Unity/Projects/Work/FeatherLandNew/Assets/Scripts/UIButtonHoverScale.cs:236)

[WeatherIcon] 鼠标在按钮区域内: (11.36, -8.69), 按钮区域: (x:-44.25, y:-55.50, width:88.50, height:111.00)
UnityEngine.DebugLogHandler:Internal_Log(LogType, LogOption, String, Object)
UnityEngine.Logger:Log(LogType, Object)
UnityEngine.Debug:Log(Object)
UIButtonHoverScale:IsMouseOverButton() (at E:/Unity/Projects/Work/FeatherLandNew/Assets/Scripts/UIButtonHoverScale.cs:458)
UIButtonHoverScale:Update() (at E:/Unity/Projects/Work/FeatherLandNew/Assets/Scripts/UIButtonHoverScale.cs:236)

[WeatherIcon] 鼠标在按钮区域内: (12.27, -8.69), 按钮区域: (x:-44.25, y:-55.50, width:88.50, height:111.00)
UnityEngine.DebugLogHandler:Internal_Log(LogType, LogOption, String, Object)
UnityEngine.Logger:Log(LogType, Object)
UnityEngine.Debug:Log(Object)
UIButtonHoverScale:IsMouseOverButton() (at E:/Unity/Projects/Work/FeatherLandNew/Assets/Scripts/UIButtonHoverScale.cs:458)
UIButtonHoverScale:Update() (at E:/Unity/Projects/Work/FeatherLandNew/Assets/Scripts/UIButtonHoverScale.cs:236)

[WeatherIcon] 鼠标在按钮区域内: (13.18, -8.69), 按钮区域: (x:-44.25, y:-55.50, width:88.50, height:111.00)
UnityEngine.DebugLogHandler:Internal_Log(LogType, LogOption, String, Object)
UnityEngine.Logger:Log(LogType, Object)
UnityEngine.Debug:Log(Object)
UIButtonHoverScale:IsMouseOverButton() (at E:/Unity/Projects/Work/FeatherLandNew/Assets/Scripts/UIButtonHoverScale.cs:458)
UIButtonHoverScale:Update() (at E:/Unity/Projects/Work/FeatherLandNew/Assets/Scripts/UIButtonHoverScale.cs:236)

[WeatherIcon] 鼠标在按钮区域内: (13.18, -8.69), 按钮区域: (x:-44.25, y:-55.50, width:88.50, height:111.00)
UnityEngine.DebugLogHandler:Internal_Log(LogType, LogOption, String, Object)
UnityEngine.Logger:Log(LogType, Object)
UnityEngine.Debug:Log(Object)
UIButtonHoverScale:IsMouseOverButton() (at E:/Unity/Projects/Work/FeatherLandNew/Assets/Scripts/UIButtonHoverScale.cs:458)
UIButtonHoverScale:Update() (at E:/Unity/Projects/Work/FeatherLandNew/Assets/Scripts/UIButtonHoverScale.cs:236)

[WeatherIcon] 鼠标在按钮区域内: (13.18, -8.69), 按钮区域: (x:-44.25, y:-55.50, width:88.50, height:111.00)
UnityEngine.DebugLogHandler:Internal_Log(LogType, LogOption, String, Object)
UnityEngine.Logger:Log(LogType, Object)
UnityEngine.Debug:Log(Object)
UIButtonHoverScale:IsMouseOverButton() (at E:/Unity/Projects/Work/FeatherLandNew/Assets/Scripts/UIButtonHoverScale.cs:458)
UIButtonHoverScale:Update() (at E:/Unity/Projects/Work/FeatherLandNew/Assets/Scripts/UIButtonHoverScale.cs:236)

[WeatherIcon] 鼠标在按钮区域内: (13.18, -8.69), 按钮区域: (x:-44.25, y:-55.50, width:88.50, height:111.00)
UnityEngine.DebugLogHandler:Internal_Log(LogType, LogOption, String, Object)
UnityEngine.Logger:Log(LogType, Object)
UnityEngine.Debug:Log(Object)
UIButtonHoverScale:IsMouseOverButton() (at E:/Unity/Projects/Work/FeatherLandNew/Assets/Scripts/UIButtonHoverScale.cs:458)
UIButtonHoverScale:Update() (at E:/Unity/Projects/Work/FeatherLandNew/Assets/Scripts/UIButtonHoverScale.cs:236)

[WeatherIcon] 鼠标在按钮区域内: (13.18, -8.69), 按钮区域: (x:-44.25, y:-55.50, width:88.50, height:111.00)
UnityEngine.DebugLogHandler:Internal_Log(LogType, LogOption, String, Object)
UnityEngine.Logger:Log(LogType, Object)
UnityEngine.Debug:Log(Object)
UIButtonHoverScale:IsMouseOverButton() (at E:/Unity/Projects/Work/FeatherLandNew/Assets/Scripts/UIButtonHoverScale.cs:458)
UIButtonHoverScale:Update() (at E:/Unity/Projects/Work/FeatherLandNew/Assets/Scripts/UIButtonHoverScale.cs:236)

[WeatherIcon] 鼠标在按钮区域内: (15.00, -8.69), 按钮区域: (x:-44.25, y:-55.50, width:88.50, height:111.00)
UnityEngine.DebugLogHandler:Internal_Log(LogType, LogOption, String, Object)
UnityEngine.Logger:Log(LogType, Object)
UnityEngine.Debug:Log(Object)
UIButtonHoverScale:IsMouseOverButton() (at E:/Unity/Projects/Work/FeatherLandNew/Assets/Scripts/UIButtonHoverScale.cs:458)
UIButtonHoverScale:Update() (at E:/Unity/Projects/Work/FeatherLandNew/Assets/Scripts/UIButtonHoverScale.cs:236)

[WeatherIcon] 鼠标在按钮区域内: (21.36, -8.69), 按钮区域: (x:-44.25, y:-55.50, width:88.50, height:111.00)
UnityEngine.DebugLogHandler:Internal_Log(LogType, LogOption, String, Object)
UnityEngine.Logger:Log(LogType, Object)
UnityEngine.Debug:Log(Object)
UIButtonHoverScale:IsMouseOverButton() (at E:/Unity/Projects/Work/FeatherLandNew/Assets/Scripts/UIButtonHoverScale.cs:458)
UIButtonHoverScale:Update() (at E:/Unity/Projects/Work/FeatherLandNew/Assets/Scripts/UIButtonHoverScale.cs:236)

[WeatherIcon] 鼠标在按钮区域内: (28.64, -8.69), 按钮区域: (x:-44.25, y:-55.50, width:88.50, height:111.00)
UnityEngine.DebugLogHandler:Internal_Log(LogType, LogOption, String, Object)
UnityEngine.Logger:Log(LogType, Object)
UnityEngine.Debug:Log(Object)
UIButtonHoverScale:IsMouseOverButton() (at E:/Unity/Projects/Work/FeatherLandNew/Assets/Scripts/UIButtonHoverScale.cs:458)
UIButtonHoverScale:Update() (at E:/Unity/Projects/Work/FeatherLandNew/Assets/Scripts/UIButtonHoverScale.cs:236)

[WeatherIcon] 鼠标在按钮区域内: (35.00, -8.69), 按钮区域: (x:-44.25, y:-55.50, width:88.50, height:111.00)
UnityEngine.DebugLogHandler:Internal_Log(LogType, LogOption, String, Object)
UnityEngine.Logger:Log(LogType, Object)
UnityEngine.Debug:Log(Object)
UIButtonHoverScale:IsMouseOverButton() (at E:/Unity/Projects/Work/FeatherLandNew/Assets/Scripts/UIButtonHoverScale.cs:458)
UIButtonHoverScale:Update() (at E:/Unity/Projects/Work/FeatherLandNew/Assets/Scripts/UIButtonHoverScale.cs:236)

[MapButton] 鼠标在按钮区域内: (-40.06, -10.30), 按钮区域: (x:-41.50, y:-57.25, width:83.00, height:114.50)
UnityEngine.DebugLogHandler:Internal_Log(LogType, LogOption, String, Object)
UnityEngine.Logger:Log(LogType, Object)
UnityEngine.Debug:Log(Object)
UIButtonHoverScale:IsMouseOverButton() (at E:/Unity/Projects/Work/FeatherLandNew/Assets/Scripts/UIButtonHoverScale.cs:458)
UIButtonHoverScale:Update() (at E:/Unity/Projects/Work/FeatherLandNew/Assets/Scripts/UIButtonHoverScale.cs:236)

[MapButton] 鼠标在按钮区域内: (-35.51, -9.36), 按钮区域: (x:-41.50, y:-57.25, width:83.00, height:114.50)
UnityEngine.DebugLogHandler:Internal_Log(LogType, LogOption, String, Object)
UnityEngine.Logger:Log(LogType, Object)
UnityEngine.Debug:Log(Object)
UIButtonHoverScale:IsMouseOverButton() (at E:/Unity/Projects/Work/FeatherLandNew/Assets/Scripts/UIButtonHoverScale.cs:458)
UIButtonHoverScale:Update() (at E:/Unity/Projects/Work/FeatherLandNew/Assets/Scripts/UIButtonHoverScale.cs:236)

[MapButton] 鼠标在按钮区域内: (-34.60, -9.36), 按钮区域: (x:-41.50, y:-57.25, width:83.00, height:114.50)
UnityEngine.DebugLogHandler:Internal_Log(LogType, LogOption, String, Object)
UnityEngine.Logger:Log(LogType, Object)
UnityEngine.Debug:Log(Object)
UIButtonHoverScale:IsMouseOverButton() (at E:/Unity/Projects/Work/FeatherLandNew/Assets/Scripts/UIButtonHoverScale.cs:458)
UIButtonHoverScale:Update() (at E:/Unity/Projects/Work/FeatherLandNew/Assets/Scripts/UIButtonHoverScale.cs:236)

[MapButton] 鼠标在按钮区域内: (-34.60, -9.36), 按钮区域: (x:-41.50, y:-57.25, width:83.00, height:114.50)
UnityEngine.DebugLogHandler:Internal_Log(LogType, LogOption, String, Object)
UnityEngine.Logger:Log(LogType, Object)
UnityEngine.Debug:Log(Object)
UIButtonHoverScale:IsMouseOverButton() (at E:/Unity/Projects/Work/FeatherLandNew/Assets/Scripts/UIButtonHoverScale.cs:458)
UIButtonHoverScale:Update() (at E:/Unity/Projects/Work/FeatherLandNew/Assets/Scripts/UIButtonHoverScale.cs:236)

[MapButton] 鼠标在按钮区域内: (-34.60, -9.36), 按钮区域: (x:-41.50, y:-57.25, width:83.00, height:114.50)
UnityEngine.DebugLogHandler:Internal_Log(LogType, LogOption, String, Object)
UnityEngine.Logger:Log(LogType, Object)
UnityEngine.Debug:Log(Object)
UIButtonHoverScale:IsMouseOverButton() (at E:/Unity/Projects/Work/FeatherLandNew/Assets/Scripts/UIButtonHoverScale.cs:458)
UIButtonHoverScale:Update() (at E:/Unity/Projects/Work/FeatherLandNew/Assets/Scripts/UIButtonHoverScale.cs:236)

[MapButton] 鼠标在按钮区域内: (-33.69, -9.36), 按钮区域: (x:-41.50, y:-57.25, width:83.00, height:114.50)
UnityEngine.DebugLogHandler:Internal_Log(LogType, LogOption, String, Object)
UnityEngine.Logger:Log(LogType, Object)
UnityEngine.Debug:Log(Object)
UIButtonHoverScale:IsMouseOverButton() (at E:/Unity/Projects/Work/FeatherLandNew/Assets/Scripts/UIButtonHoverScale.cs:458)
UIButtonHoverScale:Update() (at E:/Unity/Projects/Work/FeatherLandNew/Assets/Scripts/UIButtonHoverScale.cs:236)

[MapButton] 鼠标在按钮区域内: (-33.69, -9.36), 按钮区域: (x:-41.50, y:-57.25, width:83.00, height:114.50)
UnityEngine.DebugLogHandler:Internal_Log(LogType, LogOption, String, Object)
UnityEngine.Logger:Log(LogType, Object)
UnityEngine.Debug:Log(Object)
UIButtonHoverScale:IsMouseOverButton() (at E:/Unity/Projects/Work/FeatherLandNew/Assets/Scripts/UIButtonHoverScale.cs:458)
UIButtonHoverScale:Update() (at E:/Unity/Projects/Work/FeatherLandNew/Assets/Scripts/UIButtonHoverScale.cs:236)

[MapButton] 鼠标在按钮区域内: (-33.69, -9.36), 按钮区域: (x:-41.50, y:-57.25, width:83.00, height:114.50)
UnityEngine.DebugLogHandler:Internal_Log(LogType, LogOption, String, Object)
UnityEngine.Logger:Log(LogType, Object)
UnityEngine.Debug:Log(Object)
UIButtonHoverScale:IsMouseOverButton() (at E:/Unity/Projects/Work/FeatherLandNew/Assets/Scripts/UIButtonHoverScale.cs:458)
UIButtonHoverScale:Update() (at E:/Unity/Projects/Work/FeatherLandNew/Assets/Scripts/UIButtonHoverScale.cs:236)

[MapButton] 鼠标在按钮区域内: (-33.69, -9.36), 按钮区域: (x:-41.50, y:-57.25, width:83.00, height:114.50)
UnityEngine.DebugLogHandler:Internal_Log(LogType, LogOption, String, Object)
UnityEngine.Logger:Log(LogType, Object)
UnityEngine.Debug:Log(Object)
UIButtonHoverScale:IsMouseOverButton() (at E:/Unity/Projects/Work/FeatherLandNew/Assets/Scripts/UIButtonHoverScale.cs:458)
UIButtonHoverScale:Update() (at E:/Unity/Projects/Work/FeatherLandNew/Assets/Scripts/UIButtonHoverScale.cs:236)

[MapButton] 鼠标在按钮区域内: (-32.78, -8.45), 按钮区域: (x:-41.50, y:-57.25, width:83.00, height:114.50)
UnityEngine.DebugLogHandler:Internal_Log(LogType, LogOption, String, Object)
UnityEngine.Logger:Log(LogType, Object)
UnityEngine.Debug:Log(Object)
UIButtonHoverScale:IsMouseOverButton() (at E:/Unity/Projects/Work/FeatherLandNew/Assets/Scripts/UIButtonHoverScale.cs:458)
UIButtonHoverScale:Update() (at E:/Unity/Projects/Work/FeatherLandNew/Assets/Scripts/UIButtonHoverScale.cs:236)

[MapButton] 鼠标在按钮区域内: (-31.87, -8.45), 按钮区域: (x:-41.50, y:-57.25, width:83.00, height:114.50)
UnityEngine.DebugLogHandler:Internal_Log(LogType, LogOption, String, Object)
UnityEngine.Logger:Log(LogType, Object)
UnityEngine.Debug:Log(Object)
UIButtonHoverScale:IsMouseOverButton() (at E:/Unity/Projects/Work/FeatherLandNew/Assets/Scripts/UIButtonHoverScale.cs:458)
UIButtonHoverScale:Update() (at E:/Unity/Projects/Work/FeatherLandNew/Assets/Scripts/UIButtonHoverScale.cs:236)

[MapButton] 鼠标在按钮区域内: (-30.96, -8.45), 按钮区域: (x:-41.50, y:-57.25, width:83.00, height:114.50)
UnityEngine.DebugLogHandler:Internal_Log(LogType, LogOption, String, Object)
UnityEngine.Logger:Log(LogType, Object)
UnityEngine.Debug:Log(Object)
UIButtonHoverScale:IsMouseOverButton() (at E:/Unity/Projects/Work/FeatherLandNew/Assets/Scripts/UIButtonHoverScale.cs:458)
UIButtonHoverScale:Update() (at E:/Unity/Projects/Work/FeatherLandNew/Assets/Scripts/UIButtonHoverScale.cs:236)

[MapButton] 鼠标在按钮区域内: (-30.96, -7.55), 按钮区域: (x:-41.50, y:-57.25, width:83.00, height:114.50)
UnityEngine.DebugLogHandler:Internal_Log(LogType, LogOption, String, Object)
UnityEngine.Logger:Log(LogType, Object)
UnityEngine.Debug:Log(Object)
UIButtonHoverScale:IsMouseOverButton() (at E:/Unity/Projects/Work/FeatherLandNew/Assets/Scripts/UIButtonHoverScale.cs:458)
UIButtonHoverScale:Update() (at E:/Unity/Projects/Work/FeatherLandNew/Assets/Scripts/UIButtonHoverScale.cs:236)

[MapButton] 鼠标在按钮区域内: (-30.05, -7.55), 按钮区域: (x:-41.50, y:-57.25, width:83.00, height:114.50)
UnityEngine.DebugLogHandler:Internal_Log(LogType, LogOption, String, Object)
UnityEngine.Logger:Log(LogType, Object)
UnityEngine.Debug:Log(Object)
UIButtonHoverScale:IsMouseOverButton() (at E:/Unity/Projects/Work/FeatherLandNew/Assets/Scripts/UIButtonHoverScale.cs:458)
UIButtonHoverScale:Update() (at E:/Unity/Projects/Work/FeatherLandNew/Assets/Scripts/UIButtonHoverScale.cs:236)

[MapButton] 鼠标在按钮区域内: (-30.05, -7.55), 按钮区域: (x:-41.50, y:-57.25, width:83.00, height:114.50)
UnityEngine.DebugLogHandler:Internal_Log(LogType, LogOption, String, Object)
UnityEngine.Logger:Log(LogType, Object)
UnityEngine.Debug:Log(Object)
UIButtonHoverScale:IsMouseOverButton() (at E:/Unity/Projects/Work/FeatherLandNew/Assets/Scripts/UIButtonHoverScale.cs:458)
UIButtonHoverScale:Update() (at E:/Unity/Projects/Work/FeatherLandNew/Assets/Scripts/UIButtonHoverScale.cs:236)

[MapButton] 鼠标在按钮区域内: (-30.05, -7.55), 按钮区域: (x:-41.50, y:-57.25, width:83.00, height:114.50)
UnityEngine.DebugLogHandler:Internal_Log(LogType, LogOption, String, Object)
UnityEngine.Logger:Log(LogType, Object)
UnityEngine.Debug:Log(Object)
UIButtonHoverScale:IsMouseOverButton() (at E:/Unity/Projects/Work/FeatherLandNew/Assets/Scripts/UIButtonHoverScale.cs:458)
UIButtonHoverScale:Update() (at E:/Unity/Projects/Work/FeatherLandNew/Assets/Scripts/UIButtonHoverScale.cs:236)

[MapButton] 鼠标在按钮区域内: (-30.05, -7.55), 按钮区域: (x:-41.50, y:-57.25, width:83.00, height:114.50)
UnityEngine.DebugLogHandler:Internal_Log(LogType, LogOption, String, Object)
UnityEngine.Logger:Log(LogType, Object)
UnityEngine.Debug:Log(Object)
UIButtonHoverScale:IsMouseOverButton() (at E:/Unity/Projects/Work/FeatherLandNew/Assets/Scripts/UIButtonHoverScale.cs:458)
UIButtonHoverScale:Update() (at E:/Unity/Projects/Work/FeatherLandNew/Assets/Scripts/UIButtonHoverScale.cs:236)

[MapButton] 鼠标在按钮区域内: (-29.14, -7.55), 按钮区域: (x:-41.50, y:-57.25, width:83.00, height:114.50)
UnityEngine.DebugLogHandler:Internal_Log(LogType, LogOption, String, Object)
UnityEngine.Logger:Log(LogType, Object)
UnityEngine.Debug:Log(Object)
UIButtonHoverScale:IsMouseOverButton() (at E:/Unity/Projects/Work/FeatherLandNew/Assets/Scripts/UIButtonHoverScale.cs:458)
UIButtonHoverScale:Update() (at E:/Unity/Projects/Work/FeatherLandNew/Assets/Scripts/UIButtonHoverScale.cs:236)

[MapButton] 鼠标在按钮区域内: (-26.42, -7.55), 按钮区域: (x:-41.50, y:-57.25, width:83.00, height:114.50)
UnityEngine.DebugLogHandler:Internal_Log(LogType, LogOption, String, Object)
UnityEngine.Logger:Log(LogType, Object)
UnityEngine.Debug:Log(Object)
UIButtonHoverScale:IsMouseOverButton() (at E:/Unity/Projects/Work/FeatherLandNew/Assets/Scripts/UIButtonHoverScale.cs:458)
UIButtonHoverScale:Update() (at E:/Unity/Projects/Work/FeatherLandNew/Assets/Scripts/UIButtonHoverScale.cs:236)

[MapButton] 鼠标在按钮区域内: (-25.51, -7.55), 按钮区域: (x:-41.50, y:-57.25, width:83.00, height:114.50)
UnityEngine.DebugLogHandler:Internal_Log(LogType, LogOption, String, Object)
UnityEngine.Logger:Log(LogType, Object)
UnityEngine.Debug:Log(Object)
UIButtonHoverScale:IsMouseOverButton() (at E:/Unity/Projects/Work/FeatherLandNew/Assets/Scripts/UIButtonHoverScale.cs:458)
UIButtonHoverScale:Update() (at E:/Unity/Projects/Work/FeatherLandNew/Assets/Scripts/UIButtonHoverScale.cs:236)

[MapButton] 鼠标在按钮区域内: (-24.60, -7.55), 按钮区域: (x:-41.50, y:-57.25, width:83.00, height:114.50)
UnityEngine.DebugLogHandler:Internal_Log(LogType, LogOption, String, Object)
UnityEngine.Logger:Log(LogType, Object)
UnityEngine.Debug:Log(Object)
UIButtonHoverScale:IsMouseOverButton() (at E:/Unity/Projects/Work/FeatherLandNew/Assets/Scripts/UIButtonHoverScale.cs:458)
UIButtonHoverScale:Update() (at E:/Unity/Projects/Work/FeatherLandNew/Assets/Scripts/UIButtonHoverScale.cs:236)

[MapButton] 鼠标在按钮区域内: (-24.60, -7.55), 按钮区域: (x:-41.50, y:-57.25, width:83.00, height:114.50)
UnityEngine.DebugLogHandler:Internal_Log(LogType, LogOption, String, Object)
UnityEngine.Logger:Log(LogType, Object)
UnityEngine.Debug:Log(Object)
UIButtonHoverScale:IsMouseOverButton() (at E:/Unity/Projects/Work/FeatherLandNew/Assets/Scripts/UIButtonHoverScale.cs:458)
UIButtonHoverScale:Update() (at E:/Unity/Projects/Work/FeatherLandNew/Assets/Scripts/UIButtonHoverScale.cs:236)

[MapButton] 鼠标在按钮区域内: (-24.60, -7.55), 按钮区域: (x:-41.50, y:-57.25, width:83.00, height:114.50)
UnityEngine.DebugLogHandler:Internal_Log(LogType, LogOption, String, Object)
UnityEngine.Logger:Log(LogType, Object)
UnityEngine.Debug:Log(Object)
UIButtonHoverScale:IsMouseOverButton() (at E:/Unity/Projects/Work/FeatherLandNew/Assets/Scripts/UIButtonHoverScale.cs:458)
UIButtonHoverScale:Update() (at E:/Unity/Projects/Work/FeatherLandNew/Assets/Scripts/UIButtonHoverScale.cs:236)

[MapButton] 鼠标在按钮区域内: (-24.60, -7.55), 按钮区域: (x:-41.50, y:-57.25, width:83.00, height:114.50)
UnityEngine.DebugLogHandler:Internal_Log(LogType, LogOption, String, Object)
UnityEngine.Logger:Log(LogType, Object)
UnityEngine.Debug:Log(Object)
UIButtonHoverScale:IsMouseOverButton() (at E:/Unity/Projects/Work/FeatherLandNew/Assets/Scripts/UIButtonHoverScale.cs:458)
UIButtonHoverScale:Update() (at E:/Unity/Projects/Work/FeatherLandNew/Assets/Scripts/UIButtonHoverScale.cs:236)

[MapButton] 鼠标在按钮区域内: (-24.60, -7.55), 按钮区域: (x:-41.50, y:-57.25, width:83.00, height:114.50)
UnityEngine.DebugLogHandler:Internal_Log(LogType, LogOption, String, Object)
UnityEngine.Logger:Log(LogType, Object)
UnityEngine.Debug:Log(Object)
UIButtonHoverScale:IsMouseOverButton() (at E:/Unity/Projects/Work/FeatherLandNew/Assets/Scripts/UIButtonHoverScale.cs:458)
UIButtonHoverScale:Update() (at E:/Unity/Projects/Work/FeatherLandNew/Assets/Scripts/UIButtonHoverScale.cs:236)

[MapButton] 鼠标在按钮区域内: (-24.60, -7.55), 按钮区域: (x:-41.50, y:-57.25, width:83.00, height:114.50)
UnityEngine.DebugLogHandler:Internal_Log(LogType, LogOption, String, Object)
UnityEngine.Logger:Log(LogType, Object)
UnityEngine.Debug:Log(Object)
UIButtonHoverScale:IsMouseOverButton() (at E:/Unity/Projects/Work/FeatherLandNew/Assets/Scripts/UIButtonHoverScale.cs:458)
UIButtonHoverScale:Update() (at E:/Unity/Projects/Work/FeatherLandNew/Assets/Scripts/UIButtonHoverScale.cs:236)

[MapButton] 鼠标在按钮区域内: (-24.60, -7.55), 按钮区域: (x:-41.50, y:-57.25, width:83.00, height:114.50)
UnityEngine.DebugLogHandler:Internal_Log(LogType, LogOption, String, Object)
UnityEngine.Logger:Log(LogType, Object)
UnityEngine.Debug:Log(Object)
UIButtonHoverScale:IsMouseOverButton() (at E:/Unity/Projects/Work/FeatherLandNew/Assets/Scripts/UIButtonHoverScale.cs:458)
UIButtonHoverScale:Update() (at E:/Unity/Projects/Work/FeatherLandNew/Assets/Scripts/UIButtonHoverScale.cs:236)

[MapButton] 鼠标在按钮区域内: (-24.60, -7.55), 按钮区域: (x:-41.50, y:-57.25, width:83.00, height:114.50)
UnityEngine.DebugLogHandler:Internal_Log(LogType, LogOption, String, Object)
UnityEngine.Logger:Log(LogType, Object)
UnityEngine.Debug:Log(Object)
UIButtonHoverScale:IsMouseOverButton() (at E:/Unity/Projects/Work/FeatherLandNew/Assets/Scripts/UIButtonHoverScale.cs:458)
UIButtonHoverScale:Update() (at E:/Unity/Projects/Work/FeatherLandNew/Assets/Scripts/UIButtonHoverScale.cs:236)

[MapButton] 鼠标在按钮区域内: (-31.87, -3.91), 按钮区域: (x:-41.50, y:-57.25, width:83.00, height:114.50)
UnityEngine.DebugLogHandler:Internal_Log(LogType, LogOption, String, Object)
UnityEngine.Logger:Log(LogType, Object)
UnityEngine.Debug:Log(Object)
UIButtonHoverScale:IsMouseOverButton() (at E:/Unity/Projects/Work/FeatherLandNew/Assets/Scripts/UIButtonHoverScale.cs:458)
UIButtonHoverScale:Update() (at E:/Unity/Projects/Work/FeatherLandNew/Assets/Scripts/UIButtonHoverScale.cs:236)

[WeatherIcon] 鼠标在按钮区域内: (23.50, 3.44), 按钮区域: (x:-44.25, y:-55.50, width:88.50, height:111.00)
UnityEngine.DebugLogHandler:Internal_Log(LogType, LogOption, String, Object)
UnityEngine.Logger:Log(LogType, Object)
UnityEngine.Debug:Log(Object)
UIButtonHoverScale:IsMouseOverButton() (at E:/Unity/Projects/Work/FeatherLandNew/Assets/Scripts/UIButtonHoverScale.cs:458)
UIButtonHoverScale:Update() (at E:/Unity/Projects/Work/FeatherLandNew/Assets/Scripts/UIButtonHoverScale.cs:236)

[WeatherIcon] 鼠标在按钮区域内: (12.27, 4.04), 按钮区域: (x:-44.25, y:-55.50, width:88.50, height:111.00)
UnityEngine.DebugLogHandler:Internal_Log(LogType, LogOption, String, Object)
UnityEngine.Logger:Log(LogType, Object)
UnityEngine.Debug:Log(Object)
UIButtonHoverScale:IsMouseOverButton() (at E:/Unity/Projects/Work/FeatherLandNew/Assets/Scripts/UIButtonHoverScale.cs:458)
UIButtonHoverScale:Update() (at E:/Unity/Projects/Work/FeatherLandNew/Assets/Scripts/UIButtonHoverScale.cs:236)

[WeatherIcon] 鼠标在按钮区域内: (1.36, 4.04), 按钮区域: (x:-44.25, y:-55.50, width:88.50, height:111.00)
UnityEngine.DebugLogHandler:Internal_Log(LogType, LogOption, String, Object)
UnityEngine.Logger:Log(LogType, Object)
UnityEngine.Debug:Log(Object)
UIButtonHoverScale:IsMouseOverButton() (at E:/Unity/Projects/Work/FeatherLandNew/Assets/Scripts/UIButtonHoverScale.cs:458)
UIButtonHoverScale:Update() (at E:/Unity/Projects/Work/FeatherLandNew/Assets/Scripts/UIButtonHoverScale.cs:236)

[WeatherIcon] 鼠标在按钮区域内: (-7.73, 4.04), 按钮区域: (x:-44.25, y:-55.50, width:88.50, height:111.00)
UnityEngine.DebugLogHandler:Internal_Log(LogType, LogOption, String, Object)
UnityEngine.Logger:Log(LogType, Object)
UnityEngine.Debug:Log(Object)
UIButtonHoverScale:IsMouseOverButton() (at E:/Unity/Projects/Work/FeatherLandNew/Assets/Scripts/UIButtonHoverScale.cs:458)
UIButtonHoverScale:Update() (at E:/Unity/Projects/Work/FeatherLandNew/Assets/Scripts/UIButtonHoverScale.cs:236)

[WeatherIcon] 鼠标在按钮区域内: (-11.36, 4.04), 按钮区域: (x:-44.25, y:-55.50, width:88.50, height:111.00)
UnityEngine.DebugLogHandler:Internal_Log(LogType, LogOption, String, Object)
UnityEngine.Logger:Log(LogType, Object)
UnityEngine.Debug:Log(Object)
UIButtonHoverScale:IsMouseOverButton() (at E:/Unity/Projects/Work/FeatherLandNew/Assets/Scripts/UIButtonHoverScale.cs:458)
UIButtonHoverScale:Update() (at E:/Unity/Projects/Work/FeatherLandNew/Assets/Scripts/UIButtonHoverScale.cs:236)

[WeatherIcon] 鼠标在按钮区域内: (-13.18, 4.04), 按钮区域: (x:-44.25, y:-55.50, width:88.50, height:111.00)
UnityEngine.DebugLogHandler:Internal_Log(LogType, LogOption, String, Object)
UnityEngine.Logger:Log(LogType, Object)
UnityEngine.Debug:Log(Object)
UIButtonHoverScale:IsMouseOverButton() (at E:/Unity/Projects/Work/FeatherLandNew/Assets/Scripts/UIButtonHoverScale.cs:458)
UIButtonHoverScale:Update() (at E:/Unity/Projects/Work/FeatherLandNew/Assets/Scripts/UIButtonHoverScale.cs:236)

[WeatherIcon] 鼠标在按钮区域内: (-14.09, 4.04), 按钮区域: (x:-44.25, y:-55.50, width:88.50, height:111.00)
UnityEngine.DebugLogHandler:Internal_Log(LogType, LogOption, String, Object)
UnityEngine.Logger:Log(LogType, Object)
UnityEngine.Debug:Log(Object)
UIButtonHoverScale:IsMouseOverButton() (at E:/Unity/Projects/Work/FeatherLandNew/Assets/Scripts/UIButtonHoverScale.cs:458)
UIButtonHoverScale:Update() (at E:/Unity/Projects/Work/FeatherLandNew/Assets/Scripts/UIButtonHoverScale.cs:236)

[WeatherIcon] 鼠标在按钮区域内: (-14.09, 4.04), 按钮区域: (x:-44.25, y:-55.50, width:88.50, height:111.00)
UnityEngine.DebugLogHandler:Internal_Log(LogType, LogOption, String, Object)
UnityEngine.Logger:Log(LogType, Object)
UnityEngine.Debug:Log(Object)
UIButtonHoverScale:IsMouseOverButton() (at E:/Unity/Projects/Work/FeatherLandNew/Assets/Scripts/UIButtonHoverScale.cs:458)
UIButtonHoverScale:Update() (at E:/Unity/Projects/Work/FeatherLandNew/Assets/Scripts/UIButtonHoverScale.cs:236)

[WeatherIcon] 鼠标在按钮区域内: (-14.09, 4.04), 按钮区域: (x:-44.25, y:-55.50, width:88.50, height:111.00)
UnityEngine.DebugLogHandler:Internal_Log(LogType, LogOption, String, Object)
UnityEngine.Logger:Log(LogType, Object)
UnityEngine.Debug:Log(Object)
UIButtonHoverScale:IsMouseOverButton() (at E:/Unity/Projects/Work/FeatherLandNew/Assets/Scripts/UIButtonHoverScale.cs:458)
UIButtonHoverScale:Update() (at E:/Unity/Projects/Work/FeatherLandNew/Assets/Scripts/UIButtonHoverScale.cs:236)

[WeatherIcon] 鼠标在按钮区域内: (-14.09, 4.04), 按钮区域: (x:-44.25, y:-55.50, width:88.50, height:111.00)
UnityEngine.DebugLogHandler:Internal_Log(LogType, LogOption, String, Object)
UnityEngine.Logger:Log(LogType, Object)
UnityEngine.Debug:Log(Object)
UIButtonHoverScale:IsMouseOverButton() (at E:/Unity/Projects/Work/FeatherLandNew/Assets/Scripts/UIButtonHoverScale.cs:458)
UIButtonHoverScale:Update() (at E:/Unity/Projects/Work/FeatherLandNew/Assets/Scripts/UIButtonHoverScale.cs:236)

[WeatherIcon] 鼠标在按钮区域内: (-14.09, 4.04), 按钮区域: (x:-44.25, y:-55.50, width:88.50, height:111.00)
UnityEngine.DebugLogHandler:Internal_Log(LogType, LogOption, String, Object)
UnityEngine.Logger:Log(LogType, Object)
UnityEngine.Debug:Log(Object)
UIButtonHoverScale:IsMouseOverButton() (at E:/Unity/Projects/Work/FeatherLandNew/Assets/Scripts/UIButtonHoverScale.cs:458)
UIButtonHoverScale:Update() (at E:/Unity/Projects/Work/FeatherLandNew/Assets/Scripts/UIButtonHoverScale.cs:236)

[WeatherIcon] 鼠标在按钮区域内: (-14.09, 4.04), 按钮区域: (x:-44.25, y:-55.50, width:88.50, height:111.00)
UnityEngine.DebugLogHandler:Internal_Log(LogType, LogOption, String, Object)
UnityEngine.Logger:Log(LogType, Object)
UnityEngine.Debug:Log(Object)
UIButtonHoverScale:IsMouseOverButton() (at E:/Unity/Projects/Work/FeatherLandNew/Assets/Scripts/UIButtonHoverScale.cs:458)
UIButtonHoverScale:Update() (at E:/Unity/Projects/Work/FeatherLandNew/Assets/Scripts/UIButtonHoverScale.cs:236)

[WeatherIcon] 鼠标在按钮区域内: (-14.09, 4.04), 按钮区域: (x:-44.25, y:-55.50, width:88.50, height:111.00)
UnityEngine.DebugLogHandler:Internal_Log(LogType, LogOption, String, Object)
UnityEngine.Logger:Log(LogType, Object)
UnityEngine.Debug:Log(Object)
UIButtonHoverScale:IsMouseOverButton() (at E:/Unity/Projects/Work/FeatherLandNew/Assets/Scripts/UIButtonHoverScale.cs:458)
UIButtonHoverScale:Update() (at E:/Unity/Projects/Work/FeatherLandNew/Assets/Scripts/UIButtonHoverScale.cs:236)

[WeatherIcon] 鼠标在按钮区域内: (-15.00, 4.04), 按钮区域: (x:-44.25, y:-55.50, width:88.50, height:111.00)
UnityEngine.DebugLogHandler:Internal_Log(LogType, LogOption, String, Object)
UnityEngine.Logger:Log(LogType, Object)
UnityEngine.Debug:Log(Object)
UIButtonHoverScale:IsMouseOverButton() (at E:/Unity/Projects/Work/FeatherLandNew/Assets/Scripts/UIButtonHoverScale.cs:458)
UIButtonHoverScale:Update() (at E:/Unity/Projects/Work/FeatherLandNew/Assets/Scripts/UIButtonHoverScale.cs:236)

[WeatherIcon] 鼠标在按钮区域内: (-15.91, 4.04), 按钮区域: (x:-44.25, y:-55.50, width:88.50, height:111.00)
UnityEngine.DebugLogHandler:Internal_Log(LogType, LogOption, String, Object)
UnityEngine.Logger:Log(LogType, Object)
UnityEngine.Debug:Log(Object)
UIButtonHoverScale:IsMouseOverButton() (at E:/Unity/Projects/Work/FeatherLandNew/Assets/Scripts/UIButtonHoverScale.cs:458)
UIButtonHoverScale:Update() (at E:/Unity/Projects/Work/FeatherLandNew/Assets/Scripts/UIButtonHoverScale.cs:236)

[WeatherIcon] 鼠标在按钮区域内: (-21.36, 4.04), 按钮区域: (x:-44.25, y:-55.50, width:88.50, height:111.00)
UnityEngine.DebugLogHandler:Internal_Log(LogType, LogOption, String, Object)
UnityEngine.Logger:Log(LogType, Object)
UnityEngine.Debug:Log(Object)
UIButtonHoverScale:IsMouseOverButton() (at E:/Unity/Projects/Work/FeatherLandNew/Assets/Scripts/UIButtonHoverScale.cs:458)
UIButtonHoverScale:Update() (at E:/Unity/Projects/Work/FeatherLandNew/Assets/Scripts/UIButtonHoverScale.cs:236)

[WeatherIcon] 鼠标在按钮区域内: (-25.91, 4.04), 按钮区域: (x:-44.25, y:-55.50, width:88.50, height:111.00)
UnityEngine.DebugLogHandler:Internal_Log(LogType, LogOption, String, Object)
UnityEngine.Logger:Log(LogType, Object)
UnityEngine.Debug:Log(Object)
UIButtonHoverScale:IsMouseOverButton() (at E:/Unity/Projects/Work/FeatherLandNew/Assets/Scripts/UIButtonHoverScale.cs:458)
UIButtonHoverScale:Update() (at E:/Unity/Projects/Work/FeatherLandNew/Assets/Scripts/UIButtonHoverScale.cs:236)

[WeatherIcon] 鼠标在按钮区域内: (-28.64, 4.04), 按钮区域: (x:-44.25, y:-55.50, width:88.50, height:111.00)
UnityEngine.DebugLogHandler:Internal_Log(LogType, LogOption, String, Object)
UnityEngine.Logger:Log(LogType, Object)
UnityEngine.Debug:Log(Object)
UIButtonHoverScale:IsMouseOverButton() (at E:/Unity/Projects/Work/FeatherLandNew/Assets/Scripts/UIButtonHoverScale.cs:458)
UIButtonHoverScale:Update() (at E:/Unity/Projects/Work/FeatherLandNew/Assets/Scripts/UIButtonHoverScale.cs:236)

[WeatherIcon] 鼠标在按钮区域内: (-35.00, 4.04), 按钮区域: (x:-44.25, y:-55.50, width:88.50, height:111.00)
UnityEngine.DebugLogHandler:Internal_Log(LogType, LogOption, String, Object)
UnityEngine.Logger:Log(LogType, Object)
UnityEngine.Debug:Log(Object)
UIButtonHoverScale:IsMouseOverButton() (at E:/Unity/Projects/Work/FeatherLandNew/Assets/Scripts/UIButtonHoverScale.cs:458)
UIButtonHoverScale:Update() (at E:/Unity/Projects/Work/FeatherLandNew/Assets/Scripts/UIButtonHoverScale.cs:236)

[IllustratedButton] 鼠标在按钮区域内: (45.40, 1.50), 按钮区域: (x:-46.75, y:-57.75, width:93.50, height:115.50)
UnityEngine.DebugLogHandler:Internal_Log(LogType, LogOption, String, Object)
UnityEngine.Logger:Log(LogType, Object)
UnityEngine.Debug:Log(Object)
UIButtonHoverScale:IsMouseOverButton() (at E:/Unity/Projects/Work/FeatherLandNew/Assets/Scripts/UIButtonHoverScale.cs:458)
UIButtonHoverScale:Update() (at E:/Unity/Projects/Work/FeatherLandNew/Assets/Scripts/UIButtonHoverScale.cs:236)

[IllustratedButton] 鼠标在按钮区域内: (34.91, 1.36), 按钮区域: (x:-46.75, y:-57.75, width:93.50, height:115.50)
UnityEngine.DebugLogHandler:Internal_Log(LogType, LogOption, String, Object)
UnityEngine.Logger:Log(LogType, Object)
UnityEngine.Debug:Log(Object)
UIButtonHoverScale:IsMouseOverButton() (at E:/Unity/Projects/Work/FeatherLandNew/Assets/Scripts/UIButtonHoverScale.cs:458)
UIButtonHoverScale:Update() (at E:/Unity/Projects/Work/FeatherLandNew/Assets/Scripts/UIButtonHoverScale.cs:236)

[IllustratedButton] 鼠标在按钮区域内: (25.82, 1.36), 按钮区域: (x:-46.75, y:-57.75, width:93.50, height:115.50)
UnityEngine.DebugLogHandler:Internal_Log(LogType, LogOption, String, Object)
UnityEngine.Logger:Log(LogType, Object)
UnityEngine.Debug:Log(Object)
UIButtonHoverScale:IsMouseOverButton() (at E:/Unity/Projects/Work/FeatherLandNew/Assets/Scripts/UIButtonHoverScale.cs:458)
UIButtonHoverScale:Update() (at E:/Unity/Projects/Work/FeatherLandNew/Assets/Scripts/UIButtonHoverScale.cs:236)

[IllustratedButton] 鼠标在按钮区域内: (21.27, 0.45), 按钮区域: (x:-46.75, y:-57.75, width:93.50, height:115.50)
UnityEngine.DebugLogHandler:Internal_Log(LogType, LogOption, String, Object)
UnityEngine.Logger:Log(LogType, Object)
UnityEngine.Debug:Log(Object)
UIButtonHoverScale:IsMouseOverButton() (at E:/Unity/Projects/Work/FeatherLandNew/Assets/Scripts/UIButtonHoverScale.cs:458)
UIButtonHoverScale:Update() (at E:/Unity/Projects/Work/FeatherLandNew/Assets/Scripts/UIButtonHoverScale.cs:236)

[IllustratedButton] 鼠标在按钮区域内: (19.45, 0.45), 按钮区域: (x:-46.75, y:-57.75, width:93.50, height:115.50)
UnityEngine.DebugLogHandler:Internal_Log(LogType, LogOption, String, Object)
UnityEngine.Logger:Log(LogType, Object)
UnityEngine.Debug:Log(Object)
UIButtonHoverScale:IsMouseOverButton() (at E:/Unity/Projects/Work/FeatherLandNew/Assets/Scripts/UIButtonHoverScale.cs:458)
UIButtonHoverScale:Update() (at E:/Unity/Projects/Work/FeatherLandNew/Assets/Scripts/UIButtonHoverScale.cs:236)

[IllustratedButton] 鼠标在按钮区域内: (17.64, -0.45), 按钮区域: (x:-46.75, y:-57.75, width:93.50, height:115.50)
UnityEngine.DebugLogHandler:Internal_Log(LogType, LogOption, String, Object)
UnityEngine.Logger:Log(LogType, Object)
UnityEngine.Debug:Log(Object)
UIButtonHoverScale:IsMouseOverButton() (at E:/Unity/Projects/Work/FeatherLandNew/Assets/Scripts/UIButtonHoverScale.cs:458)
UIButtonHoverScale:Update() (at E:/Unity/Projects/Work/FeatherLandNew/Assets/Scripts/UIButtonHoverScale.cs:236)

[IllustratedButton] 鼠标在按钮区域内: (15.82, -0.45), 按钮区域: (x:-46.75, y:-57.75, width:93.50, height:115.50)
UnityEngine.DebugLogHandler:Internal_Log(LogType, LogOption, String, Object)
UnityEngine.Logger:Log(LogType, Object)
UnityEngine.Debug:Log(Object)
UIButtonHoverScale:IsMouseOverButton() (at E:/Unity/Projects/Work/FeatherLandNew/Assets/Scripts/UIButtonHoverScale.cs:458)
UIButtonHoverScale:Update() (at E:/Unity/Projects/Work/FeatherLandNew/Assets/Scripts/UIButtonHoverScale.cs:236)

[IllustratedButton] 鼠标在按钮区域内: (14.91, -0.45), 按钮区域: (x:-46.75, y:-57.75, width:93.50, height:115.50)
UnityEngine.DebugLogHandler:Internal_Log(LogType, LogOption, String, Object)
UnityEngine.Logger:Log(LogType, Object)
UnityEngine.Debug:Log(Object)
UIButtonHoverScale:IsMouseOverButton() (at E:/Unity/Projects/Work/FeatherLandNew/Assets/Scripts/UIButtonHoverScale.cs:458)
UIButtonHoverScale:Update() (at E:/Unity/Projects/Work/FeatherLandNew/Assets/Scripts/UIButtonHoverScale.cs:236)

[IllustratedButton] 鼠标在按钮区域内: (10.36, -0.45), 按钮区域: (x:-46.75, y:-57.75, width:93.50, height:115.50)
UnityEngine.DebugLogHandler:Internal_Log(LogType, LogOption, String, Object)
UnityEngine.Logger:Log(LogType, Object)
UnityEngine.Debug:Log(Object)
UIButtonHoverScale:IsMouseOverButton() (at E:/Unity/Projects/Work/FeatherLandNew/Assets/Scripts/UIButtonHoverScale.cs:458)
UIButtonHoverScale:Update() (at E:/Unity/Projects/Work/FeatherLandNew/Assets/Scripts/UIButtonHoverScale.cs:236)

[IllustratedButton] 鼠标在按钮区域内: (7.64, -0.45), 按钮区域: (x:-46.75, y:-57.75, width:93.50, height:115.50)
UnityEngine.DebugLogHandler:Internal_Log(LogType, LogOption, String, Object)
UnityEngine.Logger:Log(LogType, Object)
UnityEngine.Debug:Log(Object)
UIButtonHoverScale:IsMouseOverButton() (at E:/Unity/Projects/Work/FeatherLandNew/Assets/Scripts/UIButtonHoverScale.cs:458)
UIButtonHoverScale:Update() (at E:/Unity/Projects/Work/FeatherLandNew/Assets/Scripts/UIButtonHoverScale.cs:236)

[IllustratedButton] 鼠标在按钮区域内: (5.82, -1.36), 按钮区域: (x:-46.75, y:-57.75, width:93.50, height:115.50)
UnityEngine.DebugLogHandler:Internal_Log(LogType, LogOption, String, Object)
UnityEngine.Logger:Log(LogType, Object)
UnityEngine.Debug:Log(Object)
UIButtonHoverScale:IsMouseOverButton() (at E:/Unity/Projects/Work/FeatherLandNew/Assets/Scripts/UIButtonHoverScale.cs:458)
UIButtonHoverScale:Update() (at E:/Unity/Projects/Work/FeatherLandNew/Assets/Scripts/UIButtonHoverScale.cs:236)

[IllustratedButton] 鼠标在按钮区域内: (2.18, -1.36), 按钮区域: (x:-46.75, y:-57.75, width:93.50, height:115.50)
UnityEngine.DebugLogHandler:Internal_Log(LogType, LogOption, String, Object)
UnityEngine.Logger:Log(LogType, Object)
UnityEngine.Debug:Log(Object)
UIButtonHoverScale:IsMouseOverButton() (at E:/Unity/Projects/Work/FeatherLandNew/Assets/Scripts/UIButtonHoverScale.cs:458)
UIButtonHoverScale:Update() (at E:/Unity/Projects/Work/FeatherLandNew/Assets/Scripts/UIButtonHoverScale.cs:236)

[IllustratedButton] 鼠标在按钮区域内: (-1.45, -1.36), 按钮区域: (x:-46.75, y:-57.75, width:93.50, height:115.50)
UnityEngine.DebugLogHandler:Internal_Log(LogType, LogOption, String, Object)
UnityEngine.Logger:Log(LogType, Object)
UnityEngine.Debug:Log(Object)
UIButtonHoverScale:IsMouseOverButton() (at E:/Unity/Projects/Work/FeatherLandNew/Assets/Scripts/UIButtonHoverScale.cs:458)
UIButtonHoverScale:Update() (at E:/Unity/Projects/Work/FeatherLandNew/Assets/Scripts/UIButtonHoverScale.cs:236)

[IllustratedButton] 鼠标在按钮区域内: (-7.82, -1.36), 按钮区域: (x:-46.75, y:-57.75, width:93.50, height:115.50)
UnityEngine.DebugLogHandler:Internal_Log(LogType, LogOption, String, Object)
UnityEngine.Logger:Log(LogType, Object)
UnityEngine.Debug:Log(Object)
UIButtonHoverScale:IsMouseOverButton() (at E:/Unity/Projects/Work/FeatherLandNew/Assets/Scripts/UIButtonHoverScale.cs:458)
UIButtonHoverScale:Update() (at E:/Unity/Projects/Work/FeatherLandNew/Assets/Scripts/UIButtonHoverScale.cs:236)

[IllustratedButton] 鼠标在按钮区域内: (-8.73, -1.36), 按钮区域: (x:-46.75, y:-57.75, width:93.50, height:115.50)
UnityEngine.DebugLogHandler:Internal_Log(LogType, LogOption, String, Object)
UnityEngine.Logger:Log(LogType, Object)
UnityEngine.Debug:Log(Object)
UIButtonHoverScale:IsMouseOverButton() (at E:/Unity/Projects/Work/FeatherLandNew/Assets/Scripts/UIButtonHoverScale.cs:458)
UIButtonHoverScale:Update() (at E:/Unity/Projects/Work/FeatherLandNew/Assets/Scripts/UIButtonHoverScale.cs:236)

[IllustratedButton] 鼠标在按钮区域内: (-16.00, -0.45), 按钮区域: (x:-46.75, y:-57.75, width:93.50, height:115.50)
UnityEngine.DebugLogHandler:Internal_Log(LogType, LogOption, String, Object)
UnityEngine.Logger:Log(LogType, Object)
UnityEngine.Debug:Log(Object)
UIButtonHoverScale:IsMouseOverButton() (at E:/Unity/Projects/Work/FeatherLandNew/Assets/Scripts/UIButtonHoverScale.cs:458)
UIButtonHoverScale:Update() (at E:/Unity/Projects/Work/FeatherLandNew/Assets/Scripts/UIButtonHoverScale.cs:236)

[IllustratedButton] 鼠标在按钮区域内: (-21.45, -0.45), 按钮区域: (x:-46.75, y:-57.75, width:93.50, height:115.50)
UnityEngine.DebugLogHandler:Internal_Log(LogType, LogOption, String, Object)
UnityEngine.Logger:Log(LogType, Object)
UnityEngine.Debug:Log(Object)
UIButtonHoverScale:IsMouseOverButton() (at E:/Unity/Projects/Work/FeatherLandNew/Assets/Scripts/UIButtonHoverScale.cs:458)
UIButtonHoverScale:Update() (at E:/Unity/Projects/Work/FeatherLandNew/Assets/Scripts/UIButtonHoverScale.cs:236)

[IllustratedButton] 鼠标在按钮区域内: (-27.82, -0.45), 按钮区域: (x:-46.75, y:-57.75, width:93.50, height:115.50)
UnityEngine.DebugLogHandler:Internal_Log(LogType, LogOption, String, Object)
UnityEngine.Logger:Log(LogType, Object)
UnityEngine.Debug:Log(Object)
UIButtonHoverScale:IsMouseOverButton() (at E:/Unity/Projects/Work/FeatherLandNew/Assets/Scripts/UIButtonHoverScale.cs:458)
UIButtonHoverScale:Update() (at E:/Unity/Projects/Work/FeatherLandNew/Assets/Scripts/UIButtonHoverScale.cs:236)

[IllustratedButton] 鼠标在按钮区域内: (-40.55, -0.45), 按钮区域: (x:-46.75, y:-57.75, width:93.50, height:115.50)
UnityEngine.DebugLogHandler:Internal_Log(LogType, LogOption, String, Object)
UnityEngine.Logger:Log(LogType, Object)
UnityEngine.Debug:Log(Object)
UIButtonHoverScale:IsMouseOverButton() (at E:/Unity/Projects/Work/FeatherLandNew/Assets/Scripts/UIButtonHoverScale.cs:458)
UIButtonHoverScale:Update() (at E:/Unity/Projects/Work/FeatherLandNew/Assets/Scripts/UIButtonHoverScale.cs:236)

[IllustratedButton] 鼠标在按钮区域内: (-43.27, -0.45), 按钮区域: (x:-46.75, y:-57.75, width:93.50, height:115.50)
UnityEngine.DebugLogHandler:Internal_Log(LogType, LogOption, String, Object)
UnityEngine.Logger:Log(LogType, Object)
UnityEngine.Debug:Log(Object)
UIButtonHoverScale:IsMouseOverButton() (at E:/Unity/Projects/Work/FeatherLandNew/Assets/Scripts/UIButtonHoverScale.cs:458)
UIButtonHoverScale:Update() (at E:/Unity/Projects/Work/FeatherLandNew/Assets/Scripts/UIButtonHoverScale.cs:236)

[IllustratedButton] 鼠标在按钮区域内: (-44.18, -0.45), 按钮区域: (x:-46.75, y:-57.75, width:93.50, height:115.50)
UnityEngine.DebugLogHandler:Internal_Log(LogType, LogOption, String, Object)
UnityEngine.Logger:Log(LogType, Object)
UnityEngine.Debug:Log(Object)
UIButtonHoverScale:IsMouseOverButton() (at E:/Unity/Projects/Work/FeatherLandNew/Assets/Scripts/UIButtonHoverScale.cs:458)
UIButtonHoverScale:Update() (at E:/Unity/Projects/Work/FeatherLandNew/Assets/Scripts/UIButtonHoverScale.cs:236)

[IllustratedButton] 鼠标在按钮区域内: (-45.09, -0.45), 按钮区域: (x:-46.75, y:-57.75, width:93.50, height:115.50)
UnityEngine.DebugLogHandler:Internal_Log(LogType, LogOption, String, Object)
UnityEngine.Logger:Log(LogType, Object)
UnityEngine.Debug:Log(Object)
UIButtonHoverScale:IsMouseOverButton() (at E:/Unity/Projects/Work/FeatherLandNew/Assets/Scripts/UIButtonHoverScale.cs:458)
UIButtonHoverScale:Update() (at E:/Unity/Projects/Work/FeatherLandNew/Assets/Scripts/UIButtonHoverScale.cs:236)

[ShopButton] 鼠标在按钮区域内: (38.35, -3.32), 按钮区域: (x:-40.25, y:-57.25, width:80.50, height:114.50)
UnityEngine.DebugLogHandler:Internal_Log(LogType, LogOption, String, Object)
UnityEngine.Logger:Log(LogType, Object)
UnityEngine.Debug:Log(Object)
UIButtonHoverScale:IsMouseOverButton() (at E:/Unity/Projects/Work/FeatherLandNew/Assets/Scripts/UIButtonHoverScale.cs:458)
UIButtonHoverScale:Update() (at E:/Unity/Projects/Work/FeatherLandNew/Assets/Scripts/UIButtonHoverScale.cs:236)

[ShopButton] 鼠标在按钮区域内: (30.32, -3.93), 按钮区域: (x:-40.25, y:-57.25, width:80.50, height:114.50)
UnityEngine.DebugLogHandler:Internal_Log(LogType, LogOption, String, Object)
UnityEngine.Logger:Log(LogType, Object)
UnityEngine.Debug:Log(Object)
UIButtonHoverScale:IsMouseOverButton() (at E:/Unity/Projects/Work/FeatherLandNew/Assets/Scripts/UIButtonHoverScale.cs:458)
UIButtonHoverScale:Update() (at E:/Unity/Projects/Work/FeatherLandNew/Assets/Scripts/UIButtonHoverScale.cs:236)

[ShopButton] 鼠标在按钮区域内: (26.68, -3.93), 按钮区域: (x:-40.25, y:-57.25, width:80.50, height:114.50)
UnityEngine.DebugLogHandler:Internal_Log(LogType, LogOption, String, Object)
UnityEngine.Logger:Log(LogType, Object)
UnityEngine.Debug:Log(Object)
UIButtonHoverScale:IsMouseOverButton() (at E:/Unity/Projects/Work/FeatherLandNew/Assets/Scripts/UIButtonHoverScale.cs:458)
UIButtonHoverScale:Update() (at E:/Unity/Projects/Work/FeatherLandNew/Assets/Scripts/UIButtonHoverScale.cs:236)

[ShopButton] 鼠标在按钮区域内: (21.23, -4.84), 按钮区域: (x:-40.25, y:-57.25, width:80.50, height:114.50)
UnityEngine.DebugLogHandler:Internal_Log(LogType, LogOption, String, Object)
UnityEngine.Logger:Log(LogType, Object)
UnityEngine.Debug:Log(Object)
UIButtonHoverScale:IsMouseOverButton() (at E:/Unity/Projects/Work/FeatherLandNew/Assets/Scripts/UIButtonHoverScale.cs:458)
UIButtonHoverScale:Update() (at E:/Unity/Projects/Work/FeatherLandNew/Assets/Scripts/UIButtonHoverScale.cs:236)

[ShopButton] 鼠标在按钮区域内: (14.86, -4.84), 按钮区域: (x:-40.25, y:-57.25, width:80.50, height:114.50)
UnityEngine.DebugLogHandler:Internal_Log(LogType, LogOption, String, Object)
UnityEngine.Logger:Log(LogType, Object)
UnityEngine.Debug:Log(Object)
UIButtonHoverScale:IsMouseOverButton() (at E:/Unity/Projects/Work/FeatherLandNew/Assets/Scripts/UIButtonHoverScale.cs:458)
UIButtonHoverScale:Update() (at E:/Unity/Projects/Work/FeatherLandNew/Assets/Scripts/UIButtonHoverScale.cs:236)

[ShopButton] 鼠标在按钮区域内: (13.95, -4.84), 按钮区域: (x:-40.25, y:-57.25, width:80.50, height:114.50)
UnityEngine.DebugLogHandler:Internal_Log(LogType, LogOption, String, Object)
UnityEngine.Logger:Log(LogType, Object)
UnityEngine.Debug:Log(Object)
UIButtonHoverScale:IsMouseOverButton() (at E:/Unity/Projects/Work/FeatherLandNew/Assets/Scripts/UIButtonHoverScale.cs:458)
UIButtonHoverScale:Update() (at E:/Unity/Projects/Work/FeatherLandNew/Assets/Scripts/UIButtonHoverScale.cs:236)

[ShopButton] 鼠标在按钮区域内: (13.05, -4.84), 按钮区域: (x:-40.25, y:-57.25, width:80.50, height:114.50)
UnityEngine.DebugLogHandler:Internal_Log(LogType, LogOption, String, Object)
UnityEngine.Logger:Log(LogType, Object)
UnityEngine.Debug:Log(Object)
UIButtonHoverScale:IsMouseOverButton() (at E:/Unity/Projects/Work/FeatherLandNew/Assets/Scripts/UIButtonHoverScale.cs:458)
UIButtonHoverScale:Update() (at E:/Unity/Projects/Work/FeatherLandNew/Assets/Scripts/UIButtonHoverScale.cs:236)

[ShopButton] 鼠标在按钮区域内: (12.14, -4.84), 按钮区域: (x:-40.25, y:-57.25, width:80.50, height:114.50)
UnityEngine.DebugLogHandler:Internal_Log(LogType, LogOption, String, Object)
UnityEngine.Logger:Log(LogType, Object)
UnityEngine.Debug:Log(Object)
UIButtonHoverScale:IsMouseOverButton() (at E:/Unity/Projects/Work/FeatherLandNew/Assets/Scripts/UIButtonHoverScale.cs:458)
UIButtonHoverScale:Update() (at E:/Unity/Projects/Work/FeatherLandNew/Assets/Scripts/UIButtonHoverScale.cs:236)

[ShopButton] 鼠标在按钮区域内: (11.23, -4.84), 按钮区域: (x:-40.25, y:-57.25, width:80.50, height:114.50)
UnityEngine.DebugLogHandler:Internal_Log(LogType, LogOption, String, Object)
UnityEngine.Logger:Log(LogType, Object)
UnityEngine.Debug:Log(Object)
UIButtonHoverScale:IsMouseOverButton() (at E:/Unity/Projects/Work/FeatherLandNew/Assets/Scripts/UIButtonHoverScale.cs:458)
UIButtonHoverScale:Update() (at E:/Unity/Projects/Work/FeatherLandNew/Assets/Scripts/UIButtonHoverScale.cs:236)

[ShopButton] 鼠标在按钮区域内: (8.50, -3.93), 按钮区域: (x:-40.25, y:-57.25, width:80.50, height:114.50)
UnityEngine.DebugLogHandler:Internal_Log(LogType, LogOption, String, Object)
UnityEngine.Logger:Log(LogType, Object)
UnityEngine.Debug:Log(Object)
UIButtonHoverScale:IsMouseOverButton() (at E:/Unity/Projects/Work/FeatherLandNew/Assets/Scripts/UIButtonHoverScale.cs:458)
UIButtonHoverScale:Update() (at E:/Unity/Projects/Work/FeatherLandNew/Assets/Scripts/UIButtonHoverScale.cs:236)

[ShopButton] 鼠标在按钮区域内: (6.68, -2.11), 按钮区域: (x:-40.25, y:-57.25, width:80.50, height:114.50)
UnityEngine.DebugLogHandler:Internal_Log(LogType, LogOption, String, Object)
UnityEngine.Logger:Log(LogType, Object)
UnityEngine.Debug:Log(Object)
UIButtonHoverScale:IsMouseOverButton() (at E:/Unity/Projects/Work/FeatherLandNew/Assets/Scripts/UIButtonHoverScale.cs:458)
UIButtonHoverScale:Update() (at E:/Unity/Projects/Work/FeatherLandNew/Assets/Scripts/UIButtonHoverScale.cs:236)

[ShopButton] 鼠标在按钮区域内: (5.77, -2.11), 按钮区域: (x:-40.25, y:-57.25, width:80.50, height:114.50)
UnityEngine.DebugLogHandler:Internal_Log(LogType, LogOption, String, Object)
UnityEngine.Logger:Log(LogType, Object)
UnityEngine.Debug:Log(Object)
UIButtonHoverScale:IsMouseOverButton() (at E:/Unity/Projects/Work/FeatherLandNew/Assets/Scripts/UIButtonHoverScale.cs:458)
UIButtonHoverScale:Update() (at E:/Unity/Projects/Work/FeatherLandNew/Assets/Scripts/UIButtonHoverScale.cs:236)

[ShopButton] 鼠标在按钮区域内: (4.86, -1.20), 按钮区域: (x:-40.25, y:-57.25, width:80.50, height:114.50)
UnityEngine.DebugLogHandler:Internal_Log(LogType, LogOption, String, Object)
UnityEngine.Logger:Log(LogType, Object)
UnityEngine.Debug:Log(Object)
UIButtonHoverScale:IsMouseOverButton() (at E:/Unity/Projects/Work/FeatherLandNew/Assets/Scripts/UIButtonHoverScale.cs:458)
UIButtonHoverScale:Update() (at E:/Unity/Projects/Work/FeatherLandNew/Assets/Scripts/UIButtonHoverScale.cs:236)

[ShopButton] 鼠标在按钮区域内: (4.86, -1.20), 按钮区域: (x:-40.25, y:-57.25, width:80.50, height:114.50)
UnityEngine.DebugLogHandler:Internal_Log(LogType, LogOption, String, Object)
UnityEngine.Logger:Log(LogType, Object)
UnityEngine.Debug:Log(Object)
UIButtonHoverScale:IsMouseOverButton() (at E:/Unity/Projects/Work/FeatherLandNew/Assets/Scripts/UIButtonHoverScale.cs:458)
UIButtonHoverScale:Update() (at E:/Unity/Projects/Work/FeatherLandNew/Assets/Scripts/UIButtonHoverScale.cs:236)

[ShopButton] 鼠标在按钮区域内: (4.86, -1.20), 按钮区域: (x:-40.25, y:-57.25, width:80.50, height:114.50)
UnityEngine.DebugLogHandler:Internal_Log(LogType, LogOption, String, Object)
UnityEngine.Logger:Log(LogType, Object)
UnityEngine.Debug:Log(Object)
UIButtonHoverScale:IsMouseOverButton() (at E:/Unity/Projects/Work/FeatherLandNew/Assets/Scripts/UIButtonHoverScale.cs:458)
UIButtonHoverScale:Update() (at E:/Unity/Projects/Work/FeatherLandNew/Assets/Scripts/UIButtonHoverScale.cs:236)

[ShopButton] 鼠标在按钮区域内: (4.86, -1.20), 按钮区域: (x:-40.25, y:-57.25, width:80.50, height:114.50)
UnityEngine.DebugLogHandler:Internal_Log(LogType, LogOption, String, Object)
UnityEngine.Logger:Log(LogType, Object)
UnityEngine.Debug:Log(Object)
UIButtonHoverScale:IsMouseOverButton() (at E:/Unity/Projects/Work/FeatherLandNew/Assets/Scripts/UIButtonHoverScale.cs:458)
UIButtonHoverScale:Update() (at E:/Unity/Projects/Work/FeatherLandNew/Assets/Scripts/UIButtonHoverScale.cs:236)

[ShopButton] 鼠标在按钮区域内: (4.86, -1.20), 按钮区域: (x:-40.25, y:-57.25, width:80.50, height:114.50)
UnityEngine.DebugLogHandler:Internal_Log(LogType, LogOption, String, Object)
UnityEngine.Logger:Log(LogType, Object)
UnityEngine.Debug:Log(Object)
UIButtonHoverScale:IsMouseOverButton() (at E:/Unity/Projects/Work/FeatherLandNew/Assets/Scripts/UIButtonHoverScale.cs:458)
UIButtonHoverScale:Update() (at E:/Unity/Projects/Work/FeatherLandNew/Assets/Scripts/UIButtonHoverScale.cs:236)

[ShopButton] 鼠标在按钮区域内: (4.86, -1.20), 按钮区域: (x:-40.25, y:-57.25, width:80.50, height:114.50)
UnityEngine.DebugLogHandler:Internal_Log(LogType, LogOption, String, Object)
UnityEngine.Logger:Log(LogType, Object)
UnityEngine.Debug:Log(Object)
UIButtonHoverScale:IsMouseOverButton() (at E:/Unity/Projects/Work/FeatherLandNew/Assets/Scripts/UIButtonHoverScale.cs:458)
UIButtonHoverScale:Update() (at E:/Unity/Projects/Work/FeatherLandNew/Assets/Scripts/UIButtonHoverScale.cs:236)

[ShopButton] 鼠标在按钮区域内: (4.86, -1.20), 按钮区域: (x:-40.25, y:-57.25, width:80.50, height:114.50)
UnityEngine.DebugLogHandler:Internal_Log(LogType, LogOption, String, Object)
UnityEngine.Logger:Log(LogType, Object)
UnityEngine.Debug:Log(Object)
UIButtonHoverScale:IsMouseOverButton() (at E:/Unity/Projects/Work/FeatherLandNew/Assets/Scripts/UIButtonHoverScale.cs:458)
UIButtonHoverScale:Update() (at E:/Unity/Projects/Work/FeatherLandNew/Assets/Scripts/UIButtonHoverScale.cs:236)

[ShopButton] 鼠标在按钮区域内: (4.86, -1.20), 按钮区域: (x:-40.25, y:-57.25, width:80.50, height:114.50)
UnityEngine.DebugLogHandler:Internal_Log(LogType, LogOption, String, Object)
UnityEngine.Logger:Log(LogType, Object)
UnityEngine.Debug:Log(Object)
UIButtonHoverScale:IsMouseOverButton() (at E:/Unity/Projects/Work/FeatherLandNew/Assets/Scripts/UIButtonHoverScale.cs:458)
UIButtonHoverScale:Update() (at E:/Unity/Projects/Work/FeatherLandNew/Assets/Scripts/UIButtonHoverScale.cs:236)

[ShopButton] 鼠标在按钮区域内: (4.86, -1.20), 按钮区域: (x:-40.25, y:-57.25, width:80.50, height:114.50)
UnityEngine.DebugLogHandler:Internal_Log(LogType, LogOption, String, Object)
UnityEngine.Logger:Log(LogType, Object)
UnityEngine.Debug:Log(Object)
UIButtonHoverScale:IsMouseOverButton() (at E:/Unity/Projects/Work/FeatherLandNew/Assets/Scripts/UIButtonHoverScale.cs:458)
UIButtonHoverScale:Update() (at E:/Unity/Projects/Work/FeatherLandNew/Assets/Scripts/UIButtonHoverScale.cs:236)

[ShopButton] 鼠标在按钮区域内: (4.86, -0.29), 按钮区域: (x:-40.25, y:-57.25, width:80.50, height:114.50)
UnityEngine.DebugLogHandler:Internal_Log(LogType, LogOption, String, Object)
UnityEngine.Logger:Log(LogType, Object)
UnityEngine.Debug:Log(Object)
UIButtonHoverScale:IsMouseOverButton() (at E:/Unity/Projects/Work/FeatherLandNew/Assets/Scripts/UIButtonHoverScale.cs:458)
UIButtonHoverScale:Update() (at E:/Unity/Projects/Work/FeatherLandNew/Assets/Scripts/UIButtonHoverScale.cs:236)

[ShopButton] 鼠标在按钮区域内: (5.77, -0.29), 按钮区域: (x:-40.25, y:-57.25, width:80.50, height:114.50)
UnityEngine.DebugLogHandler:Internal_Log(LogType, LogOption, String, Object)
UnityEngine.Logger:Log(LogType, Object)
UnityEngine.Debug:Log(Object)
UIButtonHoverScale:IsMouseOverButton() (at E:/Unity/Projects/Work/FeatherLandNew/Assets/Scripts/UIButtonHoverScale.cs:458)
UIButtonHoverScale:Update() (at E:/Unity/Projects/Work/FeatherLandNew/Assets/Scripts/UIButtonHoverScale.cs:236)

[ShopButton] 鼠标在按钮区域内: (16.68, -0.29), 按钮区域: (x:-40.25, y:-57.25, width:80.50, height:114.50)
UnityEngine.DebugLogHandler:Internal_Log(LogType, LogOption, String, Object)
UnityEngine.Logger:Log(LogType, Object)
UnityEngine.Debug:Log(Object)
UIButtonHoverScale:IsMouseOverButton() (at E:/Unity/Projects/Work/FeatherLandNew/Assets/Scripts/UIButtonHoverScale.cs:458)
UIButtonHoverScale:Update() (at E:/Unity/Projects/Work/FeatherLandNew/Assets/Scripts/UIButtonHoverScale.cs:236)

[ShopButton] 鼠标在按钮区域内: (31.23, -0.29), 按钮区域: (x:-40.25, y:-57.25, width:80.50, height:114.50)
UnityEngine.DebugLogHandler:Internal_Log(LogType, LogOption, String, Object)
UnityEngine.Logger:Log(LogType, Object)
UnityEngine.Debug:Log(Object)
UIButtonHoverScale:IsMouseOverButton() (at E:/Unity/Projects/Work/FeatherLandNew/Assets/Scripts/UIButtonHoverScale.cs:458)
UIButtonHoverScale:Update() (at E:/Unity/Projects/Work/FeatherLandNew/Assets/Scripts/UIButtonHoverScale.cs:236)

[ShopButton] 鼠标在按钮区域内: (38.50, -0.29), 按钮区域: (x:-40.25, y:-57.25, width:80.50, height:114.50)
UnityEngine.DebugLogHandler:Internal_Log(LogType, LogOption, String, Object)
UnityEngine.Logger:Log(LogType, Object)
UnityEngine.Debug:Log(Object)
UIButtonHoverScale:IsMouseOverButton() (at E:/Unity/Projects/Work/FeatherLandNew/Assets/Scripts/UIButtonHoverScale.cs:458)
UIButtonHoverScale:Update() (at E:/Unity/Projects/Work/FeatherLandNew/Assets/Scripts/UIButtonHoverScale.cs:236)

[IllustratedButton] 鼠标在按钮区域内: (-36.60, -3.50), 按钮区域: (x:-46.75, y:-57.75, width:93.50, height:115.50)
UnityEngine.DebugLogHandler:Internal_Log(LogType, LogOption, String, Object)
UnityEngine.Logger:Log(LogType, Object)
UnityEngine.Debug:Log(Object)
UIButtonHoverScale:IsMouseOverButton() (at E:/Unity/Projects/Work/FeatherLandNew/Assets/Scripts/UIButtonHoverScale.cs:458)
UIButtonHoverScale:Update() (at E:/Unity/Projects/Work/FeatherLandNew/Assets/Scripts/UIButtonHoverScale.cs:236)

[IllustratedButton] 鼠标在按钮区域内: (-28.73, -3.18), 按钮区域: (x:-46.75, y:-57.75, width:93.50, height:115.50)
UnityEngine.DebugLogHandler:Internal_Log(LogType, LogOption, String, Object)
UnityEngine.Logger:Log(LogType, Object)
UnityEngine.Debug:Log(Object)
UIButtonHoverScale:IsMouseOverButton() (at E:/Unity/Projects/Work/FeatherLandNew/Assets/Scripts/UIButtonHoverScale.cs:458)
UIButtonHoverScale:Update() (at E:/Unity/Projects/Work/FeatherLandNew/Assets/Scripts/UIButtonHoverScale.cs:236)

[IllustratedButton] 鼠标在按钮区域内: (-20.55, -3.18), 按钮区域: (x:-46.75, y:-57.75, width:93.50, height:115.50)
UnityEngine.DebugLogHandler:Internal_Log(LogType, LogOption, String, Object)
UnityEngine.Logger:Log(LogType, Object)
UnityEngine.Debug:Log(Object)
UIButtonHoverScale:IsMouseOverButton() (at E:/Unity/Projects/Work/FeatherLandNew/Assets/Scripts/UIButtonHoverScale.cs:458)
UIButtonHoverScale:Update() (at E:/Unity/Projects/Work/FeatherLandNew/Assets/Scripts/UIButtonHoverScale.cs:236)

[IllustratedButton] 鼠标在按钮区域内: (-16.00, -3.18), 按钮区域: (x:-46.75, y:-57.75, width:93.50, height:115.50)
UnityEngine.DebugLogHandler:Internal_Log(LogType, LogOption, String, Object)
UnityEngine.Logger:Log(LogType, Object)
UnityEngine.Debug:Log(Object)
UIButtonHoverScale:IsMouseOverButton() (at E:/Unity/Projects/Work/FeatherLandNew/Assets/Scripts/UIButtonHoverScale.cs:458)
UIButtonHoverScale:Update() (at E:/Unity/Projects/Work/FeatherLandNew/Assets/Scripts/UIButtonHoverScale.cs:236)

[IllustratedButton] 鼠标在按钮区域内: (-5.09, -3.18), 按钮区域: (x:-46.75, y:-57.75, width:93.50, height:115.50)
UnityEngine.DebugLogHandler:Internal_Log(LogType, LogOption, String, Object)
UnityEngine.Logger:Log(LogType, Object)
UnityEngine.Debug:Log(Object)
UIButtonHoverScale:IsMouseOverButton() (at E:/Unity/Projects/Work/FeatherLandNew/Assets/Scripts/UIButtonHoverScale.cs:458)
UIButtonHoverScale:Update() (at E:/Unity/Projects/Work/FeatherLandNew/Assets/Scripts/UIButtonHoverScale.cs:236)

[IllustratedButton] 鼠标在按钮区域内: (11.27, -5.00), 按钮区域: (x:-46.75, y:-57.75, width:93.50, height:115.50)
UnityEngine.DebugLogHandler:Internal_Log(LogType, LogOption, String, Object)
UnityEngine.Logger:Log(LogType, Object)
UnityEngine.Debug:Log(Object)
UIButtonHoverScale:IsMouseOverButton() (at E:/Unity/Projects/Work/FeatherLandNew/Assets/Scripts/UIButtonHoverScale.cs:458)
UIButtonHoverScale:Update() (at E:/Unity/Projects/Work/FeatherLandNew/Assets/Scripts/UIButtonHoverScale.cs:236)

[IllustratedButton] 鼠标在按钮区域内: (17.64, -5.00), 按钮区域: (x:-46.75, y:-57.75, width:93.50, height:115.50)
UnityEngine.DebugLogHandler:Internal_Log(LogType, LogOption, String, Object)
UnityEngine.Logger:Log(LogType, Object)
UnityEngine.Debug:Log(Object)
UIButtonHoverScale:IsMouseOverButton() (at E:/Unity/Projects/Work/FeatherLandNew/Assets/Scripts/UIButtonHoverScale.cs:458)
UIButtonHoverScale:Update() (at E:/Unity/Projects/Work/FeatherLandNew/Assets/Scripts/UIButtonHoverScale.cs:236)

[IllustratedButton] 鼠标在按钮区域内: (19.45, -5.00), 按钮区域: (x:-46.75, y:-57.75, width:93.50, height:115.50)
UnityEngine.DebugLogHandler:Internal_Log(LogType, LogOption, String, Object)
UnityEngine.Logger:Log(LogType, Object)
UnityEngine.Debug:Log(Object)
UIButtonHoverScale:IsMouseOverButton() (at E:/Unity/Projects/Work/FeatherLandNew/Assets/Scripts/UIButtonHoverScale.cs:458)
UIButtonHoverScale:Update() (at E:/Unity/Projects/Work/FeatherLandNew/Assets/Scripts/UIButtonHoverScale.cs:236)

[IllustratedButton] 鼠标在按钮区域内: (21.27, -5.91), 按钮区域: (x:-46.75, y:-57.75, width:93.50, height:115.50)
UnityEngine.DebugLogHandler:Internal_Log(LogType, LogOption, String, Object)
UnityEngine.Logger:Log(LogType, Object)
UnityEngine.Debug:Log(Object)
UIButtonHoverScale:IsMouseOverButton() (at E:/Unity/Projects/Work/FeatherLandNew/Assets/Scripts/UIButtonHoverScale.cs:458)
UIButtonHoverScale:Update() (at E:/Unity/Projects/Work/FeatherLandNew/Assets/Scripts/UIButtonHoverScale.cs:236)

[IllustratedButton] 鼠标在按钮区域内: (23.09, -5.91), 按钮区域: (x:-46.75, y:-57.75, width:93.50, height:115.50)
UnityEngine.DebugLogHandler:Internal_Log(LogType, LogOption, String, Object)
UnityEngine.Logger:Log(LogType, Object)
UnityEngine.Debug:Log(Object)
UIButtonHoverScale:IsMouseOverButton() (at E:/Unity/Projects/Work/FeatherLandNew/Assets/Scripts/UIButtonHoverScale.cs:458)
UIButtonHoverScale:Update() (at E:/Unity/Projects/Work/FeatherLandNew/Assets/Scripts/UIButtonHoverScale.cs:236)

[IllustratedButton] 鼠标在按钮区域内: (23.09, -5.91), 按钮区域: (x:-46.75, y:-57.75, width:93.50, height:115.50)
UnityEngine.DebugLogHandler:Internal_Log(LogType, LogOption, String, Object)
UnityEngine.Logger:Log(LogType, Object)
UnityEngine.Debug:Log(Object)
UIButtonHoverScale:IsMouseOverButton() (at E:/Unity/Projects/Work/FeatherLandNew/Assets/Scripts/UIButtonHoverScale.cs:458)
UIButtonHoverScale:Update() (at E:/Unity/Projects/Work/FeatherLandNew/Assets/Scripts/UIButtonHoverScale.cs:236)

[IllustratedButton] 鼠标在按钮区域内: (24.00, -5.91), 按钮区域: (x:-46.75, y:-57.75, width:93.50, height:115.50)
UnityEngine.DebugLogHandler:Internal_Log(LogType, LogOption, String, Object)
UnityEngine.Logger:Log(LogType, Object)
UnityEngine.Debug:Log(Object)
UIButtonHoverScale:IsMouseOverButton() (at E:/Unity/Projects/Work/FeatherLandNew/Assets/Scripts/UIButtonHoverScale.cs:458)
UIButtonHoverScale:Update() (at E:/Unity/Projects/Work/FeatherLandNew/Assets/Scripts/UIButtonHoverScale.cs:236)

[IllustratedButton] 鼠标在按钮区域内: (24.91, -5.91), 按钮区域: (x:-46.75, y:-57.75, width:93.50, height:115.50)
UnityEngine.DebugLogHandler:Internal_Log(LogType, LogOption, String, Object)
UnityEngine.Logger:Log(LogType, Object)
UnityEngine.Debug:Log(Object)
UIButtonHoverScale:IsMouseOverButton() (at E:/Unity/Projects/Work/FeatherLandNew/Assets/Scripts/UIButtonHoverScale.cs:458)
UIButtonHoverScale:Update() (at E:/Unity/Projects/Work/FeatherLandNew/Assets/Scripts/UIButtonHoverScale.cs:236)

[IllustratedButton] 鼠标在按钮区域内: (24.91, -5.91), 按钮区域: (x:-46.75, y:-57.75, width:93.50, height:115.50)
UnityEngine.DebugLogHandler:Internal_Log(LogType, LogOption, String, Object)
UnityEngine.Logger:Log(LogType, Object)
UnityEngine.Debug:Log(Object)
UIButtonHoverScale:IsMouseOverButton() (at E:/Unity/Projects/Work/FeatherLandNew/Assets/Scripts/UIButtonHoverScale.cs:458)
UIButtonHoverScale:Update() (at E:/Unity/Projects/Work/FeatherLandNew/Assets/Scripts/UIButtonHoverScale.cs:236)

[IllustratedButton] 鼠标在按钮区域内: (25.82, -5.91), 按钮区域: (x:-46.75, y:-57.75, width:93.50, height:115.50)
UnityEngine.DebugLogHandler:Internal_Log(LogType, LogOption, String, Object)
UnityEngine.Logger:Log(LogType, Object)
UnityEngine.Debug:Log(Object)
UIButtonHoverScale:IsMouseOverButton() (at E:/Unity/Projects/Work/FeatherLandNew/Assets/Scripts/UIButtonHoverScale.cs:458)
UIButtonHoverScale:Update() (at E:/Unity/Projects/Work/FeatherLandNew/Assets/Scripts/UIButtonHoverScale.cs:236)

[IllustratedButton] 鼠标在按钮区域内: (26.73, -5.91), 按钮区域: (x:-46.75, y:-57.75, width:93.50, height:115.50)
UnityEngine.DebugLogHandler:Internal_Log(LogType, LogOption, String, Object)
UnityEngine.Logger:Log(LogType, Object)
UnityEngine.Debug:Log(Object)
UIButtonHoverScale:IsMouseOverButton() (at E:/Unity/Projects/Work/FeatherLandNew/Assets/Scripts/UIButtonHoverScale.cs:458)
UIButtonHoverScale:Update() (at E:/Unity/Projects/Work/FeatherLandNew/Assets/Scripts/UIButtonHoverScale.cs:236)

[IllustratedButton] 鼠标在按钮区域内: (26.73, -5.91), 按钮区域: (x:-46.75, y:-57.75, width:93.50, height:115.50)
UnityEngine.DebugLogHandler:Internal_Log(LogType, LogOption, String, Object)
UnityEngine.Logger:Log(LogType, Object)
UnityEngine.Debug:Log(Object)
UIButtonHoverScale:IsMouseOverButton() (at E:/Unity/Projects/Work/FeatherLandNew/Assets/Scripts/UIButtonHoverScale.cs:458)
UIButtonHoverScale:Update() (at E:/Unity/Projects/Work/FeatherLandNew/Assets/Scripts/UIButtonHoverScale.cs:236)

[IllustratedButton] 鼠标在按钮区域内: (27.64, -5.91), 按钮区域: (x:-46.75, y:-57.75, width:93.50, height:115.50)
UnityEngine.DebugLogHandler:Internal_Log(LogType, LogOption, String, Object)
UnityEngine.Logger:Log(LogType, Object)
UnityEngine.Debug:Log(Object)
UIButtonHoverScale:IsMouseOverButton() (at E:/Unity/Projects/Work/FeatherLandNew/Assets/Scripts/UIButtonHoverScale.cs:458)
UIButtonHoverScale:Update() (at E:/Unity/Projects/Work/FeatherLandNew/Assets/Scripts/UIButtonHoverScale.cs:236)

[IllustratedButton] 鼠标在按钮区域内: (28.55, -5.91), 按钮区域: (x:-46.75, y:-57.75, width:93.50, height:115.50)
UnityEngine.DebugLogHandler:Internal_Log(LogType, LogOption, String, Object)
UnityEngine.Logger:Log(LogType, Object)
UnityEngine.Debug:Log(Object)
UIButtonHoverScale:IsMouseOverButton() (at E:/Unity/Projects/Work/FeatherLandNew/Assets/Scripts/UIButtonHoverScale.cs:458)
UIButtonHoverScale:Update() (at E:/Unity/Projects/Work/FeatherLandNew/Assets/Scripts/UIButtonHoverScale.cs:236)

[IllustratedButton] 鼠标在按钮区域内: (29.45, -5.91), 按钮区域: (x:-46.75, y:-57.75, width:93.50, height:115.50)
UnityEngine.DebugLogHandler:Internal_Log(LogType, LogOption, String, Object)
UnityEngine.Logger:Log(LogType, Object)
UnityEngine.Debug:Log(Object)
UIButtonHoverScale:IsMouseOverButton() (at E:/Unity/Projects/Work/FeatherLandNew/Assets/Scripts/UIButtonHoverScale.cs:458)
UIButtonHoverScale:Update() (at E:/Unity/Projects/Work/FeatherLandNew/Assets/Scripts/UIButtonHoverScale.cs:236)

[IllustratedButton] 鼠标在按钮区域内: (31.27, -5.91), 按钮区域: (x:-46.75, y:-57.75, width:93.50, height:115.50)
UnityEngine.DebugLogHandler:Internal_Log(LogType, LogOption, String, Object)
UnityEngine.Logger:Log(LogType, Object)
UnityEngine.Debug:Log(Object)
UIButtonHoverScale:IsMouseOverButton() (at E:/Unity/Projects/Work/FeatherLandNew/Assets/Scripts/UIButtonHoverScale.cs:458)
UIButtonHoverScale:Update() (at E:/Unity/Projects/Work/FeatherLandNew/Assets/Scripts/UIButtonHoverScale.cs:236)

[IllustratedButton] 鼠标在按钮区域内: (33.09, -5.91), 按钮区域: (x:-46.75, y:-57.75, width:93.50, height:115.50)
UnityEngine.DebugLogHandler:Internal_Log(LogType, LogOption, String, Object)
UnityEngine.Logger:Log(LogType, Object)
UnityEngine.Debug:Log(Object)
UIButtonHoverScale:IsMouseOverButton() (at E:/Unity/Projects/Work/FeatherLandNew/Assets/Scripts/UIButtonHoverScale.cs:458)
UIButtonHoverScale:Update() (at E:/Unity/Projects/Work/FeatherLandNew/Assets/Scripts/UIButtonHoverScale.cs:236)

[IllustratedButton] 鼠标在按钮区域内: (34.91, -5.00), 按钮区域: (x:-46.75, y:-57.75, width:93.50, height:115.50)
UnityEngine.DebugLogHandler:Internal_Log(LogType, LogOption, String, Object)
UnityEngine.Logger:Log(LogType, Object)
UnityEngine.Debug:Log(Object)
UIButtonHoverScale:IsMouseOverButton() (at E:/Unity/Projects/Work/FeatherLandNew/Assets/Scripts/UIButtonHoverScale.cs:458)
UIButtonHoverScale:Update() (at E:/Unity/Projects/Work/FeatherLandNew/Assets/Scripts/UIButtonHoverScale.cs:236)

[IllustratedButton] 鼠标在按钮区域内: (35.82, -5.00), 按钮区域: (x:-46.75, y:-57.75, width:93.50, height:115.50)
UnityEngine.DebugLogHandler:Internal_Log(LogType, LogOption, String, Object)
UnityEngine.Logger:Log(LogType, Object)
UnityEngine.Debug:Log(Object)
UIButtonHoverScale:IsMouseOverButton() (at E:/Unity/Projects/Work/FeatherLandNew/Assets/Scripts/UIButtonHoverScale.cs:458)
UIButtonHoverScale:Update() (at E:/Unity/Projects/Work/FeatherLandNew/Assets/Scripts/UIButtonHoverScale.cs:236)

[IllustratedButton] 鼠标在按钮区域内: (37.64, -4.09), 按钮区域: (x:-46.75, y:-57.75, width:93.50, height:115.50)
UnityEngine.DebugLogHandler:Internal_Log(LogType, LogOption, String, Object)
UnityEngine.Logger:Log(LogType, Object)
UnityEngine.Debug:Log(Object)
UIButtonHoverScale:IsMouseOverButton() (at E:/Unity/Projects/Work/FeatherLandNew/Assets/Scripts/UIButtonHoverScale.cs:458)
UIButtonHoverScale:Update() (at E:/Unity/Projects/Work/FeatherLandNew/Assets/Scripts/UIButtonHoverScale.cs:236)

[IllustratedButton] 鼠标在按钮区域内: (38.55, -4.09), 按钮区域: (x:-46.75, y:-57.75, width:93.50, height:115.50)
UnityEngine.DebugLogHandler:Internal_Log(LogType, LogOption, String, Object)
UnityEngine.Logger:Log(LogType, Object)
UnityEngine.Debug:Log(Object)
UIButtonHoverScale:IsMouseOverButton() (at E:/Unity/Projects/Work/FeatherLandNew/Assets/Scripts/UIButtonHoverScale.cs:458)
UIButtonHoverScale:Update() (at E:/Unity/Projects/Work/FeatherLandNew/Assets/Scripts/UIButtonHoverScale.cs:236)

[IllustratedButton] 鼠标在按钮区域内: (43.09, -3.18), 按钮区域: (x:-46.75, y:-57.75, width:93.50, height:115.50)
UnityEngine.DebugLogHandler:Internal_Log(LogType, LogOption, String, Object)
UnityEngine.Logger:Log(LogType, Object)
UnityEngine.Debug:Log(Object)
UIButtonHoverScale:IsMouseOverButton() (at E:/Unity/Projects/Work/FeatherLandNew/Assets/Scripts/UIButtonHoverScale.cs:458)
UIButtonHoverScale:Update() (at E:/Unity/Projects/Work/FeatherLandNew/Assets/Scripts/UIButtonHoverScale.cs:236)

[WeatherIcon] 鼠标在按钮区域内: (-41.50, -0.56), 按钮区域: (x:-44.25, y:-55.50, width:88.50, height:111.00)
UnityEngine.DebugLogHandler:Internal_Log(LogType, LogOption, String, Object)
UnityEngine.Logger:Log(LogType, Object)
UnityEngine.Debug:Log(Object)
UIButtonHoverScale:IsMouseOverButton() (at E:/Unity/Projects/Work/FeatherLandNew/Assets/Scripts/UIButtonHoverScale.cs:458)
UIButtonHoverScale:Update() (at E:/Unity/Projects/Work/FeatherLandNew/Assets/Scripts/UIButtonHoverScale.cs:236)

[WeatherIcon] 鼠标在按钮区域内: (-27.73, 1.31), 按钮区域: (x:-44.25, y:-55.50, width:88.50, height:111.00)
UnityEngine.DebugLogHandler:Internal_Log(LogType, LogOption, String, Object)
UnityEngine.Logger:Log(LogType, Object)
UnityEngine.Debug:Log(Object)
UIButtonHoverScale:IsMouseOverButton() (at E:/Unity/Projects/Work/FeatherLandNew/Assets/Scripts/UIButtonHoverScale.cs:458)
UIButtonHoverScale:Update() (at E:/Unity/Projects/Work/FeatherLandNew/Assets/Scripts/UIButtonHoverScale.cs:236)

[WeatherIcon] 鼠标在按钮区域内: (-22.27, 1.31), 按钮区域: (x:-44.25, y:-55.50, width:88.50, height:111.00)
UnityEngine.DebugLogHandler:Internal_Log(LogType, LogOption, String, Object)
UnityEngine.Logger:Log(LogType, Object)
UnityEngine.Debug:Log(Object)
UIButtonHoverScale:IsMouseOverButton() (at E:/Unity/Projects/Work/FeatherLandNew/Assets/Scripts/UIButtonHoverScale.cs:458)
UIButtonHoverScale:Update() (at E:/Unity/Projects/Work/FeatherLandNew/Assets/Scripts/UIButtonHoverScale.cs:236)

[WeatherIcon] 鼠标在按钮区域内: (-16.82, 2.22), 按钮区域: (x:-44.25, y:-55.50, width:88.50, height:111.00)
UnityEngine.DebugLogHandler:Internal_Log(LogType, LogOption, String, Object)
UnityEngine.Logger:Log(LogType, Object)
UnityEngine.Debug:Log(Object)
UIButtonHoverScale:IsMouseOverButton() (at E:/Unity/Projects/Work/FeatherLandNew/Assets/Scripts/UIButtonHoverScale.cs:458)
UIButtonHoverScale:Update() (at E:/Unity/Projects/Work/FeatherLandNew/Assets/Scripts/UIButtonHoverScale.cs:236)

[WeatherIcon] 鼠标在按钮区域内: (-5.91, 3.13), 按钮区域: (x:-44.25, y:-55.50, width:88.50, height:111.00)
UnityEngine.DebugLogHandler:Internal_Log(LogType, LogOption, String, Object)
UnityEngine.Logger:Log(LogType, Object)
UnityEngine.Debug:Log(Object)
UIButtonHoverScale:IsMouseOverButton() (at E:/Unity/Projects/Work/FeatherLandNew/Assets/Scripts/UIButtonHoverScale.cs:458)
UIButtonHoverScale:Update() (at E:/Unity/Projects/Work/FeatherLandNew/Assets/Scripts/UIButtonHoverScale.cs:236)

[WeatherIcon] 鼠标在按钮区域内: (7.73, 4.95), 按钮区域: (x:-44.25, y:-55.50, width:88.50, height:111.00)
UnityEngine.DebugLogHandler:Internal_Log(LogType, LogOption, String, Object)
UnityEngine.Logger:Log(LogType, Object)
UnityEngine.Debug:Log(Object)
UIButtonHoverScale:IsMouseOverButton() (at E:/Unity/Projects/Work/FeatherLandNew/Assets/Scripts/UIButtonHoverScale.cs:458)
UIButtonHoverScale:Update() (at E:/Unity/Projects/Work/FeatherLandNew/Assets/Scripts/UIButtonHoverScale.cs:236)

[WeatherIcon] 鼠标在按钮区域内: (20.45, 5.85), 按钮区域: (x:-44.25, y:-55.50, width:88.50, height:111.00)
UnityEngine.DebugLogHandler:Internal_Log(LogType, LogOption, String, Object)
UnityEngine.Logger:Log(LogType, Object)
UnityEngine.Debug:Log(Object)
UIButtonHoverScale:IsMouseOverButton() (at E:/Unity/Projects/Work/FeatherLandNew/Assets/Scripts/UIButtonHoverScale.cs:458)
UIButtonHoverScale:Update() (at E:/Unity/Projects/Work/FeatherLandNew/Assets/Scripts/UIButtonHoverScale.cs:236)

[WeatherIcon] 鼠标在按钮区域内: (42.27, 5.85), 按钮区域: (x:-44.25, y:-55.50, width:88.50, height:111.00)
UnityEngine.DebugLogHandler:Internal_Log(LogType, LogOption, String, Object)
UnityEngine.Logger:Log(LogType, Object)
UnityEngine.Debug:Log(Object)
UIButtonHoverScale:IsMouseOverButton() (at E:/Unity/Projects/Work/FeatherLandNew/Assets/Scripts/UIButtonHoverScale.cs:458)
UIButtonHoverScale:Update() (at E:/Unity/Projects/Work/FeatherLandNew/Assets/Scripts/UIButtonHoverScale.cs:236)

[MapButton] 鼠标在按钮区域内: (-41.06, 7.70), 按钮区域: (x:-41.50, y:-57.25, width:83.00, height:114.50)
UnityEngine.DebugLogHandler:Internal_Log(LogType, LogOption, String, Object)
UnityEngine.Logger:Log(LogType, Object)
UnityEngine.Debug:Log(Object)
UIButtonHoverScale:IsMouseOverButton() (at E:/Unity/Projects/Work/FeatherLandNew/Assets/Scripts/UIButtonHoverScale.cs:458)
UIButtonHoverScale:Update() (at E:/Unity/Projects/Work/FeatherLandNew/Assets/Scripts/UIButtonHoverScale.cs:236)

[MapButton] 鼠标在按钮区域内: (-37.33, 7.00), 按钮区域: (x:-41.50, y:-57.25, width:83.00, height:114.50)
UnityEngine.DebugLogHandler:Internal_Log(LogType, LogOption, String, Object)
UnityEngine.Logger:Log(LogType, Object)
UnityEngine.Debug:Log(Object)
UIButtonHoverScale:IsMouseOverButton() (at E:/Unity/Projects/Work/FeatherLandNew/Assets/Scripts/UIButtonHoverScale.cs:458)
UIButtonHoverScale:Update() (at E:/Unity/Projects/Work/FeatherLandNew/Assets/Scripts/UIButtonHoverScale.cs:236)

[MapButton] 鼠标在按钮区域内: (-37.33, 7.00), 按钮区域: (x:-41.50, y:-57.25, width:83.00, height:114.50)
UnityEngine.DebugLogHandler:Internal_Log(LogType, LogOption, String, Object)
UnityEngine.Logger:Log(LogType, Object)
UnityEngine.Debug:Log(Object)
UIButtonHoverScale:IsMouseOverButton() (at E:/Unity/Projects/Work/FeatherLandNew/Assets/Scripts/UIButtonHoverScale.cs:458)
UIButtonHoverScale:Update() (at E:/Unity/Projects/Work/FeatherLandNew/Assets/Scripts/UIButtonHoverScale.cs:236)

[MapButton] 鼠标在按钮区域内: (-37.33, 7.00), 按钮区域: (x:-41.50, y:-57.25, width:83.00, height:114.50)
UnityEngine.DebugLogHandler:Internal_Log(LogType, LogOption, String, Object)
UnityEngine.Logger:Log(LogType, Object)
UnityEngine.Debug:Log(Object)
UIButtonHoverScale:IsMouseOverButton() (at E:/Unity/Projects/Work/FeatherLandNew/Assets/Scripts/UIButtonHoverScale.cs:458)
UIButtonHoverScale:Update() (at E:/Unity/Projects/Work/FeatherLandNew/Assets/Scripts/UIButtonHoverScale.cs:236)

[MapButton] 鼠标在按钮区域内: (-37.33, 7.00), 按钮区域: (x:-41.50, y:-57.25, width:83.00, height:114.50)
UnityEngine.DebugLogHandler:Internal_Log(LogType, LogOption, String, Object)
UnityEngine.Logger:Log(LogType, Object)
UnityEngine.Debug:Log(Object)
UIButtonHoverScale:IsMouseOverButton() (at E:/Unity/Projects/Work/FeatherLandNew/Assets/Scripts/UIButtonHoverScale.cs:458)
UIButtonHoverScale:Update() (at E:/Unity/Projects/Work/FeatherLandNew/Assets/Scripts/UIButtonHoverScale.cs:236)

[MapButton] 鼠标在按钮区域内: (-37.33, 7.00), 按钮区域: (x:-41.50, y:-57.25, width:83.00, height:114.50)
UnityEngine.DebugLogHandler:Internal_Log(LogType, LogOption, String, Object)
UnityEngine.Logger:Log(LogType, Object)
UnityEngine.Debug:Log(Object)
UIButtonHoverScale:IsMouseOverButton() (at E:/Unity/Projects/Work/FeatherLandNew/Assets/Scripts/UIButtonHoverScale.cs:458)
UIButtonHoverScale:Update() (at E:/Unity/Projects/Work/FeatherLandNew/Assets/Scripts/UIButtonHoverScale.cs:236)

[MapButton] 鼠标在按钮区域内: (-37.33, 7.00), 按钮区域: (x:-41.50, y:-57.25, width:83.00, height:114.50)
UnityEngine.DebugLogHandler:Internal_Log(LogType, LogOption, String, Object)
UnityEngine.Logger:Log(LogType, Object)
UnityEngine.Debug:Log(Object)
UIButtonHoverScale:IsMouseOverButton() (at E:/Unity/Projects/Work/FeatherLandNew/Assets/Scripts/UIButtonHoverScale.cs:458)
UIButtonHoverScale:Update() (at E:/Unity/Projects/Work/FeatherLandNew/Assets/Scripts/UIButtonHoverScale.cs:236)

[MapButton] 鼠标在按钮区域内: (-37.33, 7.00), 按钮区域: (x:-41.50, y:-57.25, width:83.00, height:114.50)
UnityEngine.DebugLogHandler:Internal_Log(LogType, LogOption, String, Object)
UnityEngine.Logger:Log(LogType, Object)
UnityEngine.Debug:Log(Object)
UIButtonHoverScale:IsMouseOverButton() (at E:/Unity/Projects/Work/FeatherLandNew/Assets/Scripts/UIButtonHoverScale.cs:458)
UIButtonHoverScale:Update() (at E:/Unity/Projects/Work/FeatherLandNew/Assets/Scripts/UIButtonHoverScale.cs:236)

[MapButton] 鼠标在按钮区域内: (-37.33, 7.00), 按钮区域: (x:-41.50, y:-57.25, width:83.00, height:114.50)
UnityEngine.DebugLogHandler:Internal_Log(LogType, LogOption, String, Object)
UnityEngine.Logger:Log(LogType, Object)
UnityEngine.Debug:Log(Object)
UIButtonHoverScale:IsMouseOverButton() (at E:/Unity/Projects/Work/FeatherLandNew/Assets/Scripts/UIButtonHoverScale.cs:458)
UIButtonHoverScale:Update() (at E:/Unity/Projects/Work/FeatherLandNew/Assets/Scripts/UIButtonHoverScale.cs:236)

[MapButton] 鼠标在按钮区域内: (-37.33, 7.00), 按钮区域: (x:-41.50, y:-57.25, width:83.00, height:114.50)
UnityEngine.DebugLogHandler:Internal_Log(LogType, LogOption, String, Object)
UnityEngine.Logger:Log(LogType, Object)
UnityEngine.Debug:Log(Object)
UIButtonHoverScale:IsMouseOverButton() (at E:/Unity/Projects/Work/FeatherLandNew/Assets/Scripts/UIButtonHoverScale.cs:458)
UIButtonHoverScale:Update() (at E:/Unity/Projects/Work/FeatherLandNew/Assets/Scripts/UIButtonHoverScale.cs:236)

[MapButton] 鼠标在按钮区域内: (-37.33, 7.00), 按钮区域: (x:-41.50, y:-57.25, width:83.00, height:114.50)
UnityEngine.DebugLogHandler:Internal_Log(LogType, LogOption, String, Object)
UnityEngine.Logger:Log(LogType, Object)
UnityEngine.Debug:Log(Object)
UIButtonHoverScale:IsMouseOverButton() (at E:/Unity/Projects/Work/FeatherLandNew/Assets/Scripts/UIButtonHoverScale.cs:458)
UIButtonHoverScale:Update() (at E:/Unity/Projects/Work/FeatherLandNew/Assets/Scripts/UIButtonHoverScale.cs:236)

[MapButton] 鼠标在按钮区域内: (-37.33, 7.00), 按钮区域: (x:-41.50, y:-57.25, width:83.00, height:114.50)
UnityEngine.DebugLogHandler:Internal_Log(LogType, LogOption, String, Object)
UnityEngine.Logger:Log(LogType, Object)
UnityEngine.Debug:Log(Object)
UIButtonHoverScale:IsMouseOverButton() (at E:/Unity/Projects/Work/FeatherLandNew/Assets/Scripts/UIButtonHoverScale.cs:458)
UIButtonHoverScale:Update() (at E:/Unity/Projects/Work/FeatherLandNew/Assets/Scripts/UIButtonHoverScale.cs:236)

[MapButton] 鼠标在按钮区域内: (-37.33, 7.00), 按钮区域: (x:-41.50, y:-57.25, width:83.00, height:114.50)
UnityEngine.DebugLogHandler:Internal_Log(LogType, LogOption, String, Object)
UnityEngine.Logger:Log(LogType, Object)
UnityEngine.Debug:Log(Object)
UIButtonHoverScale:IsMouseOverButton() (at E:/Unity/Projects/Work/FeatherLandNew/Assets/Scripts/UIButtonHoverScale.cs:458)
UIButtonHoverScale:Update() (at E:/Unity/Projects/Work/FeatherLandNew/Assets/Scripts/UIButtonHoverScale.cs:236)

[MapButton] 鼠标在按钮区域内: (-37.33, 7.00), 按钮区域: (x:-41.50, y:-57.25, width:83.00, height:114.50)
UnityEngine.DebugLogHandler:Internal_Log(LogType, LogOption, String, Object)
UnityEngine.Logger:Log(LogType, Object)
UnityEngine.Debug:Log(Object)
UIButtonHoverScale:IsMouseOverButton() (at E:/Unity/Projects/Work/FeatherLandNew/Assets/Scripts/UIButtonHoverScale.cs:458)
UIButtonHoverScale:Update() (at E:/Unity/Projects/Work/FeatherLandNew/Assets/Scripts/UIButtonHoverScale.cs:236)

[MapButton] 鼠标在按钮区域内: (-37.33, 7.00), 按钮区域: (x:-41.50, y:-57.25, width:83.00, height:114.50)
UnityEngine.DebugLogHandler:Internal_Log(LogType, LogOption, String, Object)
UnityEngine.Logger:Log(LogType, Object)
UnityEngine.Debug:Log(Object)
UIButtonHoverScale:IsMouseOverButton() (at E:/Unity/Projects/Work/FeatherLandNew/Assets/Scripts/UIButtonHoverScale.cs:458)
UIButtonHoverScale:Update() (at E:/Unity/Projects/Work/FeatherLandNew/Assets/Scripts/UIButtonHoverScale.cs:236)

[MapButton] 鼠标在按钮区域内: (-37.33, 7.00), 按钮区域: (x:-41.50, y:-57.25, width:83.00, height:114.50)
UnityEngine.DebugLogHandler:Internal_Log(LogType, LogOption, String, Object)
UnityEngine.Logger:Log(LogType, Object)
UnityEngine.Debug:Log(Object)
UIButtonHoverScale:IsMouseOverButton() (at E:/Unity/Projects/Work/FeatherLandNew/Assets/Scripts/UIButtonHoverScale.cs:458)
UIButtonHoverScale:Update() (at E:/Unity/Projects/Work/FeatherLandNew/Assets/Scripts/UIButtonHoverScale.cs:236)

[MapButton] 鼠标在按钮区域内: (-36.42, 7.00), 按钮区域: (x:-41.50, y:-57.25, width:83.00, height:114.50)
UnityEngine.DebugLogHandler:Internal_Log(LogType, LogOption, String, Object)
UnityEngine.Logger:Log(LogType, Object)
UnityEngine.Debug:Log(Object)
UIButtonHoverScale:IsMouseOverButton() (at E:/Unity/Projects/Work/FeatherLandNew/Assets/Scripts/UIButtonHoverScale.cs:458)
UIButtonHoverScale:Update() (at E:/Unity/Projects/Work/FeatherLandNew/Assets/Scripts/UIButtonHoverScale.cs:236)

[MapButton] 鼠标在按钮区域内: (-36.42, 7.00), 按钮区域: (x:-41.50, y:-57.25, width:83.00, height:114.50)
UnityEngine.DebugLogHandler:Internal_Log(LogType, LogOption, String, Object)
UnityEngine.Logger:Log(LogType, Object)
UnityEngine.Debug:Log(Object)
UIButtonHoverScale:IsMouseOverButton() (at E:/Unity/Projects/Work/FeatherLandNew/Assets/Scripts/UIButtonHoverScale.cs:458)
UIButtonHoverScale:Update() (at E:/Unity/Projects/Work/FeatherLandNew/Assets/Scripts/UIButtonHoverScale.cs:236)

[MapButton] 鼠标在按钮区域内: (-34.60, 7.00), 按钮区域: (x:-41.50, y:-57.25, width:83.00, height:114.50)
UnityEngine.DebugLogHandler:Internal_Log(LogType, LogOption, String, Object)
UnityEngine.Logger:Log(LogType, Object)
UnityEngine.Debug:Log(Object)
UIButtonHoverScale:IsMouseOverButton() (at E:/Unity/Projects/Work/FeatherLandNew/Assets/Scripts/UIButtonHoverScale.cs:458)
UIButtonHoverScale:Update() (at E:/Unity/Projects/Work/FeatherLandNew/Assets/Scripts/UIButtonHoverScale.cs:236)

[MapButton] 鼠标在按钮区域内: (-33.69, 7.00), 按钮区域: (x:-41.50, y:-57.25, width:83.00, height:114.50)
UnityEngine.DebugLogHandler:Internal_Log(LogType, LogOption, String, Object)
UnityEngine.Logger:Log(LogType, Object)
UnityEngine.Debug:Log(Object)
UIButtonHoverScale:IsMouseOverButton() (at E:/Unity/Projects/Work/FeatherLandNew/Assets/Scripts/UIButtonHoverScale.cs:458)
UIButtonHoverScale:Update() (at E:/Unity/Projects/Work/FeatherLandNew/Assets/Scripts/UIButtonHoverScale.cs:236)

[MapButton] 鼠标在按钮区域内: (-31.87, 7.00), 按钮区域: (x:-41.50, y:-57.25, width:83.00, height:114.50)
UnityEngine.DebugLogHandler:Internal_Log(LogType, LogOption, String, Object)
UnityEngine.Logger:Log(LogType, Object)
UnityEngine.Debug:Log(Object)
UIButtonHoverScale:IsMouseOverButton() (at E:/Unity/Projects/Work/FeatherLandNew/Assets/Scripts/UIButtonHoverScale.cs:458)
UIButtonHoverScale:Update() (at E:/Unity/Projects/Work/FeatherLandNew/Assets/Scripts/UIButtonHoverScale.cs:236)

[MapButton] 鼠标在按钮区域内: (-30.05, 7.00), 按钮区域: (x:-41.50, y:-57.25, width:83.00, height:114.50)
UnityEngine.DebugLogHandler:Internal_Log(LogType, LogOption, String, Object)
UnityEngine.Logger:Log(LogType, Object)
UnityEngine.Debug:Log(Object)
UIButtonHoverScale:IsMouseOverButton() (at E:/Unity/Projects/Work/FeatherLandNew/Assets/Scripts/UIButtonHoverScale.cs:458)
UIButtonHoverScale:Update() (at E:/Unity/Projects/Work/FeatherLandNew/Assets/Scripts/UIButtonHoverScale.cs:236)

[MapButton] 鼠标在按钮区域内: (-28.23, 7.00), 按钮区域: (x:-41.50, y:-57.25, width:83.00, height:114.50)
UnityEngine.DebugLogHandler:Internal_Log(LogType, LogOption, String, Object)
UnityEngine.Logger:Log(LogType, Object)
UnityEngine.Debug:Log(Object)
UIButtonHoverScale:IsMouseOverButton() (at E:/Unity/Projects/Work/FeatherLandNew/Assets/Scripts/UIButtonHoverScale.cs:458)
UIButtonHoverScale:Update() (at E:/Unity/Projects/Work/FeatherLandNew/Assets/Scripts/UIButtonHoverScale.cs:236)

[MapButton] 鼠标在按钮区域内: (-25.51, 7.00), 按钮区域: (x:-41.50, y:-57.25, width:83.00, height:114.50)
UnityEngine.DebugLogHandler:Internal_Log(LogType, LogOption, String, Object)
UnityEngine.Logger:Log(LogType, Object)
UnityEngine.Debug:Log(Object)
UIButtonHoverScale:IsMouseOverButton() (at E:/Unity/Projects/Work/FeatherLandNew/Assets/Scripts/UIButtonHoverScale.cs:458)
UIButtonHoverScale:Update() (at E:/Unity/Projects/Work/FeatherLandNew/Assets/Scripts/UIButtonHoverScale.cs:236)

[MapButton] 鼠标在按钮区域内: (-23.69, 7.00), 按钮区域: (x:-41.50, y:-57.25, width:83.00, height:114.50)
UnityEngine.DebugLogHandler:Internal_Log(LogType, LogOption, String, Object)
UnityEngine.Logger:Log(LogType, Object)
UnityEngine.Debug:Log(Object)
UIButtonHoverScale:IsMouseOverButton() (at E:/Unity/Projects/Work/FeatherLandNew/Assets/Scripts/UIButtonHoverScale.cs:458)
UIButtonHoverScale:Update() (at E:/Unity/Projects/Work/FeatherLandNew/Assets/Scripts/UIButtonHoverScale.cs:236)

[MapButton] 鼠标在按钮区域内: (-20.96, 7.00), 按钮区域: (x:-41.50, y:-57.25, width:83.00, height:114.50)
UnityEngine.DebugLogHandler:Internal_Log(LogType, LogOption, String, Object)
UnityEngine.Logger:Log(LogType, Object)
UnityEngine.Debug:Log(Object)
UIButtonHoverScale:IsMouseOverButton() (at E:/Unity/Projects/Work/FeatherLandNew/Assets/Scripts/UIButtonHoverScale.cs:458)
UIButtonHoverScale:Update() (at E:/Unity/Projects/Work/FeatherLandNew/Assets/Scripts/UIButtonHoverScale.cs:236)

[MapButton] 鼠标在按钮区域内: (-19.14, 7.00), 按钮区域: (x:-41.50, y:-57.25, width:83.00, height:114.50)
UnityEngine.DebugLogHandler:Internal_Log(LogType, LogOption, String, Object)
UnityEngine.Logger:Log(LogType, Object)
UnityEngine.Debug:Log(Object)
UIButtonHoverScale:IsMouseOverButton() (at E:/Unity/Projects/Work/FeatherLandNew/Assets/Scripts/UIButtonHoverScale.cs:458)
UIButtonHoverScale:Update() (at E:/Unity/Projects/Work/FeatherLandNew/Assets/Scripts/UIButtonHoverScale.cs:236)

[MapButton] 鼠标在按钮区域内: (-10.05, 7.91), 按钮区域: (x:-41.50, y:-57.25, width:83.00, height:114.50)
UnityEngine.DebugLogHandler:Internal_Log(LogType, LogOption, String, Object)
UnityEngine.Logger:Log(LogType, Object)
UnityEngine.Debug:Log(Object)
UIButtonHoverScale:IsMouseOverButton() (at E:/Unity/Projects/Work/FeatherLandNew/Assets/Scripts/UIButtonHoverScale.cs:458)
UIButtonHoverScale:Update() (at E:/Unity/Projects/Work/FeatherLandNew/Assets/Scripts/UIButtonHoverScale.cs:236)

[MapButton] 鼠标在按钮区域内: (-6.42, 7.91), 按钮区域: (x:-41.50, y:-57.25, width:83.00, height:114.50)
UnityEngine.DebugLogHandler:Internal_Log(LogType, LogOption, String, Object)
UnityEngine.Logger:Log(LogType, Object)
UnityEngine.Debug:Log(Object)
UIButtonHoverScale:IsMouseOverButton() (at E:/Unity/Projects/Work/FeatherLandNew/Assets/Scripts/UIButtonHoverScale.cs:458)
UIButtonHoverScale:Update() (at E:/Unity/Projects/Work/FeatherLandNew/Assets/Scripts/UIButtonHoverScale.cs:236)

[MapButton] 鼠标在按钮区域内: (-5.51, 7.91), 按钮区域: (x:-41.50, y:-57.25, width:83.00, height:114.50)
UnityEngine.DebugLogHandler:Internal_Log(LogType, LogOption, String, Object)
UnityEngine.Logger:Log(LogType, Object)
UnityEngine.Debug:Log(Object)
UIButtonHoverScale:IsMouseOverButton() (at E:/Unity/Projects/Work/FeatherLandNew/Assets/Scripts/UIButtonHoverScale.cs:458)
UIButtonHoverScale:Update() (at E:/Unity/Projects/Work/FeatherLandNew/Assets/Scripts/UIButtonHoverScale.cs:236)

[MapButton] 鼠标在按钮区域内: (-5.51, 7.91), 按钮区域: (x:-41.50, y:-57.25, width:83.00, height:114.50)
UnityEngine.DebugLogHandler:Internal_Log(LogType, LogOption, String, Object)
UnityEngine.Logger:Log(LogType, Object)
UnityEngine.Debug:Log(Object)
UIButtonHoverScale:IsMouseOverButton() (at E:/Unity/Projects/Work/FeatherLandNew/Assets/Scripts/UIButtonHoverScale.cs:458)
UIButtonHoverScale:Update() (at E:/Unity/Projects/Work/FeatherLandNew/Assets/Scripts/UIButtonHoverScale.cs:236)

[MapButton] 鼠标在按钮区域内: (-5.51, 7.91), 按钮区域: (x:-41.50, y:-57.25, width:83.00, height:114.50)
UnityEngine.DebugLogHandler:Internal_Log(LogType, LogOption, String, Object)
UnityEngine.Logger:Log(LogType, Object)
UnityEngine.Debug:Log(Object)
UIButtonHoverScale:IsMouseOverButton() (at E:/Unity/Projects/Work/FeatherLandNew/Assets/Scripts/UIButtonHoverScale.cs:458)
UIButtonHoverScale:Update() (at E:/Unity/Projects/Work/FeatherLandNew/Assets/Scripts/UIButtonHoverScale.cs:236)

[MapButton] 鼠标在按钮区域内: (-4.60, 7.91), 按钮区域: (x:-41.50, y:-57.25, width:83.00, height:114.50)
UnityEngine.DebugLogHandler:Internal_Log(LogType, LogOption, String, Object)
UnityEngine.Logger:Log(LogType, Object)
UnityEngine.Debug:Log(Object)
UIButtonHoverScale:IsMouseOverButton() (at E:/Unity/Projects/Work/FeatherLandNew/Assets/Scripts/UIButtonHoverScale.cs:458)
UIButtonHoverScale:Update() (at E:/Unity/Projects/Work/FeatherLandNew/Assets/Scripts/UIButtonHoverScale.cs:236)

[MapButton] 鼠标在按钮区域内: (-4.60, 7.91), 按钮区域: (x:-41.50, y:-57.25, width:83.00, height:114.50)
UnityEngine.DebugLogHandler:Internal_Log(LogType, LogOption, String, Object)
UnityEngine.Logger:Log(LogType, Object)
UnityEngine.Debug:Log(Object)
UIButtonHoverScale:IsMouseOverButton() (at E:/Unity/Projects/Work/FeatherLandNew/Assets/Scripts/UIButtonHoverScale.cs:458)
UIButtonHoverScale:Update() (at E:/Unity/Projects/Work/FeatherLandNew/Assets/Scripts/UIButtonHoverScale.cs:236)

[MapButton] 鼠标在按钮区域内: (-4.60, 7.91), 按钮区域: (x:-41.50, y:-57.25, width:83.00, height:114.50)
UnityEngine.DebugLogHandler:Internal_Log(LogType, LogOption, String, Object)
UnityEngine.Logger:Log(LogType, Object)
UnityEngine.Debug:Log(Object)
UIButtonHoverScale:IsMouseOverButton() (at E:/Unity/Projects/Work/FeatherLandNew/Assets/Scripts/UIButtonHoverScale.cs:458)
UIButtonHoverScale:Update() (at E:/Unity/Projects/Work/FeatherLandNew/Assets/Scripts/UIButtonHoverScale.cs:236)

[MapButton] 鼠标在按钮区域内: (-4.60, 7.91), 按钮区域: (x:-41.50, y:-57.25, width:83.00, height:114.50)
UnityEngine.DebugLogHandler:Internal_Log(LogType, LogOption, String, Object)
UnityEngine.Logger:Log(LogType, Object)
UnityEngine.Debug:Log(Object)
UIButtonHoverScale:IsMouseOverButton() (at E:/Unity/Projects/Work/FeatherLandNew/Assets/Scripts/UIButtonHoverScale.cs:458)
UIButtonHoverScale:Update() (at E:/Unity/Projects/Work/FeatherLandNew/Assets/Scripts/UIButtonHoverScale.cs:236)

[MapButton] 鼠标在按钮区域内: (-4.60, 7.91), 按钮区域: (x:-41.50, y:-57.25, width:83.00, height:114.50)
UnityEngine.DebugLogHandler:Internal_Log(LogType, LogOption, String, Object)
UnityEngine.Logger:Log(LogType, Object)
UnityEngine.Debug:Log(Object)
UIButtonHoverScale:IsMouseOverButton() (at E:/Unity/Projects/Work/FeatherLandNew/Assets/Scripts/UIButtonHoverScale.cs:458)
UIButtonHoverScale:Update() (at E:/Unity/Projects/Work/FeatherLandNew/Assets/Scripts/UIButtonHoverScale.cs:236)

[MapButton] 鼠标在按钮区域内: (-4.60, 7.91), 按钮区域: (x:-41.50, y:-57.25, width:83.00, height:114.50)
UnityEngine.DebugLogHandler:Internal_Log(LogType, LogOption, String, Object)
UnityEngine.Logger:Log(LogType, Object)
UnityEngine.Debug:Log(Object)
UIButtonHoverScale:IsMouseOverButton() (at E:/Unity/Projects/Work/FeatherLandNew/Assets/Scripts/UIButtonHoverScale.cs:458)
UIButtonHoverScale:Update() (at E:/Unity/Projects/Work/FeatherLandNew/Assets/Scripts/UIButtonHoverScale.cs:236)

[MapButton] 鼠标在按钮区域内: (-4.60, 7.91), 按钮区域: (x:-41.50, y:-57.25, width:83.00, height:114.50)
UnityEngine.DebugLogHandler:Internal_Log(LogType, LogOption, String, Object)
UnityEngine.Logger:Log(LogType, Object)
UnityEngine.Debug:Log(Object)
UIButtonHoverScale:IsMouseOverButton() (at E:/Unity/Projects/Work/FeatherLandNew/Assets/Scripts/UIButtonHoverScale.cs:458)
UIButtonHoverScale:Update() (at E:/Unity/Projects/Work/FeatherLandNew/Assets/Scripts/UIButtonHoverScale.cs:236)

[MapButton] 鼠标在按钮区域内: (-3.69, 7.91), 按钮区域: (x:-41.50, y:-57.25, width:83.00, height:114.50)
UnityEngine.DebugLogHandler:Internal_Log(LogType, LogOption, String, Object)
UnityEngine.Logger:Log(LogType, Object)
UnityEngine.Debug:Log(Object)
UIButtonHoverScale:IsMouseOverButton() (at E:/Unity/Projects/Work/FeatherLandNew/Assets/Scripts/UIButtonHoverScale.cs:458)
UIButtonHoverScale:Update() (at E:/Unity/Projects/Work/FeatherLandNew/Assets/Scripts/UIButtonHoverScale.cs:236)

[MapButton] 鼠标在按钮区域内: (-3.69, 7.91), 按钮区域: (x:-41.50, y:-57.25, width:83.00, height:114.50)
UnityEngine.DebugLogHandler:Internal_Log(LogType, LogOption, String, Object)
UnityEngine.Logger:Log(LogType, Object)
UnityEngine.Debug:Log(Object)
UIButtonHoverScale:IsMouseOverButton() (at E:/Unity/Projects/Work/FeatherLandNew/Assets/Scripts/UIButtonHoverScale.cs:458)
UIButtonHoverScale:Update() (at E:/Unity/Projects/Work/FeatherLandNew/Assets/Scripts/UIButtonHoverScale.cs:236)

[MapButton] 鼠标在按钮区域内: (-2.78, 7.91), 按钮区域: (x:-41.50, y:-57.25, width:83.00, height:114.50)
UnityEngine.DebugLogHandler:Internal_Log(LogType, LogOption, String, Object)
UnityEngine.Logger:Log(LogType, Object)
UnityEngine.Debug:Log(Object)
UIButtonHoverScale:IsMouseOverButton() (at E:/Unity/Projects/Work/FeatherLandNew/Assets/Scripts/UIButtonHoverScale.cs:458)
UIButtonHoverScale:Update() (at E:/Unity/Projects/Work/FeatherLandNew/Assets/Scripts/UIButtonHoverScale.cs:236)

[MapButton] 鼠标在按钮区域内: (-0.96, 7.91), 按钮区域: (x:-41.50, y:-57.25, width:83.00, height:114.50)
UnityEngine.DebugLogHandler:Internal_Log(LogType, LogOption, String, Object)
UnityEngine.Logger:Log(LogType, Object)
UnityEngine.Debug:Log(Object)
UIButtonHoverScale:IsMouseOverButton() (at E:/Unity/Projects/Work/FeatherLandNew/Assets/Scripts/UIButtonHoverScale.cs:458)
UIButtonHoverScale:Update() (at E:/Unity/Projects/Work/FeatherLandNew/Assets/Scripts/UIButtonHoverScale.cs:236)

[MapButton] 鼠标在按钮区域内: (1.77, 7.91), 按钮区域: (x:-41.50, y:-57.25, width:83.00, height:114.50)
UnityEngine.DebugLogHandler:Internal_Log(LogType, LogOption, String, Object)
UnityEngine.Logger:Log(LogType, Object)
UnityEngine.Debug:Log(Object)
UIButtonHoverScale:IsMouseOverButton() (at E:/Unity/Projects/Work/FeatherLandNew/Assets/Scripts/UIButtonHoverScale.cs:458)
UIButtonHoverScale:Update() (at E:/Unity/Projects/Work/FeatherLandNew/Assets/Scripts/UIButtonHoverScale.cs:236)

[MapButton] 鼠标在按钮区域内: (9.95, 7.91), 按钮区域: (x:-41.50, y:-57.25, width:83.00, height:114.50)
UnityEngine.DebugLogHandler:Internal_Log(LogType, LogOption, String, Object)
UnityEngine.Logger:Log(LogType, Object)
UnityEngine.Debug:Log(Object)
UIButtonHoverScale:IsMouseOverButton() (at E:/Unity/Projects/Work/FeatherLandNew/Assets/Scripts/UIButtonHoverScale.cs:458)
UIButtonHoverScale:Update() (at E:/Unity/Projects/Work/FeatherLandNew/Assets/Scripts/UIButtonHoverScale.cs:236)

[MapButton] 鼠标在按钮区域内: (17.22, 7.91), 按钮区域: (x:-41.50, y:-57.25, width:83.00, height:114.50)
UnityEngine.DebugLogHandler:Internal_Log(LogType, LogOption, String, Object)
UnityEngine.Logger:Log(LogType, Object)
UnityEngine.Debug:Log(Object)
UIButtonHoverScale:IsMouseOverButton() (at E:/Unity/Projects/Work/FeatherLandNew/Assets/Scripts/UIButtonHoverScale.cs:458)
UIButtonHoverScale:Update() (at E:/Unity/Projects/Work/FeatherLandNew/Assets/Scripts/UIButtonHoverScale.cs:236)

[SettingButton] 鼠标在按钮区域内: (5.82, -24.00), 按钮区域: (x:-24.25, y:-24.75, width:48.50, height:49.50)
UnityEngine.DebugLogHandler:Internal_Log(LogType, LogOption, String, Object)
UnityEngine.Logger:Log(LogType, Object)
UnityEngine.Debug:Log(Object)
UIButtonHoverScale:IsMouseOverButton() (at E:/Unity/Projects/Work/FeatherLandNew/Assets/Scripts/UIButtonHoverScale.cs:458)
UIButtonHoverScale:Update() (at E:/Unity/Projects/Work/FeatherLandNew/Assets/Scripts/UIButtonHoverScale.cs:236)

[SettingButton] 鼠标在按钮区域内: (4.38, -20.91), 按钮区域: (x:-24.25, y:-24.75, width:48.50, height:49.50)
UnityEngine.DebugLogHandler:Internal_Log(LogType, LogOption, String, Object)
UnityEngine.Logger:Log(LogType, Object)
UnityEngine.Debug:Log(Object)
UIButtonHoverScale:IsMouseOverButton() (at E:/Unity/Projects/Work/FeatherLandNew/Assets/Scripts/UIButtonHoverScale.cs:458)
UIButtonHoverScale:Update() (at E:/Unity/Projects/Work/FeatherLandNew/Assets/Scripts/UIButtonHoverScale.cs:236)

[SettingButton] 鼠标在按钮区域内: (3.47, -20.91), 按钮区域: (x:-24.25, y:-24.75, width:48.50, height:49.50)
UnityEngine.DebugLogHandler:Internal_Log(LogType, LogOption, String, Object)
UnityEngine.Logger:Log(LogType, Object)
UnityEngine.Debug:Log(Object)
UIButtonHoverScale:IsMouseOverButton() (at E:/Unity/Projects/Work/FeatherLandNew/Assets/Scripts/UIButtonHoverScale.cs:458)
UIButtonHoverScale:Update() (at E:/Unity/Projects/Work/FeatherLandNew/Assets/Scripts/UIButtonHoverScale.cs:236)

[SettingButton] 鼠标在按钮区域内: (3.47, -20.00), 按钮区域: (x:-24.25, y:-24.75, width:48.50, height:49.50)
UnityEngine.DebugLogHandler:Internal_Log(LogType, LogOption, String, Object)
UnityEngine.Logger:Log(LogType, Object)
UnityEngine.Debug:Log(Object)
UIButtonHoverScale:IsMouseOverButton() (at E:/Unity/Projects/Work/FeatherLandNew/Assets/Scripts/UIButtonHoverScale.cs:458)
UIButtonHoverScale:Update() (at E:/Unity/Projects/Work/FeatherLandNew/Assets/Scripts/UIButtonHoverScale.cs:236)

[SettingButton] 鼠标在按钮区域内: (1.66, -19.09), 按钮区域: (x:-24.25, y:-24.75, width:48.50, height:49.50)
UnityEngine.DebugLogHandler:Internal_Log(LogType, LogOption, String, Object)
UnityEngine.Logger:Log(LogType, Object)
UnityEngine.Debug:Log(Object)
UIButtonHoverScale:IsMouseOverButton() (at E:/Unity/Projects/Work/FeatherLandNew/Assets/Scripts/UIButtonHoverScale.cs:458)
UIButtonHoverScale:Update() (at E:/Unity/Projects/Work/FeatherLandNew/Assets/Scripts/UIButtonHoverScale.cs:236)

[SettingButton] 鼠标在按钮区域内: (1.66, -19.09), 按钮区域: (x:-24.25, y:-24.75, width:48.50, height:49.50)
UnityEngine.DebugLogHandler:Internal_Log(LogType, LogOption, String, Object)
UnityEngine.Logger:Log(LogType, Object)
UnityEngine.Debug:Log(Object)
UIButtonHoverScale:IsMouseOverButton() (at E:/Unity/Projects/Work/FeatherLandNew/Assets/Scripts/UIButtonHoverScale.cs:458)
UIButtonHoverScale:Update() (at E:/Unity/Projects/Work/FeatherLandNew/Assets/Scripts/UIButtonHoverScale.cs:236)

[SettingButton] 鼠标在按钮区域内: (0.75, -18.18), 按钮区域: (x:-24.25, y:-24.75, width:48.50, height:49.50)
UnityEngine.DebugLogHandler:Internal_Log(LogType, LogOption, String, Object)
UnityEngine.Logger:Log(LogType, Object)
UnityEngine.Debug:Log(Object)
UIButtonHoverScale:IsMouseOverButton() (at E:/Unity/Projects/Work/FeatherLandNew/Assets/Scripts/UIButtonHoverScale.cs:458)
UIButtonHoverScale:Update() (at E:/Unity/Projects/Work/FeatherLandNew/Assets/Scripts/UIButtonHoverScale.cs:236)

[SettingButton] 鼠标在按钮区域内: (-0.16, -18.18), 按钮区域: (x:-24.25, y:-24.75, width:48.50, height:49.50)
UnityEngine.DebugLogHandler:Internal_Log(LogType, LogOption, String, Object)
UnityEngine.Logger:Log(LogType, Object)
UnityEngine.Debug:Log(Object)
UIButtonHoverScale:IsMouseOverButton() (at E:/Unity/Projects/Work/FeatherLandNew/Assets/Scripts/UIButtonHoverScale.cs:458)
UIButtonHoverScale:Update() (at E:/Unity/Projects/Work/FeatherLandNew/Assets/Scripts/UIButtonHoverScale.cs:236)

[SettingButton] 鼠标在按钮区域内: (-1.98, -16.36), 按钮区域: (x:-24.25, y:-24.75, width:48.50, height:49.50)
UnityEngine.DebugLogHandler:Internal_Log(LogType, LogOption, String, Object)
UnityEngine.Logger:Log(LogType, Object)
UnityEngine.Debug:Log(Object)
UIButtonHoverScale:IsMouseOverButton() (at E:/Unity/Projects/Work/FeatherLandNew/Assets/Scripts/UIButtonHoverScale.cs:458)
UIButtonHoverScale:Update() (at E:/Unity/Projects/Work/FeatherLandNew/Assets/Scripts/UIButtonHoverScale.cs:236)

[SettingButton] 鼠标在按钮区域内: (-4.71, -15.45), 按钮区域: (x:-24.25, y:-24.75, width:48.50, height:49.50)
UnityEngine.DebugLogHandler:Internal_Log(LogType, LogOption, String, Object)
UnityEngine.Logger:Log(LogType, Object)
UnityEngine.Debug:Log(Object)
UIButtonHoverScale:IsMouseOverButton() (at E:/Unity/Projects/Work/FeatherLandNew/Assets/Scripts/UIButtonHoverScale.cs:458)
UIButtonHoverScale:Update() (at E:/Unity/Projects/Work/FeatherLandNew/Assets/Scripts/UIButtonHoverScale.cs:236)

[SettingButton] 鼠标在按钮区域内: (-7.44, -14.54), 按钮区域: (x:-24.25, y:-24.75, width:48.50, height:49.50)
UnityEngine.DebugLogHandler:Internal_Log(LogType, LogOption, String, Object)
UnityEngine.Logger:Log(LogType, Object)
UnityEngine.Debug:Log(Object)
UIButtonHoverScale:IsMouseOverButton() (at E:/Unity/Projects/Work/FeatherLandNew/Assets/Scripts/UIButtonHoverScale.cs:458)
UIButtonHoverScale:Update() (at E:/Unity/Projects/Work/FeatherLandNew/Assets/Scripts/UIButtonHoverScale.cs:236)

[SettingButton] 鼠标在按钮区域内: (-12.89, -13.63), 按钮区域: (x:-24.25, y:-24.75, width:48.50, height:49.50)
UnityEngine.DebugLogHandler:Internal_Log(LogType, LogOption, String, Object)
UnityEngine.Logger:Log(LogType, Object)
UnityEngine.Debug:Log(Object)
UIButtonHoverScale:IsMouseOverButton() (at E:/Unity/Projects/Work/FeatherLandNew/Assets/Scripts/UIButtonHoverScale.cs:458)
UIButtonHoverScale:Update() (at E:/Unity/Projects/Work/FeatherLandNew/Assets/Scripts/UIButtonHoverScale.cs:236)

[SettingButton] 鼠标在按钮区域内: (-15.62, -13.63), 按钮区域: (x:-24.25, y:-24.75, width:48.50, height:49.50)
UnityEngine.DebugLogHandler:Internal_Log(LogType, LogOption, String, Object)
UnityEngine.Logger:Log(LogType, Object)
UnityEngine.Debug:Log(Object)
UIButtonHoverScale:IsMouseOverButton() (at E:/Unity/Projects/Work/FeatherLandNew/Assets/Scripts/UIButtonHoverScale.cs:458)
UIButtonHoverScale:Update() (at E:/Unity/Projects/Work/FeatherLandNew/Assets/Scripts/UIButtonHoverScale.cs:236)

[SettingButton] 鼠标在按钮区域内: (-17.44, -13.63), 按钮区域: (x:-24.25, y:-24.75, width:48.50, height:49.50)
UnityEngine.DebugLogHandler:Internal_Log(LogType, LogOption, String, Object)
UnityEngine.Logger:Log(LogType, Object)
UnityEngine.Debug:Log(Object)
UIButtonHoverScale:IsMouseOverButton() (at E:/Unity/Projects/Work/FeatherLandNew/Assets/Scripts/UIButtonHoverScale.cs:458)
UIButtonHoverScale:Update() (at E:/Unity/Projects/Work/FeatherLandNew/Assets/Scripts/UIButtonHoverScale.cs:236)

[SettingButton] 鼠标在按钮区域内: (-18.34, -13.63), 按钮区域: (x:-24.25, y:-24.75, width:48.50, height:49.50)
UnityEngine.DebugLogHandler:Internal_Log(LogType, LogOption, String, Object)
UnityEngine.Logger:Log(LogType, Object)
UnityEngine.Debug:Log(Object)
UIButtonHoverScale:IsMouseOverButton() (at E:/Unity/Projects/Work/FeatherLandNew/Assets/Scripts/UIButtonHoverScale.cs:458)
UIButtonHoverScale:Update() (at E:/Unity/Projects/Work/FeatherLandNew/Assets/Scripts/UIButtonHoverScale.cs:236)

[SettingButton] 鼠标在按钮区域内: (-18.34, -13.63), 按钮区域: (x:-24.25, y:-24.75, width:48.50, height:49.50)
UnityEngine.DebugLogHandler:Internal_Log(LogType, LogOption, String, Object)
UnityEngine.Logger:Log(LogType, Object)
UnityEngine.Debug:Log(Object)
UIButtonHoverScale:IsMouseOverButton() (at E:/Unity/Projects/Work/FeatherLandNew/Assets/Scripts/UIButtonHoverScale.cs:458)
UIButtonHoverScale:Update() (at E:/Unity/Projects/Work/FeatherLandNew/Assets/Scripts/UIButtonHoverScale.cs:236)

[SettingButton] 鼠标在按钮区域内: (-18.34, -13.63), 按钮区域: (x:-24.25, y:-24.75, width:48.50, height:49.50)
UnityEngine.DebugLogHandler:Internal_Log(LogType, LogOption, String, Object)
UnityEngine.Logger:Log(LogType, Object)
UnityEngine.Debug:Log(Object)
UIButtonHoverScale:IsMouseOverButton() (at E:/Unity/Projects/Work/FeatherLandNew/Assets/Scripts/UIButtonHoverScale.cs:458)
UIButtonHoverScale:Update() (at E:/Unity/Projects/Work/FeatherLandNew/Assets/Scripts/UIButtonHoverScale.cs:236)

[SettingButton] 鼠标在按钮区域内: (-19.25, -13.63), 按钮区域: (x:-24.25, y:-24.75, width:48.50, height:49.50)
UnityEngine.DebugLogHandler:Internal_Log(LogType, LogOption, String, Object)
UnityEngine.Logger:Log(LogType, Object)
UnityEngine.Debug:Log(Object)
UIButtonHoverScale:IsMouseOverButton() (at E:/Unity/Projects/Work/FeatherLandNew/Assets/Scripts/UIButtonHoverScale.cs:458)
UIButtonHoverScale:Update() (at E:/Unity/Projects/Work/FeatherLandNew/Assets/Scripts/UIButtonHoverScale.cs:236)

[SettingButton] 鼠标在按钮区域内: (-19.25, -13.63), 按钮区域: (x:-24.25, y:-24.75, width:48.50, height:49.50)
UnityEngine.DebugLogHandler:Internal_Log(LogType, LogOption, String, Object)
UnityEngine.Logger:Log(LogType, Object)
UnityEngine.Debug:Log(Object)
UIButtonHoverScale:IsMouseOverButton() (at E:/Unity/Projects/Work/FeatherLandNew/Assets/Scripts/UIButtonHoverScale.cs:458)
UIButtonHoverScale:Update() (at E:/Unity/Projects/Work/FeatherLandNew/Assets/Scripts/UIButtonHoverScale.cs:236)

[SettingButton] 鼠标在按钮区域内: (-19.25, -13.63), 按钮区域: (x:-24.25, y:-24.75, width:48.50, height:49.50)
UnityEngine.DebugLogHandler:Internal_Log(LogType, LogOption, String, Object)
UnityEngine.Logger:Log(LogType, Object)
UnityEngine.Debug:Log(Object)
UIButtonHoverScale:IsMouseOverButton() (at E:/Unity/Projects/Work/FeatherLandNew/Assets/Scripts/UIButtonHoverScale.cs:458)
UIButtonHoverScale:Update() (at E:/Unity/Projects/Work/FeatherLandNew/Assets/Scripts/UIButtonHoverScale.cs:236)

[SettingButton] 鼠标在按钮区域内: (-19.25, -13.63), 按钮区域: (x:-24.25, y:-24.75, width:48.50, height:49.50)
UnityEngine.DebugLogHandler:Internal_Log(LogType, LogOption, String, Object)
UnityEngine.Logger:Log(LogType, Object)
UnityEngine.Debug:Log(Object)
UIButtonHoverScale:IsMouseOverButton() (at E:/Unity/Projects/Work/FeatherLandNew/Assets/Scripts/UIButtonHoverScale.cs:458)
UIButtonHoverScale:Update() (at E:/Unity/Projects/Work/FeatherLandNew/Assets/Scripts/UIButtonHoverScale.cs:236)

[SettingButton] 鼠标在按钮区域内: (-19.25, -13.63), 按钮区域: (x:-24.25, y:-24.75, width:48.50, height:49.50)
UnityEngine.DebugLogHandler:Internal_Log(LogType, LogOption, String, Object)
UnityEngine.Logger:Log(LogType, Object)
UnityEngine.Debug:Log(Object)
UIButtonHoverScale:IsMouseOverButton() (at E:/Unity/Projects/Work/FeatherLandNew/Assets/Scripts/UIButtonHoverScale.cs:458)
UIButtonHoverScale:Update() (at E:/Unity/Projects/Work/FeatherLandNew/Assets/Scripts/UIButtonHoverScale.cs:236)

[SettingButton] 鼠标在按钮区域内: (-19.25, -13.63), 按钮区域: (x:-24.25, y:-24.75, width:48.50, height:49.50)
UnityEngine.DebugLogHandler:Internal_Log(LogType, LogOption, String, Object)
UnityEngine.Logger:Log(LogType, Object)
UnityEngine.Debug:Log(Object)
UIButtonHoverScale:IsMouseOverButton() (at E:/Unity/Projects/Work/FeatherLandNew/Assets/Scripts/UIButtonHoverScale.cs:458)
UIButtonHoverScale:Update() (at E:/Unity/Projects/Work/FeatherLandNew/Assets/Scripts/UIButtonHoverScale.cs:236)

[SettingButton] 鼠标在按钮区域内: (-19.25, -13.63), 按钮区域: (x:-24.25, y:-24.75, width:48.50, height:49.50)
UnityEngine.DebugLogHandler:Internal_Log(LogType, LogOption, String, Object)
UnityEngine.Logger:Log(LogType, Object)
UnityEngine.Debug:Log(Object)
UIButtonHoverScale:IsMouseOverButton() (at E:/Unity/Projects/Work/FeatherLandNew/Assets/Scripts/UIButtonHoverScale.cs:458)
UIButtonHoverScale:Update() (at E:/Unity/Projects/Work/FeatherLandNew/Assets/Scripts/UIButtonHoverScale.cs:236)

[SettingButton] 鼠标在按钮区域内: (-19.25, -13.63), 按钮区域: (x:-24.25, y:-24.75, width:48.50, height:49.50)
UnityEngine.DebugLogHandler:Internal_Log(LogType, LogOption, String, Object)
UnityEngine.Logger:Log(LogType, Object)
UnityEngine.Debug:Log(Object)
UIButtonHoverScale:IsMouseOverButton() (at E:/Unity/Projects/Work/FeatherLandNew/Assets/Scripts/UIButtonHoverScale.cs:458)
UIButtonHoverScale:Update() (at E:/Unity/Projects/Work/FeatherLandNew/Assets/Scripts/UIButtonHoverScale.cs:236)

[SettingButton] 鼠标在按钮区域内: (-19.25, -13.63), 按钮区域: (x:-24.25, y:-24.75, width:48.50, height:49.50)
UnityEngine.DebugLogHandler:Internal_Log(LogType, LogOption, String, Object)
UnityEngine.Logger:Log(LogType, Object)
UnityEngine.Debug:Log(Object)
UIButtonHoverScale:IsMouseOverButton() (at E:/Unity/Projects/Work/FeatherLandNew/Assets/Scripts/UIButtonHoverScale.cs:458)
UIButtonHoverScale:Update() (at E:/Unity/Projects/Work/FeatherLandNew/Assets/Scripts/UIButtonHoverScale.cs:236)

[SettingButton] 鼠标在按钮区域内: (-19.25, -13.63), 按钮区域: (x:-24.25, y:-24.75, width:48.50, height:49.50)
UnityEngine.DebugLogHandler:Internal_Log(LogType, LogOption, String, Object)
UnityEngine.Logger:Log(LogType, Object)
UnityEngine.Debug:Log(Object)
UIButtonHoverScale:IsMouseOverButton() (at E:/Unity/Projects/Work/FeatherLandNew/Assets/Scripts/UIButtonHoverScale.cs:458)
UIButtonHoverScale:Update() (at E:/Unity/Projects/Work/FeatherLandNew/Assets/Scripts/UIButtonHoverScale.cs:236)

[SettingButton] 鼠标在按钮区域内: (-19.25, -13.63), 按钮区域: (x:-24.25, y:-24.75, width:48.50, height:49.50)
UnityEngine.DebugLogHandler:Internal_Log(LogType, LogOption, String, Object)
UnityEngine.Logger:Log(LogType, Object)
UnityEngine.Debug:Log(Object)
UIButtonHoverScale:IsMouseOverButton() (at E:/Unity/Projects/Work/FeatherLandNew/Assets/Scripts/UIButtonHoverScale.cs:458)
UIButtonHoverScale:Update() (at E:/Unity/Projects/Work/FeatherLandNew/Assets/Scripts/UIButtonHoverScale.cs:236)

[SettingButton] 鼠标在按钮区域内: (-19.25, -13.63), 按钮区域: (x:-24.25, y:-24.75, width:48.50, height:49.50)
UnityEngine.DebugLogHandler:Internal_Log(LogType, LogOption, String, Object)
UnityEngine.Logger:Log(LogType, Object)
UnityEngine.Debug:Log(Object)
UIButtonHoverScale:IsMouseOverButton() (at E:/Unity/Projects/Work/FeatherLandNew/Assets/Scripts/UIButtonHoverScale.cs:458)
UIButtonHoverScale:Update() (at E:/Unity/Projects/Work/FeatherLandNew/Assets/Scripts/UIButtonHoverScale.cs:236)

[SettingButton] 鼠标在按钮区域内: (-19.25, -13.63), 按钮区域: (x:-24.25, y:-24.75, width:48.50, height:49.50)
UnityEngine.DebugLogHandler:Internal_Log(LogType, LogOption, String, Object)
UnityEngine.Logger:Log(LogType, Object)
UnityEngine.Debug:Log(Object)
UIButtonHoverScale:IsMouseOverButton() (at E:/Unity/Projects/Work/FeatherLandNew/Assets/Scripts/UIButtonHoverScale.cs:458)
UIButtonHoverScale:Update() (at E:/Unity/Projects/Work/FeatherLandNew/Assets/Scripts/UIButtonHoverScale.cs:236)

[SettingButton] 鼠标在按钮区域内: (-19.25, -13.63), 按钮区域: (x:-24.25, y:-24.75, width:48.50, height:49.50)
UnityEngine.DebugLogHandler:Internal_Log(LogType, LogOption, String, Object)
UnityEngine.Logger:Log(LogType, Object)
UnityEngine.Debug:Log(Object)
UIButtonHoverScale:IsMouseOverButton() (at E:/Unity/Projects/Work/FeatherLandNew/Assets/Scripts/UIButtonHoverScale.cs:458)
UIButtonHoverScale:Update() (at E:/Unity/Projects/Work/FeatherLandNew/Assets/Scripts/UIButtonHoverScale.cs:236)

[SettingButton] 鼠标在按钮区域内: (-19.25, -11.81), 按钮区域: (x:-24.25, y:-24.75, width:48.50, height:49.50)
UnityEngine.DebugLogHandler:Internal_Log(LogType, LogOption, String, Object)
UnityEngine.Logger:Log(LogType, Object)
UnityEngine.Debug:Log(Object)
UIButtonHoverScale:IsMouseOverButton() (at E:/Unity/Projects/Work/FeatherLandNew/Assets/Scripts/UIButtonHoverScale.cs:458)
UIButtonHoverScale:Update() (at E:/Unity/Projects/Work/FeatherLandNew/Assets/Scripts/UIButtonHoverScale.cs:236)

[SettingButton] 鼠标在按钮区域内: (-18.34, -10.91), 按钮区域: (x:-24.25, y:-24.75, width:48.50, height:49.50)
UnityEngine.DebugLogHandler:Internal_Log(LogType, LogOption, String, Object)
UnityEngine.Logger:Log(LogType, Object)
UnityEngine.Debug:Log(Object)
UIButtonHoverScale:IsMouseOverButton() (at E:/Unity/Projects/Work/FeatherLandNew/Assets/Scripts/UIButtonHoverScale.cs:458)
UIButtonHoverScale:Update() (at E:/Unity/Projects/Work/FeatherLandNew/Assets/Scripts/UIButtonHoverScale.cs:236)

[SettingButton] 鼠标在按钮区域内: (-16.53, -9.09), 按钮区域: (x:-24.25, y:-24.75, width:48.50, height:49.50)
UnityEngine.DebugLogHandler:Internal_Log(LogType, LogOption, String, Object)
UnityEngine.Logger:Log(LogType, Object)
UnityEngine.Debug:Log(Object)
UIButtonHoverScale:IsMouseOverButton() (at E:/Unity/Projects/Work/FeatherLandNew/Assets/Scripts/UIButtonHoverScale.cs:458)
UIButtonHoverScale:Update() (at E:/Unity/Projects/Work/FeatherLandNew/Assets/Scripts/UIButtonHoverScale.cs:236)

[SettingButton] 鼠标在按钮区域内: (-16.53, -8.18), 按钮区域: (x:-24.25, y:-24.75, width:48.50, height:49.50)
UnityEngine.DebugLogHandler:Internal_Log(LogType, LogOption, String, Object)
UnityEngine.Logger:Log(LogType, Object)
UnityEngine.Debug:Log(Object)
UIButtonHoverScale:IsMouseOverButton() (at E:/Unity/Projects/Work/FeatherLandNew/Assets/Scripts/UIButtonHoverScale.cs:458)
UIButtonHoverScale:Update() (at E:/Unity/Projects/Work/FeatherLandNew/Assets/Scripts/UIButtonHoverScale.cs:236)

[SettingButton] 鼠标在按钮区域内: (-16.53, -8.18), 按钮区域: (x:-24.25, y:-24.75, width:48.50, height:49.50)
UnityEngine.DebugLogHandler:Internal_Log(LogType, LogOption, String, Object)
UnityEngine.Logger:Log(LogType, Object)
UnityEngine.Debug:Log(Object)
UIButtonHoverScale:IsMouseOverButton() (at E:/Unity/Projects/Work/FeatherLandNew/Assets/Scripts/UIButtonHoverScale.cs:458)
UIButtonHoverScale:Update() (at E:/Unity/Projects/Work/FeatherLandNew/Assets/Scripts/UIButtonHoverScale.cs:236)

[SettingButton] 鼠标在按钮区域内: (-16.53, -8.18), 按钮区域: (x:-24.25, y:-24.75, width:48.50, height:49.50)
UnityEngine.DebugLogHandler:Internal_Log(LogType, LogOption, String, Object)
UnityEngine.Logger:Log(LogType, Object)
UnityEngine.Debug:Log(Object)
UIButtonHoverScale:IsMouseOverButton() (at E:/Unity/Projects/Work/FeatherLandNew/Assets/Scripts/UIButtonHoverScale.cs:458)
UIButtonHoverScale:Update() (at E:/Unity/Projects/Work/FeatherLandNew/Assets/Scripts/UIButtonHoverScale.cs:236)

[SettingButton] 鼠标在按钮区域内: (-15.62, -8.18), 按钮区域: (x:-24.25, y:-24.75, width:48.50, height:49.50)
UnityEngine.DebugLogHandler:Internal_Log(LogType, LogOption, String, Object)
UnityEngine.Logger:Log(LogType, Object)
UnityEngine.Debug:Log(Object)
UIButtonHoverScale:IsMouseOverButton() (at E:/Unity/Projects/Work/FeatherLandNew/Assets/Scripts/UIButtonHoverScale.cs:458)
UIButtonHoverScale:Update() (at E:/Unity/Projects/Work/FeatherLandNew/Assets/Scripts/UIButtonHoverScale.cs:236)

[SettingButton] 鼠标在按钮区域内: (-15.62, -8.18), 按钮区域: (x:-24.25, y:-24.75, width:48.50, height:49.50)
UnityEngine.DebugLogHandler:Internal_Log(LogType, LogOption, String, Object)
UnityEngine.Logger:Log(LogType, Object)
UnityEngine.Debug:Log(Object)
UIButtonHoverScale:IsMouseOverButton() (at E:/Unity/Projects/Work/FeatherLandNew/Assets/Scripts/UIButtonHoverScale.cs:458)
UIButtonHoverScale:Update() (at E:/Unity/Projects/Work/FeatherLandNew/Assets/Scripts/UIButtonHoverScale.cs:236)

[SettingButton] 鼠标在按钮区域内: (-14.71, -7.27), 按钮区域: (x:-24.25, y:-24.75, width:48.50, height:49.50)
UnityEngine.DebugLogHandler:Internal_Log(LogType, LogOption, String, Object)
UnityEngine.Logger:Log(LogType, Object)
UnityEngine.Debug:Log(Object)
UIButtonHoverScale:IsMouseOverButton() (at E:/Unity/Projects/Work/FeatherLandNew/Assets/Scripts/UIButtonHoverScale.cs:458)
UIButtonHoverScale:Update() (at E:/Unity/Projects/Work/FeatherLandNew/Assets/Scripts/UIButtonHoverScale.cs:236)

[SettingButton] 鼠标在按钮区域内: (-14.71, -6.36), 按钮区域: (x:-24.25, y:-24.75, width:48.50, height:49.50)
UnityEngine.DebugLogHandler:Internal_Log(LogType, LogOption, String, Object)
UnityEngine.Logger:Log(LogType, Object)
UnityEngine.Debug:Log(Object)
UIButtonHoverScale:IsMouseOverButton() (at E:/Unity/Projects/Work/FeatherLandNew/Assets/Scripts/UIButtonHoverScale.cs:458)
UIButtonHoverScale:Update() (at E:/Unity/Projects/Work/FeatherLandNew/Assets/Scripts/UIButtonHoverScale.cs:236)

[SettingButton] 鼠标在按钮区域内: (-13.80, -5.45), 按钮区域: (x:-24.25, y:-24.75, width:48.50, height:49.50)
UnityEngine.DebugLogHandler:Internal_Log(LogType, LogOption, String, Object)
UnityEngine.Logger:Log(LogType, Object)
UnityEngine.Debug:Log(Object)
UIButtonHoverScale:IsMouseOverButton() (at E:/Unity/Projects/Work/FeatherLandNew/Assets/Scripts/UIButtonHoverScale.cs:458)
UIButtonHoverScale:Update() (at E:/Unity/Projects/Work/FeatherLandNew/Assets/Scripts/UIButtonHoverScale.cs:236)

[SettingButton] 鼠标在按钮区域内: (-13.80, -3.63), 按钮区域: (x:-24.25, y:-24.75, width:48.50, height:49.50)
UnityEngine.DebugLogHandler:Internal_Log(LogType, LogOption, String, Object)
UnityEngine.Logger:Log(LogType, Object)
UnityEngine.Debug:Log(Object)
UIButtonHoverScale:IsMouseOverButton() (at E:/Unity/Projects/Work/FeatherLandNew/Assets/Scripts/UIButtonHoverScale.cs:458)
UIButtonHoverScale:Update() (at E:/Unity/Projects/Work/FeatherLandNew/Assets/Scripts/UIButtonHoverScale.cs:236)

[SettingButton] 鼠标在按钮区域内: (-12.89, -3.63), 按钮区域: (x:-24.25, y:-24.75, width:48.50, height:49.50)
UnityEngine.DebugLogHandler:Internal_Log(LogType, LogOption, String, Object)
UnityEngine.Logger:Log(LogType, Object)
UnityEngine.Debug:Log(Object)
UIButtonHoverScale:IsMouseOverButton() (at E:/Unity/Projects/Work/FeatherLandNew/Assets/Scripts/UIButtonHoverScale.cs:458)
UIButtonHoverScale:Update() (at E:/Unity/Projects/Work/FeatherLandNew/Assets/Scripts/UIButtonHoverScale.cs:236)

[SettingButton] 鼠标在按钮区域内: (-12.89, -3.63), 按钮区域: (x:-24.25, y:-24.75, width:48.50, height:49.50)
UnityEngine.DebugLogHandler:Internal_Log(LogType, LogOption, String, Object)
UnityEngine.Logger:Log(LogType, Object)
UnityEngine.Debug:Log(Object)
UIButtonHoverScale:IsMouseOverButton() (at E:/Unity/Projects/Work/FeatherLandNew/Assets/Scripts/UIButtonHoverScale.cs:458)
UIButtonHoverScale:Update() (at E:/Unity/Projects/Work/FeatherLandNew/Assets/Scripts/UIButtonHoverScale.cs:236)

[SettingButton] 鼠标在按钮区域内: (-12.89, -3.63), 按钮区域: (x:-24.25, y:-24.75, width:48.50, height:49.50)
UnityEngine.DebugLogHandler:Internal_Log(LogType, LogOption, String, Object)
UnityEngine.Logger:Log(LogType, Object)
UnityEngine.Debug:Log(Object)
UIButtonHoverScale:IsMouseOverButton() (at E:/Unity/Projects/Work/FeatherLandNew/Assets/Scripts/UIButtonHoverScale.cs:458)
UIButtonHoverScale:Update() (at E:/Unity/Projects/Work/FeatherLandNew/Assets/Scripts/UIButtonHoverScale.cs:236)

[SettingButton] 鼠标在按钮区域内: (-12.89, -3.63), 按钮区域: (x:-24.25, y:-24.75, width:48.50, height:49.50)
UnityEngine.DebugLogHandler:Internal_Log(LogType, LogOption, String, Object)
UnityEngine.Logger:Log(LogType, Object)
UnityEngine.Debug:Log(Object)
UIButtonHoverScale:IsMouseOverButton() (at E:/Unity/Projects/Work/FeatherLandNew/Assets/Scripts/UIButtonHoverScale.cs:458)
UIButtonHoverScale:Update() (at E:/Unity/Projects/Work/FeatherLandNew/Assets/Scripts/UIButtonHoverScale.cs:236)

[SettingButton] 鼠标在按钮区域内: (-11.98, -3.63), 按钮区域: (x:-24.25, y:-24.75, width:48.50, height:49.50)
UnityEngine.DebugLogHandler:Internal_Log(LogType, LogOption, String, Object)
UnityEngine.Logger:Log(LogType, Object)
UnityEngine.Debug:Log(Object)
UIButtonHoverScale:IsMouseOverButton() (at E:/Unity/Projects/Work/FeatherLandNew/Assets/Scripts/UIButtonHoverScale.cs:458)
UIButtonHoverScale:Update() (at E:/Unity/Projects/Work/FeatherLandNew/Assets/Scripts/UIButtonHoverScale.cs:236)

[SettingButton] 鼠标在按钮区域内: (-11.98, -3.63), 按钮区域: (x:-24.25, y:-24.75, width:48.50, height:49.50)
UnityEngine.DebugLogHandler:Internal_Log(LogType, LogOption, String, Object)
UnityEngine.Logger:Log(LogType, Object)
UnityEngine.Debug:Log(Object)
UIButtonHoverScale:IsMouseOverButton() (at E:/Unity/Projects/Work/FeatherLandNew/Assets/Scripts/UIButtonHoverScale.cs:458)
UIButtonHoverScale:Update() (at E:/Unity/Projects/Work/FeatherLandNew/Assets/Scripts/UIButtonHoverScale.cs:236)

[SettingButton] 鼠标在按钮区域内: (-11.98, -3.63), 按钮区域: (x:-24.25, y:-24.75, width:48.50, height:49.50)
UnityEngine.DebugLogHandler:Internal_Log(LogType, LogOption, String, Object)
UnityEngine.Logger:Log(LogType, Object)
UnityEngine.Debug:Log(Object)
UIButtonHoverScale:IsMouseOverButton() (at E:/Unity/Projects/Work/FeatherLandNew/Assets/Scripts/UIButtonHoverScale.cs:458)
UIButtonHoverScale:Update() (at E:/Unity/Projects/Work/FeatherLandNew/Assets/Scripts/UIButtonHoverScale.cs:236)

[SettingButton] 鼠标在按钮区域内: (-11.98, -3.63), 按钮区域: (x:-24.25, y:-24.75, width:48.50, height:49.50)
UnityEngine.DebugLogHandler:Internal_Log(LogType, LogOption, String, Object)
UnityEngine.Logger:Log(LogType, Object)
UnityEngine.Debug:Log(Object)
UIButtonHoverScale:IsMouseOverButton() (at E:/Unity/Projects/Work/FeatherLandNew/Assets/Scripts/UIButtonHoverScale.cs:458)
UIButtonHoverScale:Update() (at E:/Unity/Projects/Work/FeatherLandNew/Assets/Scripts/UIButtonHoverScale.cs:236)

[SettingButton] 鼠标在按钮区域内: (-11.98, -3.63), 按钮区域: (x:-24.25, y:-24.75, width:48.50, height:49.50)
UnityEngine.DebugLogHandler:Internal_Log(LogType, LogOption, String, Object)
UnityEngine.Logger:Log(LogType, Object)
UnityEngine.Debug:Log(Object)
UIButtonHoverScale:IsMouseOverButton() (at E:/Unity/Projects/Work/FeatherLandNew/Assets/Scripts/UIButtonHoverScale.cs:458)
UIButtonHoverScale:Update() (at E:/Unity/Projects/Work/FeatherLandNew/Assets/Scripts/UIButtonHoverScale.cs:236)

[SettingButton] 鼠标在按钮区域内: (-11.98, -3.63), 按钮区域: (x:-24.25, y:-24.75, width:48.50, height:49.50)
UnityEngine.DebugLogHandler:Internal_Log(LogType, LogOption, String, Object)
UnityEngine.Logger:Log(LogType, Object)
UnityEngine.Debug:Log(Object)
UIButtonHoverScale:IsMouseOverButton() (at E:/Unity/Projects/Work/FeatherLandNew/Assets/Scripts/UIButtonHoverScale.cs:458)
UIButtonHoverScale:Update() (at E:/Unity/Projects/Work/FeatherLandNew/Assets/Scripts/UIButtonHoverScale.cs:236)

[SettingButton] 鼠标在按钮区域内: (-11.98, -3.63), 按钮区域: (x:-24.25, y:-24.75, width:48.50, height:49.50)
UnityEngine.DebugLogHandler:Internal_Log(LogType, LogOption, String, Object)
UnityEngine.Logger:Log(LogType, Object)
UnityEngine.Debug:Log(Object)
UIButtonHoverScale:IsMouseOverButton() (at E:/Unity/Projects/Work/FeatherLandNew/Assets/Scripts/UIButtonHoverScale.cs:458)
UIButtonHoverScale:Update() (at E:/Unity/Projects/Work/FeatherLandNew/Assets/Scripts/UIButtonHoverScale.cs:236)

[SettingButton] 鼠标在按钮区域内: (-11.07, -3.63), 按钮区域: (x:-24.25, y:-24.75, width:48.50, height:49.50)
UnityEngine.DebugLogHandler:Internal_Log(LogType, LogOption, String, Object)
UnityEngine.Logger:Log(LogType, Object)
UnityEngine.Debug:Log(Object)
UIButtonHoverScale:IsMouseOverButton() (at E:/Unity/Projects/Work/FeatherLandNew/Assets/Scripts/UIButtonHoverScale.cs:458)
UIButtonHoverScale:Update() (at E:/Unity/Projects/Work/FeatherLandNew/Assets/Scripts/UIButtonHoverScale.cs:236)

[SettingButton] 鼠标在按钮区域内: (-11.07, -3.63), 按钮区域: (x:-24.25, y:-24.75, width:48.50, height:49.50)
UnityEngine.DebugLogHandler:Internal_Log(LogType, LogOption, String, Object)
UnityEngine.Logger:Log(LogType, Object)
UnityEngine.Debug:Log(Object)
UIButtonHoverScale:IsMouseOverButton() (at E:/Unity/Projects/Work/FeatherLandNew/Assets/Scripts/UIButtonHoverScale.cs:458)
UIButtonHoverScale:Update() (at E:/Unity/Projects/Work/FeatherLandNew/Assets/Scripts/UIButtonHoverScale.cs:236)

[SettingButton] 鼠标在按钮区域内: (-11.07, -3.63), 按钮区域: (x:-24.25, y:-24.75, width:48.50, height:49.50)
UnityEngine.DebugLogHandler:Internal_Log(LogType, LogOption, String, Object)
UnityEngine.Logger:Log(LogType, Object)
UnityEngine.Debug:Log(Object)
UIButtonHoverScale:IsMouseOverButton() (at E:/Unity/Projects/Work/FeatherLandNew/Assets/Scripts/UIButtonHoverScale.cs:458)
UIButtonHoverScale:Update() (at E:/Unity/Projects/Work/FeatherLandNew/Assets/Scripts/UIButtonHoverScale.cs:236)

[SettingButton] 鼠标在按钮区域内: (-11.07, -3.63), 按钮区域: (x:-24.25, y:-24.75, width:48.50, height:49.50)
UnityEngine.DebugLogHandler:Internal_Log(LogType, LogOption, String, Object)
UnityEngine.Logger:Log(LogType, Object)
UnityEngine.Debug:Log(Object)
UIButtonHoverScale:IsMouseOverButton() (at E:/Unity/Projects/Work/FeatherLandNew/Assets/Scripts/UIButtonHoverScale.cs:458)
UIButtonHoverScale:Update() (at E:/Unity/Projects/Work/FeatherLandNew/Assets/Scripts/UIButtonHoverScale.cs:236)

[SettingButton] 鼠标在按钮区域内: (-9.25, -3.63), 按钮区域: (x:-24.25, y:-24.75, width:48.50, height:49.50)
UnityEngine.DebugLogHandler:Internal_Log(LogType, LogOption, String, Object)
UnityEngine.Logger:Log(LogType, Object)
UnityEngine.Debug:Log(Object)
UIButtonHoverScale:IsMouseOverButton() (at E:/Unity/Projects/Work/FeatherLandNew/Assets/Scripts/UIButtonHoverScale.cs:458)
UIButtonHoverScale:Update() (at E:/Unity/Projects/Work/FeatherLandNew/Assets/Scripts/UIButtonHoverScale.cs:236)

[SettingButton] 鼠标在按钮区域内: (-8.34, -4.54), 按钮区域: (x:-24.25, y:-24.75, width:48.50, height:49.50)
UnityEngine.DebugLogHandler:Internal_Log(LogType, LogOption, String, Object)
UnityEngine.Logger:Log(LogType, Object)
UnityEngine.Debug:Log(Object)
UIButtonHoverScale:IsMouseOverButton() (at E:/Unity/Projects/Work/FeatherLandNew/Assets/Scripts/UIButtonHoverScale.cs:458)
UIButtonHoverScale:Update() (at E:/Unity/Projects/Work/FeatherLandNew/Assets/Scripts/UIButtonHoverScale.cs:236)

[SettingButton] 鼠标在按钮区域内: (-8.34, -6.36), 按钮区域: (x:-24.25, y:-24.75, width:48.50, height:49.50)
UnityEngine.DebugLogHandler:Internal_Log(LogType, LogOption, String, Object)
UnityEngine.Logger:Log(LogType, Object)
UnityEngine.Debug:Log(Object)
UIButtonHoverScale:IsMouseOverButton() (at E:/Unity/Projects/Work/FeatherLandNew/Assets/Scripts/UIButtonHoverScale.cs:458)
UIButtonHoverScale:Update() (at E:/Unity/Projects/Work/FeatherLandNew/Assets/Scripts/UIButtonHoverScale.cs:236)

[SettingButton] 鼠标在按钮区域内: (-8.34, -10.00), 按钮区域: (x:-24.25, y:-24.75, width:48.50, height:49.50)
UnityEngine.DebugLogHandler:Internal_Log(LogType, LogOption, String, Object)
UnityEngine.Logger:Log(LogType, Object)
UnityEngine.Debug:Log(Object)
UIButtonHoverScale:IsMouseOverButton() (at E:/Unity/Projects/Work/FeatherLandNew/Assets/Scripts/UIButtonHoverScale.cs:458)
UIButtonHoverScale:Update() (at E:/Unity/Projects/Work/FeatherLandNew/Assets/Scripts/UIButtonHoverScale.cs:236)

[SettingButton] 鼠标在按钮区域内: (-10.16, -12.72), 按钮区域: (x:-24.25, y:-24.75, width:48.50, height:49.50)
UnityEngine.DebugLogHandler:Internal_Log(LogType, LogOption, String, Object)
UnityEngine.Logger:Log(LogType, Object)
UnityEngine.Debug:Log(Object)
UIButtonHoverScale:IsMouseOverButton() (at E:/Unity/Projects/Work/FeatherLandNew/Assets/Scripts/UIButtonHoverScale.cs:458)
UIButtonHoverScale:Update() (at E:/Unity/Projects/Work/FeatherLandNew/Assets/Scripts/UIButtonHoverScale.cs:236)

[SettingButton] 鼠标在按钮区域内: (-11.98, -16.36), 按钮区域: (x:-24.25, y:-24.75, width:48.50, height:49.50)
UnityEngine.DebugLogHandler:Internal_Log(LogType, LogOption, String, Object)
UnityEngine.Logger:Log(LogType, Object)
UnityEngine.Debug:Log(Object)
UIButtonHoverScale:IsMouseOverButton() (at E:/Unity/Projects/Work/FeatherLandNew/Assets/Scripts/UIButtonHoverScale.cs:458)
UIButtonHoverScale:Update() (at E:/Unity/Projects/Work/FeatherLandNew/Assets/Scripts/UIButtonHoverScale.cs:236)

[SettingButton] 鼠标在按钮区域内: (-13.80, -21.81), 按钮区域: (x:-24.25, y:-24.75, width:48.50, height:49.50)
UnityEngine.DebugLogHandler:Internal_Log(LogType, LogOption, String, Object)
UnityEngine.Logger:Log(LogType, Object)
UnityEngine.Debug:Log(Object)
UIButtonHoverScale:IsMouseOverButton() (at E:/Unity/Projects/Work/FeatherLandNew/Assets/Scripts/UIButtonHoverScale.cs:458)
UIButtonHoverScale:Update() (at E:/Unity/Projects/Work/FeatherLandNew/Assets/Scripts/UIButtonHoverScale.cs:236)

通过范围检测发现装饰品：Sprite
UnityEngine.DebugLogHandler:Internal_Log(LogType, LogOption, String, Object)
UnityEngine.Logger:Log(LogType, Object)
UnityEngine.Debug:Log(Object)
BirdGame.GameSystem:IsCoverDecoration() (at E:/Unity/Projects/Work/FeatherLandNew/Assets/Scripts/New/Systems/IGameSystem.cs:438)
BirdGame.GameEntry:CheckCursor() (at E:/Unity/Projects/Work/FeatherLandNew/Assets/Scripts/New/ViewController/Game/GameEntry.cs:398)
BirdGame.GameEntry:Update() (at E:/Unity/Projects/Work/FeatherLandNew/Assets/Scripts/New/ViewController/Game/GameEntry.cs:158)

检测到装饰品：Sprite
UnityEngine.DebugLogHandler:Internal_Log(LogType, LogOption, String, Object)
UnityEngine.Logger:Log(LogType, Object)
UnityEngine.Debug:Log(Object)
BirdGame.GameSystem:IsCoverDecoration() (at E:/Unity/Projects/Work/FeatherLandNew/Assets/Scripts/New/Systems/IGameSystem.cs:438)
BirdGame.GameEntry:CheckCursor() (at E:/Unity/Projects/Work/FeatherLandNew/Assets/Scripts/New/ViewController/Game/GameEntry.cs:398)
BirdGame.GameEntry:Update() (at E:/Unity/Projects/Work/FeatherLandNew/Assets/Scripts/New/ViewController/Game/GameEntry.cs:158)

通过范围检测发现装饰品：Sprite
UnityEngine.DebugLogHandler:Internal_Log(LogType, LogOption, String, Object)
UnityEngine.Logger:Log(LogType, Object)
UnityEngine.Debug:Log(Object)
BirdGame.GameSystem:IsCoverDecoration() (at E:/Unity/Projects/Work/FeatherLandNew/Assets/Scripts/New/Systems/IGameSystem.cs:438)
BirdGame.GameEntry:CheckCursor() (at E:/Unity/Projects/Work/FeatherLandNew/Assets/Scripts/New/ViewController/Game/GameEntry.cs:398)
BirdGame.GameEntry:Update() (at E:/Unity/Projects/Work/FeatherLandNew/Assets/Scripts/New/ViewController/Game/GameEntry.cs:158)

通过范围检测发现装饰品：Sprite
UnityEngine.DebugLogHandler:Internal_Log(LogType, LogOption, String, Object)
UnityEngine.Logger:Log(LogType, Object)
UnityEngine.Debug:Log(Object)
BirdGame.GameSystem:IsCoverDecoration() (at E:/Unity/Projects/Work/FeatherLandNew/Assets/Scripts/New/Systems/IGameSystem.cs:438)
BirdGame.GameEntry:CheckCursor() (at E:/Unity/Projects/Work/FeatherLandNew/Assets/Scripts/New/ViewController/Game/GameEntry.cs:398)
BirdGame.GameEntry:Update() (at E:/Unity/Projects/Work/FeatherLandNew/Assets/Scripts/New/ViewController/Game/GameEntry.cs:158)

通过范围检测发现装饰品：Sprite
UnityEngine.DebugLogHandler:Internal_Log(LogType, LogOption, String, Object)
UnityEngine.Logger:Log(LogType, Object)
UnityEngine.Debug:Log(Object)
BirdGame.GameSystem:IsCoverDecoration() (at E:/Unity/Projects/Work/FeatherLandNew/Assets/Scripts/New/Systems/IGameSystem.cs:438)
BirdGame.GameEntry:CheckCursor() (at E:/Unity/Projects/Work/FeatherLandNew/Assets/Scripts/New/ViewController/Game/GameEntry.cs:398)
BirdGame.GameEntry:Update() (at E:/Unity/Projects/Work/FeatherLandNew/Assets/Scripts/New/ViewController/Game/GameEntry.cs:158)

通过范围检测发现装饰品：Sprite
UnityEngine.DebugLogHandler:Internal_Log(LogType, LogOption, String, Object)
UnityEngine.Logger:Log(LogType, Object)
UnityEngine.Debug:Log(Object)
BirdGame.GameSystem:IsCoverDecoration() (at E:/Unity/Projects/Work/FeatherLandNew/Assets/Scripts/New/Systems/IGameSystem.cs:438)
BirdGame.GameEntry:CheckCursor() (at E:/Unity/Projects/Work/FeatherLandNew/Assets/Scripts/New/ViewController/Game/GameEntry.cs:398)
BirdGame.GameEntry:Update() (at E:/Unity/Projects/Work/FeatherLandNew/Assets/Scripts/New/ViewController/Game/GameEntry.cs:158)

通过范围检测发现装饰品：Sprite
UnityEngine.DebugLogHandler:Internal_Log(LogType, LogOption, String, Object)
UnityEngine.Logger:Log(LogType, Object)
UnityEngine.Debug:Log(Object)
BirdGame.GameSystem:IsCoverDecoration() (at E:/Unity/Projects/Work/FeatherLandNew/Assets/Scripts/New/Systems/IGameSystem.cs:438)
BirdGame.GameEntry:CheckCursor() (at E:/Unity/Projects/Work/FeatherLandNew/Assets/Scripts/New/ViewController/Game/GameEntry.cs:398)
BirdGame.GameEntry:Update() (at E:/Unity/Projects/Work/FeatherLandNew/Assets/Scripts/New/ViewController/Game/GameEntry.cs:158)

通过范围检测发现装饰品：Sprite
UnityEngine.DebugLogHandler:Internal_Log(LogType, LogOption, String, Object)
UnityEngine.Logger:Log(LogType, Object)
UnityEngine.Debug:Log(Object)
BirdGame.GameSystem:IsCoverDecoration() (at E:/Unity/Projects/Work/FeatherLandNew/Assets/Scripts/New/Systems/IGameSystem.cs:438)
BirdGame.GameEntry:CheckCursor() (at E:/Unity/Projects/Work/FeatherLandNew/Assets/Scripts/New/ViewController/Game/GameEntry.cs:398)
BirdGame.GameEntry:Update() (at E:/Unity/Projects/Work/FeatherLandNew/Assets/Scripts/New/ViewController/Game/GameEntry.cs:158)

通过范围检测发现装饰品：Sprite
UnityEngine.DebugLogHandler:Internal_Log(LogType, LogOption, String, Object)
UnityEngine.Logger:Log(LogType, Object)
UnityEngine.Debug:Log(Object)
BirdGame.GameSystem:IsCoverDecoration() (at E:/Unity/Projects/Work/FeatherLandNew/Assets/Scripts/New/Systems/IGameSystem.cs:438)
BirdGame.GameEntry:CheckCursor() (at E:/Unity/Projects/Work/FeatherLandNew/Assets/Scripts/New/ViewController/Game/GameEntry.cs:398)
BirdGame.GameEntry:Update() (at E:/Unity/Projects/Work/FeatherLandNew/Assets/Scripts/New/ViewController/Game/GameEntry.cs:158)

通过范围检测发现装饰品：Sprite
UnityEngine.DebugLogHandler:Internal_Log(LogType, LogOption, String, Object)
UnityEngine.Logger:Log(LogType, Object)
UnityEngine.Debug:Log(Object)
BirdGame.GameSystem:IsCoverDecoration() (at E:/Unity/Projects/Work/FeatherLandNew/Assets/Scripts/New/Systems/IGameSystem.cs:438)
BirdGame.GameEntry:CheckCursor() (at E:/Unity/Projects/Work/FeatherLandNew/Assets/Scripts/New/ViewController/Game/GameEntry.cs:398)
BirdGame.GameEntry:Update() (at E:/Unity/Projects/Work/FeatherLandNew/Assets/Scripts/New/ViewController/Game/GameEntry.cs:158)

通过范围检测发现装饰品：Sprite
UnityEngine.DebugLogHandler:Internal_Log(LogType, LogOption, String, Object)
UnityEngine.Logger:Log(LogType, Object)
UnityEngine.Debug:Log(Object)
BirdGame.GameSystem:IsCoverDecoration() (at E:/Unity/Projects/Work/FeatherLandNew/Assets/Scripts/New/Systems/IGameSystem.cs:438)
BirdGame.GameEntry:CheckCursor() (at E:/Unity/Projects/Work/FeatherLandNew/Assets/Scripts/New/ViewController/Game/GameEntry.cs:398)
BirdGame.GameEntry:Update() (at E:/Unity/Projects/Work/FeatherLandNew/Assets/Scripts/New/ViewController/Game/GameEntry.cs:158)

通过范围检测发现装饰品：Sprite
UnityEngine.DebugLogHandler:Internal_Log(LogType, LogOption, String, Object)
UnityEngine.Logger:Log(LogType, Object)
UnityEngine.Debug:Log(Object)
BirdGame.GameSystem:IsCoverDecoration() (at E:/Unity/Projects/Work/FeatherLandNew/Assets/Scripts/New/Systems/IGameSystem.cs:438)
BirdGame.GameEntry:CheckCursor() (at E:/Unity/Projects/Work/FeatherLandNew/Assets/Scripts/New/ViewController/Game/GameEntry.cs:398)
BirdGame.GameEntry:Update() (at E:/Unity/Projects/Work/FeatherLandNew/Assets/Scripts/New/ViewController/Game/GameEntry.cs:158)

通过范围检测发现装饰品：Sprite
UnityEngine.DebugLogHandler:Internal_Log(LogType, LogOption, String, Object)
UnityEngine.Logger:Log(LogType, Object)
UnityEngine.Debug:Log(Object)
BirdGame.GameSystem:IsCoverDecoration() (at E:/Unity/Projects/Work/FeatherLandNew/Assets/Scripts/New/Systems/IGameSystem.cs:438)
BirdGame.GameEntry:CheckCursor() (at E:/Unity/Projects/Work/FeatherLandNew/Assets/Scripts/New/ViewController/Game/GameEntry.cs:398)
BirdGame.GameEntry:Update() (at E:/Unity/Projects/Work/FeatherLandNew/Assets/Scripts/New/ViewController/Game/GameEntry.cs:158)

通过范围检测发现装饰品：Sprite
UnityEngine.DebugLogHandler:Internal_Log(LogType, LogOption, String, Object)
UnityEngine.Logger:Log(LogType, Object)
UnityEngine.Debug:Log(Object)
BirdGame.GameSystem:IsCoverDecoration() (at E:/Unity/Projects/Work/FeatherLandNew/Assets/Scripts/New/Systems/IGameSystem.cs:438)
BirdGame.GameEntry:CheckCursor() (at E:/Unity/Projects/Work/FeatherLandNew/Assets/Scripts/New/ViewController/Game/GameEntry.cs:398)
BirdGame.GameEntry:Update() (at E:/Unity/Projects/Work/FeatherLandNew/Assets/Scripts/New/ViewController/Game/GameEntry.cs:158)

通过范围检测发现装饰品：Sprite
UnityEngine.DebugLogHandler:Internal_Log(LogType, LogOption, String, Object)
UnityEngine.Logger:Log(LogType, Object)
UnityEngine.Debug:Log(Object)
BirdGame.GameSystem:IsCoverDecoration() (at E:/Unity/Projects/Work/FeatherLandNew/Assets/Scripts/New/Systems/IGameSystem.cs:438)
BirdGame.GameEntry:CheckCursor() (at E:/Unity/Projects/Work/FeatherLandNew/Assets/Scripts/New/ViewController/Game/GameEntry.cs:398)
BirdGame.GameEntry:Update() (at E:/Unity/Projects/Work/FeatherLandNew/Assets/Scripts/New/ViewController/Game/GameEntry.cs:158)

通过范围检测发现装饰品：Sprite
UnityEngine.DebugLogHandler:Internal_Log(LogType, LogOption, String, Object)
UnityEngine.Logger:Log(LogType, Object)
UnityEngine.Debug:Log(Object)
BirdGame.GameSystem:IsCoverDecoration() (at E:/Unity/Projects/Work/FeatherLandNew/Assets/Scripts/New/Systems/IGameSystem.cs:438)
BirdGame.GameEntry:CheckCursor() (at E:/Unity/Projects/Work/FeatherLandNew/Assets/Scripts/New/ViewController/Game/GameEntry.cs:398)
BirdGame.GameEntry:Update() (at E:/Unity/Projects/Work/FeatherLandNew/Assets/Scripts/New/ViewController/Game/GameEntry.cs:158)

检测到装饰品：Sprite
UnityEngine.DebugLogHandler:Internal_Log(LogType, LogOption, String, Object)
UnityEngine.Logger:Log(LogType, Object)
UnityEngine.Debug:Log(Object)
BirdGame.GameSystem:IsCoverDecoration() (at E:/Unity/Projects/Work/FeatherLandNew/Assets/Scripts/New/Systems/IGameSystem.cs:438)
BirdGame.GameEntry:CheckCursor() (at E:/Unity/Projects/Work/FeatherLandNew/Assets/Scripts/New/ViewController/Game/GameEntry.cs:398)
BirdGame.GameEntry:Update() (at E:/Unity/Projects/Work/FeatherLandNew/Assets/Scripts/New/ViewController/Game/GameEntry.cs:158)

检测到装饰品：Sprite
UnityEngine.DebugLogHandler:Internal_Log(LogType, LogOption, String, Object)
UnityEngine.Logger:Log(LogType, Object)
UnityEngine.Debug:Log(Object)
BirdGame.GameSystem:IsCoverDecoration() (at E:/Unity/Projects/Work/FeatherLandNew/Assets/Scripts/New/Systems/IGameSystem.cs:438)
BirdGame.GameEntry:CheckCursor() (at E:/Unity/Projects/Work/FeatherLandNew/Assets/Scripts/New/ViewController/Game/GameEntry.cs:398)
BirdGame.GameEntry:Update() (at E:/Unity/Projects/Work/FeatherLandNew/Assets/Scripts/New/ViewController/Game/GameEntry.cs:158)

检测到装饰品：Sprite
UnityEngine.DebugLogHandler:Internal_Log(LogType, LogOption, String, Object)
UnityEngine.Logger:Log(LogType, Object)
UnityEngine.Debug:Log(Object)
BirdGame.GameSystem:IsCoverDecoration() (at E:/Unity/Projects/Work/FeatherLandNew/Assets/Scripts/New/Systems/IGameSystem.cs:438)
BirdGame.GameEntry:CheckCursor() (at E:/Unity/Projects/Work/FeatherLandNew/Assets/Scripts/New/ViewController/Game/GameEntry.cs:398)
BirdGame.GameEntry:Update() (at E:/Unity/Projects/Work/FeatherLandNew/Assets/Scripts/New/ViewController/Game/GameEntry.cs:158)

检测到装饰品：Sprite
UnityEngine.DebugLogHandler:Internal_Log(LogType, LogOption, String, Object)
UnityEngine.Logger:Log(LogType, Object)
UnityEngine.Debug:Log(Object)
BirdGame.GameSystem:IsCoverDecoration() (at E:/Unity/Projects/Work/FeatherLandNew/Assets/Scripts/New/Systems/IGameSystem.cs:438)
BirdGame.GameEntry:CheckCursor() (at E:/Unity/Projects/Work/FeatherLandNew/Assets/Scripts/New/ViewController/Game/GameEntry.cs:398)
BirdGame.GameEntry:Update() (at E:/Unity/Projects/Work/FeatherLandNew/Assets/Scripts/New/ViewController/Game/GameEntry.cs:158)

检测到装饰品：Sprite
UnityEngine.DebugLogHandler:Internal_Log(LogType, LogOption, String, Object)
UnityEngine.Logger:Log(LogType, Object)
UnityEngine.Debug:Log(Object)
BirdGame.GameSystem:IsCoverDecoration() (at E:/Unity/Projects/Work/FeatherLandNew/Assets/Scripts/New/Systems/IGameSystem.cs:438)
BirdGame.GameEntry:CheckCursor() (at E:/Unity/Projects/Work/FeatherLandNew/Assets/Scripts/New/ViewController/Game/GameEntry.cs:398)
BirdGame.GameEntry:Update() (at E:/Unity/Projects/Work/FeatherLandNew/Assets/Scripts/New/ViewController/Game/GameEntry.cs:158)

通过范围检测发现装饰品：Sprite
UnityEngine.DebugLogHandler:Internal_Log(LogType, LogOption, String, Object)
UnityEngine.Logger:Log(LogType, Object)
UnityEngine.Debug:Log(Object)
BirdGame.GameSystem:IsCoverDecoration() (at E:/Unity/Projects/Work/FeatherLandNew/Assets/Scripts/New/Systems/IGameSystem.cs:438)
BirdGame.GameEntry:CheckCursor() (at E:/Unity/Projects/Work/FeatherLandNew/Assets/Scripts/New/ViewController/Game/GameEntry.cs:398)
BirdGame.GameEntry:Update() (at E:/Unity/Projects/Work/FeatherLandNew/Assets/Scripts/New/ViewController/Game/GameEntry.cs:158)

检测到装饰品：Sprite
UnityEngine.DebugLogHandler:Internal_Log(LogType, LogOption, String, Object)
UnityEngine.Logger:Log(LogType, Object)
UnityEngine.Debug:Log(Object)
BirdGame.GameSystem:IsCoverDecoration() (at E:/Unity/Projects/Work/FeatherLandNew/Assets/Scripts/New/Systems/IGameSystem.cs:438)
BirdGame.GameEntry:CheckCursor() (at E:/Unity/Projects/Work/FeatherLandNew/Assets/Scripts/New/ViewController/Game/GameEntry.cs:398)
BirdGame.GameEntry:Update() (at E:/Unity/Projects/Work/FeatherLandNew/Assets/Scripts/New/ViewController/Game/GameEntry.cs:158)

检测到装饰品：Sprite
UnityEngine.DebugLogHandler:Internal_Log(LogType, LogOption, String, Object)
UnityEngine.Logger:Log(LogType, Object)
UnityEngine.Debug:Log(Object)
BirdGame.GameSystem:IsCoverDecoration() (at E:/Unity/Projects/Work/FeatherLandNew/Assets/Scripts/New/Systems/IGameSystem.cs:438)
BirdGame.GameEntry:CheckCursor() (at E:/Unity/Projects/Work/FeatherLandNew/Assets/Scripts/New/ViewController/Game/GameEntry.cs:398)
BirdGame.GameEntry:Update() (at E:/Unity/Projects/Work/FeatherLandNew/Assets/Scripts/New/ViewController/Game/GameEntry.cs:158)

检测到装饰品：Sprite
UnityEngine.DebugLogHandler:Internal_Log(LogType, LogOption, String, Object)
UnityEngine.Logger:Log(LogType, Object)
UnityEngine.Debug:Log(Object)
BirdGame.GameSystem:IsCoverDecoration() (at E:/Unity/Projects/Work/FeatherLandNew/Assets/Scripts/New/Systems/IGameSystem.cs:438)
BirdGame.GameEntry:CheckCursor() (at E:/Unity/Projects/Work/FeatherLandNew/Assets/Scripts/New/ViewController/Game/GameEntry.cs:398)
BirdGame.GameEntry:Update() (at E:/Unity/Projects/Work/FeatherLandNew/Assets/Scripts/New/ViewController/Game/GameEntry.cs:158)

检测到装饰品：Sprite
UnityEngine.DebugLogHandler:Internal_Log(LogType, LogOption, String, Object)
UnityEngine.Logger:Log(LogType, Object)
UnityEngine.Debug:Log(Object)
BirdGame.GameSystem:IsCoverDecoration() (at E:/Unity/Projects/Work/FeatherLandNew/Assets/Scripts/New/Systems/IGameSystem.cs:438)
BirdGame.GameEntry:CheckCursor() (at E:/Unity/Projects/Work/FeatherLandNew/Assets/Scripts/New/ViewController/Game/GameEntry.cs:398)
BirdGame.GameEntry:Update() (at E:/Unity/Projects/Work/FeatherLandNew/Assets/Scripts/New/ViewController/Game/GameEntry.cs:158)

检测到装饰品：Sprite
UnityEngine.DebugLogHandler:Internal_Log(LogType, LogOption, String, Object)
UnityEngine.Logger:Log(LogType, Object)
UnityEngine.Debug:Log(Object)
BirdGame.GameSystem:IsCoverDecoration() (at E:/Unity/Projects/Work/FeatherLandNew/Assets/Scripts/New/Systems/IGameSystem.cs:438)
BirdGame.GameEntry:CheckCursor() (at E:/Unity/Projects/Work/FeatherLandNew/Assets/Scripts/New/ViewController/Game/GameEntry.cs:398)
BirdGame.GameEntry:Update() (at E:/Unity/Projects/Work/FeatherLandNew/Assets/Scripts/New/ViewController/Game/GameEntry.cs:158)

检测到装饰品：Sprite
UnityEngine.DebugLogHandler:Internal_Log(LogType, LogOption, String, Object)
UnityEngine.Logger:Log(LogType, Object)
UnityEngine.Debug:Log(Object)
BirdGame.GameSystem:IsCoverDecoration() (at E:/Unity/Projects/Work/FeatherLandNew/Assets/Scripts/New/Systems/IGameSystem.cs:438)
BirdGame.GameEntry:CheckCursor() (at E:/Unity/Projects/Work/FeatherLandNew/Assets/Scripts/New/ViewController/Game/GameEntry.cs:398)
BirdGame.GameEntry:Update() (at E:/Unity/Projects/Work/FeatherLandNew/Assets/Scripts/New/ViewController/Game/GameEntry.cs:158)

检测到装饰品：Sprite
UnityEngine.DebugLogHandler:Internal_Log(LogType, LogOption, String, Object)
UnityEngine.Logger:Log(LogType, Object)
UnityEngine.Debug:Log(Object)
BirdGame.GameSystem:IsCoverDecoration() (at E:/Unity/Projects/Work/FeatherLandNew/Assets/Scripts/New/Systems/IGameSystem.cs:438)
BirdGame.GameEntry:CheckCursor() (at E:/Unity/Projects/Work/FeatherLandNew/Assets/Scripts/New/ViewController/Game/GameEntry.cs:398)
BirdGame.GameEntry:Update() (at E:/Unity/Projects/Work/FeatherLandNew/Assets/Scripts/New/ViewController/Game/GameEntry.cs:158)

通过范围检测发现装饰品：Sprite
UnityEngine.DebugLogHandler:Internal_Log(LogType, LogOption, String, Object)
UnityEngine.Logger:Log(LogType, Object)
UnityEngine.Debug:Log(Object)
BirdGame.GameSystem:IsCoverDecoration() (at E:/Unity/Projects/Work/FeatherLandNew/Assets/Scripts/New/Systems/IGameSystem.cs:438)
BirdGame.GameEntry:CheckCursor() (at E:/Unity/Projects/Work/FeatherLandNew/Assets/Scripts/New/ViewController/Game/GameEntry.cs:398)
BirdGame.GameEntry:Update() (at E:/Unity/Projects/Work/FeatherLandNew/Assets/Scripts/New/ViewController/Game/GameEntry.cs:158)

通过范围检测发现装饰品：Sprite
UnityEngine.DebugLogHandler:Internal_Log(LogType, LogOption, String, Object)
UnityEngine.Logger:Log(LogType, Object)
UnityEngine.Debug:Log(Object)
BirdGame.GameSystem:IsCoverDecoration() (at E:/Unity/Projects/Work/FeatherLandNew/Assets/Scripts/New/Systems/IGameSystem.cs:438)
BirdGame.GameEntry:CheckCursor() (at E:/Unity/Projects/Work/FeatherLandNew/Assets/Scripts/New/ViewController/Game/GameEntry.cs:398)
BirdGame.GameEntry:Update() (at E:/Unity/Projects/Work/FeatherLandNew/Assets/Scripts/New/ViewController/Game/GameEntry.cs:158)

通过范围检测发现装饰品：Sprite
UnityEngine.DebugLogHandler:Internal_Log(LogType, LogOption, String, Object)
UnityEngine.Logger:Log(LogType, Object)
UnityEngine.Debug:Log(Object)
BirdGame.GameSystem:IsCoverDecoration() (at E:/Unity/Projects/Work/FeatherLandNew/Assets/Scripts/New/Systems/IGameSystem.cs:438)
BirdGame.GameEntry:CheckCursor() (at E:/Unity/Projects/Work/FeatherLandNew/Assets/Scripts/New/ViewController/Game/GameEntry.cs:398)
BirdGame.GameEntry:Update() (at E:/Unity/Projects/Work/FeatherLandNew/Assets/Scripts/New/ViewController/Game/GameEntry.cs:158)

通过范围检测发现装饰品：Sprite
UnityEngine.DebugLogHandler:Internal_Log(LogType, LogOption, String, Object)
UnityEngine.Logger:Log(LogType, Object)
UnityEngine.Debug:Log(Object)
BirdGame.GameSystem:IsCoverDecoration() (at E:/Unity/Projects/Work/FeatherLandNew/Assets/Scripts/New/Systems/IGameSystem.cs:438)
BirdGame.GameEntry:CheckCursor() (at E:/Unity/Projects/Work/FeatherLandNew/Assets/Scripts/New/ViewController/Game/GameEntry.cs:398)
BirdGame.GameEntry:Update() (at E:/Unity/Projects/Work/FeatherLandNew/Assets/Scripts/New/ViewController/Game/GameEntry.cs:158)

通过范围检测发现装饰品：Sprite
UnityEngine.DebugLogHandler:Internal_Log(LogType, LogOption, String, Object)
UnityEngine.Logger:Log(LogType, Object)
UnityEngine.Debug:Log(Object)
BirdGame.GameSystem:IsCoverDecoration() (at E:/Unity/Projects/Work/FeatherLandNew/Assets/Scripts/New/Systems/IGameSystem.cs:438)
BirdGame.GameEntry:CheckCursor() (at E:/Unity/Projects/Work/FeatherLandNew/Assets/Scripts/New/ViewController/Game/GameEntry.cs:398)
BirdGame.GameEntry:Update() (at E:/Unity/Projects/Work/FeatherLandNew/Assets/Scripts/New/ViewController/Game/GameEntry.cs:158)

通过范围检测发现装饰品：Sprite
UnityEngine.DebugLogHandler:Internal_Log(LogType, LogOption, String, Object)
UnityEngine.Logger:Log(LogType, Object)
UnityEngine.Debug:Log(Object)
BirdGame.GameSystem:IsCoverDecoration() (at E:/Unity/Projects/Work/FeatherLandNew/Assets/Scripts/New/Systems/IGameSystem.cs:438)
BirdGame.GameEntry:CheckCursor() (at E:/Unity/Projects/Work/FeatherLandNew/Assets/Scripts/New/ViewController/Game/GameEntry.cs:398)
BirdGame.GameEntry:Update() (at E:/Unity/Projects/Work/FeatherLandNew/Assets/Scripts/New/ViewController/Game/GameEntry.cs:158)

通过范围检测发现装饰品：Sprite
UnityEngine.DebugLogHandler:Internal_Log(LogType, LogOption, String, Object)
UnityEngine.Logger:Log(LogType, Object)
UnityEngine.Debug:Log(Object)
BirdGame.GameSystem:IsCoverDecoration() (at E:/Unity/Projects/Work/FeatherLandNew/Assets/Scripts/New/Systems/IGameSystem.cs:438)
BirdGame.GameEntry:CheckCursor() (at E:/Unity/Projects/Work/FeatherLandNew/Assets/Scripts/New/ViewController/Game/GameEntry.cs:398)
BirdGame.GameEntry:Update() (at E:/Unity/Projects/Work/FeatherLandNew/Assets/Scripts/New/ViewController/Game/GameEntry.cs:158)

检测到装饰品：Sprite
UnityEngine.DebugLogHandler:Internal_Log(LogType, LogOption, String, Object)
UnityEngine.Logger:Log(LogType, Object)
UnityEngine.Debug:Log(Object)
BirdGame.GameSystem:IsCoverDecoration() (at E:/Unity/Projects/Work/FeatherLandNew/Assets/Scripts/New/Systems/IGameSystem.cs:438)
BirdGame.GameEntry:CheckCursor() (at E:/Unity/Projects/Work/FeatherLandNew/Assets/Scripts/New/ViewController/Game/GameEntry.cs:398)
BirdGame.GameEntry:Update() (at E:/Unity/Projects/Work/FeatherLandNew/Assets/Scripts/New/ViewController/Game/GameEntry.cs:158)

检测到装饰品：Sprite
UnityEngine.DebugLogHandler:Internal_Log(LogType, LogOption, String, Object)
UnityEngine.Logger:Log(LogType, Object)
UnityEngine.Debug:Log(Object)
BirdGame.GameSystem:IsCoverDecoration() (at E:/Unity/Projects/Work/FeatherLandNew/Assets/Scripts/New/Systems/IGameSystem.cs:438)
BirdGame.GameEntry:CheckCursor() (at E:/Unity/Projects/Work/FeatherLandNew/Assets/Scripts/New/ViewController/Game/GameEntry.cs:398)
BirdGame.GameEntry:Update() (at E:/Unity/Projects/Work/FeatherLandNew/Assets/Scripts/New/ViewController/Game/GameEntry.cs:158)

检测到装饰品：Sprite
UnityEngine.DebugLogHandler:Internal_Log(LogType, LogOption, String, Object)
UnityEngine.Logger:Log(LogType, Object)
UnityEngine.Debug:Log(Object)
BirdGame.GameSystem:IsCoverDecoration() (at E:/Unity/Projects/Work/FeatherLandNew/Assets/Scripts/New/Systems/IGameSystem.cs:438)
BirdGame.GameEntry:CheckCursor() (at E:/Unity/Projects/Work/FeatherLandNew/Assets/Scripts/New/ViewController/Game/GameEntry.cs:398)
BirdGame.GameEntry:Update() (at E:/Unity/Projects/Work/FeatherLandNew/Assets/Scripts/New/ViewController/Game/GameEntry.cs:158)

检测到装饰品：Sprite
UnityEngine.DebugLogHandler:Internal_Log(LogType, LogOption, String, Object)
UnityEngine.Logger:Log(LogType, Object)
UnityEngine.Debug:Log(Object)
BirdGame.GameSystem:IsCoverDecoration() (at E:/Unity/Projects/Work/FeatherLandNew/Assets/Scripts/New/Systems/IGameSystem.cs:438)
BirdGame.GameEntry:CheckCursor() (at E:/Unity/Projects/Work/FeatherLandNew/Assets/Scripts/New/ViewController/Game/GameEntry.cs:398)
BirdGame.GameEntry:Update() (at E:/Unity/Projects/Work/FeatherLandNew/Assets/Scripts/New/ViewController/Game/GameEntry.cs:158)

检测到装饰品：Sprite
UnityEngine.DebugLogHandler:Internal_Log(LogType, LogOption, String, Object)
UnityEngine.Logger:Log(LogType, Object)
UnityEngine.Debug:Log(Object)
BirdGame.GameSystem:IsCoverDecoration() (at E:/Unity/Projects/Work/FeatherLandNew/Assets/Scripts/New/Systems/IGameSystem.cs:438)
BirdGame.GameEntry:CheckCursor() (at E:/Unity/Projects/Work/FeatherLandNew/Assets/Scripts/New/ViewController/Game/GameEntry.cs:398)
BirdGame.GameEntry:Update() (at E:/Unity/Projects/Work/FeatherLandNew/Assets/Scripts/New/ViewController/Game/GameEntry.cs:158)

检测到装饰品：Sprite
UnityEngine.DebugLogHandler:Internal_Log(LogType, LogOption, String, Object)
UnityEngine.Logger:Log(LogType, Object)
UnityEngine.Debug:Log(Object)
BirdGame.GameSystem:IsCoverDecoration() (at E:/Unity/Projects/Work/FeatherLandNew/Assets/Scripts/New/Systems/IGameSystem.cs:438)
BirdGame.GameEntry:CheckCursor() (at E:/Unity/Projects/Work/FeatherLandNew/Assets/Scripts/New/ViewController/Game/GameEntry.cs:398)
BirdGame.GameEntry:Update() (at E:/Unity/Projects/Work/FeatherLandNew/Assets/Scripts/New/ViewController/Game/GameEntry.cs:158)

检测到装饰品：Sprite
UnityEngine.DebugLogHandler:Internal_Log(LogType, LogOption, String, Object)
UnityEngine.Logger:Log(LogType, Object)
UnityEngine.Debug:Log(Object)
BirdGame.GameSystem:IsCoverDecoration() (at E:/Unity/Projects/Work/FeatherLandNew/Assets/Scripts/New/Systems/IGameSystem.cs:438)
BirdGame.GameEntry:CheckCursor() (at E:/Unity/Projects/Work/FeatherLandNew/Assets/Scripts/New/ViewController/Game/GameEntry.cs:398)
BirdGame.GameEntry:Update() (at E:/Unity/Projects/Work/FeatherLandNew/Assets/Scripts/New/ViewController/Game/GameEntry.cs:158)

检测到装饰品：Sprite
UnityEngine.DebugLogHandler:Internal_Log(LogType, LogOption, String, Object)
UnityEngine.Logger:Log(LogType, Object)
UnityEngine.Debug:Log(Object)
BirdGame.GameSystem:IsCoverDecoration() (at E:/Unity/Projects/Work/FeatherLandNew/Assets/Scripts/New/Systems/IGameSystem.cs:438)
BirdGame.GameEntry:CheckCursor() (at E:/Unity/Projects/Work/FeatherLandNew/Assets/Scripts/New/ViewController/Game/GameEntry.cs:398)
BirdGame.GameEntry:Update() (at E:/Unity/Projects/Work/FeatherLandNew/Assets/Scripts/New/ViewController/Game/GameEntry.cs:158)

检测到装饰品：Sprite
UnityEngine.DebugLogHandler:Internal_Log(LogType, LogOption, String, Object)
UnityEngine.Logger:Log(LogType, Object)
UnityEngine.Debug:Log(Object)
BirdGame.GameSystem:IsCoverDecoration() (at E:/Unity/Projects/Work/FeatherLandNew/Assets/Scripts/New/Systems/IGameSystem.cs:438)
BirdGame.GameEntry:CheckCursor() (at E:/Unity/Projects/Work/FeatherLandNew/Assets/Scripts/New/ViewController/Game/GameEntry.cs:398)
BirdGame.GameEntry:Update() (at E:/Unity/Projects/Work/FeatherLandNew/Assets/Scripts/New/ViewController/Game/GameEntry.cs:158)

检测到装饰品：Sprite
UnityEngine.DebugLogHandler:Internal_Log(LogType, LogOption, String, Object)
UnityEngine.Logger:Log(LogType, Object)
UnityEngine.Debug:Log(Object)
BirdGame.GameSystem:IsCoverDecoration() (at E:/Unity/Projects/Work/FeatherLandNew/Assets/Scripts/New/Systems/IGameSystem.cs:438)
BirdGame.GameEntry:CheckCursor() (at E:/Unity/Projects/Work/FeatherLandNew/Assets/Scripts/New/ViewController/Game/GameEntry.cs:398)
BirdGame.GameEntry:Update() (at E:/Unity/Projects/Work/FeatherLandNew/Assets/Scripts/New/ViewController/Game/GameEntry.cs:158)

检测到装饰品：Sprite
UnityEngine.DebugLogHandler:Internal_Log(LogType, LogOption, String, Object)
UnityEngine.Logger:Log(LogType, Object)
UnityEngine.Debug:Log(Object)
BirdGame.GameSystem:IsCoverDecoration() (at E:/Unity/Projects/Work/FeatherLandNew/Assets/Scripts/New/Systems/IGameSystem.cs:438)
BirdGame.GameEntry:CheckCursor() (at E:/Unity/Projects/Work/FeatherLandNew/Assets/Scripts/New/ViewController/Game/GameEntry.cs:398)
BirdGame.GameEntry:Update() (at E:/Unity/Projects/Work/FeatherLandNew/Assets/Scripts/New/ViewController/Game/GameEntry.cs:158)

检测到装饰品：Sprite
UnityEngine.DebugLogHandler:Internal_Log(LogType, LogOption, String, Object)
UnityEngine.Logger:Log(LogType, Object)
UnityEngine.Debug:Log(Object)
BirdGame.GameSystem:IsCoverDecoration() (at E:/Unity/Projects/Work/FeatherLandNew/Assets/Scripts/New/Systems/IGameSystem.cs:438)
BirdGame.GameEntry:CheckCursor() (at E:/Unity/Projects/Work/FeatherLandNew/Assets/Scripts/New/ViewController/Game/GameEntry.cs:398)
BirdGame.GameEntry:Update() (at E:/Unity/Projects/Work/FeatherLandNew/Assets/Scripts/New/ViewController/Game/GameEntry.cs:158)

检测到装饰品：Sprite
UnityEngine.DebugLogHandler:Internal_Log(LogType, LogOption, String, Object)
UnityEngine.Logger:Log(LogType, Object)
UnityEngine.Debug:Log(Object)
BirdGame.GameSystem:IsCoverDecoration() (at E:/Unity/Projects/Work/FeatherLandNew/Assets/Scripts/New/Systems/IGameSystem.cs:438)
BirdGame.GameEntry:CheckCursor() (at E:/Unity/Projects/Work/FeatherLandNew/Assets/Scripts/New/ViewController/Game/GameEntry.cs:398)
BirdGame.GameEntry:Update() (at E:/Unity/Projects/Work/FeatherLandNew/Assets/Scripts/New/ViewController/Game/GameEntry.cs:158)

检测到装饰品：Sprite
UnityEngine.DebugLogHandler:Internal_Log(LogType, LogOption, String, Object)
UnityEngine.Logger:Log(LogType, Object)
UnityEngine.Debug:Log(Object)
BirdGame.GameSystem:IsCoverDecoration() (at E:/Unity/Projects/Work/FeatherLandNew/Assets/Scripts/New/Systems/IGameSystem.cs:438)
BirdGame.GameEntry:CheckCursor() (at E:/Unity/Projects/Work/FeatherLandNew/Assets/Scripts/New/ViewController/Game/GameEntry.cs:398)
BirdGame.GameEntry:Update() (at E:/Unity/Projects/Work/FeatherLandNew/Assets/Scripts/New/ViewController/Game/GameEntry.cs:158)

检测到装饰品：Sprite
UnityEngine.DebugLogHandler:Internal_Log(LogType, LogOption, String, Object)
UnityEngine.Logger:Log(LogType, Object)
UnityEngine.Debug:Log(Object)
BirdGame.GameSystem:IsCoverDecoration() (at E:/Unity/Projects/Work/FeatherLandNew/Assets/Scripts/New/Systems/IGameSystem.cs:438)
BirdGame.GameEntry:CheckCursor() (at E:/Unity/Projects/Work/FeatherLandNew/Assets/Scripts/New/ViewController/Game/GameEntry.cs:398)
BirdGame.GameEntry:Update() (at E:/Unity/Projects/Work/FeatherLandNew/Assets/Scripts/New/ViewController/Game/GameEntry.cs:158)

检测到装饰品：Sprite
UnityEngine.DebugLogHandler:Internal_Log(LogType, LogOption, String, Object)
UnityEngine.Logger:Log(LogType, Object)
UnityEngine.Debug:Log(Object)
BirdGame.GameSystem:IsCoverDecoration() (at E:/Unity/Projects/Work/FeatherLandNew/Assets/Scripts/New/Systems/IGameSystem.cs:438)
BirdGame.GameEntry:CheckCursor() (at E:/Unity/Projects/Work/FeatherLandNew/Assets/Scripts/New/ViewController/Game/GameEntry.cs:398)
BirdGame.GameEntry:Update() (at E:/Unity/Projects/Work/FeatherLandNew/Assets/Scripts/New/ViewController/Game/GameEntry.cs:158)

检测到装饰品：Sprite
UnityEngine.DebugLogHandler:Internal_Log(LogType, LogOption, String, Object)
UnityEngine.Logger:Log(LogType, Object)
UnityEngine.Debug:Log(Object)
BirdGame.GameSystem:IsCoverDecoration() (at E:/Unity/Projects/Work/FeatherLandNew/Assets/Scripts/New/Systems/IGameSystem.cs:438)
BirdGame.GameEntry:CheckCursor() (at E:/Unity/Projects/Work/FeatherLandNew/Assets/Scripts/New/ViewController/Game/GameEntry.cs:398)
BirdGame.GameEntry:Update() (at E:/Unity/Projects/Work/FeatherLandNew/Assets/Scripts/New/ViewController/Game/GameEntry.cs:158)

检测到装饰品：Sprite
UnityEngine.DebugLogHandler:Internal_Log(LogType, LogOption, String, Object)
UnityEngine.Logger:Log(LogType, Object)
UnityEngine.Debug:Log(Object)
BirdGame.GameSystem:IsCoverDecoration() (at E:/Unity/Projects/Work/FeatherLandNew/Assets/Scripts/New/Systems/IGameSystem.cs:438)
BirdGame.GameEntry:CheckCursor() (at E:/Unity/Projects/Work/FeatherLandNew/Assets/Scripts/New/ViewController/Game/GameEntry.cs:398)
BirdGame.GameEntry:Update() (at E:/Unity/Projects/Work/FeatherLandNew/Assets/Scripts/New/ViewController/Game/GameEntry.cs:158)

检测到装饰品：Sprite
UnityEngine.DebugLogHandler:Internal_Log(LogType, LogOption, String, Object)
UnityEngine.Logger:Log(LogType, Object)
UnityEngine.Debug:Log(Object)
BirdGame.GameSystem:IsCoverDecoration() (at E:/Unity/Projects/Work/FeatherLandNew/Assets/Scripts/New/Systems/IGameSystem.cs:438)
BirdGame.GameEntry:CheckCursor() (at E:/Unity/Projects/Work/FeatherLandNew/Assets/Scripts/New/ViewController/Game/GameEntry.cs:398)
BirdGame.GameEntry:Update() (at E:/Unity/Projects/Work/FeatherLandNew/Assets/Scripts/New/ViewController/Game/GameEntry.cs:158)

检测到装饰品：Sprite
UnityEngine.DebugLogHandler:Internal_Log(LogType, LogOption, String, Object)
UnityEngine.Logger:Log(LogType, Object)
UnityEngine.Debug:Log(Object)
BirdGame.GameSystem:IsCoverDecoration() (at E:/Unity/Projects/Work/FeatherLandNew/Assets/Scripts/New/Systems/IGameSystem.cs:438)
BirdGame.GameEntry:CheckCursor() (at E:/Unity/Projects/Work/FeatherLandNew/Assets/Scripts/New/ViewController/Game/GameEntry.cs:398)
BirdGame.GameEntry:Update() (at E:/Unity/Projects/Work/FeatherLandNew/Assets/Scripts/New/ViewController/Game/GameEntry.cs:158)

检测到装饰品：Sprite
UnityEngine.DebugLogHandler:Internal_Log(LogType, LogOption, String, Object)
UnityEngine.Logger:Log(LogType, Object)
UnityEngine.Debug:Log(Object)
BirdGame.GameSystem:IsCoverDecoration() (at E:/Unity/Projects/Work/FeatherLandNew/Assets/Scripts/New/Systems/IGameSystem.cs:438)
BirdGame.GameEntry:CheckCursor() (at E:/Unity/Projects/Work/FeatherLandNew/Assets/Scripts/New/ViewController/Game/GameEntry.cs:398)
BirdGame.GameEntry:Update() (at E:/Unity/Projects/Work/FeatherLandNew/Assets/Scripts/New/ViewController/Game/GameEntry.cs:158)

检测到装饰品：Sprite
UnityEngine.DebugLogHandler:Internal_Log(LogType, LogOption, String, Object)
UnityEngine.Logger:Log(LogType, Object)
UnityEngine.Debug:Log(Object)
BirdGame.GameSystem:IsCoverDecoration() (at E:/Unity/Projects/Work/FeatherLandNew/Assets/Scripts/New/Systems/IGameSystem.cs:438)
BirdGame.GameEntry:CheckCursor() (at E:/Unity/Projects/Work/FeatherLandNew/Assets/Scripts/New/ViewController/Game/GameEntry.cs:398)
BirdGame.GameEntry:Update() (at E:/Unity/Projects/Work/FeatherLandNew/Assets/Scripts/New/ViewController/Game/GameEntry.cs:158)

通过范围检测发现装饰品：Sprite
UnityEngine.DebugLogHandler:Internal_Log(LogType, LogOption, String, Object)
UnityEngine.Logger:Log(LogType, Object)
UnityEngine.Debug:Log(Object)
BirdGame.GameSystem:IsCoverDecoration() (at E:/Unity/Projects/Work/FeatherLandNew/Assets/Scripts/New/Systems/IGameSystem.cs:438)
BirdGame.GameEntry:CheckCursor() (at E:/Unity/Projects/Work/FeatherLandNew/Assets/Scripts/New/ViewController/Game/GameEntry.cs:398)
BirdGame.GameEntry:Update() (at E:/Unity/Projects/Work/FeatherLandNew/Assets/Scripts/New/ViewController/Game/GameEntry.cs:158)

通过范围检测发现装饰品：Sprite
UnityEngine.DebugLogHandler:Internal_Log(LogType, LogOption, String, Object)
UnityEngine.Logger:Log(LogType, Object)
UnityEngine.Debug:Log(Object)
BirdGame.GameSystem:IsCoverDecoration() (at E:/Unity/Projects/Work/FeatherLandNew/Assets/Scripts/New/Systems/IGameSystem.cs:438)
BirdGame.GameEntry:CheckCursor() (at E:/Unity/Projects/Work/FeatherLandNew/Assets/Scripts/New/ViewController/Game/GameEntry.cs:398)
BirdGame.GameEntry:Update() (at E:/Unity/Projects/Work/FeatherLandNew/Assets/Scripts/New/ViewController/Game/GameEntry.cs:158)

通过范围检测发现装饰品：Sprite
UnityEngine.DebugLogHandler:Internal_Log(LogType, LogOption, String, Object)
UnityEngine.Logger:Log(LogType, Object)
UnityEngine.Debug:Log(Object)
BirdGame.GameSystem:IsCoverDecoration() (at E:/Unity/Projects/Work/FeatherLandNew/Assets/Scripts/New/Systems/IGameSystem.cs:438)
BirdGame.GameEntry:CheckCursor() (at E:/Unity/Projects/Work/FeatherLandNew/Assets/Scripts/New/ViewController/Game/GameEntry.cs:398)
BirdGame.GameEntry:Update() (at E:/Unity/Projects/Work/FeatherLandNew/Assets/Scripts/New/ViewController/Game/GameEntry.cs:158)

通过范围检测发现装饰品：Sprite
UnityEngine.DebugLogHandler:Internal_Log(LogType, LogOption, String, Object)
UnityEngine.Logger:Log(LogType, Object)
UnityEngine.Debug:Log(Object)
BirdGame.GameSystem:IsCoverDecoration() (at E:/Unity/Projects/Work/FeatherLandNew/Assets/Scripts/New/Systems/IGameSystem.cs:438)
BirdGame.GameEntry:CheckCursor() (at E:/Unity/Projects/Work/FeatherLandNew/Assets/Scripts/New/ViewController/Game/GameEntry.cs:398)
BirdGame.GameEntry:Update() (at E:/Unity/Projects/Work/FeatherLandNew/Assets/Scripts/New/ViewController/Game/GameEntry.cs:158)

通过范围检测发现装饰品：Sprite
UnityEngine.DebugLogHandler:Internal_Log(LogType, LogOption, String, Object)
UnityEngine.Logger:Log(LogType, Object)
UnityEngine.Debug:Log(Object)
BirdGame.GameSystem:IsCoverDecoration() (at E:/Unity/Projects/Work/FeatherLandNew/Assets/Scripts/New/Systems/IGameSystem.cs:438)
BirdGame.GameEntry:CheckCursor() (at E:/Unity/Projects/Work/FeatherLandNew/Assets/Scripts/New/ViewController/Game/GameEntry.cs:398)
BirdGame.GameEntry:Update() (at E:/Unity/Projects/Work/FeatherLandNew/Assets/Scripts/New/ViewController/Game/GameEntry.cs:158)

通过范围检测发现装饰品：Sprite
UnityEngine.DebugLogHandler:Internal_Log(LogType, LogOption, String, Object)
UnityEngine.Logger:Log(LogType, Object)
UnityEngine.Debug:Log(Object)
BirdGame.GameSystem:IsCoverDecoration() (at E:/Unity/Projects/Work/FeatherLandNew/Assets/Scripts/New/Systems/IGameSystem.cs:438)
BirdGame.GameEntry:CheckCursor() (at E:/Unity/Projects/Work/FeatherLandNew/Assets/Scripts/New/ViewController/Game/GameEntry.cs:398)
BirdGame.GameEntry:Update() (at E:/Unity/Projects/Work/FeatherLandNew/Assets/Scripts/New/ViewController/Game/GameEntry.cs:158)

通过范围检测发现装饰品：Sprite
UnityEngine.DebugLogHandler:Internal_Log(LogType, LogOption, String, Object)
UnityEngine.Logger:Log(LogType, Object)
UnityEngine.Debug:Log(Object)
BirdGame.GameSystem:IsCoverDecoration() (at E:/Unity/Projects/Work/FeatherLandNew/Assets/Scripts/New/Systems/IGameSystem.cs:438)
BirdGame.GameEntry:CheckCursor() (at E:/Unity/Projects/Work/FeatherLandNew/Assets/Scripts/New/ViewController/Game/GameEntry.cs:398)
BirdGame.GameEntry:Update() (at E:/Unity/Projects/Work/FeatherLandNew/Assets/Scripts/New/ViewController/Game/GameEntry.cs:158)

通过范围检测发现装饰品：Sprite
UnityEngine.DebugLogHandler:Internal_Log(LogType, LogOption, String, Object)
UnityEngine.Logger:Log(LogType, Object)
UnityEngine.Debug:Log(Object)
BirdGame.GameSystem:IsCoverDecoration() (at E:/Unity/Projects/Work/FeatherLandNew/Assets/Scripts/New/Systems/IGameSystem.cs:438)
BirdGame.GameEntry:CheckCursor() (at E:/Unity/Projects/Work/FeatherLandNew/Assets/Scripts/New/ViewController/Game/GameEntry.cs:398)
BirdGame.GameEntry:Update() (at E:/Unity/Projects/Work/FeatherLandNew/Assets/Scripts/New/ViewController/Game/GameEntry.cs:158)

通过范围检测发现装饰品：Sprite
UnityEngine.DebugLogHandler:Internal_Log(LogType, LogOption, String, Object)
UnityEngine.Logger:Log(LogType, Object)
UnityEngine.Debug:Log(Object)
BirdGame.GameSystem:IsCoverDecoration() (at E:/Unity/Projects/Work/FeatherLandNew/Assets/Scripts/New/Systems/IGameSystem.cs:438)
BirdGame.GameEntry:CheckCursor() (at E:/Unity/Projects/Work/FeatherLandNew/Assets/Scripts/New/ViewController/Game/GameEntry.cs:398)
BirdGame.GameEntry:Update() (at E:/Unity/Projects/Work/FeatherLandNew/Assets/Scripts/New/ViewController/Game/GameEntry.cs:158)

通过范围检测发现装饰品：Sprite
UnityEngine.DebugLogHandler:Internal_Log(LogType, LogOption, String, Object)
UnityEngine.Logger:Log(LogType, Object)
UnityEngine.Debug:Log(Object)
BirdGame.GameSystem:IsCoverDecoration() (at E:/Unity/Projects/Work/FeatherLandNew/Assets/Scripts/New/Systems/IGameSystem.cs:438)
BirdGame.GameEntry:CheckCursor() (at E:/Unity/Projects/Work/FeatherLandNew/Assets/Scripts/New/ViewController/Game/GameEntry.cs:398)
BirdGame.GameEntry:Update() (at E:/Unity/Projects/Work/FeatherLandNew/Assets/Scripts/New/ViewController/Game/GameEntry.cs:158)

通过范围检测发现装饰品：Sprite
UnityEngine.DebugLogHandler:Internal_Log(LogType, LogOption, String, Object)
UnityEngine.Logger:Log(LogType, Object)
UnityEngine.Debug:Log(Object)
BirdGame.GameSystem:IsCoverDecoration() (at E:/Unity/Projects/Work/FeatherLandNew/Assets/Scripts/New/Systems/IGameSystem.cs:438)
BirdGame.GameEntry:CheckCursor() (at E:/Unity/Projects/Work/FeatherLandNew/Assets/Scripts/New/ViewController/Game/GameEntry.cs:398)
BirdGame.GameEntry:Update() (at E:/Unity/Projects/Work/FeatherLandNew/Assets/Scripts/New/ViewController/Game/GameEntry.cs:158)

通过范围检测发现装饰品：Sprite
UnityEngine.DebugLogHandler:Internal_Log(LogType, LogOption, String, Object)
UnityEngine.Logger:Log(LogType, Object)
UnityEngine.Debug:Log(Object)
BirdGame.GameSystem:IsCoverDecoration() (at E:/Unity/Projects/Work/FeatherLandNew/Assets/Scripts/New/Systems/IGameSystem.cs:438)
BirdGame.GameEntry:CheckCursor() (at E:/Unity/Projects/Work/FeatherLandNew/Assets/Scripts/New/ViewController/Game/GameEntry.cs:398)
BirdGame.GameEntry:Update() (at E:/Unity/Projects/Work/FeatherLandNew/Assets/Scripts/New/ViewController/Game/GameEntry.cs:158)

通过范围检测发现装饰品：Sprite
UnityEngine.DebugLogHandler:Internal_Log(LogType, LogOption, String, Object)
UnityEngine.Logger:Log(LogType, Object)
UnityEngine.Debug:Log(Object)
BirdGame.GameSystem:IsCoverDecoration() (at E:/Unity/Projects/Work/FeatherLandNew/Assets/Scripts/New/Systems/IGameSystem.cs:438)
BirdGame.GameEntry:CheckCursor() (at E:/Unity/Projects/Work/FeatherLandNew/Assets/Scripts/New/ViewController/Game/GameEntry.cs:398)
BirdGame.GameEntry:Update() (at E:/Unity/Projects/Work/FeatherLandNew/Assets/Scripts/New/ViewController/Game/GameEntry.cs:158)

检测到装饰品：Sprite
UnityEngine.DebugLogHandler:Internal_Log(LogType, LogOption, String, Object)
UnityEngine.Logger:Log(LogType, Object)
UnityEngine.Debug:Log(Object)
BirdGame.GameSystem:IsCoverDecoration() (at E:/Unity/Projects/Work/FeatherLandNew/Assets/Scripts/New/Systems/IGameSystem.cs:438)
BirdGame.GameEntry:CheckCursor() (at E:/Unity/Projects/Work/FeatherLandNew/Assets/Scripts/New/ViewController/Game/GameEntry.cs:398)
BirdGame.GameEntry:Update() (at E:/Unity/Projects/Work/FeatherLandNew/Assets/Scripts/New/ViewController/Game/GameEntry.cs:158)

检测到装饰品：Sprite
UnityEngine.DebugLogHandler:Internal_Log(LogType, LogOption, String, Object)
UnityEngine.Logger:Log(LogType, Object)
UnityEngine.Debug:Log(Object)
BirdGame.GameSystem:IsCoverDecoration() (at E:/Unity/Projects/Work/FeatherLandNew/Assets/Scripts/New/Systems/IGameSystem.cs:438)
BirdGame.GameEntry:CheckCursor() (at E:/Unity/Projects/Work/FeatherLandNew/Assets/Scripts/New/ViewController/Game/GameEntry.cs:398)
BirdGame.GameEntry:Update() (at E:/Unity/Projects/Work/FeatherLandNew/Assets/Scripts/New/ViewController/Game/GameEntry.cs:158)

检测到装饰品：Sprite
UnityEngine.DebugLogHandler:Internal_Log(LogType, LogOption, String, Object)
UnityEngine.Logger:Log(LogType, Object)
UnityEngine.Debug:Log(Object)
BirdGame.GameSystem:IsCoverDecoration() (at E:/Unity/Projects/Work/FeatherLandNew/Assets/Scripts/New/Systems/IGameSystem.cs:438)
BirdGame.GameEntry:CheckCursor() (at E:/Unity/Projects/Work/FeatherLandNew/Assets/Scripts/New/ViewController/Game/GameEntry.cs:398)
BirdGame.GameEntry:Update() (at E:/Unity/Projects/Work/FeatherLandNew/Assets/Scripts/New/ViewController/Game/GameEntry.cs:158)

检测到装饰品：Sprite
UnityEngine.DebugLogHandler:Internal_Log(LogType, LogOption, String, Object)
UnityEngine.Logger:Log(LogType, Object)
UnityEngine.Debug:Log(Object)
BirdGame.GameSystem:IsCoverDecoration() (at E:/Unity/Projects/Work/FeatherLandNew/Assets/Scripts/New/Systems/IGameSystem.cs:438)
BirdGame.GameEntry:CheckCursor() (at E:/Unity/Projects/Work/FeatherLandNew/Assets/Scripts/New/ViewController/Game/GameEntry.cs:398)
BirdGame.GameEntry:Update() (at E:/Unity/Projects/Work/FeatherLandNew/Assets/Scripts/New/ViewController/Game/GameEntry.cs:158)

检测到装饰品：Sprite
UnityEngine.DebugLogHandler:Internal_Log(LogType, LogOption, String, Object)
UnityEngine.Logger:Log(LogType, Object)
UnityEngine.Debug:Log(Object)
BirdGame.GameSystem:IsCoverDecoration() (at E:/Unity/Projects/Work/FeatherLandNew/Assets/Scripts/New/Systems/IGameSystem.cs:438)
BirdGame.GameEntry:CheckCursor() (at E:/Unity/Projects/Work/FeatherLandNew/Assets/Scripts/New/ViewController/Game/GameEntry.cs:398)
BirdGame.GameEntry:Update() (at E:/Unity/Projects/Work/FeatherLandNew/Assets/Scripts/New/ViewController/Game/GameEntry.cs:158)

检测到装饰品：Sprite
UnityEngine.DebugLogHandler:Internal_Log(LogType, LogOption, String, Object)
UnityEngine.Logger:Log(LogType, Object)
UnityEngine.Debug:Log(Object)
BirdGame.GameSystem:IsCoverDecoration() (at E:/Unity/Projects/Work/FeatherLandNew/Assets/Scripts/New/Systems/IGameSystem.cs:438)
BirdGame.GameEntry:CheckCursor() (at E:/Unity/Projects/Work/FeatherLandNew/Assets/Scripts/New/ViewController/Game/GameEntry.cs:398)
BirdGame.GameEntry:Update() (at E:/Unity/Projects/Work/FeatherLandNew/Assets/Scripts/New/ViewController/Game/GameEntry.cs:158)

检测到装饰品：Sprite
UnityEngine.DebugLogHandler:Internal_Log(LogType, LogOption, String, Object)
UnityEngine.Logger:Log(LogType, Object)
UnityEngine.Debug:Log(Object)
BirdGame.GameSystem:IsCoverDecoration() (at E:/Unity/Projects/Work/FeatherLandNew/Assets/Scripts/New/Systems/IGameSystem.cs:438)
BirdGame.GameEntry:CheckCursor() (at E:/Unity/Projects/Work/FeatherLandNew/Assets/Scripts/New/ViewController/Game/GameEntry.cs:398)
BirdGame.GameEntry:Update() (at E:/Unity/Projects/Work/FeatherLandNew/Assets/Scripts/New/ViewController/Game/GameEntry.cs:158)

检测到装饰品：Sprite
UnityEngine.DebugLogHandler:Internal_Log(LogType, LogOption, String, Object)
UnityEngine.Logger:Log(LogType, Object)
UnityEngine.Debug:Log(Object)
BirdGame.GameSystem:IsCoverDecoration() (at E:/Unity/Projects/Work/FeatherLandNew/Assets/Scripts/New/Systems/IGameSystem.cs:438)
BirdGame.GameEntry:CheckCursor() (at E:/Unity/Projects/Work/FeatherLandNew/Assets/Scripts/New/ViewController/Game/GameEntry.cs:398)
BirdGame.GameEntry:Update() (at E:/Unity/Projects/Work/FeatherLandNew/Assets/Scripts/New/ViewController/Game/GameEntry.cs:158)

检测到装饰品：Sprite
UnityEngine.DebugLogHandler:Internal_Log(LogType, LogOption, String, Object)
UnityEngine.Logger:Log(LogType, Object)
UnityEngine.Debug:Log(Object)
BirdGame.GameSystem:IsCoverDecoration() (at E:/Unity/Projects/Work/FeatherLandNew/Assets/Scripts/New/Systems/IGameSystem.cs:438)
BirdGame.GameEntry:CheckCursor() (at E:/Unity/Projects/Work/FeatherLandNew/Assets/Scripts/New/ViewController/Game/GameEntry.cs:398)
BirdGame.GameEntry:Update() (at E:/Unity/Projects/Work/FeatherLandNew/Assets/Scripts/New/ViewController/Game/GameEntry.cs:158)

检测到装饰品：Sprite
UnityEngine.DebugLogHandler:Internal_Log(LogType, LogOption, String, Object)
UnityEngine.Logger:Log(LogType, Object)
UnityEngine.Debug:Log(Object)
BirdGame.GameSystem:IsCoverDecoration() (at E:/Unity/Projects/Work/FeatherLandNew/Assets/Scripts/New/Systems/IGameSystem.cs:438)
BirdGame.GameEntry:CheckCursor() (at E:/Unity/Projects/Work/FeatherLandNew/Assets/Scripts/New/ViewController/Game/GameEntry.cs:398)
BirdGame.GameEntry:Update() (at E:/Unity/Projects/Work/FeatherLandNew/Assets/Scripts/New/ViewController/Game/GameEntry.cs:158)

检测到装饰品：Sprite
UnityEngine.DebugLogHandler:Internal_Log(LogType, LogOption, String, Object)
UnityEngine.Logger:Log(LogType, Object)
UnityEngine.Debug:Log(Object)
BirdGame.GameSystem:IsCoverDecoration() (at E:/Unity/Projects/Work/FeatherLandNew/Assets/Scripts/New/Systems/IGameSystem.cs:438)
BirdGame.GameEntry:CheckCursor() (at E:/Unity/Projects/Work/FeatherLandNew/Assets/Scripts/New/ViewController/Game/GameEntry.cs:398)
BirdGame.GameEntry:Update() (at E:/Unity/Projects/Work/FeatherLandNew/Assets/Scripts/New/ViewController/Game/GameEntry.cs:158)

检测到装饰品：Sprite
UnityEngine.DebugLogHandler:Internal_Log(LogType, LogOption, String, Object)
UnityEngine.Logger:Log(LogType, Object)
UnityEngine.Debug:Log(Object)
BirdGame.GameSystem:IsCoverDecoration() (at E:/Unity/Projects/Work/FeatherLandNew/Assets/Scripts/New/Systems/IGameSystem.cs:438)
BirdGame.GameEntry:CheckCursor() (at E:/Unity/Projects/Work/FeatherLandNew/Assets/Scripts/New/ViewController/Game/GameEntry.cs:398)
BirdGame.GameEntry:Update() (at E:/Unity/Projects/Work/FeatherLandNew/Assets/Scripts/New/ViewController/Game/GameEntry.cs:158)

检测到装饰品：Sprite
UnityEngine.DebugLogHandler:Internal_Log(LogType, LogOption, String, Object)
UnityEngine.Logger:Log(LogType, Object)
UnityEngine.Debug:Log(Object)
BirdGame.GameSystem:IsCoverDecoration() (at E:/Unity/Projects/Work/FeatherLandNew/Assets/Scripts/New/Systems/IGameSystem.cs:438)
BirdGame.GameEntry:CheckCursor() (at E:/Unity/Projects/Work/FeatherLandNew/Assets/Scripts/New/ViewController/Game/GameEntry.cs:398)
BirdGame.GameEntry:Update() (at E:/Unity/Projects/Work/FeatherLandNew/Assets/Scripts/New/ViewController/Game/GameEntry.cs:158)

通过范围检测发现装饰品：Sprite
UnityEngine.DebugLogHandler:Internal_Log(LogType, LogOption, String, Object)
UnityEngine.Logger:Log(LogType, Object)
UnityEngine.Debug:Log(Object)
BirdGame.GameSystem:IsCoverDecoration() (at E:/Unity/Projects/Work/FeatherLandNew/Assets/Scripts/New/Systems/IGameSystem.cs:438)
BirdGame.GameEntry:CheckCursor() (at E:/Unity/Projects/Work/FeatherLandNew/Assets/Scripts/New/ViewController/Game/GameEntry.cs:398)
BirdGame.GameEntry:Update() (at E:/Unity/Projects/Work/FeatherLandNew/Assets/Scripts/New/ViewController/Game/GameEntry.cs:158)

通过范围检测发现装饰品：Sprite
UnityEngine.DebugLogHandler:Internal_Log(LogType, LogOption, String, Object)
UnityEngine.Logger:Log(LogType, Object)
UnityEngine.Debug:Log(Object)
BirdGame.GameSystem:IsCoverDecoration() (at E:/Unity/Projects/Work/FeatherLandNew/Assets/Scripts/New/Systems/IGameSystem.cs:438)
BirdGame.GameEntry:CheckCursor() (at E:/Unity/Projects/Work/FeatherLandNew/Assets/Scripts/New/ViewController/Game/GameEntry.cs:398)
BirdGame.GameEntry:Update() (at E:/Unity/Projects/Work/FeatherLandNew/Assets/Scripts/New/ViewController/Game/GameEntry.cs:158)

通过范围检测发现装饰品：Sprite
UnityEngine.DebugLogHandler:Internal_Log(LogType, LogOption, String, Object)
UnityEngine.Logger:Log(LogType, Object)
UnityEngine.Debug:Log(Object)
BirdGame.GameSystem:IsCoverDecoration() (at E:/Unity/Projects/Work/FeatherLandNew/Assets/Scripts/New/Systems/IGameSystem.cs:438)
BirdGame.GameEntry:CheckCursor() (at E:/Unity/Projects/Work/FeatherLandNew/Assets/Scripts/New/ViewController/Game/GameEntry.cs:398)
BirdGame.GameEntry:Update() (at E:/Unity/Projects/Work/FeatherLandNew/Assets/Scripts/New/ViewController/Game/GameEntry.cs:158)

通过范围检测发现装饰品：Sprite
UnityEngine.DebugLogHandler:Internal_Log(LogType, LogOption, String, Object)
UnityEngine.Logger:Log(LogType, Object)
UnityEngine.Debug:Log(Object)
BirdGame.GameSystem:IsCoverDecoration() (at E:/Unity/Projects/Work/FeatherLandNew/Assets/Scripts/New/Systems/IGameSystem.cs:438)
BirdGame.GameEntry:CheckCursor() (at E:/Unity/Projects/Work/FeatherLandNew/Assets/Scripts/New/ViewController/Game/GameEntry.cs:398)
BirdGame.GameEntry:Update() (at E:/Unity/Projects/Work/FeatherLandNew/Assets/Scripts/New/ViewController/Game/GameEntry.cs:158)

检测到装饰品：Sprite
UnityEngine.DebugLogHandler:Internal_Log(LogType, LogOption, String, Object)
UnityEngine.Logger:Log(LogType, Object)
UnityEngine.Debug:Log(Object)
BirdGame.GameSystem:IsCoverDecoration() (at E:/Unity/Projects/Work/FeatherLandNew/Assets/Scripts/New/Systems/IGameSystem.cs:438)
BirdGame.GameEntry:CheckCursor() (at E:/Unity/Projects/Work/FeatherLandNew/Assets/Scripts/New/ViewController/Game/GameEntry.cs:398)
BirdGame.GameEntry:Update() (at E:/Unity/Projects/Work/FeatherLandNew/Assets/Scripts/New/ViewController/Game/GameEntry.cs:158)

检测到装饰品：Sprite
UnityEngine.DebugLogHandler:Internal_Log(LogType, LogOption, String, Object)
UnityEngine.Logger:Log(LogType, Object)
UnityEngine.Debug:Log(Object)
BirdGame.GameSystem:IsCoverDecoration() (at E:/Unity/Projects/Work/FeatherLandNew/Assets/Scripts/New/Systems/IGameSystem.cs:438)
BirdGame.GameEntry:CheckCursor() (at E:/Unity/Projects/Work/FeatherLandNew/Assets/Scripts/New/ViewController/Game/GameEntry.cs:398)
BirdGame.GameEntry:Update() (at E:/Unity/Projects/Work/FeatherLandNew/Assets/Scripts/New/ViewController/Game/GameEntry.cs:158)

检测到装饰品：Sprite
UnityEngine.DebugLogHandler:Internal_Log(LogType, LogOption, String, Object)
UnityEngine.Logger:Log(LogType, Object)
UnityEngine.Debug:Log(Object)
BirdGame.GameSystem:IsCoverDecoration() (at E:/Unity/Projects/Work/FeatherLandNew/Assets/Scripts/New/Systems/IGameSystem.cs:438)
BirdGame.GameEntry:CheckCursor() (at E:/Unity/Projects/Work/FeatherLandNew/Assets/Scripts/New/ViewController/Game/GameEntry.cs:398)
BirdGame.GameEntry:Update() (at E:/Unity/Projects/Work/FeatherLandNew/Assets/Scripts/New/ViewController/Game/GameEntry.cs:158)

检测到装饰品：Sprite
UnityEngine.DebugLogHandler:Internal_Log(LogType, LogOption, String, Object)
UnityEngine.Logger:Log(LogType, Object)
UnityEngine.Debug:Log(Object)
BirdGame.GameSystem:IsCoverDecoration() (at E:/Unity/Projects/Work/FeatherLandNew/Assets/Scripts/New/Systems/IGameSystem.cs:438)
BirdGame.GameEntry:CheckCursor() (at E:/Unity/Projects/Work/FeatherLandNew/Assets/Scripts/New/ViewController/Game/GameEntry.cs:398)
BirdGame.GameEntry:Update() (at E:/Unity/Projects/Work/FeatherLandNew/Assets/Scripts/New/ViewController/Game/GameEntry.cs:158)

检测到装饰品：Sprite
UnityEngine.DebugLogHandler:Internal_Log(LogType, LogOption, String, Object)
UnityEngine.Logger:Log(LogType, Object)
UnityEngine.Debug:Log(Object)
BirdGame.GameSystem:IsCoverDecoration() (at E:/Unity/Projects/Work/FeatherLandNew/Assets/Scripts/New/Systems/IGameSystem.cs:438)
BirdGame.GameEntry:CheckCursor() (at E:/Unity/Projects/Work/FeatherLandNew/Assets/Scripts/New/ViewController/Game/GameEntry.cs:398)
BirdGame.GameEntry:Update() (at E:/Unity/Projects/Work/FeatherLandNew/Assets/Scripts/New/ViewController/Game/GameEntry.cs:158)

检测到装饰品：Sprite
UnityEngine.DebugLogHandler:Internal_Log(LogType, LogOption, String, Object)
UnityEngine.Logger:Log(LogType, Object)
UnityEngine.Debug:Log(Object)
BirdGame.GameSystem:IsCoverDecoration() (at E:/Unity/Projects/Work/FeatherLandNew/Assets/Scripts/New/Systems/IGameSystem.cs:438)
BirdGame.GameEntry:CheckCursor() (at E:/Unity/Projects/Work/FeatherLandNew/Assets/Scripts/New/ViewController/Game/GameEntry.cs:398)
BirdGame.GameEntry:Update() (at E:/Unity/Projects/Work/FeatherLandNew/Assets/Scripts/New/ViewController/Game/GameEntry.cs:158)

检测到装饰品：Sprite
UnityEngine.DebugLogHandler:Internal_Log(LogType, LogOption, String, Object)
UnityEngine.Logger:Log(LogType, Object)
UnityEngine.Debug:Log(Object)
BirdGame.GameSystem:IsCoverDecoration() (at E:/Unity/Projects/Work/FeatherLandNew/Assets/Scripts/New/Systems/IGameSystem.cs:438)
BirdGame.GameEntry:CheckCursor() (at E:/Unity/Projects/Work/FeatherLandNew/Assets/Scripts/New/ViewController/Game/GameEntry.cs:398)
BirdGame.GameEntry:Update() (at E:/Unity/Projects/Work/FeatherLandNew/Assets/Scripts/New/ViewController/Game/GameEntry.cs:158)

检测到装饰品：Sprite
UnityEngine.DebugLogHandler:Internal_Log(LogType, LogOption, String, Object)
UnityEngine.Logger:Log(LogType, Object)
UnityEngine.Debug:Log(Object)
BirdGame.GameSystem:IsCoverDecoration() (at E:/Unity/Projects/Work/FeatherLandNew/Assets/Scripts/New/Systems/IGameSystem.cs:438)
BirdGame.GameEntry:CheckCursor() (at E:/Unity/Projects/Work/FeatherLandNew/Assets/Scripts/New/ViewController/Game/GameEntry.cs:398)
BirdGame.GameEntry:Update() (at E:/Unity/Projects/Work/FeatherLandNew/Assets/Scripts/New/ViewController/Game/GameEntry.cs:158)

检测到装饰品：Sprite
UnityEngine.DebugLogHandler:Internal_Log(LogType, LogOption, String, Object)
UnityEngine.Logger:Log(LogType, Object)
UnityEngine.Debug:Log(Object)
BirdGame.GameSystem:IsCoverDecoration() (at E:/Unity/Projects/Work/FeatherLandNew/Assets/Scripts/New/Systems/IGameSystem.cs:438)
BirdGame.GameEntry:CheckCursor() (at E:/Unity/Projects/Work/FeatherLandNew/Assets/Scripts/New/ViewController/Game/GameEntry.cs:398)
BirdGame.GameEntry:Update() (at E:/Unity/Projects/Work/FeatherLandNew/Assets/Scripts/New/ViewController/Game/GameEntry.cs:158)

检测到装饰品：Sprite
UnityEngine.DebugLogHandler:Internal_Log(LogType, LogOption, String, Object)
UnityEngine.Logger:Log(LogType, Object)
UnityEngine.Debug:Log(Object)
BirdGame.GameSystem:IsCoverDecoration() (at E:/Unity/Projects/Work/FeatherLandNew/Assets/Scripts/New/Systems/IGameSystem.cs:438)
BirdGame.GameEntry:CheckCursor() (at E:/Unity/Projects/Work/FeatherLandNew/Assets/Scripts/New/ViewController/Game/GameEntry.cs:398)
BirdGame.GameEntry:Update() (at E:/Unity/Projects/Work/FeatherLandNew/Assets/Scripts/New/ViewController/Game/GameEntry.cs:158)

检测到装饰品：Sprite
UnityEngine.DebugLogHandler:Internal_Log(LogType, LogOption, String, Object)
UnityEngine.Logger:Log(LogType, Object)
UnityEngine.Debug:Log(Object)
BirdGame.GameSystem:IsCoverDecoration() (at E:/Unity/Projects/Work/FeatherLandNew/Assets/Scripts/New/Systems/IGameSystem.cs:438)
BirdGame.GameEntry:CheckCursor() (at E:/Unity/Projects/Work/FeatherLandNew/Assets/Scripts/New/ViewController/Game/GameEntry.cs:398)
BirdGame.GameEntry:Update() (at E:/Unity/Projects/Work/FeatherLandNew/Assets/Scripts/New/ViewController/Game/GameEntry.cs:158)

检测到装饰品：Sprite
UnityEngine.DebugLogHandler:Internal_Log(LogType, LogOption, String, Object)
UnityEngine.Logger:Log(LogType, Object)
UnityEngine.Debug:Log(Object)
BirdGame.GameSystem:IsCoverDecoration() (at E:/Unity/Projects/Work/FeatherLandNew/Assets/Scripts/New/Systems/IGameSystem.cs:438)
BirdGame.GameEntry:CheckCursor() (at E:/Unity/Projects/Work/FeatherLandNew/Assets/Scripts/New/ViewController/Game/GameEntry.cs:398)
BirdGame.GameEntry:Update() (at E:/Unity/Projects/Work/FeatherLandNew/Assets/Scripts/New/ViewController/Game/GameEntry.cs:158)

检测到装饰品：Sprite
UnityEngine.DebugLogHandler:Internal_Log(LogType, LogOption, String, Object)
UnityEngine.Logger:Log(LogType, Object)
UnityEngine.Debug:Log(Object)
BirdGame.GameSystem:IsCoverDecoration() (at E:/Unity/Projects/Work/FeatherLandNew/Assets/Scripts/New/Systems/IGameSystem.cs:438)
BirdGame.GameEntry:CheckCursor() (at E:/Unity/Projects/Work/FeatherLandNew/Assets/Scripts/New/ViewController/Game/GameEntry.cs:398)
BirdGame.GameEntry:Update() (at E:/Unity/Projects/Work/FeatherLandNew/Assets/Scripts/New/ViewController/Game/GameEntry.cs:158)

检测到装饰品：Sprite
UnityEngine.DebugLogHandler:Internal_Log(LogType, LogOption, String, Object)
UnityEngine.Logger:Log(LogType, Object)
UnityEngine.Debug:Log(Object)
BirdGame.GameSystem:IsCoverDecoration() (at E:/Unity/Projects/Work/FeatherLandNew/Assets/Scripts/New/Systems/IGameSystem.cs:438)
BirdGame.GameEntry:CheckCursor() (at E:/Unity/Projects/Work/FeatherLandNew/Assets/Scripts/New/ViewController/Game/GameEntry.cs:398)
BirdGame.GameEntry:Update() (at E:/Unity/Projects/Work/FeatherLandNew/Assets/Scripts/New/ViewController/Game/GameEntry.cs:158)

检测到装饰品：Sprite
UnityEngine.DebugLogHandler:Internal_Log(LogType, LogOption, String, Object)
UnityEngine.Logger:Log(LogType, Object)
UnityEngine.Debug:Log(Object)
BirdGame.GameSystem:IsCoverDecoration() (at E:/Unity/Projects/Work/FeatherLandNew/Assets/Scripts/New/Systems/IGameSystem.cs:438)
BirdGame.GameEntry:CheckCursor() (at E:/Unity/Projects/Work/FeatherLandNew/Assets/Scripts/New/ViewController/Game/GameEntry.cs:398)
BirdGame.GameEntry:Update() (at E:/Unity/Projects/Work/FeatherLandNew/Assets/Scripts/New/ViewController/Game/GameEntry.cs:158)

检测到装饰品：Sprite
UnityEngine.DebugLogHandler:Internal_Log(LogType, LogOption, String, Object)
UnityEngine.Logger:Log(LogType, Object)
UnityEngine.Debug:Log(Object)
BirdGame.GameSystem:IsCoverDecoration() (at E:/Unity/Projects/Work/FeatherLandNew/Assets/Scripts/New/Systems/IGameSystem.cs:438)
BirdGame.GameEntry:CheckCursor() (at E:/Unity/Projects/Work/FeatherLandNew/Assets/Scripts/New/ViewController/Game/GameEntry.cs:398)
BirdGame.GameEntry:Update() (at E:/Unity/Projects/Work/FeatherLandNew/Assets/Scripts/New/ViewController/Game/GameEntry.cs:158)

检测到装饰品：Sprite
UnityEngine.DebugLogHandler:Internal_Log(LogType, LogOption, String, Object)
UnityEngine.Logger:Log(LogType, Object)
UnityEngine.Debug:Log(Object)
BirdGame.GameSystem:IsCoverDecoration() (at E:/Unity/Projects/Work/FeatherLandNew/Assets/Scripts/New/Systems/IGameSystem.cs:438)
BirdGame.GameEntry:CheckCursor() (at E:/Unity/Projects/Work/FeatherLandNew/Assets/Scripts/New/ViewController/Game/GameEntry.cs:398)
BirdGame.GameEntry:Update() (at E:/Unity/Projects/Work/FeatherLandNew/Assets/Scripts/New/ViewController/Game/GameEntry.cs:158)

检测到装饰品：Sprite
UnityEngine.DebugLogHandler:Internal_Log(LogType, LogOption, String, Object)
UnityEngine.Logger:Log(LogType, Object)
UnityEngine.Debug:Log(Object)
BirdGame.GameSystem:IsCoverDecoration() (at E:/Unity/Projects/Work/FeatherLandNew/Assets/Scripts/New/Systems/IGameSystem.cs:438)
BirdGame.GameEntry:CheckCursor() (at E:/Unity/Projects/Work/FeatherLandNew/Assets/Scripts/New/ViewController/Game/GameEntry.cs:398)
BirdGame.GameEntry:Update() (at E:/Unity/Projects/Work/FeatherLandNew/Assets/Scripts/New/ViewController/Game/GameEntry.cs:158)

检测到装饰品：Sprite
UnityEngine.DebugLogHandler:Internal_Log(LogType, LogOption, String, Object)
UnityEngine.Logger:Log(LogType, Object)
UnityEngine.Debug:Log(Object)
BirdGame.GameSystem:IsCoverDecoration() (at E:/Unity/Projects/Work/FeatherLandNew/Assets/Scripts/New/Systems/IGameSystem.cs:438)
BirdGame.GameEntry:CheckCursor() (at E:/Unity/Projects/Work/FeatherLandNew/Assets/Scripts/New/ViewController/Game/GameEntry.cs:398)
BirdGame.GameEntry:Update() (at E:/Unity/Projects/Work/FeatherLandNew/Assets/Scripts/New/ViewController/Game/GameEntry.cs:158)

检测到装饰品：Sprite
UnityEngine.DebugLogHandler:Internal_Log(LogType, LogOption, String, Object)
UnityEngine.Logger:Log(LogType, Object)
UnityEngine.Debug:Log(Object)
BirdGame.GameSystem:IsCoverDecoration() (at E:/Unity/Projects/Work/FeatherLandNew/Assets/Scripts/New/Systems/IGameSystem.cs:438)
BirdGame.GameEntry:CheckCursor() (at E:/Unity/Projects/Work/FeatherLandNew/Assets/Scripts/New/ViewController/Game/GameEntry.cs:398)
BirdGame.GameEntry:Update() (at E:/Unity/Projects/Work/FeatherLandNew/Assets/Scripts/New/ViewController/Game/GameEntry.cs:158)

检测到装饰品：Sprite
UnityEngine.DebugLogHandler:Internal_Log(LogType, LogOption, String, Object)
UnityEngine.Logger:Log(LogType, Object)
UnityEngine.Debug:Log(Object)
BirdGame.GameSystem:IsCoverDecoration() (at E:/Unity/Projects/Work/FeatherLandNew/Assets/Scripts/New/Systems/IGameSystem.cs:438)
BirdGame.GameEntry:CheckCursor() (at E:/Unity/Projects/Work/FeatherLandNew/Assets/Scripts/New/ViewController/Game/GameEntry.cs:398)
BirdGame.GameEntry:Update() (at E:/Unity/Projects/Work/FeatherLandNew/Assets/Scripts/New/ViewController/Game/GameEntry.cs:158)

检测到装饰品：Sprite
UnityEngine.DebugLogHandler:Internal_Log(LogType, LogOption, String, Object)
UnityEngine.Logger:Log(LogType, Object)
UnityEngine.Debug:Log(Object)
BirdGame.GameSystem:IsCoverDecoration() (at E:/Unity/Projects/Work/FeatherLandNew/Assets/Scripts/New/Systems/IGameSystem.cs:438)
BirdGame.GameEntry:CheckCursor() (at E:/Unity/Projects/Work/FeatherLandNew/Assets/Scripts/New/ViewController/Game/GameEntry.cs:398)
BirdGame.GameEntry:Update() (at E:/Unity/Projects/Work/FeatherLandNew/Assets/Scripts/New/ViewController/Game/GameEntry.cs:158)

检测到装饰品：Sprite
UnityEngine.DebugLogHandler:Internal_Log(LogType, LogOption, String, Object)
UnityEngine.Logger:Log(LogType, Object)
UnityEngine.Debug:Log(Object)
BirdGame.GameSystem:IsCoverDecoration() (at E:/Unity/Projects/Work/FeatherLandNew/Assets/Scripts/New/Systems/IGameSystem.cs:438)
BirdGame.GameEntry:CheckCursor() (at E:/Unity/Projects/Work/FeatherLandNew/Assets/Scripts/New/ViewController/Game/GameEntry.cs:398)
BirdGame.GameEntry:Update() (at E:/Unity/Projects/Work/FeatherLandNew/Assets/Scripts/New/ViewController/Game/GameEntry.cs:158)

检测到装饰品：Sprite
UnityEngine.DebugLogHandler:Internal_Log(LogType, LogOption, String, Object)
UnityEngine.Logger:Log(LogType, Object)
UnityEngine.Debug:Log(Object)
BirdGame.GameSystem:IsCoverDecoration() (at E:/Unity/Projects/Work/FeatherLandNew/Assets/Scripts/New/Systems/IGameSystem.cs:438)
BirdGame.GameEntry:CheckCursor() (at E:/Unity/Projects/Work/FeatherLandNew/Assets/Scripts/New/ViewController/Game/GameEntry.cs:398)
BirdGame.GameEntry:Update() (at E:/Unity/Projects/Work/FeatherLandNew/Assets/Scripts/New/ViewController/Game/GameEntry.cs:158)

通过范围检测发现装饰品：Sprite
UnityEngine.DebugLogHandler:Internal_Log(LogType, LogOption, String, Object)
UnityEngine.Logger:Log(LogType, Object)
UnityEngine.Debug:Log(Object)
BirdGame.GameSystem:IsCoverDecoration() (at E:/Unity/Projects/Work/FeatherLandNew/Assets/Scripts/New/Systems/IGameSystem.cs:438)
BirdGame.GameEntry:CheckCursor() (at E:/Unity/Projects/Work/FeatherLandNew/Assets/Scripts/New/ViewController/Game/GameEntry.cs:398)
BirdGame.GameEntry:Update() (at E:/Unity/Projects/Work/FeatherLandNew/Assets/Scripts/New/ViewController/Game/GameEntry.cs:158)

通过范围检测发现装饰品：Sprite
UnityEngine.DebugLogHandler:Internal_Log(LogType, LogOption, String, Object)
UnityEngine.Logger:Log(LogType, Object)
UnityEngine.Debug:Log(Object)
BirdGame.GameSystem:IsCoverDecoration() (at E:/Unity/Projects/Work/FeatherLandNew/Assets/Scripts/New/Systems/IGameSystem.cs:438)
BirdGame.GameEntry:CheckCursor() (at E:/Unity/Projects/Work/FeatherLandNew/Assets/Scripts/New/ViewController/Game/GameEntry.cs:398)
BirdGame.GameEntry:Update() (at E:/Unity/Projects/Work/FeatherLandNew/Assets/Scripts/New/ViewController/Game/GameEntry.cs:158)

通过范围检测发现装饰品：Sprite
UnityEngine.DebugLogHandler:Internal_Log(LogType, LogOption, String, Object)
UnityEngine.Logger:Log(LogType, Object)
UnityEngine.Debug:Log(Object)
BirdGame.GameSystem:IsCoverDecoration() (at E:/Unity/Projects/Work/FeatherLandNew/Assets/Scripts/New/Systems/IGameSystem.cs:438)
BirdGame.GameEntry:CheckCursor() (at E:/Unity/Projects/Work/FeatherLandNew/Assets/Scripts/New/ViewController/Game/GameEntry.cs:398)
BirdGame.GameEntry:Update() (at E:/Unity/Projects/Work/FeatherLandNew/Assets/Scripts/New/ViewController/Game/GameEntry.cs:158)

通过范围检测发现装饰品：Sprite
UnityEngine.DebugLogHandler:Internal_Log(LogType, LogOption, String, Object)
UnityEngine.Logger:Log(LogType, Object)
UnityEngine.Debug:Log(Object)
BirdGame.GameSystem:IsCoverDecoration() (at E:/Unity/Projects/Work/FeatherLandNew/Assets/Scripts/New/Systems/IGameSystem.cs:438)
BirdGame.GameEntry:CheckCursor() (at E:/Unity/Projects/Work/FeatherLandNew/Assets/Scripts/New/ViewController/Game/GameEntry.cs:398)
BirdGame.GameEntry:Update() (at E:/Unity/Projects/Work/FeatherLandNew/Assets/Scripts/New/ViewController/Game/GameEntry.cs:158)

通过范围检测发现装饰品：Sprite
UnityEngine.DebugLogHandler:Internal_Log(LogType, LogOption, String, Object)
UnityEngine.Logger:Log(LogType, Object)
UnityEngine.Debug:Log(Object)
BirdGame.GameSystem:IsCoverDecoration() (at E:/Unity/Projects/Work/FeatherLandNew/Assets/Scripts/New/Systems/IGameSystem.cs:438)
BirdGame.GameEntry:CheckCursor() (at E:/Unity/Projects/Work/FeatherLandNew/Assets/Scripts/New/ViewController/Game/GameEntry.cs:398)
BirdGame.GameEntry:Update() (at E:/Unity/Projects/Work/FeatherLandNew/Assets/Scripts/New/ViewController/Game/GameEntry.cs:158)

通过范围检测发现装饰品：Sprite
UnityEngine.DebugLogHandler:Internal_Log(LogType, LogOption, String, Object)
UnityEngine.Logger:Log(LogType, Object)
UnityEngine.Debug:Log(Object)
BirdGame.GameSystem:IsCoverDecoration() (at E:/Unity/Projects/Work/FeatherLandNew/Assets/Scripts/New/Systems/IGameSystem.cs:438)
BirdGame.GameEntry:CheckCursor() (at E:/Unity/Projects/Work/FeatherLandNew/Assets/Scripts/New/ViewController/Game/GameEntry.cs:398)
BirdGame.GameEntry:Update() (at E:/Unity/Projects/Work/FeatherLandNew/Assets/Scripts/New/ViewController/Game/GameEntry.cs:158)

通过范围检测发现装饰品：Sprite
UnityEngine.DebugLogHandler:Internal_Log(LogType, LogOption, String, Object)
UnityEngine.Logger:Log(LogType, Object)
UnityEngine.Debug:Log(Object)
BirdGame.GameSystem:IsCoverDecoration() (at E:/Unity/Projects/Work/FeatherLandNew/Assets/Scripts/New/Systems/IGameSystem.cs:438)
BirdGame.GameEntry:CheckCursor() (at E:/Unity/Projects/Work/FeatherLandNew/Assets/Scripts/New/ViewController/Game/GameEntry.cs:398)
BirdGame.GameEntry:Update() (at E:/Unity/Projects/Work/FeatherLandNew/Assets/Scripts/New/ViewController/Game/GameEntry.cs:158)

通过范围检测发现装饰品：Sprite
UnityEngine.DebugLogHandler:Internal_Log(LogType, LogOption, String, Object)
UnityEngine.Logger:Log(LogType, Object)
UnityEngine.Debug:Log(Object)
BirdGame.GameSystem:IsCoverDecoration() (at E:/Unity/Projects/Work/FeatherLandNew/Assets/Scripts/New/Systems/IGameSystem.cs:438)
BirdGame.GameEntry:CheckCursor() (at E:/Unity/Projects/Work/FeatherLandNew/Assets/Scripts/New/ViewController/Game/GameEntry.cs:398)
BirdGame.GameEntry:Update() (at E:/Unity/Projects/Work/FeatherLandNew/Assets/Scripts/New/ViewController/Game/GameEntry.cs:158)

通过范围检测发现装饰品：Sprite
UnityEngine.DebugLogHandler:Internal_Log(LogType, LogOption, String, Object)
UnityEngine.Logger:Log(LogType, Object)
UnityEngine.Debug:Log(Object)
BirdGame.GameSystem:IsCoverDecoration() (at E:/Unity/Projects/Work/FeatherLandNew/Assets/Scripts/New/Systems/IGameSystem.cs:438)
BirdGame.GameEntry:CheckCursor() (at E:/Unity/Projects/Work/FeatherLandNew/Assets/Scripts/New/ViewController/Game/GameEntry.cs:398)
BirdGame.GameEntry:Update() (at E:/Unity/Projects/Work/FeatherLandNew/Assets/Scripts/New/ViewController/Game/GameEntry.cs:158)

通过范围检测发现装饰品：Sprite
UnityEngine.DebugLogHandler:Internal_Log(LogType, LogOption, String, Object)
UnityEngine.Logger:Log(LogType, Object)
UnityEngine.Debug:Log(Object)
BirdGame.GameSystem:IsCoverDecoration() (at E:/Unity/Projects/Work/FeatherLandNew/Assets/Scripts/New/Systems/IGameSystem.cs:438)
BirdGame.GameEntry:CheckCursor() (at E:/Unity/Projects/Work/FeatherLandNew/Assets/Scripts/New/ViewController/Game/GameEntry.cs:398)
BirdGame.GameEntry:Update() (at E:/Unity/Projects/Work/FeatherLandNew/Assets/Scripts/New/ViewController/Game/GameEntry.cs:158)

通过范围检测发现装饰品：Sprite
UnityEngine.DebugLogHandler:Internal_Log(LogType, LogOption, String, Object)
UnityEngine.Logger:Log(LogType, Object)
UnityEngine.Debug:Log(Object)
BirdGame.GameSystem:IsCoverDecoration() (at E:/Unity/Projects/Work/FeatherLandNew/Assets/Scripts/New/Systems/IGameSystem.cs:438)
BirdGame.GameEntry:CheckCursor() (at E:/Unity/Projects/Work/FeatherLandNew/Assets/Scripts/New/ViewController/Game/GameEntry.cs:398)
BirdGame.GameEntry:Update() (at E:/Unity/Projects/Work/FeatherLandNew/Assets/Scripts/New/ViewController/Game/GameEntry.cs:158)

通过范围检测发现装饰品：Sprite
UnityEngine.DebugLogHandler:Internal_Log(LogType, LogOption, String, Object)
UnityEngine.Logger:Log(LogType, Object)
UnityEngine.Debug:Log(Object)
BirdGame.GameSystem:IsCoverDecoration() (at E:/Unity/Projects/Work/FeatherLandNew/Assets/Scripts/New/Systems/IGameSystem.cs:438)
BirdGame.GameEntry:CheckCursor() (at E:/Unity/Projects/Work/FeatherLandNew/Assets/Scripts/New/ViewController/Game/GameEntry.cs:398)
BirdGame.GameEntry:Update() (at E:/Unity/Projects/Work/FeatherLandNew/Assets/Scripts/New/ViewController/Game/GameEntry.cs:158)

检测到装饰品：Sprite
UnityEngine.DebugLogHandler:Internal_Log(LogType, LogOption, String, Object)
UnityEngine.Logger:Log(LogType, Object)
UnityEngine.Debug:Log(Object)
BirdGame.GameSystem:IsCoverDecoration() (at E:/Unity/Projects/Work/FeatherLandNew/Assets/Scripts/New/Systems/IGameSystem.cs:438)
BirdGame.GameEntry:CheckCursor() (at E:/Unity/Projects/Work/FeatherLandNew/Assets/Scripts/New/ViewController/Game/GameEntry.cs:398)
BirdGame.GameEntry:Update() (at E:/Unity/Projects/Work/FeatherLandNew/Assets/Scripts/New/ViewController/Game/GameEntry.cs:158)

检测到装饰品：Sprite
UnityEngine.DebugLogHandler:Internal_Log(LogType, LogOption, String, Object)
UnityEngine.Logger:Log(LogType, Object)
UnityEngine.Debug:Log(Object)
BirdGame.GameSystem:IsCoverDecoration() (at E:/Unity/Projects/Work/FeatherLandNew/Assets/Scripts/New/Systems/IGameSystem.cs:438)
BirdGame.GameEntry:CheckCursor() (at E:/Unity/Projects/Work/FeatherLandNew/Assets/Scripts/New/ViewController/Game/GameEntry.cs:398)
BirdGame.GameEntry:Update() (at E:/Unity/Projects/Work/FeatherLandNew/Assets/Scripts/New/ViewController/Game/GameEntry.cs:158)

检测到装饰品：Sprite
UnityEngine.DebugLogHandler:Internal_Log(LogType, LogOption, String, Object)
UnityEngine.Logger:Log(LogType, Object)
UnityEngine.Debug:Log(Object)
BirdGame.GameSystem:IsCoverDecoration() (at E:/Unity/Projects/Work/FeatherLandNew/Assets/Scripts/New/Systems/IGameSystem.cs:438)
BirdGame.GameEntry:CheckCursor() (at E:/Unity/Projects/Work/FeatherLandNew/Assets/Scripts/New/ViewController/Game/GameEntry.cs:398)
BirdGame.GameEntry:Update() (at E:/Unity/Projects/Work/FeatherLandNew/Assets/Scripts/New/ViewController/Game/GameEntry.cs:158)

检测到装饰品：Sprite
UnityEngine.DebugLogHandler:Internal_Log(LogType, LogOption, String, Object)
UnityEngine.Logger:Log(LogType, Object)
UnityEngine.Debug:Log(Object)
BirdGame.GameSystem:IsCoverDecoration() (at E:/Unity/Projects/Work/FeatherLandNew/Assets/Scripts/New/Systems/IGameSystem.cs:438)
BirdGame.GameEntry:CheckCursor() (at E:/Unity/Projects/Work/FeatherLandNew/Assets/Scripts/New/ViewController/Game/GameEntry.cs:398)
BirdGame.GameEntry:Update() (at E:/Unity/Projects/Work/FeatherLandNew/Assets/Scripts/New/ViewController/Game/GameEntry.cs:158)

检测到装饰品：Sprite
UnityEngine.DebugLogHandler:Internal_Log(LogType, LogOption, String, Object)
UnityEngine.Logger:Log(LogType, Object)
UnityEngine.Debug:Log(Object)
BirdGame.GameSystem:IsCoverDecoration() (at E:/Unity/Projects/Work/FeatherLandNew/Assets/Scripts/New/Systems/IGameSystem.cs:438)
BirdGame.GameEntry:CheckCursor() (at E:/Unity/Projects/Work/FeatherLandNew/Assets/Scripts/New/ViewController/Game/GameEntry.cs:398)
BirdGame.GameEntry:Update() (at E:/Unity/Projects/Work/FeatherLandNew/Assets/Scripts/New/ViewController/Game/GameEntry.cs:158)

检测到装饰品：Sprite
UnityEngine.DebugLogHandler:Internal_Log(LogType, LogOption, String, Object)
UnityEngine.Logger:Log(LogType, Object)
UnityEngine.Debug:Log(Object)
BirdGame.GameSystem:IsCoverDecoration() (at E:/Unity/Projects/Work/FeatherLandNew/Assets/Scripts/New/Systems/IGameSystem.cs:438)
BirdGame.GameEntry:CheckCursor() (at E:/Unity/Projects/Work/FeatherLandNew/Assets/Scripts/New/ViewController/Game/GameEntry.cs:398)
BirdGame.GameEntry:Update() (at E:/Unity/Projects/Work/FeatherLandNew/Assets/Scripts/New/ViewController/Game/GameEntry.cs:158)

检测到装饰品：Sprite
UnityEngine.DebugLogHandler:Internal_Log(LogType, LogOption, String, Object)
UnityEngine.Logger:Log(LogType, Object)
UnityEngine.Debug:Log(Object)
BirdGame.GameSystem:IsCoverDecoration() (at E:/Unity/Projects/Work/FeatherLandNew/Assets/Scripts/New/Systems/IGameSystem.cs:438)
BirdGame.GameEntry:CheckCursor() (at E:/Unity/Projects/Work/FeatherLandNew/Assets/Scripts/New/ViewController/Game/GameEntry.cs:398)
BirdGame.GameEntry:Update() (at E:/Unity/Projects/Work/FeatherLandNew/Assets/Scripts/New/ViewController/Game/GameEntry.cs:158)

检测到装饰品：Sprite
UnityEngine.DebugLogHandler:Internal_Log(LogType, LogOption, String, Object)
UnityEngine.Logger:Log(LogType, Object)
UnityEngine.Debug:Log(Object)
BirdGame.GameSystem:IsCoverDecoration() (at E:/Unity/Projects/Work/FeatherLandNew/Assets/Scripts/New/Systems/IGameSystem.cs:438)
BirdGame.GameEntry:CheckCursor() (at E:/Unity/Projects/Work/FeatherLandNew/Assets/Scripts/New/ViewController/Game/GameEntry.cs:398)
BirdGame.GameEntry:Update() (at E:/Unity/Projects/Work/FeatherLandNew/Assets/Scripts/New/ViewController/Game/GameEntry.cs:158)

检测到装饰品：Sprite
UnityEngine.DebugLogHandler:Internal_Log(LogType, LogOption, String, Object)
UnityEngine.Logger:Log(LogType, Object)
UnityEngine.Debug:Log(Object)
BirdGame.GameSystem:IsCoverDecoration() (at E:/Unity/Projects/Work/FeatherLandNew/Assets/Scripts/New/Systems/IGameSystem.cs:438)
BirdGame.GameEntry:CheckCursor() (at E:/Unity/Projects/Work/FeatherLandNew/Assets/Scripts/New/ViewController/Game/GameEntry.cs:398)
BirdGame.GameEntry:Update() (at E:/Unity/Projects/Work/FeatherLandNew/Assets/Scripts/New/ViewController/Game/GameEntry.cs:158)

检测到装饰品：Sprite
UnityEngine.DebugLogHandler:Internal_Log(LogType, LogOption, String, Object)
UnityEngine.Logger:Log(LogType, Object)
UnityEngine.Debug:Log(Object)
BirdGame.GameSystem:IsCoverDecoration() (at E:/Unity/Projects/Work/FeatherLandNew/Assets/Scripts/New/Systems/IGameSystem.cs:438)
BirdGame.GameEntry:CheckCursor() (at E:/Unity/Projects/Work/FeatherLandNew/Assets/Scripts/New/ViewController/Game/GameEntry.cs:398)
BirdGame.GameEntry:Update() (at E:/Unity/Projects/Work/FeatherLandNew/Assets/Scripts/New/ViewController/Game/GameEntry.cs:158)

检测到装饰品：Sprite
UnityEngine.DebugLogHandler:Internal_Log(LogType, LogOption, String, Object)
UnityEngine.Logger:Log(LogType, Object)
UnityEngine.Debug:Log(Object)
BirdGame.GameSystem:IsCoverDecoration() (at E:/Unity/Projects/Work/FeatherLandNew/Assets/Scripts/New/Systems/IGameSystem.cs:438)
BirdGame.GameEntry:CheckCursor() (at E:/Unity/Projects/Work/FeatherLandNew/Assets/Scripts/New/ViewController/Game/GameEntry.cs:398)
BirdGame.GameEntry:Update() (at E:/Unity/Projects/Work/FeatherLandNew/Assets/Scripts/New/ViewController/Game/GameEntry.cs:158)

检测到装饰品：Sprite
UnityEngine.DebugLogHandler:Internal_Log(LogType, LogOption, String, Object)
UnityEngine.Logger:Log(LogType, Object)
UnityEngine.Debug:Log(Object)
BirdGame.GameSystem:IsCoverDecoration() (at E:/Unity/Projects/Work/FeatherLandNew/Assets/Scripts/New/Systems/IGameSystem.cs:438)
BirdGame.GameEntry:CheckCursor() (at E:/Unity/Projects/Work/FeatherLandNew/Assets/Scripts/New/ViewController/Game/GameEntry.cs:398)
BirdGame.GameEntry:Update() (at E:/Unity/Projects/Work/FeatherLandNew/Assets/Scripts/New/ViewController/Game/GameEntry.cs:158)

检测到装饰品：Sprite
UnityEngine.DebugLogHandler:Internal_Log(LogType, LogOption, String, Object)
UnityEngine.Logger:Log(LogType, Object)
UnityEngine.Debug:Log(Object)
BirdGame.GameSystem:IsCoverDecoration() (at E:/Unity/Projects/Work/FeatherLandNew/Assets/Scripts/New/Systems/IGameSystem.cs:438)
BirdGame.GameEntry:CheckCursor() (at E:/Unity/Projects/Work/FeatherLandNew/Assets/Scripts/New/ViewController/Game/GameEntry.cs:398)
BirdGame.GameEntry:Update() (at E:/Unity/Projects/Work/FeatherLandNew/Assets/Scripts/New/ViewController/Game/GameEntry.cs:158)

检测到装饰品：Sprite
UnityEngine.DebugLogHandler:Internal_Log(LogType, LogOption, String, Object)
UnityEngine.Logger:Log(LogType, Object)
UnityEngine.Debug:Log(Object)
BirdGame.GameSystem:IsCoverDecoration() (at E:/Unity/Projects/Work/FeatherLandNew/Assets/Scripts/New/Systems/IGameSystem.cs:438)
BirdGame.GameEntry:CheckCursor() (at E:/Unity/Projects/Work/FeatherLandNew/Assets/Scripts/New/ViewController/Game/GameEntry.cs:398)
BirdGame.GameEntry:Update() (at E:/Unity/Projects/Work/FeatherLandNew/Assets/Scripts/New/ViewController/Game/GameEntry.cs:158)

检测到装饰品：Sprite
UnityEngine.DebugLogHandler:Internal_Log(LogType, LogOption, String, Object)
UnityEngine.Logger:Log(LogType, Object)
UnityEngine.Debug:Log(Object)
BirdGame.GameSystem:IsCoverDecoration() (at E:/Unity/Projects/Work/FeatherLandNew/Assets/Scripts/New/Systems/IGameSystem.cs:438)
BirdGame.GameEntry:CheckCursor() (at E:/Unity/Projects/Work/FeatherLandNew/Assets/Scripts/New/ViewController/Game/GameEntry.cs:398)
BirdGame.GameEntry:Update() (at E:/Unity/Projects/Work/FeatherLandNew/Assets/Scripts/New/ViewController/Game/GameEntry.cs:158)

检测到装饰品：Sprite
UnityEngine.DebugLogHandler:Internal_Log(LogType, LogOption, String, Object)
UnityEngine.Logger:Log(LogType, Object)
UnityEngine.Debug:Log(Object)
BirdGame.GameSystem:IsCoverDecoration() (at E:/Unity/Projects/Work/FeatherLandNew/Assets/Scripts/New/Systems/IGameSystem.cs:438)
BirdGame.GameEntry:CheckCursor() (at E:/Unity/Projects/Work/FeatherLandNew/Assets/Scripts/New/ViewController/Game/GameEntry.cs:398)
BirdGame.GameEntry:Update() (at E:/Unity/Projects/Work/FeatherLandNew/Assets/Scripts/New/ViewController/Game/GameEntry.cs:158)

检测到装饰品：Sprite
UnityEngine.DebugLogHandler:Internal_Log(LogType, LogOption, String, Object)
UnityEngine.Logger:Log(LogType, Object)
UnityEngine.Debug:Log(Object)
BirdGame.GameSystem:IsCoverDecoration() (at E:/Unity/Projects/Work/FeatherLandNew/Assets/Scripts/New/Systems/IGameSystem.cs:438)
BirdGame.GameEntry:CheckCursor() (at E:/Unity/Projects/Work/FeatherLandNew/Assets/Scripts/New/ViewController/Game/GameEntry.cs:398)
BirdGame.GameEntry:Update() (at E:/Unity/Projects/Work/FeatherLandNew/Assets/Scripts/New/ViewController/Game/GameEntry.cs:158)

通过范围检测发现装饰品：Sprite
UnityEngine.DebugLogHandler:Internal_Log(LogType, LogOption, String, Object)
UnityEngine.Logger:Log(LogType, Object)
UnityEngine.Debug:Log(Object)
BirdGame.GameSystem:IsCoverDecoration() (at E:/Unity/Projects/Work/FeatherLandNew/Assets/Scripts/New/Systems/IGameSystem.cs:438)
BirdGame.GameEntry:CheckCursor() (at E:/Unity/Projects/Work/FeatherLandNew/Assets/Scripts/New/ViewController/Game/GameEntry.cs:398)
BirdGame.GameEntry:Update() (at E:/Unity/Projects/Work/FeatherLandNew/Assets/Scripts/New/ViewController/Game/GameEntry.cs:158)

通过范围检测发现装饰品：Sprite
UnityEngine.DebugLogHandler:Internal_Log(LogType, LogOption, String, Object)
UnityEngine.Logger:Log(LogType, Object)
UnityEngine.Debug:Log(Object)
BirdGame.GameSystem:IsCoverDecoration() (at E:/Unity/Projects/Work/FeatherLandNew/Assets/Scripts/New/Systems/IGameSystem.cs:438)
BirdGame.GameEntry:CheckCursor() (at E:/Unity/Projects/Work/FeatherLandNew/Assets/Scripts/New/ViewController/Game/GameEntry.cs:398)
BirdGame.GameEntry:Update() (at E:/Unity/Projects/Work/FeatherLandNew/Assets/Scripts/New/ViewController/Game/GameEntry.cs:158)

通过范围检测发现装饰品：Sprite
UnityEngine.DebugLogHandler:Internal_Log(LogType, LogOption, String, Object)
UnityEngine.Logger:Log(LogType, Object)
UnityEngine.Debug:Log(Object)
BirdGame.GameSystem:IsCoverDecoration() (at E:/Unity/Projects/Work/FeatherLandNew/Assets/Scripts/New/Systems/IGameSystem.cs:438)
BirdGame.GameEntry:CheckCursor() (at E:/Unity/Projects/Work/FeatherLandNew/Assets/Scripts/New/ViewController/Game/GameEntry.cs:398)
BirdGame.GameEntry:Update() (at E:/Unity/Projects/Work/FeatherLandNew/Assets/Scripts/New/ViewController/Game/GameEntry.cs:158)

通过范围检测发现装饰品：Sprite
UnityEngine.DebugLogHandler:Internal_Log(LogType, LogOption, String, Object)
UnityEngine.Logger:Log(LogType, Object)
UnityEngine.Debug:Log(Object)
BirdGame.GameSystem:IsCoverDecoration() (at E:/Unity/Projects/Work/FeatherLandNew/Assets/Scripts/New/Systems/IGameSystem.cs:438)
BirdGame.GameEntry:CheckCursor() (at E:/Unity/Projects/Work/FeatherLandNew/Assets/Scripts/New/ViewController/Game/GameEntry.cs:398)
BirdGame.GameEntry:Update() (at E:/Unity/Projects/Work/FeatherLandNew/Assets/Scripts/New/ViewController/Game/GameEntry.cs:158)

通过范围检测发现装饰品：Sprite
UnityEngine.DebugLogHandler:Internal_Log(LogType, LogOption, String, Object)
UnityEngine.Logger:Log(LogType, Object)
UnityEngine.Debug:Log(Object)
BirdGame.GameSystem:IsCoverDecoration() (at E:/Unity/Projects/Work/FeatherLandNew/Assets/Scripts/New/Systems/IGameSystem.cs:438)
BirdGame.GameEntry:CheckCursor() (at E:/Unity/Projects/Work/FeatherLandNew/Assets/Scripts/New/ViewController/Game/GameEntry.cs:398)
BirdGame.GameEntry:Update() (at E:/Unity/Projects/Work/FeatherLandNew/Assets/Scripts/New/ViewController/Game/GameEntry.cs:158)

通过范围检测发现装饰品：Sprite
UnityEngine.DebugLogHandler:Internal_Log(LogType, LogOption, String, Object)
UnityEngine.Logger:Log(LogType, Object)
UnityEngine.Debug:Log(Object)
BirdGame.GameSystem:IsCoverDecoration() (at E:/Unity/Projects/Work/FeatherLandNew/Assets/Scripts/New/Systems/IGameSystem.cs:438)
BirdGame.GameEntry:CheckCursor() (at E:/Unity/Projects/Work/FeatherLandNew/Assets/Scripts/New/ViewController/Game/GameEntry.cs:398)
BirdGame.GameEntry:Update() (at E:/Unity/Projects/Work/FeatherLandNew/Assets/Scripts/New/ViewController/Game/GameEntry.cs:158)

通过范围检测发现装饰品：Sprite
UnityEngine.DebugLogHandler:Internal_Log(LogType, LogOption, String, Object)
UnityEngine.Logger:Log(LogType, Object)
UnityEngine.Debug:Log(Object)
BirdGame.GameSystem:IsCoverDecoration() (at E:/Unity/Projects/Work/FeatherLandNew/Assets/Scripts/New/Systems/IGameSystem.cs:438)
BirdGame.GameEntry:CheckCursor() (at E:/Unity/Projects/Work/FeatherLandNew/Assets/Scripts/New/ViewController/Game/GameEntry.cs:398)
BirdGame.GameEntry:Update() (at E:/Unity/Projects/Work/FeatherLandNew/Assets/Scripts/New/ViewController/Game/GameEntry.cs:158)

通过范围检测发现装饰品：Sprite
UnityEngine.DebugLogHandler:Internal_Log(LogType, LogOption, String, Object)
UnityEngine.Logger:Log(LogType, Object)
UnityEngine.Debug:Log(Object)
BirdGame.GameSystem:IsCoverDecoration() (at E:/Unity/Projects/Work/FeatherLandNew/Assets/Scripts/New/Systems/IGameSystem.cs:438)
BirdGame.GameEntry:CheckCursor() (at E:/Unity/Projects/Work/FeatherLandNew/Assets/Scripts/New/ViewController/Game/GameEntry.cs:398)
BirdGame.GameEntry:Update() (at E:/Unity/Projects/Work/FeatherLandNew/Assets/Scripts/New/ViewController/Game/GameEntry.cs:158)

通过范围检测发现装饰品：Sprite
UnityEngine.DebugLogHandler:Internal_Log(LogType, LogOption, String, Object)
UnityEngine.Logger:Log(LogType, Object)
UnityEngine.Debug:Log(Object)
BirdGame.GameSystem:IsCoverDecoration() (at E:/Unity/Projects/Work/FeatherLandNew/Assets/Scripts/New/Systems/IGameSystem.cs:438)
BirdGame.GameEntry:CheckCursor() (at E:/Unity/Projects/Work/FeatherLandNew/Assets/Scripts/New/ViewController/Game/GameEntry.cs:398)
BirdGame.GameEntry:Update() (at E:/Unity/Projects/Work/FeatherLandNew/Assets/Scripts/New/ViewController/Game/GameEntry.cs:158)

通过范围检测发现装饰品：Sprite
UnityEngine.DebugLogHandler:Internal_Log(LogType, LogOption, String, Object)
UnityEngine.Logger:Log(LogType, Object)
UnityEngine.Debug:Log(Object)
BirdGame.GameSystem:IsCoverDecoration() (at E:/Unity/Projects/Work/FeatherLandNew/Assets/Scripts/New/Systems/IGameSystem.cs:438)
BirdGame.GameEntry:CheckCursor() (at E:/Unity/Projects/Work/FeatherLandNew/Assets/Scripts/New/ViewController/Game/GameEntry.cs:398)
BirdGame.GameEntry:Update() (at E:/Unity/Projects/Work/FeatherLandNew/Assets/Scripts/New/ViewController/Game/GameEntry.cs:158)

通过范围检测发现装饰品：Sprite
UnityEngine.DebugLogHandler:Internal_Log(LogType, LogOption, String, Object)
UnityEngine.Logger:Log(LogType, Object)
UnityEngine.Debug:Log(Object)
BirdGame.GameSystem:IsCoverDecoration() (at E:/Unity/Projects/Work/FeatherLandNew/Assets/Scripts/New/Systems/IGameSystem.cs:438)
BirdGame.GameEntry:CheckCursor() (at E:/Unity/Projects/Work/FeatherLandNew/Assets/Scripts/New/ViewController/Game/GameEntry.cs:398)
BirdGame.GameEntry:Update() (at E:/Unity/Projects/Work/FeatherLandNew/Assets/Scripts/New/ViewController/Game/GameEntry.cs:158)

通过范围检测发现装饰品：Sprite
UnityEngine.DebugLogHandler:Internal_Log(LogType, LogOption, String, Object)
UnityEngine.Logger:Log(LogType, Object)
UnityEngine.Debug:Log(Object)
BirdGame.GameSystem:IsCoverDecoration() (at E:/Unity/Projects/Work/FeatherLandNew/Assets/Scripts/New/Systems/IGameSystem.cs:438)
BirdGame.GameEntry:CheckCursor() (at E:/Unity/Projects/Work/FeatherLandNew/Assets/Scripts/New/ViewController/Game/GameEntry.cs:398)
BirdGame.GameEntry:Update() (at E:/Unity/Projects/Work/FeatherLandNew/Assets/Scripts/New/ViewController/Game/GameEntry.cs:158)

通过范围检测发现装饰品：Sprite
UnityEngine.DebugLogHandler:Internal_Log(LogType, LogOption, String, Object)
UnityEngine.Logger:Log(LogType, Object)
UnityEngine.Debug:Log(Object)
BirdGame.GameSystem:IsCoverDecoration() (at E:/Unity/Projects/Work/FeatherLandNew/Assets/Scripts/New/Systems/IGameSystem.cs:438)
BirdGame.GameEntry:CheckCursor() (at E:/Unity/Projects/Work/FeatherLandNew/Assets/Scripts/New/ViewController/Game/GameEntry.cs:398)
BirdGame.GameEntry:Update() (at E:/Unity/Projects/Work/FeatherLandNew/Assets/Scripts/New/ViewController/Game/GameEntry.cs:158)

通过范围检测发现装饰品：Sprite
UnityEngine.DebugLogHandler:Internal_Log(LogType, LogOption, String, Object)
UnityEngine.Logger:Log(LogType, Object)
UnityEngine.Debug:Log(Object)
BirdGame.GameSystem:IsCoverDecoration() (at E:/Unity/Projects/Work/FeatherLandNew/Assets/Scripts/New/Systems/IGameSystem.cs:438)
BirdGame.GameEntry:CheckCursor() (at E:/Unity/Projects/Work/FeatherLandNew/Assets/Scripts/New/ViewController/Game/GameEntry.cs:398)
BirdGame.GameEntry:Update() (at E:/Unity/Projects/Work/FeatherLandNew/Assets/Scripts/New/ViewController/Game/GameEntry.cs:158)

通过范围检测发现装饰品：Sprite
UnityEngine.DebugLogHandler:Internal_Log(LogType, LogOption, String, Object)
UnityEngine.Logger:Log(LogType, Object)
UnityEngine.Debug:Log(Object)
BirdGame.GameSystem:IsCoverDecoration() (at E:/Unity/Projects/Work/FeatherLandNew/Assets/Scripts/New/Systems/IGameSystem.cs:438)
BirdGame.GameEntry:CheckCursor() (at E:/Unity/Projects/Work/FeatherLandNew/Assets/Scripts/New/ViewController/Game/GameEntry.cs:398)
BirdGame.GameEntry:Update() (at E:/Unity/Projects/Work/FeatherLandNew/Assets/Scripts/New/ViewController/Game/GameEntry.cs:158)

通过范围检测发现装饰品：Sprite
UnityEngine.DebugLogHandler:Internal_Log(LogType, LogOption, String, Object)
UnityEngine.Logger:Log(LogType, Object)
UnityEngine.Debug:Log(Object)
BirdGame.GameSystem:IsCoverDecoration() (at E:/Unity/Projects/Work/FeatherLandNew/Assets/Scripts/New/Systems/IGameSystem.cs:438)
BirdGame.GameEntry:CheckCursor() (at E:/Unity/Projects/Work/FeatherLandNew/Assets/Scripts/New/ViewController/Game/GameEntry.cs:398)
BirdGame.GameEntry:Update() (at E:/Unity/Projects/Work/FeatherLandNew/Assets/Scripts/New/ViewController/Game/GameEntry.cs:158)

通过范围检测发现装饰品：Sprite
UnityEngine.DebugLogHandler:Internal_Log(LogType, LogOption, String, Object)
UnityEngine.Logger:Log(LogType, Object)
UnityEngine.Debug:Log(Object)
BirdGame.GameSystem:IsCoverDecoration() (at E:/Unity/Projects/Work/FeatherLandNew/Assets/Scripts/New/Systems/IGameSystem.cs:438)
BirdGame.GameEntry:CheckCursor() (at E:/Unity/Projects/Work/FeatherLandNew/Assets/Scripts/New/ViewController/Game/GameEntry.cs:398)
BirdGame.GameEntry:Update() (at E:/Unity/Projects/Work/FeatherLandNew/Assets/Scripts/New/ViewController/Game/GameEntry.cs:158)

检测到装饰品：Sprite
UnityEngine.DebugLogHandler:Internal_Log(LogType, LogOption, String, Object)
UnityEngine.Logger:Log(LogType, Object)
UnityEngine.Debug:Log(Object)
BirdGame.GameSystem:IsCoverDecoration() (at E:/Unity/Projects/Work/FeatherLandNew/Assets/Scripts/New/Systems/IGameSystem.cs:438)
BirdGame.GameEntry:CheckCursor() (at E:/Unity/Projects/Work/FeatherLandNew/Assets/Scripts/New/ViewController/Game/GameEntry.cs:398)
BirdGame.GameEntry:Update() (at E:/Unity/Projects/Work/FeatherLandNew/Assets/Scripts/New/ViewController/Game/GameEntry.cs:158)

检测到装饰品：Sprite
UnityEngine.DebugLogHandler:Internal_Log(LogType, LogOption, String, Object)
UnityEngine.Logger:Log(LogType, Object)
UnityEngine.Debug:Log(Object)
BirdGame.GameSystem:IsCoverDecoration() (at E:/Unity/Projects/Work/FeatherLandNew/Assets/Scripts/New/Systems/IGameSystem.cs:438)
BirdGame.GameEntry:CheckCursor() (at E:/Unity/Projects/Work/FeatherLandNew/Assets/Scripts/New/ViewController/Game/GameEntry.cs:398)
BirdGame.GameEntry:Update() (at E:/Unity/Projects/Work/FeatherLandNew/Assets/Scripts/New/ViewController/Game/GameEntry.cs:158)

检测到装饰品：Sprite
UnityEngine.DebugLogHandler:Internal_Log(LogType, LogOption, String, Object)
UnityEngine.Logger:Log(LogType, Object)
UnityEngine.Debug:Log(Object)
BirdGame.GameSystem:IsCoverDecoration() (at E:/Unity/Projects/Work/FeatherLandNew/Assets/Scripts/New/Systems/IGameSystem.cs:438)
BirdGame.GameEntry:CheckCursor() (at E:/Unity/Projects/Work/FeatherLandNew/Assets/Scripts/New/ViewController/Game/GameEntry.cs:398)
BirdGame.GameEntry:Update() (at E:/Unity/Projects/Work/FeatherLandNew/Assets/Scripts/New/ViewController/Game/GameEntry.cs:158)

检测到装饰品：Sprite
UnityEngine.DebugLogHandler:Internal_Log(LogType, LogOption, String, Object)
UnityEngine.Logger:Log(LogType, Object)
UnityEngine.Debug:Log(Object)
BirdGame.GameSystem:IsCoverDecoration() (at E:/Unity/Projects/Work/FeatherLandNew/Assets/Scripts/New/Systems/IGameSystem.cs:438)
BirdGame.GameEntry:CheckCursor() (at E:/Unity/Projects/Work/FeatherLandNew/Assets/Scripts/New/ViewController/Game/GameEntry.cs:398)
BirdGame.GameEntry:Update() (at E:/Unity/Projects/Work/FeatherLandNew/Assets/Scripts/New/ViewController/Game/GameEntry.cs:158)

检测到装饰品：Sprite
UnityEngine.DebugLogHandler:Internal_Log(LogType, LogOption, String, Object)
UnityEngine.Logger:Log(LogType, Object)
UnityEngine.Debug:Log(Object)
BirdGame.GameSystem:IsCoverDecoration() (at E:/Unity/Projects/Work/FeatherLandNew/Assets/Scripts/New/Systems/IGameSystem.cs:438)
BirdGame.GameEntry:CheckCursor() (at E:/Unity/Projects/Work/FeatherLandNew/Assets/Scripts/New/ViewController/Game/GameEntry.cs:398)
BirdGame.GameEntry:Update() (at E:/Unity/Projects/Work/FeatherLandNew/Assets/Scripts/New/ViewController/Game/GameEntry.cs:158)

检测到装饰品：Sprite
UnityEngine.DebugLogHandler:Internal_Log(LogType, LogOption, String, Object)
UnityEngine.Logger:Log(LogType, Object)
UnityEngine.Debug:Log(Object)
BirdGame.GameSystem:IsCoverDecoration() (at E:/Unity/Projects/Work/FeatherLandNew/Assets/Scripts/New/Systems/IGameSystem.cs:438)
BirdGame.GameEntry:CheckCursor() (at E:/Unity/Projects/Work/FeatherLandNew/Assets/Scripts/New/ViewController/Game/GameEntry.cs:398)
BirdGame.GameEntry:Update() (at E:/Unity/Projects/Work/FeatherLandNew/Assets/Scripts/New/ViewController/Game/GameEntry.cs:158)

检测到装饰品：Sprite
UnityEngine.DebugLogHandler:Internal_Log(LogType, LogOption, String, Object)
UnityEngine.Logger:Log(LogType, Object)
UnityEngine.Debug:Log(Object)
BirdGame.GameSystem:IsCoverDecoration() (at E:/Unity/Projects/Work/FeatherLandNew/Assets/Scripts/New/Systems/IGameSystem.cs:438)
BirdGame.GameEntry:CheckCursor() (at E:/Unity/Projects/Work/FeatherLandNew/Assets/Scripts/New/ViewController/Game/GameEntry.cs:398)
BirdGame.GameEntry:Update() (at E:/Unity/Projects/Work/FeatherLandNew/Assets/Scripts/New/ViewController/Game/GameEntry.cs:158)

检测到装饰品：Sprite
UnityEngine.DebugLogHandler:Internal_Log(LogType, LogOption, String, Object)
UnityEngine.Logger:Log(LogType, Object)
UnityEngine.Debug:Log(Object)
BirdGame.GameSystem:IsCoverDecoration() (at E:/Unity/Projects/Work/FeatherLandNew/Assets/Scripts/New/Systems/IGameSystem.cs:438)
BirdGame.GameEntry:CheckCursor() (at E:/Unity/Projects/Work/FeatherLandNew/Assets/Scripts/New/ViewController/Game/GameEntry.cs:398)
BirdGame.GameEntry:Update() (at E:/Unity/Projects/Work/FeatherLandNew/Assets/Scripts/New/ViewController/Game/GameEntry.cs:158)

检测到装饰品：Sprite
UnityEngine.DebugLogHandler:Internal_Log(LogType, LogOption, String, Object)
UnityEngine.Logger:Log(LogType, Object)
UnityEngine.Debug:Log(Object)
BirdGame.GameSystem:IsCoverDecoration() (at E:/Unity/Projects/Work/FeatherLandNew/Assets/Scripts/New/Systems/IGameSystem.cs:438)
BirdGame.GameEntry:CheckCursor() (at E:/Unity/Projects/Work/FeatherLandNew/Assets/Scripts/New/ViewController/Game/GameEntry.cs:398)
BirdGame.GameEntry:Update() (at E:/Unity/Projects/Work/FeatherLandNew/Assets/Scripts/New/ViewController/Game/GameEntry.cs:158)

检测到装饰品：Sprite
UnityEngine.DebugLogHandler:Internal_Log(LogType, LogOption, String, Object)
UnityEngine.Logger:Log(LogType, Object)
UnityEngine.Debug:Log(Object)
BirdGame.GameSystem:IsCoverDecoration() (at E:/Unity/Projects/Work/FeatherLandNew/Assets/Scripts/New/Systems/IGameSystem.cs:438)
BirdGame.GameEntry:CheckCursor() (at E:/Unity/Projects/Work/FeatherLandNew/Assets/Scripts/New/ViewController/Game/GameEntry.cs:398)
BirdGame.GameEntry:Update() (at E:/Unity/Projects/Work/FeatherLandNew/Assets/Scripts/New/ViewController/Game/GameEntry.cs:158)

检测到装饰品：Sprite
UnityEngine.DebugLogHandler:Internal_Log(LogType, LogOption, String, Object)
UnityEngine.Logger:Log(LogType, Object)
UnityEngine.Debug:Log(Object)
BirdGame.GameSystem:IsCoverDecoration() (at E:/Unity/Projects/Work/FeatherLandNew/Assets/Scripts/New/Systems/IGameSystem.cs:438)
BirdGame.GameEntry:CheckCursor() (at E:/Unity/Projects/Work/FeatherLandNew/Assets/Scripts/New/ViewController/Game/GameEntry.cs:398)
BirdGame.GameEntry:Update() (at E:/Unity/Projects/Work/FeatherLandNew/Assets/Scripts/New/ViewController/Game/GameEntry.cs:158)

检测到装饰品：Sprite
UnityEngine.DebugLogHandler:Internal_Log(LogType, LogOption, String, Object)
UnityEngine.Logger:Log(LogType, Object)
UnityEngine.Debug:Log(Object)
BirdGame.GameSystem:IsCoverDecoration() (at E:/Unity/Projects/Work/FeatherLandNew/Assets/Scripts/New/Systems/IGameSystem.cs:438)
BirdGame.GameEntry:CheckCursor() (at E:/Unity/Projects/Work/FeatherLandNew/Assets/Scripts/New/ViewController/Game/GameEntry.cs:398)
BirdGame.GameEntry:Update() (at E:/Unity/Projects/Work/FeatherLandNew/Assets/Scripts/New/ViewController/Game/GameEntry.cs:158)

检测到装饰品：Sprite
UnityEngine.DebugLogHandler:Internal_Log(LogType, LogOption, String, Object)
UnityEngine.Logger:Log(LogType, Object)
UnityEngine.Debug:Log(Object)
BirdGame.GameSystem:IsCoverDecoration() (at E:/Unity/Projects/Work/FeatherLandNew/Assets/Scripts/New/Systems/IGameSystem.cs:438)
BirdGame.GameEntry:CheckCursor() (at E:/Unity/Projects/Work/FeatherLandNew/Assets/Scripts/New/ViewController/Game/GameEntry.cs:398)
BirdGame.GameEntry:Update() (at E:/Unity/Projects/Work/FeatherLandNew/Assets/Scripts/New/ViewController/Game/GameEntry.cs:158)

检测到装饰品：Sprite
UnityEngine.DebugLogHandler:Internal_Log(LogType, LogOption, String, Object)
UnityEngine.Logger:Log(LogType, Object)
UnityEngine.Debug:Log(Object)
BirdGame.GameSystem:IsCoverDecoration() (at E:/Unity/Projects/Work/FeatherLandNew/Assets/Scripts/New/Systems/IGameSystem.cs:438)
BirdGame.GameEntry:CheckCursor() (at E:/Unity/Projects/Work/FeatherLandNew/Assets/Scripts/New/ViewController/Game/GameEntry.cs:398)
BirdGame.GameEntry:Update() (at E:/Unity/Projects/Work/FeatherLandNew/Assets/Scripts/New/ViewController/Game/GameEntry.cs:158)

检测到装饰品：Sprite
UnityEngine.DebugLogHandler:Internal_Log(LogType, LogOption, String, Object)
UnityEngine.Logger:Log(LogType, Object)
UnityEngine.Debug:Log(Object)
BirdGame.GameSystem:IsCoverDecoration() (at E:/Unity/Projects/Work/FeatherLandNew/Assets/Scripts/New/Systems/IGameSystem.cs:438)
BirdGame.GameEntry:CheckCursor() (at E:/Unity/Projects/Work/FeatherLandNew/Assets/Scripts/New/ViewController/Game/GameEntry.cs:398)
BirdGame.GameEntry:Update() (at E:/Unity/Projects/Work/FeatherLandNew/Assets/Scripts/New/ViewController/Game/GameEntry.cs:158)

检测到装饰品：Sprite
UnityEngine.DebugLogHandler:Internal_Log(LogType, LogOption, String, Object)
UnityEngine.Logger:Log(LogType, Object)
UnityEngine.Debug:Log(Object)
BirdGame.GameSystem:IsCoverDecoration() (at E:/Unity/Projects/Work/FeatherLandNew/Assets/Scripts/New/Systems/IGameSystem.cs:438)
BirdGame.GameEntry:CheckCursor() (at E:/Unity/Projects/Work/FeatherLandNew/Assets/Scripts/New/ViewController/Game/GameEntry.cs:398)
BirdGame.GameEntry:Update() (at E:/Unity/Projects/Work/FeatherLandNew/Assets/Scripts/New/ViewController/Game/GameEntry.cs:158)

检测到装饰品：Sprite
UnityEngine.DebugLogHandler:Internal_Log(LogType, LogOption, String, Object)
UnityEngine.Logger:Log(LogType, Object)
UnityEngine.Debug:Log(Object)
BirdGame.GameSystem:IsCoverDecoration() (at E:/Unity/Projects/Work/FeatherLandNew/Assets/Scripts/New/Systems/IGameSystem.cs:438)
BirdGame.GameEntry:CheckCursor() (at E:/Unity/Projects/Work/FeatherLandNew/Assets/Scripts/New/ViewController/Game/GameEntry.cs:398)
BirdGame.GameEntry:Update() (at E:/Unity/Projects/Work/FeatherLandNew/Assets/Scripts/New/ViewController/Game/GameEntry.cs:158)

检测到装饰品：Sprite
UnityEngine.DebugLogHandler:Internal_Log(LogType, LogOption, String, Object)
UnityEngine.Logger:Log(LogType, Object)
UnityEngine.Debug:Log(Object)
BirdGame.GameSystem:IsCoverDecoration() (at E:/Unity/Projects/Work/FeatherLandNew/Assets/Scripts/New/Systems/IGameSystem.cs:438)
BirdGame.GameEntry:CheckCursor() (at E:/Unity/Projects/Work/FeatherLandNew/Assets/Scripts/New/ViewController/Game/GameEntry.cs:398)
BirdGame.GameEntry:Update() (at E:/Unity/Projects/Work/FeatherLandNew/Assets/Scripts/New/ViewController/Game/GameEntry.cs:158)

检测到装饰品：Sprite
UnityEngine.DebugLogHandler:Internal_Log(LogType, LogOption, String, Object)
UnityEngine.Logger:Log(LogType, Object)
UnityEngine.Debug:Log(Object)
BirdGame.GameSystem:IsCoverDecoration() (at E:/Unity/Projects/Work/FeatherLandNew/Assets/Scripts/New/Systems/IGameSystem.cs:438)
BirdGame.GameEntry:CheckCursor() (at E:/Unity/Projects/Work/FeatherLandNew/Assets/Scripts/New/ViewController/Game/GameEntry.cs:398)
BirdGame.GameEntry:Update() (at E:/Unity/Projects/Work/FeatherLandNew/Assets/Scripts/New/ViewController/Game/GameEntry.cs:158)

检测到装饰品：Sprite
UnityEngine.DebugLogHandler:Internal_Log(LogType, LogOption, String, Object)
UnityEngine.Logger:Log(LogType, Object)
UnityEngine.Debug:Log(Object)
BirdGame.GameSystem:IsCoverDecoration() (at E:/Unity/Projects/Work/FeatherLandNew/Assets/Scripts/New/Systems/IGameSystem.cs:438)
BirdGame.GameEntry:CheckCursor() (at E:/Unity/Projects/Work/FeatherLandNew/Assets/Scripts/New/ViewController/Game/GameEntry.cs:398)
BirdGame.GameEntry:Update() (at E:/Unity/Projects/Work/FeatherLandNew/Assets/Scripts/New/ViewController/Game/GameEntry.cs:158)

检测到装饰品：Sprite
UnityEngine.DebugLogHandler:Internal_Log(LogType, LogOption, String, Object)
UnityEngine.Logger:Log(LogType, Object)
UnityEngine.Debug:Log(Object)
BirdGame.GameSystem:IsCoverDecoration() (at E:/Unity/Projects/Work/FeatherLandNew/Assets/Scripts/New/Systems/IGameSystem.cs:438)
BirdGame.GameEntry:CheckCursor() (at E:/Unity/Projects/Work/FeatherLandNew/Assets/Scripts/New/ViewController/Game/GameEntry.cs:398)
BirdGame.GameEntry:Update() (at E:/Unity/Projects/Work/FeatherLandNew/Assets/Scripts/New/ViewController/Game/GameEntry.cs:158)

检测到装饰品：Sprite
UnityEngine.DebugLogHandler:Internal_Log(LogType, LogOption, String, Object)
UnityEngine.Logger:Log(LogType, Object)
UnityEngine.Debug:Log(Object)
BirdGame.GameSystem:IsCoverDecoration() (at E:/Unity/Projects/Work/FeatherLandNew/Assets/Scripts/New/Systems/IGameSystem.cs:438)
BirdGame.GameEntry:CheckCursor() (at E:/Unity/Projects/Work/FeatherLandNew/Assets/Scripts/New/ViewController/Game/GameEntry.cs:398)
BirdGame.GameEntry:Update() (at E:/Unity/Projects/Work/FeatherLandNew/Assets/Scripts/New/ViewController/Game/GameEntry.cs:158)

检测到装饰品：Sprite
UnityEngine.DebugLogHandler:Internal_Log(LogType, LogOption, String, Object)
UnityEngine.Logger:Log(LogType, Object)
UnityEngine.Debug:Log(Object)
BirdGame.GameSystem:IsCoverDecoration() (at E:/Unity/Projects/Work/FeatherLandNew/Assets/Scripts/New/Systems/IGameSystem.cs:438)
BirdGame.GameEntry:CheckCursor() (at E:/Unity/Projects/Work/FeatherLandNew/Assets/Scripts/New/ViewController/Game/GameEntry.cs:398)
BirdGame.GameEntry:Update() (at E:/Unity/Projects/Work/FeatherLandNew/Assets/Scripts/New/ViewController/Game/GameEntry.cs:158)

检测到装饰品：Sprite
UnityEngine.DebugLogHandler:Internal_Log(LogType, LogOption, String, Object)
UnityEngine.Logger:Log(LogType, Object)
UnityEngine.Debug:Log(Object)
BirdGame.GameSystem:IsCoverDecoration() (at E:/Unity/Projects/Work/FeatherLandNew/Assets/Scripts/New/Systems/IGameSystem.cs:438)
BirdGame.GameEntry:CheckCursor() (at E:/Unity/Projects/Work/FeatherLandNew/Assets/Scripts/New/ViewController/Game/GameEntry.cs:398)
BirdGame.GameEntry:Update() (at E:/Unity/Projects/Work/FeatherLandNew/Assets/Scripts/New/ViewController/Game/GameEntry.cs:158)

检测到装饰品：Sprite
UnityEngine.DebugLogHandler:Internal_Log(LogType, LogOption, String, Object)
UnityEngine.Logger:Log(LogType, Object)
UnityEngine.Debug:Log(Object)
BirdGame.GameSystem:IsCoverDecoration() (at E:/Unity/Projects/Work/FeatherLandNew/Assets/Scripts/New/Systems/IGameSystem.cs:438)
BirdGame.GameEntry:CheckCursor() (at E:/Unity/Projects/Work/FeatherLandNew/Assets/Scripts/New/ViewController/Game/GameEntry.cs:398)
BirdGame.GameEntry:Update() (at E:/Unity/Projects/Work/FeatherLandNew/Assets/Scripts/New/ViewController/Game/GameEntry.cs:158)

检测到装饰品：Sprite
UnityEngine.DebugLogHandler:Internal_Log(LogType, LogOption, String, Object)
UnityEngine.Logger:Log(LogType, Object)
UnityEngine.Debug:Log(Object)
BirdGame.GameSystem:IsCoverDecoration() (at E:/Unity/Projects/Work/FeatherLandNew/Assets/Scripts/New/Systems/IGameSystem.cs:438)
BirdGame.GameEntry:CheckCursor() (at E:/Unity/Projects/Work/FeatherLandNew/Assets/Scripts/New/ViewController/Game/GameEntry.cs:398)
BirdGame.GameEntry:Update() (at E:/Unity/Projects/Work/FeatherLandNew/Assets/Scripts/New/ViewController/Game/GameEntry.cs:158)

检测到装饰品：Sprite
UnityEngine.DebugLogHandler:Internal_Log(LogType, LogOption, String, Object)
UnityEngine.Logger:Log(LogType, Object)
UnityEngine.Debug:Log(Object)
BirdGame.GameSystem:IsCoverDecoration() (at E:/Unity/Projects/Work/FeatherLandNew/Assets/Scripts/New/Systems/IGameSystem.cs:438)
BirdGame.GameEntry:CheckCursor() (at E:/Unity/Projects/Work/FeatherLandNew/Assets/Scripts/New/ViewController/Game/GameEntry.cs:398)
BirdGame.GameEntry:Update() (at E:/Unity/Projects/Work/FeatherLandNew/Assets/Scripts/New/ViewController/Game/GameEntry.cs:158)

检测到装饰品：Sprite
UnityEngine.DebugLogHandler:Internal_Log(LogType, LogOption, String, Object)
UnityEngine.Logger:Log(LogType, Object)
UnityEngine.Debug:Log(Object)
BirdGame.GameSystem:IsCoverDecoration() (at E:/Unity/Projects/Work/FeatherLandNew/Assets/Scripts/New/Systems/IGameSystem.cs:438)
BirdGame.GameEntry:CheckCursor() (at E:/Unity/Projects/Work/FeatherLandNew/Assets/Scripts/New/ViewController/Game/GameEntry.cs:398)
BirdGame.GameEntry:Update() (at E:/Unity/Projects/Work/FeatherLandNew/Assets/Scripts/New/ViewController/Game/GameEntry.cs:158)

检测到装饰品：Sprite
UnityEngine.DebugLogHandler:Internal_Log(LogType, LogOption, String, Object)
UnityEngine.Logger:Log(LogType, Object)
UnityEngine.Debug:Log(Object)
BirdGame.GameSystem:IsCoverDecoration() (at E:/Unity/Projects/Work/FeatherLandNew/Assets/Scripts/New/Systems/IGameSystem.cs:438)
BirdGame.GameEntry:CheckCursor() (at E:/Unity/Projects/Work/FeatherLandNew/Assets/Scripts/New/ViewController/Game/GameEntry.cs:398)
BirdGame.GameEntry:Update() (at E:/Unity/Projects/Work/FeatherLandNew/Assets/Scripts/New/ViewController/Game/GameEntry.cs:158)

检测到装饰品：Sprite
UnityEngine.DebugLogHandler:Internal_Log(LogType, LogOption, String, Object)
UnityEngine.Logger:Log(LogType, Object)
UnityEngine.Debug:Log(Object)
BirdGame.GameSystem:IsCoverDecoration() (at E:/Unity/Projects/Work/FeatherLandNew/Assets/Scripts/New/Systems/IGameSystem.cs:438)
BirdGame.GameEntry:CheckCursor() (at E:/Unity/Projects/Work/FeatherLandNew/Assets/Scripts/New/ViewController/Game/GameEntry.cs:398)
BirdGame.GameEntry:Update() (at E:/Unity/Projects/Work/FeatherLandNew/Assets/Scripts/New/ViewController/Game/GameEntry.cs:158)

检测到装饰品：Sprite
UnityEngine.DebugLogHandler:Internal_Log(LogType, LogOption, String, Object)
UnityEngine.Logger:Log(LogType, Object)
UnityEngine.Debug:Log(Object)
BirdGame.GameSystem:IsCoverDecoration() (at E:/Unity/Projects/Work/FeatherLandNew/Assets/Scripts/New/Systems/IGameSystem.cs:438)
BirdGame.GameEntry:CheckCursor() (at E:/Unity/Projects/Work/FeatherLandNew/Assets/Scripts/New/ViewController/Game/GameEntry.cs:398)
BirdGame.GameEntry:Update() (at E:/Unity/Projects/Work/FeatherLandNew/Assets/Scripts/New/ViewController/Game/GameEntry.cs:158)

检测到装饰品：Sprite
UnityEngine.DebugLogHandler:Internal_Log(LogType, LogOption, String, Object)
UnityEngine.Logger:Log(LogType, Object)
UnityEngine.Debug:Log(Object)
BirdGame.GameSystem:IsCoverDecoration() (at E:/Unity/Projects/Work/FeatherLandNew/Assets/Scripts/New/Systems/IGameSystem.cs:438)
BirdGame.GameEntry:CheckCursor() (at E:/Unity/Projects/Work/FeatherLandNew/Assets/Scripts/New/ViewController/Game/GameEntry.cs:398)
BirdGame.GameEntry:Update() (at E:/Unity/Projects/Work/FeatherLandNew/Assets/Scripts/New/ViewController/Game/GameEntry.cs:158)

检测到装饰品：Sprite
UnityEngine.DebugLogHandler:Internal_Log(LogType, LogOption, String, Object)
UnityEngine.Logger:Log(LogType, Object)
UnityEngine.Debug:Log(Object)
BirdGame.GameSystem:IsCoverDecoration() (at E:/Unity/Projects/Work/FeatherLandNew/Assets/Scripts/New/Systems/IGameSystem.cs:438)
BirdGame.GameEntry:CheckCursor() (at E:/Unity/Projects/Work/FeatherLandNew/Assets/Scripts/New/ViewController/Game/GameEntry.cs:398)
BirdGame.GameEntry:Update() (at E:/Unity/Projects/Work/FeatherLandNew/Assets/Scripts/New/ViewController/Game/GameEntry.cs:158)

检测到装饰品：Sprite
UnityEngine.DebugLogHandler:Internal_Log(LogType, LogOption, String, Object)
UnityEngine.Logger:Log(LogType, Object)
UnityEngine.Debug:Log(Object)
BirdGame.GameSystem:IsCoverDecoration() (at E:/Unity/Projects/Work/FeatherLandNew/Assets/Scripts/New/Systems/IGameSystem.cs:438)
BirdGame.GameEntry:CheckCursor() (at E:/Unity/Projects/Work/FeatherLandNew/Assets/Scripts/New/ViewController/Game/GameEntry.cs:398)
BirdGame.GameEntry:Update() (at E:/Unity/Projects/Work/FeatherLandNew/Assets/Scripts/New/ViewController/Game/GameEntry.cs:158)

检测到装饰品：Sprite
UnityEngine.DebugLogHandler:Internal_Log(LogType, LogOption, String, Object)
UnityEngine.Logger:Log(LogType, Object)
UnityEngine.Debug:Log(Object)
BirdGame.GameSystem:IsCoverDecoration() (at E:/Unity/Projects/Work/FeatherLandNew/Assets/Scripts/New/Systems/IGameSystem.cs:438)
BirdGame.GameEntry:CheckCursor() (at E:/Unity/Projects/Work/FeatherLandNew/Assets/Scripts/New/ViewController/Game/GameEntry.cs:398)
BirdGame.GameEntry:Update() (at E:/Unity/Projects/Work/FeatherLandNew/Assets/Scripts/New/ViewController/Game/GameEntry.cs:158)

检测到装饰品：Sprite
UnityEngine.DebugLogHandler:Internal_Log(LogType, LogOption, String, Object)
UnityEngine.Logger:Log(LogType, Object)
UnityEngine.Debug:Log(Object)
BirdGame.GameSystem:IsCoverDecoration() (at E:/Unity/Projects/Work/FeatherLandNew/Assets/Scripts/New/Systems/IGameSystem.cs:438)
BirdGame.GameEntry:CheckCursor() (at E:/Unity/Projects/Work/FeatherLandNew/Assets/Scripts/New/ViewController/Game/GameEntry.cs:398)
BirdGame.GameEntry:Update() (at E:/Unity/Projects/Work/FeatherLandNew/Assets/Scripts/New/ViewController/Game/GameEntry.cs:158)

检测到装饰品：Sprite
UnityEngine.DebugLogHandler:Internal_Log(LogType, LogOption, String, Object)
UnityEngine.Logger:Log(LogType, Object)
UnityEngine.Debug:Log(Object)
BirdGame.GameSystem:IsCoverDecoration() (at E:/Unity/Projects/Work/FeatherLandNew/Assets/Scripts/New/Systems/IGameSystem.cs:438)
BirdGame.GameEntry:CheckCursor() (at E:/Unity/Projects/Work/FeatherLandNew/Assets/Scripts/New/ViewController/Game/GameEntry.cs:398)
BirdGame.GameEntry:Update() (at E:/Unity/Projects/Work/FeatherLandNew/Assets/Scripts/New/ViewController/Game/GameEntry.cs:158)

检测到装饰品：Sprite
UnityEngine.DebugLogHandler:Internal_Log(LogType, LogOption, String, Object)
UnityEngine.Logger:Log(LogType, Object)
UnityEngine.Debug:Log(Object)
BirdGame.GameSystem:IsCoverDecoration() (at E:/Unity/Projects/Work/FeatherLandNew/Assets/Scripts/New/Systems/IGameSystem.cs:438)
BirdGame.GameEntry:CheckCursor() (at E:/Unity/Projects/Work/FeatherLandNew/Assets/Scripts/New/ViewController/Game/GameEntry.cs:398)
BirdGame.GameEntry:Update() (at E:/Unity/Projects/Work/FeatherLandNew/Assets/Scripts/New/ViewController/Game/GameEntry.cs:158)

检测到装饰品：Sprite
UnityEngine.DebugLogHandler:Internal_Log(LogType, LogOption, String, Object)
UnityEngine.Logger:Log(LogType, Object)
UnityEngine.Debug:Log(Object)
BirdGame.GameSystem:IsCoverDecoration() (at E:/Unity/Projects/Work/FeatherLandNew/Assets/Scripts/New/Systems/IGameSystem.cs:438)
BirdGame.GameEntry:CheckCursor() (at E:/Unity/Projects/Work/FeatherLandNew/Assets/Scripts/New/ViewController/Game/GameEntry.cs:398)
BirdGame.GameEntry:Update() (at E:/Unity/Projects/Work/FeatherLandNew/Assets/Scripts/New/ViewController/Game/GameEntry.cs:158)

检测到装饰品：Sprite
UnityEngine.DebugLogHandler:Internal_Log(LogType, LogOption, String, Object)
UnityEngine.Logger:Log(LogType, Object)
UnityEngine.Debug:Log(Object)
BirdGame.GameSystem:IsCoverDecoration() (at E:/Unity/Projects/Work/FeatherLandNew/Assets/Scripts/New/Systems/IGameSystem.cs:438)
BirdGame.GameEntry:CheckCursor() (at E:/Unity/Projects/Work/FeatherLandNew/Assets/Scripts/New/ViewController/Game/GameEntry.cs:398)
BirdGame.GameEntry:Update() (at E:/Unity/Projects/Work/FeatherLandNew/Assets/Scripts/New/ViewController/Game/GameEntry.cs:158)

检测到装饰品：Sprite
UnityEngine.DebugLogHandler:Internal_Log(LogType, LogOption, String, Object)
UnityEngine.Logger:Log(LogType, Object)
UnityEngine.Debug:Log(Object)
BirdGame.GameSystem:IsCoverDecoration() (at E:/Unity/Projects/Work/FeatherLandNew/Assets/Scripts/New/Systems/IGameSystem.cs:438)
BirdGame.GameEntry:CheckCursor() (at E:/Unity/Projects/Work/FeatherLandNew/Assets/Scripts/New/ViewController/Game/GameEntry.cs:398)
BirdGame.GameEntry:Update() (at E:/Unity/Projects/Work/FeatherLandNew/Assets/Scripts/New/ViewController/Game/GameEntry.cs:158)

检测到装饰品：Sprite
UnityEngine.DebugLogHandler:Internal_Log(LogType, LogOption, String, Object)
UnityEngine.Logger:Log(LogType, Object)
UnityEngine.Debug:Log(Object)
BirdGame.GameSystem:IsCoverDecoration() (at E:/Unity/Projects/Work/FeatherLandNew/Assets/Scripts/New/Systems/IGameSystem.cs:438)
BirdGame.GameEntry:CheckCursor() (at E:/Unity/Projects/Work/FeatherLandNew/Assets/Scripts/New/ViewController/Game/GameEntry.cs:398)
BirdGame.GameEntry:Update() (at E:/Unity/Projects/Work/FeatherLandNew/Assets/Scripts/New/ViewController/Game/GameEntry.cs:158)

检测到装饰品：Sprite
UnityEngine.DebugLogHandler:Internal_Log(LogType, LogOption, String, Object)
UnityEngine.Logger:Log(LogType, Object)
UnityEngine.Debug:Log(Object)
BirdGame.GameSystem:IsCoverDecoration() (at E:/Unity/Projects/Work/FeatherLandNew/Assets/Scripts/New/Systems/IGameSystem.cs:438)
BirdGame.GameEntry:CheckCursor() (at E:/Unity/Projects/Work/FeatherLandNew/Assets/Scripts/New/ViewController/Game/GameEntry.cs:398)
BirdGame.GameEntry:Update() (at E:/Unity/Projects/Work/FeatherLandNew/Assets/Scripts/New/ViewController/Game/GameEntry.cs:158)

检测到装饰品：Sprite
UnityEngine.DebugLogHandler:Internal_Log(LogType, LogOption, String, Object)
UnityEngine.Logger:Log(LogType, Object)
UnityEngine.Debug:Log(Object)
BirdGame.GameSystem:IsCoverDecoration() (at E:/Unity/Projects/Work/FeatherLandNew/Assets/Scripts/New/Systems/IGameSystem.cs:438)
BirdGame.GameEntry:CheckCursor() (at E:/Unity/Projects/Work/FeatherLandNew/Assets/Scripts/New/ViewController/Game/GameEntry.cs:398)
BirdGame.GameEntry:Update() (at E:/Unity/Projects/Work/FeatherLandNew/Assets/Scripts/New/ViewController/Game/GameEntry.cs:158)

检测到装饰品：Sprite
UnityEngine.DebugLogHandler:Internal_Log(LogType, LogOption, String, Object)
UnityEngine.Logger:Log(LogType, Object)
UnityEngine.Debug:Log(Object)
BirdGame.GameSystem:IsCoverDecoration() (at E:/Unity/Projects/Work/FeatherLandNew/Assets/Scripts/New/Systems/IGameSystem.cs:438)
BirdGame.GameEntry:CheckCursor() (at E:/Unity/Projects/Work/FeatherLandNew/Assets/Scripts/New/ViewController/Game/GameEntry.cs:398)
BirdGame.GameEntry:Update() (at E:/Unity/Projects/Work/FeatherLandNew/Assets/Scripts/New/ViewController/Game/GameEntry.cs:158)

检测到装饰品：Sprite
UnityEngine.DebugLogHandler:Internal_Log(LogType, LogOption, String, Object)
UnityEngine.Logger:Log(LogType, Object)
UnityEngine.Debug:Log(Object)
BirdGame.GameSystem:IsCoverDecoration() (at E:/Unity/Projects/Work/FeatherLandNew/Assets/Scripts/New/Systems/IGameSystem.cs:438)
BirdGame.GameEntry:CheckCursor() (at E:/Unity/Projects/Work/FeatherLandNew/Assets/Scripts/New/ViewController/Game/GameEntry.cs:398)
BirdGame.GameEntry:Update() (at E:/Unity/Projects/Work/FeatherLandNew/Assets/Scripts/New/ViewController/Game/GameEntry.cs:158)

检测到装饰品：Sprite
UnityEngine.DebugLogHandler:Internal_Log(LogType, LogOption, String, Object)
UnityEngine.Logger:Log(LogType, Object)
UnityEngine.Debug:Log(Object)
BirdGame.GameSystem:IsCoverDecoration() (at E:/Unity/Projects/Work/FeatherLandNew/Assets/Scripts/New/Systems/IGameSystem.cs:438)
BirdGame.GameEntry:CheckCursor() (at E:/Unity/Projects/Work/FeatherLandNew/Assets/Scripts/New/ViewController/Game/GameEntry.cs:398)
BirdGame.GameEntry:Update() (at E:/Unity/Projects/Work/FeatherLandNew/Assets/Scripts/New/ViewController/Game/GameEntry.cs:158)

检测到装饰品：Sprite
UnityEngine.DebugLogHandler:Internal_Log(LogType, LogOption, String, Object)
UnityEngine.Logger:Log(LogType, Object)
UnityEngine.Debug:Log(Object)
BirdGame.GameSystem:IsCoverDecoration() (at E:/Unity/Projects/Work/FeatherLandNew/Assets/Scripts/New/Systems/IGameSystem.cs:438)
BirdGame.GameEntry:CheckCursor() (at E:/Unity/Projects/Work/FeatherLandNew/Assets/Scripts/New/ViewController/Game/GameEntry.cs:398)
BirdGame.GameEntry:Update() (at E:/Unity/Projects/Work/FeatherLandNew/Assets/Scripts/New/ViewController/Game/GameEntry.cs:158)

检测到装饰品：Sprite
UnityEngine.DebugLogHandler:Internal_Log(LogType, LogOption, String, Object)
UnityEngine.Logger:Log(LogType, Object)
UnityEngine.Debug:Log(Object)
BirdGame.GameSystem:IsCoverDecoration() (at E:/Unity/Projects/Work/FeatherLandNew/Assets/Scripts/New/Systems/IGameSystem.cs:438)
BirdGame.GameEntry:CheckCursor() (at E:/Unity/Projects/Work/FeatherLandNew/Assets/Scripts/New/ViewController/Game/GameEntry.cs:398)
BirdGame.GameEntry:Update() (at E:/Unity/Projects/Work/FeatherLandNew/Assets/Scripts/New/ViewController/Game/GameEntry.cs:158)

检测到装饰品：Sprite
UnityEngine.DebugLogHandler:Internal_Log(LogType, LogOption, String, Object)
UnityEngine.Logger:Log(LogType, Object)
UnityEngine.Debug:Log(Object)
BirdGame.GameSystem:IsCoverDecoration() (at E:/Unity/Projects/Work/FeatherLandNew/Assets/Scripts/New/Systems/IGameSystem.cs:438)
BirdGame.GameEntry:CheckCursor() (at E:/Unity/Projects/Work/FeatherLandNew/Assets/Scripts/New/ViewController/Game/GameEntry.cs:398)
BirdGame.GameEntry:Update() (at E:/Unity/Projects/Work/FeatherLandNew/Assets/Scripts/New/ViewController/Game/GameEntry.cs:158)

检测到装饰品：Sprite
UnityEngine.DebugLogHandler:Internal_Log(LogType, LogOption, String, Object)
UnityEngine.Logger:Log(LogType, Object)
UnityEngine.Debug:Log(Object)
BirdGame.GameSystem:IsCoverDecoration() (at E:/Unity/Projects/Work/FeatherLandNew/Assets/Scripts/New/Systems/IGameSystem.cs:438)
BirdGame.GameEntry:CheckCursor() (at E:/Unity/Projects/Work/FeatherLandNew/Assets/Scripts/New/ViewController/Game/GameEntry.cs:398)
BirdGame.GameEntry:Update() (at E:/Unity/Projects/Work/FeatherLandNew/Assets/Scripts/New/ViewController/Game/GameEntry.cs:158)

通过范围检测发现装饰品：Sprite
UnityEngine.DebugLogHandler:Internal_Log(LogType, LogOption, String, Object)
UnityEngine.Logger:Log(LogType, Object)
UnityEngine.Debug:Log(Object)
BirdGame.GameSystem:IsCoverDecoration() (at E:/Unity/Projects/Work/FeatherLandNew/Assets/Scripts/New/Systems/IGameSystem.cs:438)
BirdGame.GameEntry:CheckCursor() (at E:/Unity/Projects/Work/FeatherLandNew/Assets/Scripts/New/ViewController/Game/GameEntry.cs:398)
BirdGame.GameEntry:Update() (at E:/Unity/Projects/Work/FeatherLandNew/Assets/Scripts/New/ViewController/Game/GameEntry.cs:158)

通过范围检测发现装饰品：Sprite
UnityEngine.DebugLogHandler:Internal_Log(LogType, LogOption, String, Object)
UnityEngine.Logger:Log(LogType, Object)
UnityEngine.Debug:Log(Object)
BirdGame.GameSystem:IsCoverDecoration() (at E:/Unity/Projects/Work/FeatherLandNew/Assets/Scripts/New/Systems/IGameSystem.cs:438)
BirdGame.GameEntry:CheckCursor() (at E:/Unity/Projects/Work/FeatherLandNew/Assets/Scripts/New/ViewController/Game/GameEntry.cs:398)
BirdGame.GameEntry:Update() (at E:/Unity/Projects/Work/FeatherLandNew/Assets/Scripts/New/ViewController/Game/GameEntry.cs:158)

通过范围检测发现装饰品：Sprite
UnityEngine.DebugLogHandler:Internal_Log(LogType, LogOption, String, Object)
UnityEngine.Logger:Log(LogType, Object)
UnityEngine.Debug:Log(Object)
BirdGame.GameSystem:IsCoverDecoration() (at E:/Unity/Projects/Work/FeatherLandNew/Assets/Scripts/New/Systems/IGameSystem.cs:438)
BirdGame.GameEntry:CheckCursor() (at E:/Unity/Projects/Work/FeatherLandNew/Assets/Scripts/New/ViewController/Game/GameEntry.cs:398)
BirdGame.GameEntry:Update() (at E:/Unity/Projects/Work/FeatherLandNew/Assets/Scripts/New/ViewController/Game/GameEntry.cs:158)

通过范围检测发现装饰品：Sprite
UnityEngine.DebugLogHandler:Internal_Log(LogType, LogOption, String, Object)
UnityEngine.Logger:Log(LogType, Object)
UnityEngine.Debug:Log(Object)
BirdGame.GameSystem:IsCoverDecoration() (at E:/Unity/Projects/Work/FeatherLandNew/Assets/Scripts/New/Systems/IGameSystem.cs:438)
BirdGame.GameEntry:CheckCursor() (at E:/Unity/Projects/Work/FeatherLandNew/Assets/Scripts/New/ViewController/Game/GameEntry.cs:398)
BirdGame.GameEntry:Update() (at E:/Unity/Projects/Work/FeatherLandNew/Assets/Scripts/New/ViewController/Game/GameEntry.cs:158)

通过范围检测发现装饰品：Sprite
UnityEngine.DebugLogHandler:Internal_Log(LogType, LogOption, String, Object)
UnityEngine.Logger:Log(LogType, Object)
UnityEngine.Debug:Log(Object)
BirdGame.GameSystem:IsCoverDecoration() (at E:/Unity/Projects/Work/FeatherLandNew/Assets/Scripts/New/Systems/IGameSystem.cs:438)
BirdGame.GameEntry:CheckCursor() (at E:/Unity/Projects/Work/FeatherLandNew/Assets/Scripts/New/ViewController/Game/GameEntry.cs:398)
BirdGame.GameEntry:Update() (at E:/Unity/Projects/Work/FeatherLandNew/Assets/Scripts/New/ViewController/Game/GameEntry.cs:158)

通过范围检测发现装饰品：Sprite
UnityEngine.DebugLogHandler:Internal_Log(LogType, LogOption, String, Object)
UnityEngine.Logger:Log(LogType, Object)
UnityEngine.Debug:Log(Object)
BirdGame.GameSystem:IsCoverDecoration() (at E:/Unity/Projects/Work/FeatherLandNew/Assets/Scripts/New/Systems/IGameSystem.cs:438)
BirdGame.GameEntry:CheckCursor() (at E:/Unity/Projects/Work/FeatherLandNew/Assets/Scripts/New/ViewController/Game/GameEntry.cs:398)
BirdGame.GameEntry:Update() (at E:/Unity/Projects/Work/FeatherLandNew/Assets/Scripts/New/ViewController/Game/GameEntry.cs:158)

通过范围检测发现装饰品：Sprite
UnityEngine.DebugLogHandler:Internal_Log(LogType, LogOption, String, Object)
UnityEngine.Logger:Log(LogType, Object)
UnityEngine.Debug:Log(Object)
BirdGame.GameSystem:IsCoverDecoration() (at E:/Unity/Projects/Work/FeatherLandNew/Assets/Scripts/New/Systems/IGameSystem.cs:438)
BirdGame.GameEntry:CheckCursor() (at E:/Unity/Projects/Work/FeatherLandNew/Assets/Scripts/New/ViewController/Game/GameEntry.cs:398)
BirdGame.GameEntry:Update() (at E:/Unity/Projects/Work/FeatherLandNew/Assets/Scripts/New/ViewController/Game/GameEntry.cs:158)

通过范围检测发现装饰品：Sprite
UnityEngine.DebugLogHandler:Internal_Log(LogType, LogOption, String, Object)
UnityEngine.Logger:Log(LogType, Object)
UnityEngine.Debug:Log(Object)
BirdGame.GameSystem:IsCoverDecoration() (at E:/Unity/Projects/Work/FeatherLandNew/Assets/Scripts/New/Systems/IGameSystem.cs:438)
BirdGame.GameEntry:CheckCursor() (at E:/Unity/Projects/Work/FeatherLandNew/Assets/Scripts/New/ViewController/Game/GameEntry.cs:398)
BirdGame.GameEntry:Update() (at E:/Unity/Projects/Work/FeatherLandNew/Assets/Scripts/New/ViewController/Game/GameEntry.cs:158)

通过范围检测发现装饰品：Sprite
UnityEngine.DebugLogHandler:Internal_Log(LogType, LogOption, String, Object)
UnityEngine.Logger:Log(LogType, Object)
UnityEngine.Debug:Log(Object)
BirdGame.GameSystem:IsCoverDecoration() (at E:/Unity/Projects/Work/FeatherLandNew/Assets/Scripts/New/Systems/IGameSystem.cs:438)
BirdGame.GameEntry:CheckCursor() (at E:/Unity/Projects/Work/FeatherLandNew/Assets/Scripts/New/ViewController/Game/GameEntry.cs:398)
BirdGame.GameEntry:Update() (at E:/Unity/Projects/Work/FeatherLandNew/Assets/Scripts/New/ViewController/Game/GameEntry.cs:158)

通过范围检测发现装饰品：Sprite
UnityEngine.DebugLogHandler:Internal_Log(LogType, LogOption, String, Object)
UnityEngine.Logger:Log(LogType, Object)
UnityEngine.Debug:Log(Object)
BirdGame.GameSystem:IsCoverDecoration() (at E:/Unity/Projects/Work/FeatherLandNew/Assets/Scripts/New/Systems/IGameSystem.cs:438)
BirdGame.GameEntry:CheckCursor() (at E:/Unity/Projects/Work/FeatherLandNew/Assets/Scripts/New/ViewController/Game/GameEntry.cs:398)
BirdGame.GameEntry:Update() (at E:/Unity/Projects/Work/FeatherLandNew/Assets/Scripts/New/ViewController/Game/GameEntry.cs:158)

通过范围检测发现装饰品：Sprite
UnityEngine.DebugLogHandler:Internal_Log(LogType, LogOption, String, Object)
UnityEngine.Logger:Log(LogType, Object)
UnityEngine.Debug:Log(Object)
BirdGame.GameSystem:IsCoverDecoration() (at E:/Unity/Projects/Work/FeatherLandNew/Assets/Scripts/New/Systems/IGameSystem.cs:438)
BirdGame.GameEntry:CheckCursor() (at E:/Unity/Projects/Work/FeatherLandNew/Assets/Scripts/New/ViewController/Game/GameEntry.cs:398)
BirdGame.GameEntry:Update() (at E:/Unity/Projects/Work/FeatherLandNew/Assets/Scripts/New/ViewController/Game/GameEntry.cs:158)

通过范围检测发现装饰品：Sprite
UnityEngine.DebugLogHandler:Internal_Log(LogType, LogOption, String, Object)
UnityEngine.Logger:Log(LogType, Object)
UnityEngine.Debug:Log(Object)
BirdGame.GameSystem:IsCoverDecoration() (at E:/Unity/Projects/Work/FeatherLandNew/Assets/Scripts/New/Systems/IGameSystem.cs:438)
BirdGame.GameEntry:CheckCursor() (at E:/Unity/Projects/Work/FeatherLandNew/Assets/Scripts/New/ViewController/Game/GameEntry.cs:398)
BirdGame.GameEntry:Update() (at E:/Unity/Projects/Work/FeatherLandNew/Assets/Scripts/New/ViewController/Game/GameEntry.cs:158)

通过范围检测发现装饰品：Sprite
UnityEngine.DebugLogHandler:Internal_Log(LogType, LogOption, String, Object)
UnityEngine.Logger:Log(LogType, Object)
UnityEngine.Debug:Log(Object)
BirdGame.GameSystem:IsCoverDecoration() (at E:/Unity/Projects/Work/FeatherLandNew/Assets/Scripts/New/Systems/IGameSystem.cs:438)
BirdGame.GameEntry:CheckCursor() (at E:/Unity/Projects/Work/FeatherLandNew/Assets/Scripts/New/ViewController/Game/GameEntry.cs:398)
BirdGame.GameEntry:Update() (at E:/Unity/Projects/Work/FeatherLandNew/Assets/Scripts/New/ViewController/Game/GameEntry.cs:158)

通过范围检测发现装饰品：Sprite
UnityEngine.DebugLogHandler:Internal_Log(LogType, LogOption, String, Object)
UnityEngine.Logger:Log(LogType, Object)
UnityEngine.Debug:Log(Object)
BirdGame.GameSystem:IsCoverDecoration() (at E:/Unity/Projects/Work/FeatherLandNew/Assets/Scripts/New/Systems/IGameSystem.cs:438)
BirdGame.GameEntry:CheckCursor() (at E:/Unity/Projects/Work/FeatherLandNew/Assets/Scripts/New/ViewController/Game/GameEntry.cs:398)
BirdGame.GameEntry:Update() (at E:/Unity/Projects/Work/FeatherLandNew/Assets/Scripts/New/ViewController/Game/GameEntry.cs:158)

通过范围检测发现装饰品：Sprite
UnityEngine.DebugLogHandler:Internal_Log(LogType, LogOption, String, Object)
UnityEngine.Logger:Log(LogType, Object)
UnityEngine.Debug:Log(Object)
BirdGame.GameSystem:IsCoverDecoration() (at E:/Unity/Projects/Work/FeatherLandNew/Assets/Scripts/New/Systems/IGameSystem.cs:438)
BirdGame.GameEntry:CheckCursor() (at E:/Unity/Projects/Work/FeatherLandNew/Assets/Scripts/New/ViewController/Game/GameEntry.cs:398)
BirdGame.GameEntry:Update() (at E:/Unity/Projects/Work/FeatherLandNew/Assets/Scripts/New/ViewController/Game/GameEntry.cs:158)

通过范围检测发现装饰品：Sprite
UnityEngine.DebugLogHandler:Internal_Log(LogType, LogOption, String, Object)
UnityEngine.Logger:Log(LogType, Object)
UnityEngine.Debug:Log(Object)
BirdGame.GameSystem:IsCoverDecoration() (at E:/Unity/Projects/Work/FeatherLandNew/Assets/Scripts/New/Systems/IGameSystem.cs:438)
BirdGame.GameEntry:CheckCursor() (at E:/Unity/Projects/Work/FeatherLandNew/Assets/Scripts/New/ViewController/Game/GameEntry.cs:398)
BirdGame.GameEntry:Update() (at E:/Unity/Projects/Work/FeatherLandNew/Assets/Scripts/New/ViewController/Game/GameEntry.cs:158)

通过范围检测发现装饰品：Sprite
UnityEngine.DebugLogHandler:Internal_Log(LogType, LogOption, String, Object)
UnityEngine.Logger:Log(LogType, Object)
UnityEngine.Debug:Log(Object)
BirdGame.GameSystem:IsCoverDecoration() (at E:/Unity/Projects/Work/FeatherLandNew/Assets/Scripts/New/Systems/IGameSystem.cs:438)
BirdGame.GameEntry:CheckCursor() (at E:/Unity/Projects/Work/FeatherLandNew/Assets/Scripts/New/ViewController/Game/GameEntry.cs:398)
BirdGame.GameEntry:Update() (at E:/Unity/Projects/Work/FeatherLandNew/Assets/Scripts/New/ViewController/Game/GameEntry.cs:158)

通过范围检测发现装饰品：Sprite
UnityEngine.DebugLogHandler:Internal_Log(LogType, LogOption, String, Object)
UnityEngine.Logger:Log(LogType, Object)
UnityEngine.Debug:Log(Object)
BirdGame.GameSystem:IsCoverDecoration() (at E:/Unity/Projects/Work/FeatherLandNew/Assets/Scripts/New/Systems/IGameSystem.cs:438)
BirdGame.GameEntry:CheckCursor() (at E:/Unity/Projects/Work/FeatherLandNew/Assets/Scripts/New/ViewController/Game/GameEntry.cs:398)
BirdGame.GameEntry:Update() (at E:/Unity/Projects/Work/FeatherLandNew/Assets/Scripts/New/ViewController/Game/GameEntry.cs:158)

通过范围检测发现装饰品：Sprite
UnityEngine.DebugLogHandler:Internal_Log(LogType, LogOption, String, Object)
UnityEngine.Logger:Log(LogType, Object)
UnityEngine.Debug:Log(Object)
BirdGame.GameSystem:IsCoverDecoration() (at E:/Unity/Projects/Work/FeatherLandNew/Assets/Scripts/New/Systems/IGameSystem.cs:438)
BirdGame.GameEntry:CheckCursor() (at E:/Unity/Projects/Work/FeatherLandNew/Assets/Scripts/New/ViewController/Game/GameEntry.cs:398)
BirdGame.GameEntry:Update() (at E:/Unity/Projects/Work/FeatherLandNew/Assets/Scripts/New/ViewController/Game/GameEntry.cs:158)

通过范围检测发现装饰品：Sprite
UnityEngine.DebugLogHandler:Internal_Log(LogType, LogOption, String, Object)
UnityEngine.Logger:Log(LogType, Object)
UnityEngine.Debug:Log(Object)
BirdGame.GameSystem:IsCoverDecoration() (at E:/Unity/Projects/Work/FeatherLandNew/Assets/Scripts/New/Systems/IGameSystem.cs:438)
BirdGame.GameEntry:CheckCursor() (at E:/Unity/Projects/Work/FeatherLandNew/Assets/Scripts/New/ViewController/Game/GameEntry.cs:398)
BirdGame.GameEntry:Update() (at E:/Unity/Projects/Work/FeatherLandNew/Assets/Scripts/New/ViewController/Game/GameEntry.cs:158)

通过范围检测发现装饰品：Sprite
UnityEngine.DebugLogHandler:Internal_Log(LogType, LogOption, String, Object)
UnityEngine.Logger:Log(LogType, Object)
UnityEngine.Debug:Log(Object)
BirdGame.GameSystem:IsCoverDecoration() (at E:/Unity/Projects/Work/FeatherLandNew/Assets/Scripts/New/Systems/IGameSystem.cs:438)
BirdGame.GameEntry:CheckCursor() (at E:/Unity/Projects/Work/FeatherLandNew/Assets/Scripts/New/ViewController/Game/GameEntry.cs:398)
BirdGame.GameEntry:Update() (at E:/Unity/Projects/Work/FeatherLandNew/Assets/Scripts/New/ViewController/Game/GameEntry.cs:158)

通过范围检测发现装饰品：Sprite
UnityEngine.DebugLogHandler:Internal_Log(LogType, LogOption, String, Object)
UnityEngine.Logger:Log(LogType, Object)
UnityEngine.Debug:Log(Object)
BirdGame.GameSystem:IsCoverDecoration() (at E:/Unity/Projects/Work/FeatherLandNew/Assets/Scripts/New/Systems/IGameSystem.cs:438)
BirdGame.GameEntry:CheckCursor() (at E:/Unity/Projects/Work/FeatherLandNew/Assets/Scripts/New/ViewController/Game/GameEntry.cs:398)
BirdGame.GameEntry:Update() (at E:/Unity/Projects/Work/FeatherLandNew/Assets/Scripts/New/ViewController/Game/GameEntry.cs:158)

通过范围检测发现装饰品：Sprite
UnityEngine.DebugLogHandler:Internal_Log(LogType, LogOption, String, Object)
UnityEngine.Logger:Log(LogType, Object)
UnityEngine.Debug:Log(Object)
BirdGame.GameSystem:IsCoverDecoration() (at E:/Unity/Projects/Work/FeatherLandNew/Assets/Scripts/New/Systems/IGameSystem.cs:438)
BirdGame.GameEntry:CheckCursor() (at E:/Unity/Projects/Work/FeatherLandNew/Assets/Scripts/New/ViewController/Game/GameEntry.cs:398)
BirdGame.GameEntry:Update() (at E:/Unity/Projects/Work/FeatherLandNew/Assets/Scripts/New/ViewController/Game/GameEntry.cs:158)

通过范围检测发现装饰品：Sprite
UnityEngine.DebugLogHandler:Internal_Log(LogType, LogOption, String, Object)
UnityEngine.Logger:Log(LogType, Object)
UnityEngine.Debug:Log(Object)
BirdGame.GameSystem:IsCoverDecoration() (at E:/Unity/Projects/Work/FeatherLandNew/Assets/Scripts/New/Systems/IGameSystem.cs:438)
BirdGame.GameEntry:CheckCursor() (at E:/Unity/Projects/Work/FeatherLandNew/Assets/Scripts/New/ViewController/Game/GameEntry.cs:398)
BirdGame.GameEntry:Update() (at E:/Unity/Projects/Work/FeatherLandNew/Assets/Scripts/New/ViewController/Game/GameEntry.cs:158)

通过范围检测发现装饰品：Sprite
UnityEngine.DebugLogHandler:Internal_Log(LogType, LogOption, String, Object)
UnityEngine.Logger:Log(LogType, Object)
UnityEngine.Debug:Log(Object)
BirdGame.GameSystem:IsCoverDecoration() (at E:/Unity/Projects/Work/FeatherLandNew/Assets/Scripts/New/Systems/IGameSystem.cs:438)
BirdGame.GameEntry:CheckCursor() (at E:/Unity/Projects/Work/FeatherLandNew/Assets/Scripts/New/ViewController/Game/GameEntry.cs:398)
BirdGame.GameEntry:Update() (at E:/Unity/Projects/Work/FeatherLandNew/Assets/Scripts/New/ViewController/Game/GameEntry.cs:158)

通过范围检测发现装饰品：Sprite
UnityEngine.DebugLogHandler:Internal_Log(LogType, LogOption, String, Object)
UnityEngine.Logger:Log(LogType, Object)
UnityEngine.Debug:Log(Object)
BirdGame.GameSystem:IsCoverDecoration() (at E:/Unity/Projects/Work/FeatherLandNew/Assets/Scripts/New/Systems/IGameSystem.cs:438)
BirdGame.GameEntry:CheckCursor() (at E:/Unity/Projects/Work/FeatherLandNew/Assets/Scripts/New/ViewController/Game/GameEntry.cs:398)
BirdGame.GameEntry:Update() (at E:/Unity/Projects/Work/FeatherLandNew/Assets/Scripts/New/ViewController/Game/GameEntry.cs:158)

通过范围检测发现装饰品：Sprite
UnityEngine.DebugLogHandler:Internal_Log(LogType, LogOption, String, Object)
UnityEngine.Logger:Log(LogType, Object)
UnityEngine.Debug:Log(Object)
BirdGame.GameSystem:IsCoverDecoration() (at E:/Unity/Projects/Work/FeatherLandNew/Assets/Scripts/New/Systems/IGameSystem.cs:438)
BirdGame.GameEntry:CheckCursor() (at E:/Unity/Projects/Work/FeatherLandNew/Assets/Scripts/New/ViewController/Game/GameEntry.cs:398)
BirdGame.GameEntry:Update() (at E:/Unity/Projects/Work/FeatherLandNew/Assets/Scripts/New/ViewController/Game/GameEntry.cs:158)

通过范围检测发现装饰品：Sprite
UnityEngine.DebugLogHandler:Internal_Log(LogType, LogOption, String, Object)
UnityEngine.Logger:Log(LogType, Object)
UnityEngine.Debug:Log(Object)
BirdGame.GameSystem:IsCoverDecoration() (at E:/Unity/Projects/Work/FeatherLandNew/Assets/Scripts/New/Systems/IGameSystem.cs:438)
BirdGame.GameEntry:CheckCursor() (at E:/Unity/Projects/Work/FeatherLandNew/Assets/Scripts/New/ViewController/Game/GameEntry.cs:398)
BirdGame.GameEntry:Update() (at E:/Unity/Projects/Work/FeatherLandNew/Assets/Scripts/New/ViewController/Game/GameEntry.cs:158)

通过范围检测发现装饰品：Sprite
UnityEngine.DebugLogHandler:Internal_Log(LogType, LogOption, String, Object)
UnityEngine.Logger:Log(LogType, Object)
UnityEngine.Debug:Log(Object)
BirdGame.GameSystem:IsCoverDecoration() (at E:/Unity/Projects/Work/FeatherLandNew/Assets/Scripts/New/Systems/IGameSystem.cs:438)
BirdGame.GameEntry:CheckCursor() (at E:/Unity/Projects/Work/FeatherLandNew/Assets/Scripts/New/ViewController/Game/GameEntry.cs:398)
BirdGame.GameEntry:Update() (at E:/Unity/Projects/Work/FeatherLandNew/Assets/Scripts/New/ViewController/Game/GameEntry.cs:158)

通过范围检测发现装饰品：Sprite
UnityEngine.DebugLogHandler:Internal_Log(LogType, LogOption, String, Object)
UnityEngine.Logger:Log(LogType, Object)
UnityEngine.Debug:Log(Object)
BirdGame.GameSystem:IsCoverDecoration() (at E:/Unity/Projects/Work/FeatherLandNew/Assets/Scripts/New/Systems/IGameSystem.cs:438)
BirdGame.GameEntry:CheckCursor() (at E:/Unity/Projects/Work/FeatherLandNew/Assets/Scripts/New/ViewController/Game/GameEntry.cs:398)
BirdGame.GameEntry:Update() (at E:/Unity/Projects/Work/FeatherLandNew/Assets/Scripts/New/ViewController/Game/GameEntry.cs:158)

通过范围检测发现装饰品：Sprite
UnityEngine.DebugLogHandler:Internal_Log(LogType, LogOption, String, Object)
UnityEngine.Logger:Log(LogType, Object)
UnityEngine.Debug:Log(Object)
BirdGame.GameSystem:IsCoverDecoration() (at E:/Unity/Projects/Work/FeatherLandNew/Assets/Scripts/New/Systems/IGameSystem.cs:438)
BirdGame.GameEntry:CheckCursor() (at E:/Unity/Projects/Work/FeatherLandNew/Assets/Scripts/New/ViewController/Game/GameEntry.cs:398)
BirdGame.GameEntry:Update() (at E:/Unity/Projects/Work/FeatherLandNew/Assets/Scripts/New/ViewController/Game/GameEntry.cs:158)

通过范围检测发现装饰品：Sprite
UnityEngine.DebugLogHandler:Internal_Log(LogType, LogOption, String, Object)
UnityEngine.Logger:Log(LogType, Object)
UnityEngine.Debug:Log(Object)
BirdGame.GameSystem:IsCoverDecoration() (at E:/Unity/Projects/Work/FeatherLandNew/Assets/Scripts/New/Systems/IGameSystem.cs:438)
BirdGame.GameEntry:CheckCursor() (at E:/Unity/Projects/Work/FeatherLandNew/Assets/Scripts/New/ViewController/Game/GameEntry.cs:398)
BirdGame.GameEntry:Update() (at E:/Unity/Projects/Work/FeatherLandNew/Assets/Scripts/New/ViewController/Game/GameEntry.cs:158)

通过范围检测发现装饰品：Sprite
UnityEngine.DebugLogHandler:Internal_Log(LogType, LogOption, String, Object)
UnityEngine.Logger:Log(LogType, Object)
UnityEngine.Debug:Log(Object)
BirdGame.GameSystem:IsCoverDecoration() (at E:/Unity/Projects/Work/FeatherLandNew/Assets/Scripts/New/Systems/IGameSystem.cs:438)
BirdGame.GameEntry:CheckCursor() (at E:/Unity/Projects/Work/FeatherLandNew/Assets/Scripts/New/ViewController/Game/GameEntry.cs:398)
BirdGame.GameEntry:Update() (at E:/Unity/Projects/Work/FeatherLandNew/Assets/Scripts/New/ViewController/Game/GameEntry.cs:158)

通过范围检测发现装饰品：Sprite
UnityEngine.DebugLogHandler:Internal_Log(LogType, LogOption, String, Object)
UnityEngine.Logger:Log(LogType, Object)
UnityEngine.Debug:Log(Object)
BirdGame.GameSystem:IsCoverDecoration() (at E:/Unity/Projects/Work/FeatherLandNew/Assets/Scripts/New/Systems/IGameSystem.cs:438)
BirdGame.GameEntry:CheckCursor() (at E:/Unity/Projects/Work/FeatherLandNew/Assets/Scripts/New/ViewController/Game/GameEntry.cs:398)
BirdGame.GameEntry:Update() (at E:/Unity/Projects/Work/FeatherLandNew/Assets/Scripts/New/ViewController/Game/GameEntry.cs:158)

通过范围检测发现装饰品：Sprite
UnityEngine.DebugLogHandler:Internal_Log(LogType, LogOption, String, Object)
UnityEngine.Logger:Log(LogType, Object)
UnityEngine.Debug:Log(Object)
BirdGame.GameSystem:IsCoverDecoration() (at E:/Unity/Projects/Work/FeatherLandNew/Assets/Scripts/New/Systems/IGameSystem.cs:438)
BirdGame.GameEntry:CheckCursor() (at E:/Unity/Projects/Work/FeatherLandNew/Assets/Scripts/New/ViewController/Game/GameEntry.cs:398)
BirdGame.GameEntry:Update() (at E:/Unity/Projects/Work/FeatherLandNew/Assets/Scripts/New/ViewController/Game/GameEntry.cs:158)

通过范围检测发现装饰品：Sprite
UnityEngine.DebugLogHandler:Internal_Log(LogType, LogOption, String, Object)
UnityEngine.Logger:Log(LogType, Object)
UnityEngine.Debug:Log(Object)
BirdGame.GameSystem:IsCoverDecoration() (at E:/Unity/Projects/Work/FeatherLandNew/Assets/Scripts/New/Systems/IGameSystem.cs:438)
BirdGame.GameEntry:CheckCursor() (at E:/Unity/Projects/Work/FeatherLandNew/Assets/Scripts/New/ViewController/Game/GameEntry.cs:398)
BirdGame.GameEntry:Update() (at E:/Unity/Projects/Work/FeatherLandNew/Assets/Scripts/New/ViewController/Game/GameEntry.cs:158)

通过范围检测发现装饰品：Sprite
UnityEngine.DebugLogHandler:Internal_Log(LogType, LogOption, String, Object)
UnityEngine.Logger:Log(LogType, Object)
UnityEngine.Debug:Log(Object)
BirdGame.GameSystem:IsCoverDecoration() (at E:/Unity/Projects/Work/FeatherLandNew/Assets/Scripts/New/Systems/IGameSystem.cs:438)
BirdGame.GameEntry:CheckCursor() (at E:/Unity/Projects/Work/FeatherLandNew/Assets/Scripts/New/ViewController/Game/GameEntry.cs:398)
BirdGame.GameEntry:Update() (at E:/Unity/Projects/Work/FeatherLandNew/Assets/Scripts/New/ViewController/Game/GameEntry.cs:158)

通过范围检测发现装饰品：Sprite
UnityEngine.DebugLogHandler:Internal_Log(LogType, LogOption, String, Object)
UnityEngine.Logger:Log(LogType, Object)
UnityEngine.Debug:Log(Object)
BirdGame.GameSystem:IsCoverDecoration() (at E:/Unity/Projects/Work/FeatherLandNew/Assets/Scripts/New/Systems/IGameSystem.cs:438)
BirdGame.GameEntry:CheckCursor() (at E:/Unity/Projects/Work/FeatherLandNew/Assets/Scripts/New/ViewController/Game/GameEntry.cs:398)
BirdGame.GameEntry:Update() (at E:/Unity/Projects/Work/FeatherLandNew/Assets/Scripts/New/ViewController/Game/GameEntry.cs:158)

通过范围检测发现装饰品：Sprite
UnityEngine.DebugLogHandler:Internal_Log(LogType, LogOption, String, Object)
UnityEngine.Logger:Log(LogType, Object)
UnityEngine.Debug:Log(Object)
BirdGame.GameSystem:IsCoverDecoration() (at E:/Unity/Projects/Work/FeatherLandNew/Assets/Scripts/New/Systems/IGameSystem.cs:438)
BirdGame.GameEntry:CheckCursor() (at E:/Unity/Projects/Work/FeatherLandNew/Assets/Scripts/New/ViewController/Game/GameEntry.cs:398)
BirdGame.GameEntry:Update() (at E:/Unity/Projects/Work/FeatherLandNew/Assets/Scripts/New/ViewController/Game/GameEntry.cs:158)

通过范围检测发现装饰品：Sprite
UnityEngine.DebugLogHandler:Internal_Log(LogType, LogOption, String, Object)
UnityEngine.Logger:Log(LogType, Object)
UnityEngine.Debug:Log(Object)
BirdGame.GameSystem:IsCoverDecoration() (at E:/Unity/Projects/Work/FeatherLandNew/Assets/Scripts/New/Systems/IGameSystem.cs:438)
BirdGame.GameEntry:CheckCursor() (at E:/Unity/Projects/Work/FeatherLandNew/Assets/Scripts/New/ViewController/Game/GameEntry.cs:398)
BirdGame.GameEntry:Update() (at E:/Unity/Projects/Work/FeatherLandNew/Assets/Scripts/New/ViewController/Game/GameEntry.cs:158)

通过范围检测发现装饰品：Sprite
UnityEngine.DebugLogHandler:Internal_Log(LogType, LogOption, String, Object)
UnityEngine.Logger:Log(LogType, Object)
UnityEngine.Debug:Log(Object)
BirdGame.GameSystem:IsCoverDecoration() (at E:/Unity/Projects/Work/FeatherLandNew/Assets/Scripts/New/Systems/IGameSystem.cs:438)
BirdGame.GameEntry:CheckCursor() (at E:/Unity/Projects/Work/FeatherLandNew/Assets/Scripts/New/ViewController/Game/GameEntry.cs:398)
BirdGame.GameEntry:Update() (at E:/Unity/Projects/Work/FeatherLandNew/Assets/Scripts/New/ViewController/Game/GameEntry.cs:158)

通过范围检测发现装饰品：Sprite
UnityEngine.DebugLogHandler:Internal_Log(LogType, LogOption, String, Object)
UnityEngine.Logger:Log(LogType, Object)
UnityEngine.Debug:Log(Object)
BirdGame.GameSystem:IsCoverDecoration() (at E:/Unity/Projects/Work/FeatherLandNew/Assets/Scripts/New/Systems/IGameSystem.cs:438)
BirdGame.GameEntry:CheckCursor() (at E:/Unity/Projects/Work/FeatherLandNew/Assets/Scripts/New/ViewController/Game/GameEntry.cs:398)
BirdGame.GameEntry:Update() (at E:/Unity/Projects/Work/FeatherLandNew/Assets/Scripts/New/ViewController/Game/GameEntry.cs:158)

通过范围检测发现装饰品：Sprite
UnityEngine.DebugLogHandler:Internal_Log(LogType, LogOption, String, Object)
UnityEngine.Logger:Log(LogType, Object)
UnityEngine.Debug:Log(Object)
BirdGame.GameSystem:IsCoverDecoration() (at E:/Unity/Projects/Work/FeatherLandNew/Assets/Scripts/New/Systems/IGameSystem.cs:438)
BirdGame.GameEntry:CheckCursor() (at E:/Unity/Projects/Work/FeatherLandNew/Assets/Scripts/New/ViewController/Game/GameEntry.cs:398)
BirdGame.GameEntry:Update() (at E:/Unity/Projects/Work/FeatherLandNew/Assets/Scripts/New/ViewController/Game/GameEntry.cs:158)

通过范围检测发现装饰品：Sprite
UnityEngine.DebugLogHandler:Internal_Log(LogType, LogOption, String, Object)
UnityEngine.Logger:Log(LogType, Object)
UnityEngine.Debug:Log(Object)
BirdGame.GameSystem:IsCoverDecoration() (at E:/Unity/Projects/Work/FeatherLandNew/Assets/Scripts/New/Systems/IGameSystem.cs:438)
BirdGame.GameEntry:CheckCursor() (at E:/Unity/Projects/Work/FeatherLandNew/Assets/Scripts/New/ViewController/Game/GameEntry.cs:398)
BirdGame.GameEntry:Update() (at E:/Unity/Projects/Work/FeatherLandNew/Assets/Scripts/New/ViewController/Game/GameEntry.cs:158)

通过范围检测发现装饰品：Sprite
UnityEngine.DebugLogHandler:Internal_Log(LogType, LogOption, String, Object)
UnityEngine.Logger:Log(LogType, Object)
UnityEngine.Debug:Log(Object)
BirdGame.GameSystem:IsCoverDecoration() (at E:/Unity/Projects/Work/FeatherLandNew/Assets/Scripts/New/Systems/IGameSystem.cs:438)
BirdGame.GameEntry:CheckCursor() (at E:/Unity/Projects/Work/FeatherLandNew/Assets/Scripts/New/ViewController/Game/GameEntry.cs:398)
BirdGame.GameEntry:Update() (at E:/Unity/Projects/Work/FeatherLandNew/Assets/Scripts/New/ViewController/Game/GameEntry.cs:158)

通过范围检测发现装饰品：Sprite
UnityEngine.DebugLogHandler:Internal_Log(LogType, LogOption, String, Object)
UnityEngine.Logger:Log(LogType, Object)
UnityEngine.Debug:Log(Object)
BirdGame.GameSystem:IsCoverDecoration() (at E:/Unity/Projects/Work/FeatherLandNew/Assets/Scripts/New/Systems/IGameSystem.cs:438)
BirdGame.GameEntry:CheckCursor() (at E:/Unity/Projects/Work/FeatherLandNew/Assets/Scripts/New/ViewController/Game/GameEntry.cs:398)
BirdGame.GameEntry:Update() (at E:/Unity/Projects/Work/FeatherLandNew/Assets/Scripts/New/ViewController/Game/GameEntry.cs:158)

通过范围检测发现装饰品：Sprite
UnityEngine.DebugLogHandler:Internal_Log(LogType, LogOption, String, Object)
UnityEngine.Logger:Log(LogType, Object)
UnityEngine.Debug:Log(Object)
BirdGame.GameSystem:IsCoverDecoration() (at E:/Unity/Projects/Work/FeatherLandNew/Assets/Scripts/New/Systems/IGameSystem.cs:438)
BirdGame.GameEntry:CheckCursor() (at E:/Unity/Projects/Work/FeatherLandNew/Assets/Scripts/New/ViewController/Game/GameEntry.cs:398)
BirdGame.GameEntry:Update() (at E:/Unity/Projects/Work/FeatherLandNew/Assets/Scripts/New/ViewController/Game/GameEntry.cs:158)

通过范围检测发现装饰品：Sprite
UnityEngine.DebugLogHandler:Internal_Log(LogType, LogOption, String, Object)
UnityEngine.Logger:Log(LogType, Object)
UnityEngine.Debug:Log(Object)
BirdGame.GameSystem:IsCoverDecoration() (at E:/Unity/Projects/Work/FeatherLandNew/Assets/Scripts/New/Systems/IGameSystem.cs:438)
BirdGame.GameEntry:CheckCursor() (at E:/Unity/Projects/Work/FeatherLandNew/Assets/Scripts/New/ViewController/Game/GameEntry.cs:398)
BirdGame.GameEntry:Update() (at E:/Unity/Projects/Work/FeatherLandNew/Assets/Scripts/New/ViewController/Game/GameEntry.cs:158)

通过范围检测发现装饰品：Sprite
UnityEngine.DebugLogHandler:Internal_Log(LogType, LogOption, String, Object)
UnityEngine.Logger:Log(LogType, Object)
UnityEngine.Debug:Log(Object)
BirdGame.GameSystem:IsCoverDecoration() (at E:/Unity/Projects/Work/FeatherLandNew/Assets/Scripts/New/Systems/IGameSystem.cs:438)
BirdGame.GameEntry:CheckCursor() (at E:/Unity/Projects/Work/FeatherLandNew/Assets/Scripts/New/ViewController/Game/GameEntry.cs:398)
BirdGame.GameEntry:Update() (at E:/Unity/Projects/Work/FeatherLandNew/Assets/Scripts/New/ViewController/Game/GameEntry.cs:158)

通过范围检测发现装饰品：Sprite
UnityEngine.DebugLogHandler:Internal_Log(LogType, LogOption, String, Object)
UnityEngine.Logger:Log(LogType, Object)
UnityEngine.Debug:Log(Object)
BirdGame.GameSystem:IsCoverDecoration() (at E:/Unity/Projects/Work/FeatherLandNew/Assets/Scripts/New/Systems/IGameSystem.cs:438)
BirdGame.GameEntry:CheckCursor() (at E:/Unity/Projects/Work/FeatherLandNew/Assets/Scripts/New/ViewController/Game/GameEntry.cs:398)
BirdGame.GameEntry:Update() (at E:/Unity/Projects/Work/FeatherLandNew/Assets/Scripts/New/ViewController/Game/GameEntry.cs:158)

通过范围检测发现装饰品：Sprite
UnityEngine.DebugLogHandler:Internal_Log(LogType, LogOption, String, Object)
UnityEngine.Logger:Log(LogType, Object)
UnityEngine.Debug:Log(Object)
BirdGame.GameSystem:IsCoverDecoration() (at E:/Unity/Projects/Work/FeatherLandNew/Assets/Scripts/New/Systems/IGameSystem.cs:438)
BirdGame.GameEntry:CheckCursor() (at E:/Unity/Projects/Work/FeatherLandNew/Assets/Scripts/New/ViewController/Game/GameEntry.cs:398)
BirdGame.GameEntry:Update() (at E:/Unity/Projects/Work/FeatherLandNew/Assets/Scripts/New/ViewController/Game/GameEntry.cs:158)

通过范围检测发现装饰品：Sprite
UnityEngine.DebugLogHandler:Internal_Log(LogType, LogOption, String, Object)
UnityEngine.Logger:Log(LogType, Object)
UnityEngine.Debug:Log(Object)
BirdGame.GameSystem:IsCoverDecoration() (at E:/Unity/Projects/Work/FeatherLandNew/Assets/Scripts/New/Systems/IGameSystem.cs:438)
BirdGame.GameEntry:CheckCursor() (at E:/Unity/Projects/Work/FeatherLandNew/Assets/Scripts/New/ViewController/Game/GameEntry.cs:398)
BirdGame.GameEntry:Update() (at E:/Unity/Projects/Work/FeatherLandNew/Assets/Scripts/New/ViewController/Game/GameEntry.cs:158)

通过范围检测发现装饰品：Sprite
UnityEngine.DebugLogHandler:Internal_Log(LogType, LogOption, String, Object)
UnityEngine.Logger:Log(LogType, Object)
UnityEngine.Debug:Log(Object)
BirdGame.GameSystem:IsCoverDecoration() (at E:/Unity/Projects/Work/FeatherLandNew/Assets/Scripts/New/Systems/IGameSystem.cs:438)
BirdGame.GameEntry:CheckCursor() (at E:/Unity/Projects/Work/FeatherLandNew/Assets/Scripts/New/ViewController/Game/GameEntry.cs:398)
BirdGame.GameEntry:Update() (at E:/Unity/Projects/Work/FeatherLandNew/Assets/Scripts/New/ViewController/Game/GameEntry.cs:158)

通过范围检测发现装饰品：Sprite
UnityEngine.DebugLogHandler:Internal_Log(LogType, LogOption, String, Object)
UnityEngine.Logger:Log(LogType, Object)
UnityEngine.Debug:Log(Object)
BirdGame.GameSystem:IsCoverDecoration() (at E:/Unity/Projects/Work/FeatherLandNew/Assets/Scripts/New/Systems/IGameSystem.cs:438)
BirdGame.GameEntry:CheckCursor() (at E:/Unity/Projects/Work/FeatherLandNew/Assets/Scripts/New/ViewController/Game/GameEntry.cs:398)
BirdGame.GameEntry:Update() (at E:/Unity/Projects/Work/FeatherLandNew/Assets/Scripts/New/ViewController/Game/GameEntry.cs:158)

通过范围检测发现装饰品：Sprite
UnityEngine.DebugLogHandler:Internal_Log(LogType, LogOption, String, Object)
UnityEngine.Logger:Log(LogType, Object)
UnityEngine.Debug:Log(Object)
BirdGame.GameSystem:IsCoverDecoration() (at E:/Unity/Projects/Work/FeatherLandNew/Assets/Scripts/New/Systems/IGameSystem.cs:438)
BirdGame.GameEntry:CheckCursor() (at E:/Unity/Projects/Work/FeatherLandNew/Assets/Scripts/New/ViewController/Game/GameEntry.cs:398)
BirdGame.GameEntry:Update() (at E:/Unity/Projects/Work/FeatherLandNew/Assets/Scripts/New/ViewController/Game/GameEntry.cs:158)

通过范围检测发现装饰品：Sprite
UnityEngine.DebugLogHandler:Internal_Log(LogType, LogOption, String, Object)
UnityEngine.Logger:Log(LogType, Object)
UnityEngine.Debug:Log(Object)
BirdGame.GameSystem:IsCoverDecoration() (at E:/Unity/Projects/Work/FeatherLandNew/Assets/Scripts/New/Systems/IGameSystem.cs:438)
BirdGame.GameEntry:CheckCursor() (at E:/Unity/Projects/Work/FeatherLandNew/Assets/Scripts/New/ViewController/Game/GameEntry.cs:398)
BirdGame.GameEntry:Update() (at E:/Unity/Projects/Work/FeatherLandNew/Assets/Scripts/New/ViewController/Game/GameEntry.cs:158)

通过范围检测发现装饰品：Sprite
UnityEngine.DebugLogHandler:Internal_Log(LogType, LogOption, String, Object)
UnityEngine.Logger:Log(LogType, Object)
UnityEngine.Debug:Log(Object)
BirdGame.GameSystem:IsCoverDecoration() (at E:/Unity/Projects/Work/FeatherLandNew/Assets/Scripts/New/Systems/IGameSystem.cs:438)
BirdGame.GameEntry:CheckCursor() (at E:/Unity/Projects/Work/FeatherLandNew/Assets/Scripts/New/ViewController/Game/GameEntry.cs:398)
BirdGame.GameEntry:Update() (at E:/Unity/Projects/Work/FeatherLandNew/Assets/Scripts/New/ViewController/Game/GameEntry.cs:158)

通过范围检测发现装饰品：Sprite
UnityEngine.DebugLogHandler:Internal_Log(LogType, LogOption, String, Object)
UnityEngine.Logger:Log(LogType, Object)
UnityEngine.Debug:Log(Object)
BirdGame.GameSystem:IsCoverDecoration() (at E:/Unity/Projects/Work/FeatherLandNew/Assets/Scripts/New/Systems/IGameSystem.cs:438)
BirdGame.GameEntry:CheckCursor() (at E:/Unity/Projects/Work/FeatherLandNew/Assets/Scripts/New/ViewController/Game/GameEntry.cs:398)
BirdGame.GameEntry:Update() (at E:/Unity/Projects/Work/FeatherLandNew/Assets/Scripts/New/ViewController/Game/GameEntry.cs:158)

通过范围检测发现装饰品：Sprite
UnityEngine.DebugLogHandler:Internal_Log(LogType, LogOption, String, Object)
UnityEngine.Logger:Log(LogType, Object)
UnityEngine.Debug:Log(Object)
BirdGame.GameSystem:IsCoverDecoration() (at E:/Unity/Projects/Work/FeatherLandNew/Assets/Scripts/New/Systems/IGameSystem.cs:438)
BirdGame.GameEntry:CheckCursor() (at E:/Unity/Projects/Work/FeatherLandNew/Assets/Scripts/New/ViewController/Game/GameEntry.cs:398)
BirdGame.GameEntry:Update() (at E:/Unity/Projects/Work/FeatherLandNew/Assets/Scripts/New/ViewController/Game/GameEntry.cs:158)

通过范围检测发现装饰品：Sprite
UnityEngine.DebugLogHandler:Internal_Log(LogType, LogOption, String, Object)
UnityEngine.Logger:Log(LogType, Object)
UnityEngine.Debug:Log(Object)
BirdGame.GameSystem:IsCoverDecoration() (at E:/Unity/Projects/Work/FeatherLandNew/Assets/Scripts/New/Systems/IGameSystem.cs:438)
BirdGame.GameEntry:CheckCursor() (at E:/Unity/Projects/Work/FeatherLandNew/Assets/Scripts/New/ViewController/Game/GameEntry.cs:398)
BirdGame.GameEntry:Update() (at E:/Unity/Projects/Work/FeatherLandNew/Assets/Scripts/New/ViewController/Game/GameEntry.cs:158)

通过范围检测发现装饰品：Sprite
UnityEngine.DebugLogHandler:Internal_Log(LogType, LogOption, String, Object)
UnityEngine.Logger:Log(LogType, Object)
UnityEngine.Debug:Log(Object)
BirdGame.GameSystem:IsCoverDecoration() (at E:/Unity/Projects/Work/FeatherLandNew/Assets/Scripts/New/Systems/IGameSystem.cs:438)
BirdGame.GameEntry:CheckCursor() (at E:/Unity/Projects/Work/FeatherLandNew/Assets/Scripts/New/ViewController/Game/GameEntry.cs:398)
BirdGame.GameEntry:Update() (at E:/Unity/Projects/Work/FeatherLandNew/Assets/Scripts/New/ViewController/Game/GameEntry.cs:158)

通过范围检测发现装饰品：Sprite
UnityEngine.DebugLogHandler:Internal_Log(LogType, LogOption, String, Object)
UnityEngine.Logger:Log(LogType, Object)
UnityEngine.Debug:Log(Object)
BirdGame.GameSystem:IsCoverDecoration() (at E:/Unity/Projects/Work/FeatherLandNew/Assets/Scripts/New/Systems/IGameSystem.cs:438)
BirdGame.GameEntry:CheckCursor() (at E:/Unity/Projects/Work/FeatherLandNew/Assets/Scripts/New/ViewController/Game/GameEntry.cs:398)
BirdGame.GameEntry:Update() (at E:/Unity/Projects/Work/FeatherLandNew/Assets/Scripts/New/ViewController/Game/GameEntry.cs:158)

通过范围检测发现装饰品：Sprite
UnityEngine.DebugLogHandler:Internal_Log(LogType, LogOption, String, Object)
UnityEngine.Logger:Log(LogType, Object)
UnityEngine.Debug:Log(Object)
BirdGame.GameSystem:IsCoverDecoration() (at E:/Unity/Projects/Work/FeatherLandNew/Assets/Scripts/New/Systems/IGameSystem.cs:438)
BirdGame.GameEntry:CheckCursor() (at E:/Unity/Projects/Work/FeatherLandNew/Assets/Scripts/New/ViewController/Game/GameEntry.cs:398)
BirdGame.GameEntry:Update() (at E:/Unity/Projects/Work/FeatherLandNew/Assets/Scripts/New/ViewController/Game/GameEntry.cs:158)

通过范围检测发现装饰品：Sprite
UnityEngine.DebugLogHandler:Internal_Log(LogType, LogOption, String, Object)
UnityEngine.Logger:Log(LogType, Object)
UnityEngine.Debug:Log(Object)
BirdGame.GameSystem:IsCoverDecoration() (at E:/Unity/Projects/Work/FeatherLandNew/Assets/Scripts/New/Systems/IGameSystem.cs:438)
BirdGame.GameEntry:CheckCursor() (at E:/Unity/Projects/Work/FeatherLandNew/Assets/Scripts/New/ViewController/Game/GameEntry.cs:398)
BirdGame.GameEntry:Update() (at E:/Unity/Projects/Work/FeatherLandNew/Assets/Scripts/New/ViewController/Game/GameEntry.cs:158)

通过范围检测发现装饰品：Sprite
UnityEngine.DebugLogHandler:Internal_Log(LogType, LogOption, String, Object)
UnityEngine.Logger:Log(LogType, Object)
UnityEngine.Debug:Log(Object)
BirdGame.GameSystem:IsCoverDecoration() (at E:/Unity/Projects/Work/FeatherLandNew/Assets/Scripts/New/Systems/IGameSystem.cs:438)
BirdGame.GameEntry:CheckCursor() (at E:/Unity/Projects/Work/FeatherLandNew/Assets/Scripts/New/ViewController/Game/GameEntry.cs:398)
BirdGame.GameEntry:Update() (at E:/Unity/Projects/Work/FeatherLandNew/Assets/Scripts/New/ViewController/Game/GameEntry.cs:158)

通过范围检测发现装饰品：Sprite
UnityEngine.DebugLogHandler:Internal_Log(LogType, LogOption, String, Object)
UnityEngine.Logger:Log(LogType, Object)
UnityEngine.Debug:Log(Object)
BirdGame.GameSystem:IsCoverDecoration() (at E:/Unity/Projects/Work/FeatherLandNew/Assets/Scripts/New/Systems/IGameSystem.cs:438)
BirdGame.GameEntry:CheckCursor() (at E:/Unity/Projects/Work/FeatherLandNew/Assets/Scripts/New/ViewController/Game/GameEntry.cs:398)
BirdGame.GameEntry:Update() (at E:/Unity/Projects/Work/FeatherLandNew/Assets/Scripts/New/ViewController/Game/GameEntry.cs:158)

通过范围检测发现装饰品：Sprite
UnityEngine.DebugLogHandler:Internal_Log(LogType, LogOption, String, Object)
UnityEngine.Logger:Log(LogType, Object)
UnityEngine.Debug:Log(Object)
BirdGame.GameSystem:IsCoverDecoration() (at E:/Unity/Projects/Work/FeatherLandNew/Assets/Scripts/New/Systems/IGameSystem.cs:438)
BirdGame.GameEntry:CheckCursor() (at E:/Unity/Projects/Work/FeatherLandNew/Assets/Scripts/New/ViewController/Game/GameEntry.cs:398)
BirdGame.GameEntry:Update() (at E:/Unity/Projects/Work/FeatherLandNew/Assets/Scripts/New/ViewController/Game/GameEntry.cs:158)

通过范围检测发现装饰品：Sprite
UnityEngine.DebugLogHandler:Internal_Log(LogType, LogOption, String, Object)
UnityEngine.Logger:Log(LogType, Object)
UnityEngine.Debug:Log(Object)
BirdGame.GameSystem:IsCoverDecoration() (at E:/Unity/Projects/Work/FeatherLandNew/Assets/Scripts/New/Systems/IGameSystem.cs:438)
BirdGame.GameEntry:CheckCursor() (at E:/Unity/Projects/Work/FeatherLandNew/Assets/Scripts/New/ViewController/Game/GameEntry.cs:398)
BirdGame.GameEntry:Update() (at E:/Unity/Projects/Work/FeatherLandNew/Assets/Scripts/New/ViewController/Game/GameEntry.cs:158)

通过范围检测发现装饰品：Sprite
UnityEngine.DebugLogHandler:Internal_Log(LogType, LogOption, String, Object)
UnityEngine.Logger:Log(LogType, Object)
UnityEngine.Debug:Log(Object)
BirdGame.GameSystem:IsCoverDecoration() (at E:/Unity/Projects/Work/FeatherLandNew/Assets/Scripts/New/Systems/IGameSystem.cs:438)
BirdGame.GameEntry:CheckCursor() (at E:/Unity/Projects/Work/FeatherLandNew/Assets/Scripts/New/ViewController/Game/GameEntry.cs:398)
BirdGame.GameEntry:Update() (at E:/Unity/Projects/Work/FeatherLandNew/Assets/Scripts/New/ViewController/Game/GameEntry.cs:158)

通过范围检测发现装饰品：Sprite
UnityEngine.DebugLogHandler:Internal_Log(LogType, LogOption, String, Object)
UnityEngine.Logger:Log(LogType, Object)
UnityEngine.Debug:Log(Object)
BirdGame.GameSystem:IsCoverDecoration() (at E:/Unity/Projects/Work/FeatherLandNew/Assets/Scripts/New/Systems/IGameSystem.cs:438)
BirdGame.GameEntry:CheckCursor() (at E:/Unity/Projects/Work/FeatherLandNew/Assets/Scripts/New/ViewController/Game/GameEntry.cs:398)
BirdGame.GameEntry:Update() (at E:/Unity/Projects/Work/FeatherLandNew/Assets/Scripts/New/ViewController/Game/GameEntry.cs:158)

通过范围检测发现装饰品：Sprite
UnityEngine.DebugLogHandler:Internal_Log(LogType, LogOption, String, Object)
UnityEngine.Logger:Log(LogType, Object)
UnityEngine.Debug:Log(Object)
BirdGame.GameSystem:IsCoverDecoration() (at E:/Unity/Projects/Work/FeatherLandNew/Assets/Scripts/New/Systems/IGameSystem.cs:438)
BirdGame.GameEntry:CheckCursor() (at E:/Unity/Projects/Work/FeatherLandNew/Assets/Scripts/New/ViewController/Game/GameEntry.cs:398)
BirdGame.GameEntry:Update() (at E:/Unity/Projects/Work/FeatherLandNew/Assets/Scripts/New/ViewController/Game/GameEntry.cs:158)

通过范围检测发现装饰品：Sprite
UnityEngine.DebugLogHandler:Internal_Log(LogType, LogOption, String, Object)
UnityEngine.Logger:Log(LogType, Object)
UnityEngine.Debug:Log(Object)
BirdGame.GameSystem:IsCoverDecoration() (at E:/Unity/Projects/Work/FeatherLandNew/Assets/Scripts/New/Systems/IGameSystem.cs:438)
BirdGame.GameEntry:CheckCursor() (at E:/Unity/Projects/Work/FeatherLandNew/Assets/Scripts/New/ViewController/Game/GameEntry.cs:398)
BirdGame.GameEntry:Update() (at E:/Unity/Projects/Work/FeatherLandNew/Assets/Scripts/New/ViewController/Game/GameEntry.cs:158)

通过范围检测发现装饰品：Sprite
UnityEngine.DebugLogHandler:Internal_Log(LogType, LogOption, String, Object)
UnityEngine.Logger:Log(LogType, Object)
UnityEngine.Debug:Log(Object)
BirdGame.GameSystem:IsCoverDecoration() (at E:/Unity/Projects/Work/FeatherLandNew/Assets/Scripts/New/Systems/IGameSystem.cs:438)
BirdGame.GameEntry:CheckCursor() (at E:/Unity/Projects/Work/FeatherLandNew/Assets/Scripts/New/ViewController/Game/GameEntry.cs:398)
BirdGame.GameEntry:Update() (at E:/Unity/Projects/Work/FeatherLandNew/Assets/Scripts/New/ViewController/Game/GameEntry.cs:158)

通过范围检测发现装饰品：Sprite
UnityEngine.DebugLogHandler:Internal_Log(LogType, LogOption, String, Object)
UnityEngine.Logger:Log(LogType, Object)
UnityEngine.Debug:Log(Object)
BirdGame.GameSystem:IsCoverDecoration() (at E:/Unity/Projects/Work/FeatherLandNew/Assets/Scripts/New/Systems/IGameSystem.cs:438)
BirdGame.GameEntry:CheckCursor() (at E:/Unity/Projects/Work/FeatherLandNew/Assets/Scripts/New/ViewController/Game/GameEntry.cs:398)
BirdGame.GameEntry:Update() (at E:/Unity/Projects/Work/FeatherLandNew/Assets/Scripts/New/ViewController/Game/GameEntry.cs:158)

通过范围检测发现装饰品：Sprite
UnityEngine.DebugLogHandler:Internal_Log(LogType, LogOption, String, Object)
UnityEngine.Logger:Log(LogType, Object)
UnityEngine.Debug:Log(Object)
BirdGame.GameSystem:IsCoverDecoration() (at E:/Unity/Projects/Work/FeatherLandNew/Assets/Scripts/New/Systems/IGameSystem.cs:438)
BirdGame.GameEntry:CheckCursor() (at E:/Unity/Projects/Work/FeatherLandNew/Assets/Scripts/New/ViewController/Game/GameEntry.cs:398)
BirdGame.GameEntry:Update() (at E:/Unity/Projects/Work/FeatherLandNew/Assets/Scripts/New/ViewController/Game/GameEntry.cs:158)

通过范围检测发现装饰品：Sprite
UnityEngine.DebugLogHandler:Internal_Log(LogType, LogOption, String, Object)
UnityEngine.Logger:Log(LogType, Object)
UnityEngine.Debug:Log(Object)
BirdGame.GameSystem:IsCoverDecoration() (at E:/Unity/Projects/Work/FeatherLandNew/Assets/Scripts/New/Systems/IGameSystem.cs:438)
BirdGame.GameEntry:CheckCursor() (at E:/Unity/Projects/Work/FeatherLandNew/Assets/Scripts/New/ViewController/Game/GameEntry.cs:398)
BirdGame.GameEntry:Update() (at E:/Unity/Projects/Work/FeatherLandNew/Assets/Scripts/New/ViewController/Game/GameEntry.cs:158)

通过范围检测发现装饰品：Sprite
UnityEngine.DebugLogHandler:Internal_Log(LogType, LogOption, String, Object)
UnityEngine.Logger:Log(LogType, Object)
UnityEngine.Debug:Log(Object)
BirdGame.GameSystem:IsCoverDecoration() (at E:/Unity/Projects/Work/FeatherLandNew/Assets/Scripts/New/Systems/IGameSystem.cs:438)
BirdGame.GameEntry:CheckCursor() (at E:/Unity/Projects/Work/FeatherLandNew/Assets/Scripts/New/ViewController/Game/GameEntry.cs:398)
BirdGame.GameEntry:Update() (at E:/Unity/Projects/Work/FeatherLandNew/Assets/Scripts/New/ViewController/Game/GameEntry.cs:158)

通过范围检测发现装饰品：Sprite
UnityEngine.DebugLogHandler:Internal_Log(LogType, LogOption, String, Object)
UnityEngine.Logger:Log(LogType, Object)
UnityEngine.Debug:Log(Object)
BirdGame.GameSystem:IsCoverDecoration() (at E:/Unity/Projects/Work/FeatherLandNew/Assets/Scripts/New/Systems/IGameSystem.cs:438)
BirdGame.GameEntry:CheckCursor() (at E:/Unity/Projects/Work/FeatherLandNew/Assets/Scripts/New/ViewController/Game/GameEntry.cs:398)
BirdGame.GameEntry:Update() (at E:/Unity/Projects/Work/FeatherLandNew/Assets/Scripts/New/ViewController/Game/GameEntry.cs:158)

通过范围检测发现装饰品：Sprite
UnityEngine.DebugLogHandler:Internal_Log(LogType, LogOption, String, Object)
UnityEngine.Logger:Log(LogType, Object)
UnityEngine.Debug:Log(Object)
BirdGame.GameSystem:IsCoverDecoration() (at E:/Unity/Projects/Work/FeatherLandNew/Assets/Scripts/New/Systems/IGameSystem.cs:438)
BirdGame.GameEntry:CheckCursor() (at E:/Unity/Projects/Work/FeatherLandNew/Assets/Scripts/New/ViewController/Game/GameEntry.cs:398)
BirdGame.GameEntry:Update() (at E:/Unity/Projects/Work/FeatherLandNew/Assets/Scripts/New/ViewController/Game/GameEntry.cs:158)

通过范围检测发现装饰品：Sprite
UnityEngine.DebugLogHandler:Internal_Log(LogType, LogOption, String, Object)
UnityEngine.Logger:Log(LogType, Object)
UnityEngine.Debug:Log(Object)
BirdGame.GameSystem:IsCoverDecoration() (at E:/Unity/Projects/Work/FeatherLandNew/Assets/Scripts/New/Systems/IGameSystem.cs:438)
BirdGame.GameEntry:CheckCursor() (at E:/Unity/Projects/Work/FeatherLandNew/Assets/Scripts/New/ViewController/Game/GameEntry.cs:398)
BirdGame.GameEntry:Update() (at E:/Unity/Projects/Work/FeatherLandNew/Assets/Scripts/New/ViewController/Game/GameEntry.cs:158)

通过范围检测发现装饰品：Sprite
UnityEngine.DebugLogHandler:Internal_Log(LogType, LogOption, String, Object)
UnityEngine.Logger:Log(LogType, Object)
UnityEngine.Debug:Log(Object)
BirdGame.GameSystem:IsCoverDecoration() (at E:/Unity/Projects/Work/FeatherLandNew/Assets/Scripts/New/Systems/IGameSystem.cs:438)
BirdGame.GameEntry:CheckCursor() (at E:/Unity/Projects/Work/FeatherLandNew/Assets/Scripts/New/ViewController/Game/GameEntry.cs:398)
BirdGame.GameEntry:Update() (at E:/Unity/Projects/Work/FeatherLandNew/Assets/Scripts/New/ViewController/Game/GameEntry.cs:158)

通过范围检测发现装饰品：Sprite
UnityEngine.DebugLogHandler:Internal_Log(LogType, LogOption, String, Object)
UnityEngine.Logger:Log(LogType, Object)
UnityEngine.Debug:Log(Object)
BirdGame.GameSystem:IsCoverDecoration() (at E:/Unity/Projects/Work/FeatherLandNew/Assets/Scripts/New/Systems/IGameSystem.cs:438)
BirdGame.GameEntry:CheckCursor() (at E:/Unity/Projects/Work/FeatherLandNew/Assets/Scripts/New/ViewController/Game/GameEntry.cs:398)
BirdGame.GameEntry:Update() (at E:/Unity/Projects/Work/FeatherLandNew/Assets/Scripts/New/ViewController/Game/GameEntry.cs:158)

通过范围检测发现装饰品：Sprite
UnityEngine.DebugLogHandler:Internal_Log(LogType, LogOption, String, Object)
UnityEngine.Logger:Log(LogType, Object)
UnityEngine.Debug:Log(Object)
BirdGame.GameSystem:IsCoverDecoration() (at E:/Unity/Projects/Work/FeatherLandNew/Assets/Scripts/New/Systems/IGameSystem.cs:438)
BirdGame.GameEntry:CheckCursor() (at E:/Unity/Projects/Work/FeatherLandNew/Assets/Scripts/New/ViewController/Game/GameEntry.cs:398)
BirdGame.GameEntry:Update() (at E:/Unity/Projects/Work/FeatherLandNew/Assets/Scripts/New/ViewController/Game/GameEntry.cs:158)

通过范围检测发现装饰品：Sprite
UnityEngine.DebugLogHandler:Internal_Log(LogType, LogOption, String, Object)
UnityEngine.Logger:Log(LogType, Object)
UnityEngine.Debug:Log(Object)
BirdGame.GameSystem:IsCoverDecoration() (at E:/Unity/Projects/Work/FeatherLandNew/Assets/Scripts/New/Systems/IGameSystem.cs:438)
BirdGame.GameEntry:CheckCursor() (at E:/Unity/Projects/Work/FeatherLandNew/Assets/Scripts/New/ViewController/Game/GameEntry.cs:398)
BirdGame.GameEntry:Update() (at E:/Unity/Projects/Work/FeatherLandNew/Assets/Scripts/New/ViewController/Game/GameEntry.cs:158)

通过范围检测发现装饰品：Sprite
UnityEngine.DebugLogHandler:Internal_Log(LogType, LogOption, String, Object)
UnityEngine.Logger:Log(LogType, Object)
UnityEngine.Debug:Log(Object)
BirdGame.GameSystem:IsCoverDecoration() (at E:/Unity/Projects/Work/FeatherLandNew/Assets/Scripts/New/Systems/IGameSystem.cs:438)
BirdGame.GameEntry:CheckCursor() (at E:/Unity/Projects/Work/FeatherLandNew/Assets/Scripts/New/ViewController/Game/GameEntry.cs:398)
BirdGame.GameEntry:Update() (at E:/Unity/Projects/Work/FeatherLandNew/Assets/Scripts/New/ViewController/Game/GameEntry.cs:158)

通过范围检测发现装饰品：Sprite
UnityEngine.DebugLogHandler:Internal_Log(LogType, LogOption, String, Object)
UnityEngine.Logger:Log(LogType, Object)
UnityEngine.Debug:Log(Object)
BirdGame.GameSystem:IsCoverDecoration() (at E:/Unity/Projects/Work/FeatherLandNew/Assets/Scripts/New/Systems/IGameSystem.cs:438)
BirdGame.GameEntry:CheckCursor() (at E:/Unity/Projects/Work/FeatherLandNew/Assets/Scripts/New/ViewController/Game/GameEntry.cs:398)
BirdGame.GameEntry:Update() (at E:/Unity/Projects/Work/FeatherLandNew/Assets/Scripts/New/ViewController/Game/GameEntry.cs:158)

通过范围检测发现装饰品：Sprite
UnityEngine.DebugLogHandler:Internal_Log(LogType, LogOption, String, Object)
UnityEngine.Logger:Log(LogType, Object)
UnityEngine.Debug:Log(Object)
BirdGame.GameSystem:IsCoverDecoration() (at E:/Unity/Projects/Work/FeatherLandNew/Assets/Scripts/New/Systems/IGameSystem.cs:438)
BirdGame.GameEntry:CheckCursor() (at E:/Unity/Projects/Work/FeatherLandNew/Assets/Scripts/New/ViewController/Game/GameEntry.cs:398)
BirdGame.GameEntry:Update() (at E:/Unity/Projects/Work/FeatherLandNew/Assets/Scripts/New/ViewController/Game/GameEntry.cs:158)

通过范围检测发现装饰品：Sprite
UnityEngine.DebugLogHandler:Internal_Log(LogType, LogOption, String, Object)
UnityEngine.Logger:Log(LogType, Object)
UnityEngine.Debug:Log(Object)
BirdGame.GameSystem:IsCoverDecoration() (at E:/Unity/Projects/Work/FeatherLandNew/Assets/Scripts/New/Systems/IGameSystem.cs:438)
BirdGame.GameEntry:CheckCursor() (at E:/Unity/Projects/Work/FeatherLandNew/Assets/Scripts/New/ViewController/Game/GameEntry.cs:398)
BirdGame.GameEntry:Update() (at E:/Unity/Projects/Work/FeatherLandNew/Assets/Scripts/New/ViewController/Game/GameEntry.cs:158)

通过范围检测发现装饰品：Sprite
UnityEngine.DebugLogHandler:Internal_Log(LogType, LogOption, String, Object)
UnityEngine.Logger:Log(LogType, Object)
UnityEngine.Debug:Log(Object)
BirdGame.GameSystem:IsCoverDecoration() (at E:/Unity/Projects/Work/FeatherLandNew/Assets/Scripts/New/Systems/IGameSystem.cs:438)
BirdGame.GameEntry:CheckCursor() (at E:/Unity/Projects/Work/FeatherLandNew/Assets/Scripts/New/ViewController/Game/GameEntry.cs:398)
BirdGame.GameEntry:Update() (at E:/Unity/Projects/Work/FeatherLandNew/Assets/Scripts/New/ViewController/Game/GameEntry.cs:158)

通过范围检测发现装饰品：Sprite
UnityEngine.DebugLogHandler:Internal_Log(LogType, LogOption, String, Object)
UnityEngine.Logger:Log(LogType, Object)
UnityEngine.Debug:Log(Object)
BirdGame.GameSystem:IsCoverDecoration() (at E:/Unity/Projects/Work/FeatherLandNew/Assets/Scripts/New/Systems/IGameSystem.cs:438)
BirdGame.GameEntry:CheckCursor() (at E:/Unity/Projects/Work/FeatherLandNew/Assets/Scripts/New/ViewController/Game/GameEntry.cs:398)
BirdGame.GameEntry:Update() (at E:/Unity/Projects/Work/FeatherLandNew/Assets/Scripts/New/ViewController/Game/GameEntry.cs:158)

通过范围检测发现装饰品：Sprite
UnityEngine.DebugLogHandler:Internal_Log(LogType, LogOption, String, Object)
UnityEngine.Logger:Log(LogType, Object)
UnityEngine.Debug:Log(Object)
BirdGame.GameSystem:IsCoverDecoration() (at E:/Unity/Projects/Work/FeatherLandNew/Assets/Scripts/New/Systems/IGameSystem.cs:438)
BirdGame.GameEntry:CheckCursor() (at E:/Unity/Projects/Work/FeatherLandNew/Assets/Scripts/New/ViewController/Game/GameEntry.cs:398)
BirdGame.GameEntry:Update() (at E:/Unity/Projects/Work/FeatherLandNew/Assets/Scripts/New/ViewController/Game/GameEntry.cs:158)

通过范围检测发现装饰品：Sprite
UnityEngine.DebugLogHandler:Internal_Log(LogType, LogOption, String, Object)
UnityEngine.Logger:Log(LogType, Object)
UnityEngine.Debug:Log(Object)
BirdGame.GameSystem:IsCoverDecoration() (at E:/Unity/Projects/Work/FeatherLandNew/Assets/Scripts/New/Systems/IGameSystem.cs:438)
BirdGame.GameEntry:CheckCursor() (at E:/Unity/Projects/Work/FeatherLandNew/Assets/Scripts/New/ViewController/Game/GameEntry.cs:398)
BirdGame.GameEntry:Update() (at E:/Unity/Projects/Work/FeatherLandNew/Assets/Scripts/New/ViewController/Game/GameEntry.cs:158)

通过范围检测发现装饰品：Sprite
UnityEngine.DebugLogHandler:Internal_Log(LogType, LogOption, String, Object)
UnityEngine.Logger:Log(LogType, Object)
UnityEngine.Debug:Log(Object)
BirdGame.GameSystem:IsCoverDecoration() (at E:/Unity/Projects/Work/FeatherLandNew/Assets/Scripts/New/Systems/IGameSystem.cs:438)
BirdGame.GameEntry:CheckCursor() (at E:/Unity/Projects/Work/FeatherLandNew/Assets/Scripts/New/ViewController/Game/GameEntry.cs:398)
BirdGame.GameEntry:Update() (at E:/Unity/Projects/Work/FeatherLandNew/Assets/Scripts/New/ViewController/Game/GameEntry.cs:158)

通过范围检测发现装饰品：Sprite
UnityEngine.DebugLogHandler:Internal_Log(LogType, LogOption, String, Object)
UnityEngine.Logger:Log(LogType, Object)
UnityEngine.Debug:Log(Object)
BirdGame.GameSystem:IsCoverDecoration() (at E:/Unity/Projects/Work/FeatherLandNew/Assets/Scripts/New/Systems/IGameSystem.cs:438)
BirdGame.GameEntry:CheckCursor() (at E:/Unity/Projects/Work/FeatherLandNew/Assets/Scripts/New/ViewController/Game/GameEntry.cs:398)
BirdGame.GameEntry:Update() (at E:/Unity/Projects/Work/FeatherLandNew/Assets/Scripts/New/ViewController/Game/GameEntry.cs:158)

通过范围检测发现装饰品：Sprite
UnityEngine.DebugLogHandler:Internal_Log(LogType, LogOption, String, Object)
UnityEngine.Logger:Log(LogType, Object)
UnityEngine.Debug:Log(Object)
BirdGame.GameSystem:IsCoverDecoration() (at E:/Unity/Projects/Work/FeatherLandNew/Assets/Scripts/New/Systems/IGameSystem.cs:438)
BirdGame.GameEntry:CheckCursor() (at E:/Unity/Projects/Work/FeatherLandNew/Assets/Scripts/New/ViewController/Game/GameEntry.cs:398)
BirdGame.GameEntry:Update() (at E:/Unity/Projects/Work/FeatherLandNew/Assets/Scripts/New/ViewController/Game/GameEntry.cs:158)

通过范围检测发现装饰品：Sprite
UnityEngine.DebugLogHandler:Internal_Log(LogType, LogOption, String, Object)
UnityEngine.Logger:Log(LogType, Object)
UnityEngine.Debug:Log(Object)
BirdGame.GameSystem:IsCoverDecoration() (at E:/Unity/Projects/Work/FeatherLandNew/Assets/Scripts/New/Systems/IGameSystem.cs:438)
BirdGame.GameEntry:CheckCursor() (at E:/Unity/Projects/Work/FeatherLandNew/Assets/Scripts/New/ViewController/Game/GameEntry.cs:398)
BirdGame.GameEntry:Update() (at E:/Unity/Projects/Work/FeatherLandNew/Assets/Scripts/New/ViewController/Game/GameEntry.cs:158)

通过范围检测发现装饰品：Sprite
UnityEngine.DebugLogHandler:Internal_Log(LogType, LogOption, String, Object)
UnityEngine.Logger:Log(LogType, Object)
UnityEngine.Debug:Log(Object)
BirdGame.GameSystem:IsCoverDecoration() (at E:/Unity/Projects/Work/FeatherLandNew/Assets/Scripts/New/Systems/IGameSystem.cs:438)
BirdGame.GameEntry:CheckCursor() (at E:/Unity/Projects/Work/FeatherLandNew/Assets/Scripts/New/ViewController/Game/GameEntry.cs:398)
BirdGame.GameEntry:Update() (at E:/Unity/Projects/Work/FeatherLandNew/Assets/Scripts/New/ViewController/Game/GameEntry.cs:158)

通过范围检测发现装饰品：Sprite
UnityEngine.DebugLogHandler:Internal_Log(LogType, LogOption, String, Object)
UnityEngine.Logger:Log(LogType, Object)
UnityEngine.Debug:Log(Object)
BirdGame.GameSystem:IsCoverDecoration() (at E:/Unity/Projects/Work/FeatherLandNew/Assets/Scripts/New/Systems/IGameSystem.cs:438)
BirdGame.GameEntry:CheckCursor() (at E:/Unity/Projects/Work/FeatherLandNew/Assets/Scripts/New/ViewController/Game/GameEntry.cs:398)
BirdGame.GameEntry:Update() (at E:/Unity/Projects/Work/FeatherLandNew/Assets/Scripts/New/ViewController/Game/GameEntry.cs:158)

通过范围检测发现装饰品：Sprite
UnityEngine.DebugLogHandler:Internal_Log(LogType, LogOption, String, Object)
UnityEngine.Logger:Log(LogType, Object)
UnityEngine.Debug:Log(Object)
BirdGame.GameSystem:IsCoverDecoration() (at E:/Unity/Projects/Work/FeatherLandNew/Assets/Scripts/New/Systems/IGameSystem.cs:438)
BirdGame.GameEntry:CheckCursor() (at E:/Unity/Projects/Work/FeatherLandNew/Assets/Scripts/New/ViewController/Game/GameEntry.cs:398)
BirdGame.GameEntry:Update() (at E:/Unity/Projects/Work/FeatherLandNew/Assets/Scripts/New/ViewController/Game/GameEntry.cs:158)

通过范围检测发现装饰品：Sprite
UnityEngine.DebugLogHandler:Internal_Log(LogType, LogOption, String, Object)
UnityEngine.Logger:Log(LogType, Object)
UnityEngine.Debug:Log(Object)
BirdGame.GameSystem:IsCoverDecoration() (at E:/Unity/Projects/Work/FeatherLandNew/Assets/Scripts/New/Systems/IGameSystem.cs:438)
BirdGame.GameEntry:CheckCursor() (at E:/Unity/Projects/Work/FeatherLandNew/Assets/Scripts/New/ViewController/Game/GameEntry.cs:398)
BirdGame.GameEntry:Update() (at E:/Unity/Projects/Work/FeatherLandNew/Assets/Scripts/New/ViewController/Game/GameEntry.cs:158)

通过范围检测发现装饰品：Sprite
UnityEngine.DebugLogHandler:Internal_Log(LogType, LogOption, String, Object)
UnityEngine.Logger:Log(LogType, Object)
UnityEngine.Debug:Log(Object)
BirdGame.GameSystem:IsCoverDecoration() (at E:/Unity/Projects/Work/FeatherLandNew/Assets/Scripts/New/Systems/IGameSystem.cs:438)
BirdGame.GameEntry:CheckCursor() (at E:/Unity/Projects/Work/FeatherLandNew/Assets/Scripts/New/ViewController/Game/GameEntry.cs:398)
BirdGame.GameEntry:Update() (at E:/Unity/Projects/Work/FeatherLandNew/Assets/Scripts/New/ViewController/Game/GameEntry.cs:158)

通过范围检测发现装饰品：Sprite
UnityEngine.DebugLogHandler:Internal_Log(LogType, LogOption, String, Object)
UnityEngine.Logger:Log(LogType, Object)
UnityEngine.Debug:Log(Object)
BirdGame.GameSystem:IsCoverDecoration() (at E:/Unity/Projects/Work/FeatherLandNew/Assets/Scripts/New/Systems/IGameSystem.cs:438)
BirdGame.GameEntry:CheckCursor() (at E:/Unity/Projects/Work/FeatherLandNew/Assets/Scripts/New/ViewController/Game/GameEntry.cs:398)
BirdGame.GameEntry:Update() (at E:/Unity/Projects/Work/FeatherLandNew/Assets/Scripts/New/ViewController/Game/GameEntry.cs:158)

通过范围检测发现装饰品：Sprite
UnityEngine.DebugLogHandler:Internal_Log(LogType, LogOption, String, Object)
UnityEngine.Logger:Log(LogType, Object)
UnityEngine.Debug:Log(Object)
BirdGame.GameSystem:IsCoverDecoration() (at E:/Unity/Projects/Work/FeatherLandNew/Assets/Scripts/New/Systems/IGameSystem.cs:438)
BirdGame.GameEntry:CheckCursor() (at E:/Unity/Projects/Work/FeatherLandNew/Assets/Scripts/New/ViewController/Game/GameEntry.cs:398)
BirdGame.GameEntry:Update() (at E:/Unity/Projects/Work/FeatherLandNew/Assets/Scripts/New/ViewController/Game/GameEntry.cs:158)

通过范围检测发现装饰品：Sprite
UnityEngine.DebugLogHandler:Internal_Log(LogType, LogOption, String, Object)
UnityEngine.Logger:Log(LogType, Object)
UnityEngine.Debug:Log(Object)
BirdGame.GameSystem:IsCoverDecoration() (at E:/Unity/Projects/Work/FeatherLandNew/Assets/Scripts/New/Systems/IGameSystem.cs:438)
BirdGame.GameEntry:CheckCursor() (at E:/Unity/Projects/Work/FeatherLandNew/Assets/Scripts/New/ViewController/Game/GameEntry.cs:398)
BirdGame.GameEntry:Update() (at E:/Unity/Projects/Work/FeatherLandNew/Assets/Scripts/New/ViewController/Game/GameEntry.cs:158)

通过范围检测发现装饰品：Sprite
UnityEngine.DebugLogHandler:Internal_Log(LogType, LogOption, String, Object)
UnityEngine.Logger:Log(LogType, Object)
UnityEngine.Debug:Log(Object)
BirdGame.GameSystem:IsCoverDecoration() (at E:/Unity/Projects/Work/FeatherLandNew/Assets/Scripts/New/Systems/IGameSystem.cs:438)
BirdGame.GameEntry:CheckCursor() (at E:/Unity/Projects/Work/FeatherLandNew/Assets/Scripts/New/ViewController/Game/GameEntry.cs:398)
BirdGame.GameEntry:Update() (at E:/Unity/Projects/Work/FeatherLandNew/Assets/Scripts/New/ViewController/Game/GameEntry.cs:158)

通过范围检测发现装饰品：Sprite
UnityEngine.DebugLogHandler:Internal_Log(LogType, LogOption, String, Object)
UnityEngine.Logger:Log(LogType, Object)
UnityEngine.Debug:Log(Object)
BirdGame.GameSystem:IsCoverDecoration() (at E:/Unity/Projects/Work/FeatherLandNew/Assets/Scripts/New/Systems/IGameSystem.cs:438)
BirdGame.GameEntry:CheckCursor() (at E:/Unity/Projects/Work/FeatherLandNew/Assets/Scripts/New/ViewController/Game/GameEntry.cs:398)
BirdGame.GameEntry:Update() (at E:/Unity/Projects/Work/FeatherLandNew/Assets/Scripts/New/ViewController/Game/GameEntry.cs:158)

通过范围检测发现装饰品：Sprite
UnityEngine.DebugLogHandler:Internal_Log(LogType, LogOption, String, Object)
UnityEngine.Logger:Log(LogType, Object)
UnityEngine.Debug:Log(Object)
BirdGame.GameSystem:IsCoverDecoration() (at E:/Unity/Projects/Work/FeatherLandNew/Assets/Scripts/New/Systems/IGameSystem.cs:438)
BirdGame.GameEntry:CheckCursor() (at E:/Unity/Projects/Work/FeatherLandNew/Assets/Scripts/New/ViewController/Game/GameEntry.cs:398)
BirdGame.GameEntry:Update() (at E:/Unity/Projects/Work/FeatherLandNew/Assets/Scripts/New/ViewController/Game/GameEntry.cs:158)

通过范围检测发现装饰品：Sprite
UnityEngine.DebugLogHandler:Internal_Log(LogType, LogOption, String, Object)
UnityEngine.Logger:Log(LogType, Object)
UnityEngine.Debug:Log(Object)
BirdGame.GameSystem:IsCoverDecoration() (at E:/Unity/Projects/Work/FeatherLandNew/Assets/Scripts/New/Systems/IGameSystem.cs:438)
BirdGame.GameEntry:CheckCursor() (at E:/Unity/Projects/Work/FeatherLandNew/Assets/Scripts/New/ViewController/Game/GameEntry.cs:398)
BirdGame.GameEntry:Update() (at E:/Unity/Projects/Work/FeatherLandNew/Assets/Scripts/New/ViewController/Game/GameEntry.cs:158)

通过范围检测发现装饰品：Sprite
UnityEngine.DebugLogHandler:Internal_Log(LogType, LogOption, String, Object)
UnityEngine.Logger:Log(LogType, Object)
UnityEngine.Debug:Log(Object)
BirdGame.GameSystem:IsCoverDecoration() (at E:/Unity/Projects/Work/FeatherLandNew/Assets/Scripts/New/Systems/IGameSystem.cs:438)
BirdGame.GameEntry:CheckCursor() (at E:/Unity/Projects/Work/FeatherLandNew/Assets/Scripts/New/ViewController/Game/GameEntry.cs:398)
BirdGame.GameEntry:Update() (at E:/Unity/Projects/Work/FeatherLandNew/Assets/Scripts/New/ViewController/Game/GameEntry.cs:158)

通过范围检测发现装饰品：Sprite
UnityEngine.DebugLogHandler:Internal_Log(LogType, LogOption, String, Object)
UnityEngine.Logger:Log(LogType, Object)
UnityEngine.Debug:Log(Object)
BirdGame.GameSystem:IsCoverDecoration() (at E:/Unity/Projects/Work/FeatherLandNew/Assets/Scripts/New/Systems/IGameSystem.cs:438)
BirdGame.GameEntry:CheckCursor() (at E:/Unity/Projects/Work/FeatherLandNew/Assets/Scripts/New/ViewController/Game/GameEntry.cs:398)
BirdGame.GameEntry:Update() (at E:/Unity/Projects/Work/FeatherLandNew/Assets/Scripts/New/ViewController/Game/GameEntry.cs:158)

通过范围检测发现装饰品：Sprite
UnityEngine.DebugLogHandler:Internal_Log(LogType, LogOption, String, Object)
UnityEngine.Logger:Log(LogType, Object)
UnityEngine.Debug:Log(Object)
BirdGame.GameSystem:IsCoverDecoration() (at E:/Unity/Projects/Work/FeatherLandNew/Assets/Scripts/New/Systems/IGameSystem.cs:438)
BirdGame.GameEntry:CheckCursor() (at E:/Unity/Projects/Work/FeatherLandNew/Assets/Scripts/New/ViewController/Game/GameEntry.cs:398)
BirdGame.GameEntry:Update() (at E:/Unity/Projects/Work/FeatherLandNew/Assets/Scripts/New/ViewController/Game/GameEntry.cs:158)

通过范围检测发现装饰品：Sprite
UnityEngine.DebugLogHandler:Internal_Log(LogType, LogOption, String, Object)
UnityEngine.Logger:Log(LogType, Object)
UnityEngine.Debug:Log(Object)
BirdGame.GameSystem:IsCoverDecoration() (at E:/Unity/Projects/Work/FeatherLandNew/Assets/Scripts/New/Systems/IGameSystem.cs:438)
BirdGame.GameEntry:CheckCursor() (at E:/Unity/Projects/Work/FeatherLandNew/Assets/Scripts/New/ViewController/Game/GameEntry.cs:398)
BirdGame.GameEntry:Update() (at E:/Unity/Projects/Work/FeatherLandNew/Assets/Scripts/New/ViewController/Game/GameEntry.cs:158)

通过范围检测发现装饰品：Sprite
UnityEngine.DebugLogHandler:Internal_Log(LogType, LogOption, String, Object)
UnityEngine.Logger:Log(LogType, Object)
UnityEngine.Debug:Log(Object)
BirdGame.GameSystem:IsCoverDecoration() (at E:/Unity/Projects/Work/FeatherLandNew/Assets/Scripts/New/Systems/IGameSystem.cs:438)
BirdGame.GameEntry:CheckCursor() (at E:/Unity/Projects/Work/FeatherLandNew/Assets/Scripts/New/ViewController/Game/GameEntry.cs:398)
BirdGame.GameEntry:Update() (at E:/Unity/Projects/Work/FeatherLandNew/Assets/Scripts/New/ViewController/Game/GameEntry.cs:158)

通过范围检测发现装饰品：Sprite
UnityEngine.DebugLogHandler:Internal_Log(LogType, LogOption, String, Object)
UnityEngine.Logger:Log(LogType, Object)
UnityEngine.Debug:Log(Object)
BirdGame.GameSystem:IsCoverDecoration() (at E:/Unity/Projects/Work/FeatherLandNew/Assets/Scripts/New/Systems/IGameSystem.cs:438)
BirdGame.GameEntry:CheckCursor() (at E:/Unity/Projects/Work/FeatherLandNew/Assets/Scripts/New/ViewController/Game/GameEntry.cs:398)
BirdGame.GameEntry:Update() (at E:/Unity/Projects/Work/FeatherLandNew/Assets/Scripts/New/ViewController/Game/GameEntry.cs:158)

通过范围检测发现装饰品：Sprite
UnityEngine.DebugLogHandler:Internal_Log(LogType, LogOption, String, Object)
UnityEngine.Logger:Log(LogType, Object)
UnityEngine.Debug:Log(Object)
BirdGame.GameSystem:IsCoverDecoration() (at E:/Unity/Projects/Work/FeatherLandNew/Assets/Scripts/New/Systems/IGameSystem.cs:438)
BirdGame.GameEntry:CheckCursor() (at E:/Unity/Projects/Work/FeatherLandNew/Assets/Scripts/New/ViewController/Game/GameEntry.cs:398)
BirdGame.GameEntry:Update() (at E:/Unity/Projects/Work/FeatherLandNew/Assets/Scripts/New/ViewController/Game/GameEntry.cs:158)

通过范围检测发现装饰品：Sprite
UnityEngine.DebugLogHandler:Internal_Log(LogType, LogOption, String, Object)
UnityEngine.Logger:Log(LogType, Object)
UnityEngine.Debug:Log(Object)
BirdGame.GameSystem:IsCoverDecoration() (at E:/Unity/Projects/Work/FeatherLandNew/Assets/Scripts/New/Systems/IGameSystem.cs:438)
BirdGame.GameEntry:CheckCursor() (at E:/Unity/Projects/Work/FeatherLandNew/Assets/Scripts/New/ViewController/Game/GameEntry.cs:398)
BirdGame.GameEntry:Update() (at E:/Unity/Projects/Work/FeatherLandNew/Assets/Scripts/New/ViewController/Game/GameEntry.cs:158)

通过范围检测发现装饰品：Sprite
UnityEngine.DebugLogHandler:Internal_Log(LogType, LogOption, String, Object)
UnityEngine.Logger:Log(LogType, Object)
UnityEngine.Debug:Log(Object)
BirdGame.GameSystem:IsCoverDecoration() (at E:/Unity/Projects/Work/FeatherLandNew/Assets/Scripts/New/Systems/IGameSystem.cs:438)
BirdGame.GameEntry:CheckCursor() (at E:/Unity/Projects/Work/FeatherLandNew/Assets/Scripts/New/ViewController/Game/GameEntry.cs:398)
BirdGame.GameEntry:Update() (at E:/Unity/Projects/Work/FeatherLandNew/Assets/Scripts/New/ViewController/Game/GameEntry.cs:158)

通过范围检测发现装饰品：Sprite
UnityEngine.DebugLogHandler:Internal_Log(LogType, LogOption, String, Object)
UnityEngine.Logger:Log(LogType, Object)
UnityEngine.Debug:Log(Object)
BirdGame.GameSystem:IsCoverDecoration() (at E:/Unity/Projects/Work/FeatherLandNew/Assets/Scripts/New/Systems/IGameSystem.cs:438)
BirdGame.GameEntry:CheckCursor() (at E:/Unity/Projects/Work/FeatherLandNew/Assets/Scripts/New/ViewController/Game/GameEntry.cs:398)
BirdGame.GameEntry:Update() (at E:/Unity/Projects/Work/FeatherLandNew/Assets/Scripts/New/ViewController/Game/GameEntry.cs:158)

通过范围检测发现装饰品：Sprite
UnityEngine.DebugLogHandler:Internal_Log(LogType, LogOption, String, Object)
UnityEngine.Logger:Log(LogType, Object)
UnityEngine.Debug:Log(Object)
BirdGame.GameSystem:IsCoverDecoration() (at E:/Unity/Projects/Work/FeatherLandNew/Assets/Scripts/New/Systems/IGameSystem.cs:438)
BirdGame.GameEntry:CheckCursor() (at E:/Unity/Projects/Work/FeatherLandNew/Assets/Scripts/New/ViewController/Game/GameEntry.cs:398)
BirdGame.GameEntry:Update() (at E:/Unity/Projects/Work/FeatherLandNew/Assets/Scripts/New/ViewController/Game/GameEntry.cs:158)

通过范围检测发现装饰品：Sprite
UnityEngine.DebugLogHandler:Internal_Log(LogType, LogOption, String, Object)
UnityEngine.Logger:Log(LogType, Object)
UnityEngine.Debug:Log(Object)
BirdGame.GameSystem:IsCoverDecoration() (at E:/Unity/Projects/Work/FeatherLandNew/Assets/Scripts/New/Systems/IGameSystem.cs:438)
BirdGame.GameEntry:CheckCursor() (at E:/Unity/Projects/Work/FeatherLandNew/Assets/Scripts/New/ViewController/Game/GameEntry.cs:398)
BirdGame.GameEntry:Update() (at E:/Unity/Projects/Work/FeatherLandNew/Assets/Scripts/New/ViewController/Game/GameEntry.cs:158)

检测到装饰品：Sprite
UnityEngine.DebugLogHandler:Internal_Log(LogType, LogOption, String, Object)
UnityEngine.Logger:Log(LogType, Object)
UnityEngine.Debug:Log(Object)
BirdGame.GameSystem:IsCoverDecoration() (at E:/Unity/Projects/Work/FeatherLandNew/Assets/Scripts/New/Systems/IGameSystem.cs:438)
BirdGame.GameEntry:CheckCursor() (at E:/Unity/Projects/Work/FeatherLandNew/Assets/Scripts/New/ViewController/Game/GameEntry.cs:398)
BirdGame.GameEntry:Update() (at E:/Unity/Projects/Work/FeatherLandNew/Assets/Scripts/New/ViewController/Game/GameEntry.cs:158)

检测到装饰品：Sprite
UnityEngine.DebugLogHandler:Internal_Log(LogType, LogOption, String, Object)
UnityEngine.Logger:Log(LogType, Object)
UnityEngine.Debug:Log(Object)
BirdGame.GameSystem:IsCoverDecoration() (at E:/Unity/Projects/Work/FeatherLandNew/Assets/Scripts/New/Systems/IGameSystem.cs:438)
BirdGame.GameEntry:CheckCursor() (at E:/Unity/Projects/Work/FeatherLandNew/Assets/Scripts/New/ViewController/Game/GameEntry.cs:398)
BirdGame.GameEntry:Update() (at E:/Unity/Projects/Work/FeatherLandNew/Assets/Scripts/New/ViewController/Game/GameEntry.cs:158)

检测到装饰品：Sprite
UnityEngine.DebugLogHandler:Internal_Log(LogType, LogOption, String, Object)
UnityEngine.Logger:Log(LogType, Object)
UnityEngine.Debug:Log(Object)
BirdGame.GameSystem:IsCoverDecoration() (at E:/Unity/Projects/Work/FeatherLandNew/Assets/Scripts/New/Systems/IGameSystem.cs:438)
BirdGame.GameEntry:CheckCursor() (at E:/Unity/Projects/Work/FeatherLandNew/Assets/Scripts/New/ViewController/Game/GameEntry.cs:398)
BirdGame.GameEntry:Update() (at E:/Unity/Projects/Work/FeatherLandNew/Assets/Scripts/New/ViewController/Game/GameEntry.cs:158)

检测到装饰品：Sprite
UnityEngine.DebugLogHandler:Internal_Log(LogType, LogOption, String, Object)
UnityEngine.Logger:Log(LogType, Object)
UnityEngine.Debug:Log(Object)
BirdGame.GameSystem:IsCoverDecoration() (at E:/Unity/Projects/Work/FeatherLandNew/Assets/Scripts/New/Systems/IGameSystem.cs:438)
BirdGame.GameEntry:CheckCursor() (at E:/Unity/Projects/Work/FeatherLandNew/Assets/Scripts/New/ViewController/Game/GameEntry.cs:398)
BirdGame.GameEntry:Update() (at E:/Unity/Projects/Work/FeatherLandNew/Assets/Scripts/New/ViewController/Game/GameEntry.cs:158)

检测到装饰品：Sprite
UnityEngine.DebugLogHandler:Internal_Log(LogType, LogOption, String, Object)
UnityEngine.Logger:Log(LogType, Object)
UnityEngine.Debug:Log(Object)
BirdGame.GameSystem:IsCoverDecoration() (at E:/Unity/Projects/Work/FeatherLandNew/Assets/Scripts/New/Systems/IGameSystem.cs:438)
BirdGame.GameEntry:CheckCursor() (at E:/Unity/Projects/Work/FeatherLandNew/Assets/Scripts/New/ViewController/Game/GameEntry.cs:398)
BirdGame.GameEntry:Update() (at E:/Unity/Projects/Work/FeatherLandNew/Assets/Scripts/New/ViewController/Game/GameEntry.cs:158)

检测到装饰品：Sprite
UnityEngine.DebugLogHandler:Internal_Log(LogType, LogOption, String, Object)
UnityEngine.Logger:Log(LogType, Object)
UnityEngine.Debug:Log(Object)
BirdGame.GameSystem:IsCoverDecoration() (at E:/Unity/Projects/Work/FeatherLandNew/Assets/Scripts/New/Systems/IGameSystem.cs:438)
BirdGame.GameEntry:CheckCursor() (at E:/Unity/Projects/Work/FeatherLandNew/Assets/Scripts/New/ViewController/Game/GameEntry.cs:398)
BirdGame.GameEntry:Update() (at E:/Unity/Projects/Work/FeatherLandNew/Assets/Scripts/New/ViewController/Game/GameEntry.cs:158)

检测到装饰品：Sprite
UnityEngine.DebugLogHandler:Internal_Log(LogType, LogOption, String, Object)
UnityEngine.Logger:Log(LogType, Object)
UnityEngine.Debug:Log(Object)
BirdGame.GameSystem:IsCoverDecoration() (at E:/Unity/Projects/Work/FeatherLandNew/Assets/Scripts/New/Systems/IGameSystem.cs:438)
BirdGame.GameEntry:CheckCursor() (at E:/Unity/Projects/Work/FeatherLandNew/Assets/Scripts/New/ViewController/Game/GameEntry.cs:398)
BirdGame.GameEntry:Update() (at E:/Unity/Projects/Work/FeatherLandNew/Assets/Scripts/New/ViewController/Game/GameEntry.cs:158)

检测到装饰品：Sprite
UnityEngine.DebugLogHandler:Internal_Log(LogType, LogOption, String, Object)
UnityEngine.Logger:Log(LogType, Object)
UnityEngine.Debug:Log(Object)
BirdGame.GameSystem:IsCoverDecoration() (at E:/Unity/Projects/Work/FeatherLandNew/Assets/Scripts/New/Systems/IGameSystem.cs:438)
BirdGame.GameEntry:CheckCursor() (at E:/Unity/Projects/Work/FeatherLandNew/Assets/Scripts/New/ViewController/Game/GameEntry.cs:398)
BirdGame.GameEntry:Update() (at E:/Unity/Projects/Work/FeatherLandNew/Assets/Scripts/New/ViewController/Game/GameEntry.cs:158)

检测到装饰品：Sprite
UnityEngine.DebugLogHandler:Internal_Log(LogType, LogOption, String, Object)
UnityEngine.Logger:Log(LogType, Object)
UnityEngine.Debug:Log(Object)
BirdGame.GameSystem:IsCoverDecoration() (at E:/Unity/Projects/Work/FeatherLandNew/Assets/Scripts/New/Systems/IGameSystem.cs:438)
BirdGame.GameEntry:CheckCursor() (at E:/Unity/Projects/Work/FeatherLandNew/Assets/Scripts/New/ViewController/Game/GameEntry.cs:398)
BirdGame.GameEntry:Update() (at E:/Unity/Projects/Work/FeatherLandNew/Assets/Scripts/New/ViewController/Game/GameEntry.cs:158)

检测到装饰品：Sprite
UnityEngine.DebugLogHandler:Internal_Log(LogType, LogOption, String, Object)
UnityEngine.Logger:Log(LogType, Object)
UnityEngine.Debug:Log(Object)
BirdGame.GameSystem:IsCoverDecoration() (at E:/Unity/Projects/Work/FeatherLandNew/Assets/Scripts/New/Systems/IGameSystem.cs:438)
BirdGame.GameEntry:CheckCursor() (at E:/Unity/Projects/Work/FeatherLandNew/Assets/Scripts/New/ViewController/Game/GameEntry.cs:398)
BirdGame.GameEntry:Update() (at E:/Unity/Projects/Work/FeatherLandNew/Assets/Scripts/New/ViewController/Game/GameEntry.cs:158)

检测到装饰品：Sprite
UnityEngine.DebugLogHandler:Internal_Log(LogType, LogOption, String, Object)
UnityEngine.Logger:Log(LogType, Object)
UnityEngine.Debug:Log(Object)
BirdGame.GameSystem:IsCoverDecoration() (at E:/Unity/Projects/Work/FeatherLandNew/Assets/Scripts/New/Systems/IGameSystem.cs:438)
BirdGame.GameEntry:CheckCursor() (at E:/Unity/Projects/Work/FeatherLandNew/Assets/Scripts/New/ViewController/Game/GameEntry.cs:398)
BirdGame.GameEntry:Update() (at E:/Unity/Projects/Work/FeatherLandNew/Assets/Scripts/New/ViewController/Game/GameEntry.cs:158)

检测到装饰品：Sprite
UnityEngine.DebugLogHandler:Internal_Log(LogType, LogOption, String, Object)
UnityEngine.Logger:Log(LogType, Object)
UnityEngine.Debug:Log(Object)
BirdGame.GameSystem:IsCoverDecoration() (at E:/Unity/Projects/Work/FeatherLandNew/Assets/Scripts/New/Systems/IGameSystem.cs:438)
BirdGame.GameEntry:CheckCursor() (at E:/Unity/Projects/Work/FeatherLandNew/Assets/Scripts/New/ViewController/Game/GameEntry.cs:398)
BirdGame.GameEntry:Update() (at E:/Unity/Projects/Work/FeatherLandNew/Assets/Scripts/New/ViewController/Game/GameEntry.cs:158)

通过范围检测发现装饰品：Sprite
UnityEngine.DebugLogHandler:Internal_Log(LogType, LogOption, String, Object)
UnityEngine.Logger:Log(LogType, Object)
UnityEngine.Debug:Log(Object)
BirdGame.GameSystem:IsCoverDecoration() (at E:/Unity/Projects/Work/FeatherLandNew/Assets/Scripts/New/Systems/IGameSystem.cs:438)
BirdGame.GameEntry:CheckCursor() (at E:/Unity/Projects/Work/FeatherLandNew/Assets/Scripts/New/ViewController/Game/GameEntry.cs:398)
BirdGame.GameEntry:Update() (at E:/Unity/Projects/Work/FeatherLandNew/Assets/Scripts/New/ViewController/Game/GameEntry.cs:158)

通过范围检测发现装饰品：Sprite
UnityEngine.DebugLogHandler:Internal_Log(LogType, LogOption, String, Object)
UnityEngine.Logger:Log(LogType, Object)
UnityEngine.Debug:Log(Object)
BirdGame.GameSystem:IsCoverDecoration() (at E:/Unity/Projects/Work/FeatherLandNew/Assets/Scripts/New/Systems/IGameSystem.cs:438)
BirdGame.GameEntry:CheckCursor() (at E:/Unity/Projects/Work/FeatherLandNew/Assets/Scripts/New/ViewController/Game/GameEntry.cs:398)
BirdGame.GameEntry:Update() (at E:/Unity/Projects/Work/FeatherLandNew/Assets/Scripts/New/ViewController/Game/GameEntry.cs:158)

通过范围检测发现装饰品：Sprite
UnityEngine.DebugLogHandler:Internal_Log(LogType, LogOption, String, Object)
UnityEngine.Logger:Log(LogType, Object)
UnityEngine.Debug:Log(Object)
BirdGame.GameSystem:IsCoverDecoration() (at E:/Unity/Projects/Work/FeatherLandNew/Assets/Scripts/New/Systems/IGameSystem.cs:438)
BirdGame.GameEntry:CheckCursor() (at E:/Unity/Projects/Work/FeatherLandNew/Assets/Scripts/New/ViewController/Game/GameEntry.cs:398)
BirdGame.GameEntry:Update() (at E:/Unity/Projects/Work/FeatherLandNew/Assets/Scripts/New/ViewController/Game/GameEntry.cs:158)

通过范围检测发现装饰品：Sprite
UnityEngine.DebugLogHandler:Internal_Log(LogType, LogOption, String, Object)
UnityEngine.Logger:Log(LogType, Object)
UnityEngine.Debug:Log(Object)
BirdGame.GameSystem:IsCoverDecoration() (at E:/Unity/Projects/Work/FeatherLandNew/Assets/Scripts/New/Systems/IGameSystem.cs:438)
BirdGame.GameEntry:CheckCursor() (at E:/Unity/Projects/Work/FeatherLandNew/Assets/Scripts/New/ViewController/Game/GameEntry.cs:398)
BirdGame.GameEntry:Update() (at E:/Unity/Projects/Work/FeatherLandNew/Assets/Scripts/New/ViewController/Game/GameEntry.cs:158)

通过范围检测发现装饰品：Sprite
UnityEngine.DebugLogHandler:Internal_Log(LogType, LogOption, String, Object)
UnityEngine.Logger:Log(LogType, Object)
UnityEngine.Debug:Log(Object)
BirdGame.GameSystem:IsCoverDecoration() (at E:/Unity/Projects/Work/FeatherLandNew/Assets/Scripts/New/Systems/IGameSystem.cs:438)
BirdGame.GameEntry:CheckCursor() (at E:/Unity/Projects/Work/FeatherLandNew/Assets/Scripts/New/ViewController/Game/GameEntry.cs:398)
BirdGame.GameEntry:Update() (at E:/Unity/Projects/Work/FeatherLandNew/Assets/Scripts/New/ViewController/Game/GameEntry.cs:158)

通过范围检测发现装饰品：Sprite
UnityEngine.DebugLogHandler:Internal_Log(LogType, LogOption, String, Object)
UnityEngine.Logger:Log(LogType, Object)
UnityEngine.Debug:Log(Object)
BirdGame.GameSystem:IsCoverDecoration() (at E:/Unity/Projects/Work/FeatherLandNew/Assets/Scripts/New/Systems/IGameSystem.cs:438)
BirdGame.GameEntry:CheckCursor() (at E:/Unity/Projects/Work/FeatherLandNew/Assets/Scripts/New/ViewController/Game/GameEntry.cs:398)
BirdGame.GameEntry:Update() (at E:/Unity/Projects/Work/FeatherLandNew/Assets/Scripts/New/ViewController/Game/GameEntry.cs:158)

检测到装饰品：Sprite
UnityEngine.DebugLogHandler:Internal_Log(LogType, LogOption, String, Object)
UnityEngine.Logger:Log(LogType, Object)
UnityEngine.Debug:Log(Object)
BirdGame.GameSystem:IsCoverDecoration() (at E:/Unity/Projects/Work/FeatherLandNew/Assets/Scripts/New/Systems/IGameSystem.cs:438)
BirdGame.GameEntry:CheckCursor() (at E:/Unity/Projects/Work/FeatherLandNew/Assets/Scripts/New/ViewController/Game/GameEntry.cs:398)
BirdGame.GameEntry:Update() (at E:/Unity/Projects/Work/FeatherLandNew/Assets/Scripts/New/ViewController/Game/GameEntry.cs:158)

检测到装饰品：Sprite
UnityEngine.DebugLogHandler:Internal_Log(LogType, LogOption, String, Object)
UnityEngine.Logger:Log(LogType, Object)
UnityEngine.Debug:Log(Object)
BirdGame.GameSystem:IsCoverDecoration() (at E:/Unity/Projects/Work/FeatherLandNew/Assets/Scripts/New/Systems/IGameSystem.cs:438)
BirdGame.GameEntry:CheckCursor() (at E:/Unity/Projects/Work/FeatherLandNew/Assets/Scripts/New/ViewController/Game/GameEntry.cs:398)
BirdGame.GameEntry:Update() (at E:/Unity/Projects/Work/FeatherLandNew/Assets/Scripts/New/ViewController/Game/GameEntry.cs:158)

检测到装饰品：Sprite
UnityEngine.DebugLogHandler:Internal_Log(LogType, LogOption, String, Object)
UnityEngine.Logger:Log(LogType, Object)
UnityEngine.Debug:Log(Object)
BirdGame.GameSystem:IsCoverDecoration() (at E:/Unity/Projects/Work/FeatherLandNew/Assets/Scripts/New/Systems/IGameSystem.cs:438)
BirdGame.GameEntry:CheckCursor() (at E:/Unity/Projects/Work/FeatherLandNew/Assets/Scripts/New/ViewController/Game/GameEntry.cs:398)
BirdGame.GameEntry:Update() (at E:/Unity/Projects/Work/FeatherLandNew/Assets/Scripts/New/ViewController/Game/GameEntry.cs:158)

检测到装饰品：Sprite
UnityEngine.DebugLogHandler:Internal_Log(LogType, LogOption, String, Object)
UnityEngine.Logger:Log(LogType, Object)
UnityEngine.Debug:Log(Object)
BirdGame.GameSystem:IsCoverDecoration() (at E:/Unity/Projects/Work/FeatherLandNew/Assets/Scripts/New/Systems/IGameSystem.cs:438)
BirdGame.GameEntry:CheckCursor() (at E:/Unity/Projects/Work/FeatherLandNew/Assets/Scripts/New/ViewController/Game/GameEntry.cs:398)
BirdGame.GameEntry:Update() (at E:/Unity/Projects/Work/FeatherLandNew/Assets/Scripts/New/ViewController/Game/GameEntry.cs:158)

检测到装饰品：Sprite
UnityEngine.DebugLogHandler:Internal_Log(LogType, LogOption, String, Object)
UnityEngine.Logger:Log(LogType, Object)
UnityEngine.Debug:Log(Object)
BirdGame.GameSystem:IsCoverDecoration() (at E:/Unity/Projects/Work/FeatherLandNew/Assets/Scripts/New/Systems/IGameSystem.cs:438)
BirdGame.GameEntry:CheckCursor() (at E:/Unity/Projects/Work/FeatherLandNew/Assets/Scripts/New/ViewController/Game/GameEntry.cs:398)
BirdGame.GameEntry:Update() (at E:/Unity/Projects/Work/FeatherLandNew/Assets/Scripts/New/ViewController/Game/GameEntry.cs:158)

检测到装饰品：Sprite
UnityEngine.DebugLogHandler:Internal_Log(LogType, LogOption, String, Object)
UnityEngine.Logger:Log(LogType, Object)
UnityEngine.Debug:Log(Object)
BirdGame.GameSystem:IsCoverDecoration() (at E:/Unity/Projects/Work/FeatherLandNew/Assets/Scripts/New/Systems/IGameSystem.cs:438)
BirdGame.GameEntry:CheckCursor() (at E:/Unity/Projects/Work/FeatherLandNew/Assets/Scripts/New/ViewController/Game/GameEntry.cs:398)
BirdGame.GameEntry:Update() (at E:/Unity/Projects/Work/FeatherLandNew/Assets/Scripts/New/ViewController/Game/GameEntry.cs:158)

检测到装饰品：Sprite
UnityEngine.DebugLogHandler:Internal_Log(LogType, LogOption, String, Object)
UnityEngine.Logger:Log(LogType, Object)
UnityEngine.Debug:Log(Object)
BirdGame.GameSystem:IsCoverDecoration() (at E:/Unity/Projects/Work/FeatherLandNew/Assets/Scripts/New/Systems/IGameSystem.cs:438)
BirdGame.GameEntry:CheckCursor() (at E:/Unity/Projects/Work/FeatherLandNew/Assets/Scripts/New/ViewController/Game/GameEntry.cs:398)
BirdGame.GameEntry:Update() (at E:/Unity/Projects/Work/FeatherLandNew/Assets/Scripts/New/ViewController/Game/GameEntry.cs:158)

检测到装饰品：Sprite
UnityEngine.DebugLogHandler:Internal_Log(LogType, LogOption, String, Object)
UnityEngine.Logger:Log(LogType, Object)
UnityEngine.Debug:Log(Object)
BirdGame.GameSystem:IsCoverDecoration() (at E:/Unity/Projects/Work/FeatherLandNew/Assets/Scripts/New/Systems/IGameSystem.cs:438)
BirdGame.GameEntry:CheckCursor() (at E:/Unity/Projects/Work/FeatherLandNew/Assets/Scripts/New/ViewController/Game/GameEntry.cs:398)
BirdGame.GameEntry:Update() (at E:/Unity/Projects/Work/FeatherLandNew/Assets/Scripts/New/ViewController/Game/GameEntry.cs:158)

检测到装饰品：Sprite
UnityEngine.DebugLogHandler:Internal_Log(LogType, LogOption, String, Object)
UnityEngine.Logger:Log(LogType, Object)
UnityEngine.Debug:Log(Object)
BirdGame.GameSystem:IsCoverDecoration() (at E:/Unity/Projects/Work/FeatherLandNew/Assets/Scripts/New/Systems/IGameSystem.cs:438)
BirdGame.GameEntry:CheckCursor() (at E:/Unity/Projects/Work/FeatherLandNew/Assets/Scripts/New/ViewController/Game/GameEntry.cs:398)
BirdGame.GameEntry:Update() (at E:/Unity/Projects/Work/FeatherLandNew/Assets/Scripts/New/ViewController/Game/GameEntry.cs:158)

检测到装饰品：Sprite
UnityEngine.DebugLogHandler:Internal_Log(LogType, LogOption, String, Object)
UnityEngine.Logger:Log(LogType, Object)
UnityEngine.Debug:Log(Object)
BirdGame.GameSystem:IsCoverDecoration() (at E:/Unity/Projects/Work/FeatherLandNew/Assets/Scripts/New/Systems/IGameSystem.cs:438)
BirdGame.GameEntry:CheckCursor() (at E:/Unity/Projects/Work/FeatherLandNew/Assets/Scripts/New/ViewController/Game/GameEntry.cs:398)
BirdGame.GameEntry:Update() (at E:/Unity/Projects/Work/FeatherLandNew/Assets/Scripts/New/ViewController/Game/GameEntry.cs:158)

检测到装饰品：Sprite
UnityEngine.DebugLogHandler:Internal_Log(LogType, LogOption, String, Object)
UnityEngine.Logger:Log(LogType, Object)
UnityEngine.Debug:Log(Object)
BirdGame.GameSystem:IsCoverDecoration() (at E:/Unity/Projects/Work/FeatherLandNew/Assets/Scripts/New/Systems/IGameSystem.cs:438)
BirdGame.GameEntry:CheckCursor() (at E:/Unity/Projects/Work/FeatherLandNew/Assets/Scripts/New/ViewController/Game/GameEntry.cs:398)
BirdGame.GameEntry:Update() (at E:/Unity/Projects/Work/FeatherLandNew/Assets/Scripts/New/ViewController/Game/GameEntry.cs:158)

检测到装饰品：Sprite
UnityEngine.DebugLogHandler:Internal_Log(LogType, LogOption, String, Object)
UnityEngine.Logger:Log(LogType, Object)
UnityEngine.Debug:Log(Object)
BirdGame.GameSystem:IsCoverDecoration() (at E:/Unity/Projects/Work/FeatherLandNew/Assets/Scripts/New/Systems/IGameSystem.cs:438)
BirdGame.GameEntry:CheckCursor() (at E:/Unity/Projects/Work/FeatherLandNew/Assets/Scripts/New/ViewController/Game/GameEntry.cs:398)
BirdGame.GameEntry:Update() (at E:/Unity/Projects/Work/FeatherLandNew/Assets/Scripts/New/ViewController/Game/GameEntry.cs:158)

检测到装饰品：Sprite
UnityEngine.DebugLogHandler:Internal_Log(LogType, LogOption, String, Object)
UnityEngine.Logger:Log(LogType, Object)
UnityEngine.Debug:Log(Object)
BirdGame.GameSystem:IsCoverDecoration() (at E:/Unity/Projects/Work/FeatherLandNew/Assets/Scripts/New/Systems/IGameSystem.cs:438)
BirdGame.GameEntry:CheckCursor() (at E:/Unity/Projects/Work/FeatherLandNew/Assets/Scripts/New/ViewController/Game/GameEntry.cs:398)
BirdGame.GameEntry:Update() (at E:/Unity/Projects/Work/FeatherLandNew/Assets/Scripts/New/ViewController/Game/GameEntry.cs:158)

检测到装饰品：Sprite
UnityEngine.DebugLogHandler:Internal_Log(LogType, LogOption, String, Object)
UnityEngine.Logger:Log(LogType, Object)
UnityEngine.Debug:Log(Object)
BirdGame.GameSystem:IsCoverDecoration() (at E:/Unity/Projects/Work/FeatherLandNew/Assets/Scripts/New/Systems/IGameSystem.cs:438)
BirdGame.GameEntry:CheckCursor() (at E:/Unity/Projects/Work/FeatherLandNew/Assets/Scripts/New/ViewController/Game/GameEntry.cs:398)
BirdGame.GameEntry:Update() (at E:/Unity/Projects/Work/FeatherLandNew/Assets/Scripts/New/ViewController/Game/GameEntry.cs:158)

检测到装饰品：Sprite
UnityEngine.DebugLogHandler:Internal_Log(LogType, LogOption, String, Object)
UnityEngine.Logger:Log(LogType, Object)
UnityEngine.Debug:Log(Object)
BirdGame.GameSystem:IsCoverDecoration() (at E:/Unity/Projects/Work/FeatherLandNew/Assets/Scripts/New/Systems/IGameSystem.cs:438)
BirdGame.GameEntry:CheckCursor() (at E:/Unity/Projects/Work/FeatherLandNew/Assets/Scripts/New/ViewController/Game/GameEntry.cs:398)
BirdGame.GameEntry:Update() (at E:/Unity/Projects/Work/FeatherLandNew/Assets/Scripts/New/ViewController/Game/GameEntry.cs:158)

检测到装饰品：Sprite
UnityEngine.DebugLogHandler:Internal_Log(LogType, LogOption, String, Object)
UnityEngine.Logger:Log(LogType, Object)
UnityEngine.Debug:Log(Object)
BirdGame.GameSystem:IsCoverDecoration() (at E:/Unity/Projects/Work/FeatherLandNew/Assets/Scripts/New/Systems/IGameSystem.cs:438)
BirdGame.GameEntry:CheckCursor() (at E:/Unity/Projects/Work/FeatherLandNew/Assets/Scripts/New/ViewController/Game/GameEntry.cs:398)
BirdGame.GameEntry:Update() (at E:/Unity/Projects/Work/FeatherLandNew/Assets/Scripts/New/ViewController/Game/GameEntry.cs:158)

检测到装饰品：Sprite
UnityEngine.DebugLogHandler:Internal_Log(LogType, LogOption, String, Object)
UnityEngine.Logger:Log(LogType, Object)
UnityEngine.Debug:Log(Object)
BirdGame.GameSystem:IsCoverDecoration() (at E:/Unity/Projects/Work/FeatherLandNew/Assets/Scripts/New/Systems/IGameSystem.cs:438)
BirdGame.GameEntry:CheckCursor() (at E:/Unity/Projects/Work/FeatherLandNew/Assets/Scripts/New/ViewController/Game/GameEntry.cs:398)
BirdGame.GameEntry:Update() (at E:/Unity/Projects/Work/FeatherLandNew/Assets/Scripts/New/ViewController/Game/GameEntry.cs:158)

检测到装饰品：Sprite
UnityEngine.DebugLogHandler:Internal_Log(LogType, LogOption, String, Object)
UnityEngine.Logger:Log(LogType, Object)
UnityEngine.Debug:Log(Object)
BirdGame.GameSystem:IsCoverDecoration() (at E:/Unity/Projects/Work/FeatherLandNew/Assets/Scripts/New/Systems/IGameSystem.cs:438)
BirdGame.GameEntry:CheckCursor() (at E:/Unity/Projects/Work/FeatherLandNew/Assets/Scripts/New/ViewController/Game/GameEntry.cs:398)
BirdGame.GameEntry:Update() (at E:/Unity/Projects/Work/FeatherLandNew/Assets/Scripts/New/ViewController/Game/GameEntry.cs:158)

检测到装饰品：Sprite
UnityEngine.DebugLogHandler:Internal_Log(LogType, LogOption, String, Object)
UnityEngine.Logger:Log(LogType, Object)
UnityEngine.Debug:Log(Object)
BirdGame.GameSystem:IsCoverDecoration() (at E:/Unity/Projects/Work/FeatherLandNew/Assets/Scripts/New/Systems/IGameSystem.cs:438)
BirdGame.GameEntry:CheckCursor() (at E:/Unity/Projects/Work/FeatherLandNew/Assets/Scripts/New/ViewController/Game/GameEntry.cs:398)
BirdGame.GameEntry:Update() (at E:/Unity/Projects/Work/FeatherLandNew/Assets/Scripts/New/ViewController/Game/GameEntry.cs:158)

检测到装饰品：Sprite
UnityEngine.DebugLogHandler:Internal_Log(LogType, LogOption, String, Object)
UnityEngine.Logger:Log(LogType, Object)
UnityEngine.Debug:Log(Object)
BirdGame.GameSystem:IsCoverDecoration() (at E:/Unity/Projects/Work/FeatherLandNew/Assets/Scripts/New/Systems/IGameSystem.cs:438)
BirdGame.GameEntry:CheckCursor() (at E:/Unity/Projects/Work/FeatherLandNew/Assets/Scripts/New/ViewController/Game/GameEntry.cs:398)
BirdGame.GameEntry:Update() (at E:/Unity/Projects/Work/FeatherLandNew/Assets/Scripts/New/ViewController/Game/GameEntry.cs:158)

检测到装饰品：Sprite
UnityEngine.DebugLogHandler:Internal_Log(LogType, LogOption, String, Object)
UnityEngine.Logger:Log(LogType, Object)
UnityEngine.Debug:Log(Object)
BirdGame.GameSystem:IsCoverDecoration() (at E:/Unity/Projects/Work/FeatherLandNew/Assets/Scripts/New/Systems/IGameSystem.cs:438)
BirdGame.GameEntry:CheckCursor() (at E:/Unity/Projects/Work/FeatherLandNew/Assets/Scripts/New/ViewController/Game/GameEntry.cs:398)
BirdGame.GameEntry:Update() (at E:/Unity/Projects/Work/FeatherLandNew/Assets/Scripts/New/ViewController/Game/GameEntry.cs:158)

检测到装饰品：Sprite
UnityEngine.DebugLogHandler:Internal_Log(LogType, LogOption, String, Object)
UnityEngine.Logger:Log(LogType, Object)
UnityEngine.Debug:Log(Object)
BirdGame.GameSystem:IsCoverDecoration() (at E:/Unity/Projects/Work/FeatherLandNew/Assets/Scripts/New/Systems/IGameSystem.cs:438)
BirdGame.GameEntry:CheckCursor() (at E:/Unity/Projects/Work/FeatherLandNew/Assets/Scripts/New/ViewController/Game/GameEntry.cs:398)
BirdGame.GameEntry:Update() (at E:/Unity/Projects/Work/FeatherLandNew/Assets/Scripts/New/ViewController/Game/GameEntry.cs:158)

检测到装饰品：Sprite
UnityEngine.DebugLogHandler:Internal_Log(LogType, LogOption, String, Object)
UnityEngine.Logger:Log(LogType, Object)
UnityEngine.Debug:Log(Object)
BirdGame.GameSystem:IsCoverDecoration() (at E:/Unity/Projects/Work/FeatherLandNew/Assets/Scripts/New/Systems/IGameSystem.cs:438)
BirdGame.GameEntry:CheckCursor() (at E:/Unity/Projects/Work/FeatherLandNew/Assets/Scripts/New/ViewController/Game/GameEntry.cs:398)
BirdGame.GameEntry:Update() (at E:/Unity/Projects/Work/FeatherLandNew/Assets/Scripts/New/ViewController/Game/GameEntry.cs:158)

检测到装饰品：Sprite
UnityEngine.DebugLogHandler:Internal_Log(LogType, LogOption, String, Object)
UnityEngine.Logger:Log(LogType, Object)
UnityEngine.Debug:Log(Object)
BirdGame.GameSystem:IsCoverDecoration() (at E:/Unity/Projects/Work/FeatherLandNew/Assets/Scripts/New/Systems/IGameSystem.cs:438)
BirdGame.GameEntry:CheckCursor() (at E:/Unity/Projects/Work/FeatherLandNew/Assets/Scripts/New/ViewController/Game/GameEntry.cs:398)
BirdGame.GameEntry:Update() (at E:/Unity/Projects/Work/FeatherLandNew/Assets/Scripts/New/ViewController/Game/GameEntry.cs:158)

检测到装饰品：Sprite
UnityEngine.DebugLogHandler:Internal_Log(LogType, LogOption, String, Object)
UnityEngine.Logger:Log(LogType, Object)
UnityEngine.Debug:Log(Object)
BirdGame.GameSystem:IsCoverDecoration() (at E:/Unity/Projects/Work/FeatherLandNew/Assets/Scripts/New/Systems/IGameSystem.cs:438)
BirdGame.GameEntry:CheckCursor() (at E:/Unity/Projects/Work/FeatherLandNew/Assets/Scripts/New/ViewController/Game/GameEntry.cs:398)
BirdGame.GameEntry:Update() (at E:/Unity/Projects/Work/FeatherLandNew/Assets/Scripts/New/ViewController/Game/GameEntry.cs:158)

检测到装饰品：Sprite
UnityEngine.DebugLogHandler:Internal_Log(LogType, LogOption, String, Object)
UnityEngine.Logger:Log(LogType, Object)
UnityEngine.Debug:Log(Object)
BirdGame.GameSystem:IsCoverDecoration() (at E:/Unity/Projects/Work/FeatherLandNew/Assets/Scripts/New/Systems/IGameSystem.cs:438)
BirdGame.GameEntry:CheckCursor() (at E:/Unity/Projects/Work/FeatherLandNew/Assets/Scripts/New/ViewController/Game/GameEntry.cs:398)
BirdGame.GameEntry:Update() (at E:/Unity/Projects/Work/FeatherLandNew/Assets/Scripts/New/ViewController/Game/GameEntry.cs:158)

检测到装饰品：Sprite
UnityEngine.DebugLogHandler:Internal_Log(LogType, LogOption, String, Object)
UnityEngine.Logger:Log(LogType, Object)
UnityEngine.Debug:Log(Object)
BirdGame.GameSystem:IsCoverDecoration() (at E:/Unity/Projects/Work/FeatherLandNew/Assets/Scripts/New/Systems/IGameSystem.cs:438)
BirdGame.GameEntry:CheckCursor() (at E:/Unity/Projects/Work/FeatherLandNew/Assets/Scripts/New/ViewController/Game/GameEntry.cs:398)
BirdGame.GameEntry:Update() (at E:/Unity/Projects/Work/FeatherLandNew/Assets/Scripts/New/ViewController/Game/GameEntry.cs:158)

检测到装饰品：Sprite
UnityEngine.DebugLogHandler:Internal_Log(LogType, LogOption, String, Object)
UnityEngine.Logger:Log(LogType, Object)
UnityEngine.Debug:Log(Object)
BirdGame.GameSystem:IsCoverDecoration() (at E:/Unity/Projects/Work/FeatherLandNew/Assets/Scripts/New/Systems/IGameSystem.cs:438)
BirdGame.GameEntry:CheckCursor() (at E:/Unity/Projects/Work/FeatherLandNew/Assets/Scripts/New/ViewController/Game/GameEntry.cs:398)
BirdGame.GameEntry:Update() (at E:/Unity/Projects/Work/FeatherLandNew/Assets/Scripts/New/ViewController/Game/GameEntry.cs:158)

检测到装饰品：Sprite
UnityEngine.DebugLogHandler:Internal_Log(LogType, LogOption, String, Object)
UnityEngine.Logger:Log(LogType, Object)
UnityEngine.Debug:Log(Object)
BirdGame.GameSystem:IsCoverDecoration() (at E:/Unity/Projects/Work/FeatherLandNew/Assets/Scripts/New/Systems/IGameSystem.cs:438)
BirdGame.GameEntry:CheckCursor() (at E:/Unity/Projects/Work/FeatherLandNew/Assets/Scripts/New/ViewController/Game/GameEntry.cs:398)
BirdGame.GameEntry:Update() (at E:/Unity/Projects/Work/FeatherLandNew/Assets/Scripts/New/ViewController/Game/GameEntry.cs:158)

检测到装饰品：Sprite
UnityEngine.DebugLogHandler:Internal_Log(LogType, LogOption, String, Object)
UnityEngine.Logger:Log(LogType, Object)
UnityEngine.Debug:Log(Object)
BirdGame.GameSystem:IsCoverDecoration() (at E:/Unity/Projects/Work/FeatherLandNew/Assets/Scripts/New/Systems/IGameSystem.cs:438)
BirdGame.GameEntry:CheckCursor() (at E:/Unity/Projects/Work/FeatherLandNew/Assets/Scripts/New/ViewController/Game/GameEntry.cs:398)
BirdGame.GameEntry:Update() (at E:/Unity/Projects/Work/FeatherLandNew/Assets/Scripts/New/ViewController/Game/GameEntry.cs:158)

检测到装饰品：Sprite
UnityEngine.DebugLogHandler:Internal_Log(LogType, LogOption, String, Object)
UnityEngine.Logger:Log(LogType, Object)
UnityEngine.Debug:Log(Object)
BirdGame.GameSystem:IsCoverDecoration() (at E:/Unity/Projects/Work/FeatherLandNew/Assets/Scripts/New/Systems/IGameSystem.cs:438)
BirdGame.GameEntry:CheckCursor() (at E:/Unity/Projects/Work/FeatherLandNew/Assets/Scripts/New/ViewController/Game/GameEntry.cs:398)
BirdGame.GameEntry:Update() (at E:/Unity/Projects/Work/FeatherLandNew/Assets/Scripts/New/ViewController/Game/GameEntry.cs:158)

检测到装饰品：Sprite
UnityEngine.DebugLogHandler:Internal_Log(LogType, LogOption, String, Object)
UnityEngine.Logger:Log(LogType, Object)
UnityEngine.Debug:Log(Object)
BirdGame.GameSystem:IsCoverDecoration() (at E:/Unity/Projects/Work/FeatherLandNew/Assets/Scripts/New/Systems/IGameSystem.cs:438)
BirdGame.GameEntry:CheckCursor() (at E:/Unity/Projects/Work/FeatherLandNew/Assets/Scripts/New/ViewController/Game/GameEntry.cs:398)
BirdGame.GameEntry:Update() (at E:/Unity/Projects/Work/FeatherLandNew/Assets/Scripts/New/ViewController/Game/GameEntry.cs:158)

检测到装饰品：Sprite
UnityEngine.DebugLogHandler:Internal_Log(LogType, LogOption, String, Object)
UnityEngine.Logger:Log(LogType, Object)
UnityEngine.Debug:Log(Object)
BirdGame.GameSystem:IsCoverDecoration() (at E:/Unity/Projects/Work/FeatherLandNew/Assets/Scripts/New/Systems/IGameSystem.cs:438)
BirdGame.GameEntry:CheckCursor() (at E:/Unity/Projects/Work/FeatherLandNew/Assets/Scripts/New/ViewController/Game/GameEntry.cs:398)
BirdGame.GameEntry:Update() (at E:/Unity/Projects/Work/FeatherLandNew/Assets/Scripts/New/ViewController/Game/GameEntry.cs:158)

检测到装饰品：Sprite
UnityEngine.DebugLogHandler:Internal_Log(LogType, LogOption, String, Object)
UnityEngine.Logger:Log(LogType, Object)
UnityEngine.Debug:Log(Object)
BirdGame.GameSystem:IsCoverDecoration() (at E:/Unity/Projects/Work/FeatherLandNew/Assets/Scripts/New/Systems/IGameSystem.cs:438)
BirdGame.GameEntry:CheckCursor() (at E:/Unity/Projects/Work/FeatherLandNew/Assets/Scripts/New/ViewController/Game/GameEntry.cs:398)
BirdGame.GameEntry:Update() (at E:/Unity/Projects/Work/FeatherLandNew/Assets/Scripts/New/ViewController/Game/GameEntry.cs:158)

通过范围检测发现装饰品：Sprite
UnityEngine.DebugLogHandler:Internal_Log(LogType, LogOption, String, Object)
UnityEngine.Logger:Log(LogType, Object)
UnityEngine.Debug:Log(Object)
BirdGame.GameSystem:IsCoverDecoration() (at E:/Unity/Projects/Work/FeatherLandNew/Assets/Scripts/New/Systems/IGameSystem.cs:438)
BirdGame.GameEntry:CheckCursor() (at E:/Unity/Projects/Work/FeatherLandNew/Assets/Scripts/New/ViewController/Game/GameEntry.cs:398)
BirdGame.GameEntry:Update() (at E:/Unity/Projects/Work/FeatherLandNew/Assets/Scripts/New/ViewController/Game/GameEntry.cs:158)

通过范围检测发现装饰品：Sprite
UnityEngine.DebugLogHandler:Internal_Log(LogType, LogOption, String, Object)
UnityEngine.Logger:Log(LogType, Object)
UnityEngine.Debug:Log(Object)
BirdGame.GameSystem:IsCoverDecoration() (at E:/Unity/Projects/Work/FeatherLandNew/Assets/Scripts/New/Systems/IGameSystem.cs:438)
BirdGame.GameEntry:CheckCursor() (at E:/Unity/Projects/Work/FeatherLandNew/Assets/Scripts/New/ViewController/Game/GameEntry.cs:398)
BirdGame.GameEntry:Update() (at E:/Unity/Projects/Work/FeatherLandNew/Assets/Scripts/New/ViewController/Game/GameEntry.cs:158)

通过范围检测发现装饰品：Sprite
UnityEngine.DebugLogHandler:Internal_Log(LogType, LogOption, String, Object)
UnityEngine.Logger:Log(LogType, Object)
UnityEngine.Debug:Log(Object)
BirdGame.GameSystem:IsCoverDecoration() (at E:/Unity/Projects/Work/FeatherLandNew/Assets/Scripts/New/Systems/IGameSystem.cs:438)
BirdGame.GameEntry:CheckCursor() (at E:/Unity/Projects/Work/FeatherLandNew/Assets/Scripts/New/ViewController/Game/GameEntry.cs:398)
BirdGame.GameEntry:Update() (at E:/Unity/Projects/Work/FeatherLandNew/Assets/Scripts/New/ViewController/Game/GameEntry.cs:158)

通过范围检测发现装饰品：Sprite
UnityEngine.DebugLogHandler:Internal_Log(LogType, LogOption, String, Object)
UnityEngine.Logger:Log(LogType, Object)
UnityEngine.Debug:Log(Object)
BirdGame.GameSystem:IsCoverDecoration() (at E:/Unity/Projects/Work/FeatherLandNew/Assets/Scripts/New/Systems/IGameSystem.cs:438)
BirdGame.GameEntry:CheckCursor() (at E:/Unity/Projects/Work/FeatherLandNew/Assets/Scripts/New/ViewController/Game/GameEntry.cs:398)
BirdGame.GameEntry:Update() (at E:/Unity/Projects/Work/FeatherLandNew/Assets/Scripts/New/ViewController/Game/GameEntry.cs:158)

通过范围检测发现装饰品：Sprite
UnityEngine.DebugLogHandler:Internal_Log(LogType, LogOption, String, Object)
UnityEngine.Logger:Log(LogType, Object)
UnityEngine.Debug:Log(Object)
BirdGame.GameSystem:IsCoverDecoration() (at E:/Unity/Projects/Work/FeatherLandNew/Assets/Scripts/New/Systems/IGameSystem.cs:438)
BirdGame.GameEntry:CheckCursor() (at E:/Unity/Projects/Work/FeatherLandNew/Assets/Scripts/New/ViewController/Game/GameEntry.cs:398)
BirdGame.GameEntry:Update() (at E:/Unity/Projects/Work/FeatherLandNew/Assets/Scripts/New/ViewController/Game/GameEntry.cs:158)

通过范围检测发现装饰品：Sprite
UnityEngine.DebugLogHandler:Internal_Log(LogType, LogOption, String, Object)
UnityEngine.Logger:Log(LogType, Object)
UnityEngine.Debug:Log(Object)
BirdGame.GameSystem:IsCoverDecoration() (at E:/Unity/Projects/Work/FeatherLandNew/Assets/Scripts/New/Systems/IGameSystem.cs:438)
BirdGame.GameEntry:CheckCursor() (at E:/Unity/Projects/Work/FeatherLandNew/Assets/Scripts/New/ViewController/Game/GameEntry.cs:398)
BirdGame.GameEntry:Update() (at E:/Unity/Projects/Work/FeatherLandNew/Assets/Scripts/New/ViewController/Game/GameEntry.cs:158)

通过范围检测发现装饰品：Sprite
UnityEngine.DebugLogHandler:Internal_Log(LogType, LogOption, String, Object)
UnityEngine.Logger:Log(LogType, Object)
UnityEngine.Debug:Log(Object)
BirdGame.GameSystem:IsCoverDecoration() (at E:/Unity/Projects/Work/FeatherLandNew/Assets/Scripts/New/Systems/IGameSystem.cs:438)
BirdGame.GameEntry:CheckCursor() (at E:/Unity/Projects/Work/FeatherLandNew/Assets/Scripts/New/ViewController/Game/GameEntry.cs:398)
BirdGame.GameEntry:Update() (at E:/Unity/Projects/Work/FeatherLandNew/Assets/Scripts/New/ViewController/Game/GameEntry.cs:158)

通过范围检测发现装饰品：Sprite
UnityEngine.DebugLogHandler:Internal_Log(LogType, LogOption, String, Object)
UnityEngine.Logger:Log(LogType, Object)
UnityEngine.Debug:Log(Object)
BirdGame.GameSystem:IsCoverDecoration() (at E:/Unity/Projects/Work/FeatherLandNew/Assets/Scripts/New/Systems/IGameSystem.cs:438)
BirdGame.GameEntry:CheckCursor() (at E:/Unity/Projects/Work/FeatherLandNew/Assets/Scripts/New/ViewController/Game/GameEntry.cs:398)
BirdGame.GameEntry:Update() (at E:/Unity/Projects/Work/FeatherLandNew/Assets/Scripts/New/ViewController/Game/GameEntry.cs:158)

通过范围检测发现装饰品：Sprite
UnityEngine.DebugLogHandler:Internal_Log(LogType, LogOption, String, Object)
UnityEngine.Logger:Log(LogType, Object)
UnityEngine.Debug:Log(Object)
BirdGame.GameSystem:IsCoverDecoration() (at E:/Unity/Projects/Work/FeatherLandNew/Assets/Scripts/New/Systems/IGameSystem.cs:438)
BirdGame.GameEntry:CheckCursor() (at E:/Unity/Projects/Work/FeatherLandNew/Assets/Scripts/New/ViewController/Game/GameEntry.cs:398)
BirdGame.GameEntry:Update() (at E:/Unity/Projects/Work/FeatherLandNew/Assets/Scripts/New/ViewController/Game/GameEntry.cs:158)

通过范围检测发现装饰品：Sprite
UnityEngine.DebugLogHandler:Internal_Log(LogType, LogOption, String, Object)
UnityEngine.Logger:Log(LogType, Object)
UnityEngine.Debug:Log(Object)
BirdGame.GameSystem:IsCoverDecoration() (at E:/Unity/Projects/Work/FeatherLandNew/Assets/Scripts/New/Systems/IGameSystem.cs:438)
BirdGame.GameEntry:CheckCursor() (at E:/Unity/Projects/Work/FeatherLandNew/Assets/Scripts/New/ViewController/Game/GameEntry.cs:398)
BirdGame.GameEntry:Update() (at E:/Unity/Projects/Work/FeatherLandNew/Assets/Scripts/New/ViewController/Game/GameEntry.cs:158)

通过范围检测发现装饰品：Sprite
UnityEngine.DebugLogHandler:Internal_Log(LogType, LogOption, String, Object)
UnityEngine.Logger:Log(LogType, Object)
UnityEngine.Debug:Log(Object)
BirdGame.GameSystem:IsCoverDecoration() (at E:/Unity/Projects/Work/FeatherLandNew/Assets/Scripts/New/Systems/IGameSystem.cs:438)
BirdGame.GameEntry:CheckCursor() (at E:/Unity/Projects/Work/FeatherLandNew/Assets/Scripts/New/ViewController/Game/GameEntry.cs:398)
BirdGame.GameEntry:Update() (at E:/Unity/Projects/Work/FeatherLandNew/Assets/Scripts/New/ViewController/Game/GameEntry.cs:158)

通过范围检测发现装饰品：Sprite
UnityEngine.DebugLogHandler:Internal_Log(LogType, LogOption, String, Object)
UnityEngine.Logger:Log(LogType, Object)
UnityEngine.Debug:Log(Object)
BirdGame.GameSystem:IsCoverDecoration() (at E:/Unity/Projects/Work/FeatherLandNew/Assets/Scripts/New/Systems/IGameSystem.cs:438)
BirdGame.GameEntry:CheckCursor() (at E:/Unity/Projects/Work/FeatherLandNew/Assets/Scripts/New/ViewController/Game/GameEntry.cs:398)
BirdGame.GameEntry:Update() (at E:/Unity/Projects/Work/FeatherLandNew/Assets/Scripts/New/ViewController/Game/GameEntry.cs:158)

检测到装饰品：Sprite
UnityEngine.DebugLogHandler:Internal_Log(LogType, LogOption, String, Object)
UnityEngine.Logger:Log(LogType, Object)
UnityEngine.Debug:Log(Object)
BirdGame.GameSystem:IsCoverDecoration() (at E:/Unity/Projects/Work/FeatherLandNew/Assets/Scripts/New/Systems/IGameSystem.cs:438)
BirdGame.GameEntry:CheckCursor() (at E:/Unity/Projects/Work/FeatherLandNew/Assets/Scripts/New/ViewController/Game/GameEntry.cs:398)
BirdGame.GameEntry:Update() (at E:/Unity/Projects/Work/FeatherLandNew/Assets/Scripts/New/ViewController/Game/GameEntry.cs:158)

检测到装饰品：Sprite
UnityEngine.DebugLogHandler:Internal_Log(LogType, LogOption, String, Object)
UnityEngine.Logger:Log(LogType, Object)
UnityEngine.Debug:Log(Object)
BirdGame.GameSystem:IsCoverDecoration() (at E:/Unity/Projects/Work/FeatherLandNew/Assets/Scripts/New/Systems/IGameSystem.cs:438)
BirdGame.GameEntry:CheckCursor() (at E:/Unity/Projects/Work/FeatherLandNew/Assets/Scripts/New/ViewController/Game/GameEntry.cs:398)
BirdGame.GameEntry:Update() (at E:/Unity/Projects/Work/FeatherLandNew/Assets/Scripts/New/ViewController/Game/GameEntry.cs:158)

通过范围检测发现装饰品：Sprite
UnityEngine.DebugLogHandler:Internal_Log(LogType, LogOption, String, Object)
UnityEngine.Logger:Log(LogType, Object)
UnityEngine.Debug:Log(Object)
BirdGame.GameSystem:IsCoverDecoration() (at E:/Unity/Projects/Work/FeatherLandNew/Assets/Scripts/New/Systems/IGameSystem.cs:438)
BirdGame.GameEntry:CheckCursor() (at E:/Unity/Projects/Work/FeatherLandNew/Assets/Scripts/New/ViewController/Game/GameEntry.cs:398)
BirdGame.GameEntry:Update() (at E:/Unity/Projects/Work/FeatherLandNew/Assets/Scripts/New/ViewController/Game/GameEntry.cs:158)

通过范围检测发现装饰品：Sprite
UnityEngine.DebugLogHandler:Internal_Log(LogType, LogOption, String, Object)
UnityEngine.Logger:Log(LogType, Object)
UnityEngine.Debug:Log(Object)
BirdGame.GameSystem:IsCoverDecoration() (at E:/Unity/Projects/Work/FeatherLandNew/Assets/Scripts/New/Systems/IGameSystem.cs:438)
BirdGame.GameEntry:CheckCursor() (at E:/Unity/Projects/Work/FeatherLandNew/Assets/Scripts/New/ViewController/Game/GameEntry.cs:398)
BirdGame.GameEntry:Update() (at E:/Unity/Projects/Work/FeatherLandNew/Assets/Scripts/New/ViewController/Game/GameEntry.cs:158)

检测到装饰品：Sprite
UnityEngine.DebugLogHandler:Internal_Log(LogType, LogOption, String, Object)
UnityEngine.Logger:Log(LogType, Object)
UnityEngine.Debug:Log(Object)
BirdGame.GameSystem:IsCoverDecoration() (at E:/Unity/Projects/Work/FeatherLandNew/Assets/Scripts/New/Systems/IGameSystem.cs:438)
BirdGame.GameEntry:CheckCursor() (at E:/Unity/Projects/Work/FeatherLandNew/Assets/Scripts/New/ViewController/Game/GameEntry.cs:398)
BirdGame.GameEntry:Update() (at E:/Unity/Projects/Work/FeatherLandNew/Assets/Scripts/New/ViewController/Game/GameEntry.cs:158)

检测到装饰品：Sprite
UnityEngine.DebugLogHandler:Internal_Log(LogType, LogOption, String, Object)
UnityEngine.Logger:Log(LogType, Object)
UnityEngine.Debug:Log(Object)
BirdGame.GameSystem:IsCoverDecoration() (at E:/Unity/Projects/Work/FeatherLandNew/Assets/Scripts/New/Systems/IGameSystem.cs:438)
BirdGame.GameEntry:CheckCursor() (at E:/Unity/Projects/Work/FeatherLandNew/Assets/Scripts/New/ViewController/Game/GameEntry.cs:398)
BirdGame.GameEntry:Update() (at E:/Unity/Projects/Work/FeatherLandNew/Assets/Scripts/New/ViewController/Game/GameEntry.cs:158)

检测到装饰品：Sprite
UnityEngine.DebugLogHandler:Internal_Log(LogType, LogOption, String, Object)
UnityEngine.Logger:Log(LogType, Object)
UnityEngine.Debug:Log(Object)
BirdGame.GameSystem:IsCoverDecoration() (at E:/Unity/Projects/Work/FeatherLandNew/Assets/Scripts/New/Systems/IGameSystem.cs:438)
BirdGame.GameEntry:CheckCursor() (at E:/Unity/Projects/Work/FeatherLandNew/Assets/Scripts/New/ViewController/Game/GameEntry.cs:398)
BirdGame.GameEntry:Update() (at E:/Unity/Projects/Work/FeatherLandNew/Assets/Scripts/New/ViewController/Game/GameEntry.cs:158)

检测到装饰品：Sprite
UnityEngine.DebugLogHandler:Internal_Log(LogType, LogOption, String, Object)
UnityEngine.Logger:Log(LogType, Object)
UnityEngine.Debug:Log(Object)
BirdGame.GameSystem:IsCoverDecoration() (at E:/Unity/Projects/Work/FeatherLandNew/Assets/Scripts/New/Systems/IGameSystem.cs:438)
BirdGame.GameEntry:CheckCursor() (at E:/Unity/Projects/Work/FeatherLandNew/Assets/Scripts/New/ViewController/Game/GameEntry.cs:398)
BirdGame.GameEntry:Update() (at E:/Unity/Projects/Work/FeatherLandNew/Assets/Scripts/New/ViewController/Game/GameEntry.cs:158)

检测到装饰品：Sprite
UnityEngine.DebugLogHandler:Internal_Log(LogType, LogOption, String, Object)
UnityEngine.Logger:Log(LogType, Object)
UnityEngine.Debug:Log(Object)
BirdGame.GameSystem:IsCoverDecoration() (at E:/Unity/Projects/Work/FeatherLandNew/Assets/Scripts/New/Systems/IGameSystem.cs:438)
BirdGame.GameEntry:CheckCursor() (at E:/Unity/Projects/Work/FeatherLandNew/Assets/Scripts/New/ViewController/Game/GameEntry.cs:398)
BirdGame.GameEntry:Update() (at E:/Unity/Projects/Work/FeatherLandNew/Assets/Scripts/New/ViewController/Game/GameEntry.cs:158)

通过范围检测发现装饰品：Sprite
UnityEngine.DebugLogHandler:Internal_Log(LogType, LogOption, String, Object)
UnityEngine.Logger:Log(LogType, Object)
UnityEngine.Debug:Log(Object)
BirdGame.GameSystem:IsCoverDecoration() (at E:/Unity/Projects/Work/FeatherLandNew/Assets/Scripts/New/Systems/IGameSystem.cs:438)
BirdGame.GameEntry:CheckCursor() (at E:/Unity/Projects/Work/FeatherLandNew/Assets/Scripts/New/ViewController/Game/GameEntry.cs:398)
BirdGame.GameEntry:Update() (at E:/Unity/Projects/Work/FeatherLandNew/Assets/Scripts/New/ViewController/Game/GameEntry.cs:158)

检测到装饰品：Sprite
UnityEngine.DebugLogHandler:Internal_Log(LogType, LogOption, String, Object)
UnityEngine.Logger:Log(LogType, Object)
UnityEngine.Debug:Log(Object)
BirdGame.GameSystem:IsCoverDecoration() (at E:/Unity/Projects/Work/FeatherLandNew/Assets/Scripts/New/Systems/IGameSystem.cs:438)
BirdGame.GameEntry:CheckCursor() (at E:/Unity/Projects/Work/FeatherLandNew/Assets/Scripts/New/ViewController/Game/GameEntry.cs:398)
BirdGame.GameEntry:Update() (at E:/Unity/Projects/Work/FeatherLandNew/Assets/Scripts/New/ViewController/Game/GameEntry.cs:158)

检测到装饰品：Sprite
UnityEngine.DebugLogHandler:Internal_Log(LogType, LogOption, String, Object)
UnityEngine.Logger:Log(LogType, Object)
UnityEngine.Debug:Log(Object)
BirdGame.GameSystem:IsCoverDecoration() (at E:/Unity/Projects/Work/FeatherLandNew/Assets/Scripts/New/Systems/IGameSystem.cs:438)
BirdGame.GameEntry:CheckCursor() (at E:/Unity/Projects/Work/FeatherLandNew/Assets/Scripts/New/ViewController/Game/GameEntry.cs:398)
BirdGame.GameEntry:Update() (at E:/Unity/Projects/Work/FeatherLandNew/Assets/Scripts/New/ViewController/Game/GameEntry.cs:158)

检测到装饰品：Sprite
UnityEngine.DebugLogHandler:Internal_Log(LogType, LogOption, String, Object)
UnityEngine.Logger:Log(LogType, Object)
UnityEngine.Debug:Log(Object)
BirdGame.GameSystem:IsCoverDecoration() (at E:/Unity/Projects/Work/FeatherLandNew/Assets/Scripts/New/Systems/IGameSystem.cs:438)
BirdGame.GameEntry:CheckCursor() (at E:/Unity/Projects/Work/FeatherLandNew/Assets/Scripts/New/ViewController/Game/GameEntry.cs:398)
BirdGame.GameEntry:Update() (at E:/Unity/Projects/Work/FeatherLandNew/Assets/Scripts/New/ViewController/Game/GameEntry.cs:158)

检测到装饰品：Sprite
UnityEngine.DebugLogHandler:Internal_Log(LogType, LogOption, String, Object)
UnityEngine.Logger:Log(LogType, Object)
UnityEngine.Debug:Log(Object)
BirdGame.GameSystem:IsCoverDecoration() (at E:/Unity/Projects/Work/FeatherLandNew/Assets/Scripts/New/Systems/IGameSystem.cs:438)
BirdGame.GameEntry:CheckCursor() (at E:/Unity/Projects/Work/FeatherLandNew/Assets/Scripts/New/ViewController/Game/GameEntry.cs:398)
BirdGame.GameEntry:Update() (at E:/Unity/Projects/Work/FeatherLandNew/Assets/Scripts/New/ViewController/Game/GameEntry.cs:158)

检测到装饰品：Sprite
UnityEngine.DebugLogHandler:Internal_Log(LogType, LogOption, String, Object)
UnityEngine.Logger:Log(LogType, Object)
UnityEngine.Debug:Log(Object)
BirdGame.GameSystem:IsCoverDecoration() (at E:/Unity/Projects/Work/FeatherLandNew/Assets/Scripts/New/Systems/IGameSystem.cs:438)
BirdGame.GameEntry:CheckCursor() (at E:/Unity/Projects/Work/FeatherLandNew/Assets/Scripts/New/ViewController/Game/GameEntry.cs:398)
BirdGame.GameEntry:Update() (at E:/Unity/Projects/Work/FeatherLandNew/Assets/Scripts/New/ViewController/Game/GameEntry.cs:158)

检测到装饰品：Sprite
UnityEngine.DebugLogHandler:Internal_Log(LogType, LogOption, String, Object)
UnityEngine.Logger:Log(LogType, Object)
UnityEngine.Debug:Log(Object)
BirdGame.GameSystem:IsCoverDecoration() (at E:/Unity/Projects/Work/FeatherLandNew/Assets/Scripts/New/Systems/IGameSystem.cs:438)
BirdGame.GameEntry:CheckCursor() (at E:/Unity/Projects/Work/FeatherLandNew/Assets/Scripts/New/ViewController/Game/GameEntry.cs:398)
BirdGame.GameEntry:Update() (at E:/Unity/Projects/Work/FeatherLandNew/Assets/Scripts/New/ViewController/Game/GameEntry.cs:158)

检测到装饰品：Sprite
UnityEngine.DebugLogHandler:Internal_Log(LogType, LogOption, String, Object)
UnityEngine.Logger:Log(LogType, Object)
UnityEngine.Debug:Log(Object)
BirdGame.GameSystem:IsCoverDecoration() (at E:/Unity/Projects/Work/FeatherLandNew/Assets/Scripts/New/Systems/IGameSystem.cs:438)
BirdGame.GameEntry:CheckCursor() (at E:/Unity/Projects/Work/FeatherLandNew/Assets/Scripts/New/ViewController/Game/GameEntry.cs:398)
BirdGame.GameEntry:Update() (at E:/Unity/Projects/Work/FeatherLandNew/Assets/Scripts/New/ViewController/Game/GameEntry.cs:158)

检测到装饰品：Sprite
UnityEngine.DebugLogHandler:Internal_Log(LogType, LogOption, String, Object)
UnityEngine.Logger:Log(LogType, Object)
UnityEngine.Debug:Log(Object)
BirdGame.GameSystem:IsCoverDecoration() (at E:/Unity/Projects/Work/FeatherLandNew/Assets/Scripts/New/Systems/IGameSystem.cs:438)
BirdGame.GameEntry:CheckCursor() (at E:/Unity/Projects/Work/FeatherLandNew/Assets/Scripts/New/ViewController/Game/GameEntry.cs:398)
BirdGame.GameEntry:Update() (at E:/Unity/Projects/Work/FeatherLandNew/Assets/Scripts/New/ViewController/Game/GameEntry.cs:158)

检测到装饰品：Sprite
UnityEngine.DebugLogHandler:Internal_Log(LogType, LogOption, String, Object)
UnityEngine.Logger:Log(LogType, Object)
UnityEngine.Debug:Log(Object)
BirdGame.GameSystem:IsCoverDecoration() (at E:/Unity/Projects/Work/FeatherLandNew/Assets/Scripts/New/Systems/IGameSystem.cs:438)
BirdGame.GameEntry:CheckCursor() (at E:/Unity/Projects/Work/FeatherLandNew/Assets/Scripts/New/ViewController/Game/GameEntry.cs:398)
BirdGame.GameEntry:Update() (at E:/Unity/Projects/Work/FeatherLandNew/Assets/Scripts/New/ViewController/Game/GameEntry.cs:158)

检测到装饰品：Sprite
UnityEngine.DebugLogHandler:Internal_Log(LogType, LogOption, String, Object)
UnityEngine.Logger:Log(LogType, Object)
UnityEngine.Debug:Log(Object)
BirdGame.GameSystem:IsCoverDecoration() (at E:/Unity/Projects/Work/FeatherLandNew/Assets/Scripts/New/Systems/IGameSystem.cs:438)
BirdGame.GameEntry:CheckCursor() (at E:/Unity/Projects/Work/FeatherLandNew/Assets/Scripts/New/ViewController/Game/GameEntry.cs:398)
BirdGame.GameEntry:Update() (at E:/Unity/Projects/Work/FeatherLandNew/Assets/Scripts/New/ViewController/Game/GameEntry.cs:158)

检测到装饰品：Sprite
UnityEngine.DebugLogHandler:Internal_Log(LogType, LogOption, String, Object)
UnityEngine.Logger:Log(LogType, Object)
UnityEngine.Debug:Log(Object)
BirdGame.GameSystem:IsCoverDecoration() (at E:/Unity/Projects/Work/FeatherLandNew/Assets/Scripts/New/Systems/IGameSystem.cs:438)
BirdGame.GameEntry:CheckCursor() (at E:/Unity/Projects/Work/FeatherLandNew/Assets/Scripts/New/ViewController/Game/GameEntry.cs:398)
BirdGame.GameEntry:Update() (at E:/Unity/Projects/Work/FeatherLandNew/Assets/Scripts/New/ViewController/Game/GameEntry.cs:158)

检测到装饰品：Sprite
UnityEngine.DebugLogHandler:Internal_Log(LogType, LogOption, String, Object)
UnityEngine.Logger:Log(LogType, Object)
UnityEngine.Debug:Log(Object)
BirdGame.GameSystem:IsCoverDecoration() (at E:/Unity/Projects/Work/FeatherLandNew/Assets/Scripts/New/Systems/IGameSystem.cs:438)
BirdGame.GameEntry:CheckCursor() (at E:/Unity/Projects/Work/FeatherLandNew/Assets/Scripts/New/ViewController/Game/GameEntry.cs:398)
BirdGame.GameEntry:Update() (at E:/Unity/Projects/Work/FeatherLandNew/Assets/Scripts/New/ViewController/Game/GameEntry.cs:158)

检测到装饰品：Sprite
UnityEngine.DebugLogHandler:Internal_Log(LogType, LogOption, String, Object)
UnityEngine.Logger:Log(LogType, Object)
UnityEngine.Debug:Log(Object)
BirdGame.GameSystem:IsCoverDecoration() (at E:/Unity/Projects/Work/FeatherLandNew/Assets/Scripts/New/Systems/IGameSystem.cs:438)
BirdGame.GameEntry:CheckCursor() (at E:/Unity/Projects/Work/FeatherLandNew/Assets/Scripts/New/ViewController/Game/GameEntry.cs:398)
BirdGame.GameEntry:Update() (at E:/Unity/Projects/Work/FeatherLandNew/Assets/Scripts/New/ViewController/Game/GameEntry.cs:158)

检测到装饰品：Sprite
UnityEngine.DebugLogHandler:Internal_Log(LogType, LogOption, String, Object)
UnityEngine.Logger:Log(LogType, Object)
UnityEngine.Debug:Log(Object)
BirdGame.GameSystem:IsCoverDecoration() (at E:/Unity/Projects/Work/FeatherLandNew/Assets/Scripts/New/Systems/IGameSystem.cs:438)
BirdGame.GameEntry:CheckCursor() (at E:/Unity/Projects/Work/FeatherLandNew/Assets/Scripts/New/ViewController/Game/GameEntry.cs:398)
BirdGame.GameEntry:Update() (at E:/Unity/Projects/Work/FeatherLandNew/Assets/Scripts/New/ViewController/Game/GameEntry.cs:158)

检测到装饰品：Sprite
UnityEngine.DebugLogHandler:Internal_Log(LogType, LogOption, String, Object)
UnityEngine.Logger:Log(LogType, Object)
UnityEngine.Debug:Log(Object)
BirdGame.GameSystem:IsCoverDecoration() (at E:/Unity/Projects/Work/FeatherLandNew/Assets/Scripts/New/Systems/IGameSystem.cs:438)
BirdGame.GameEntry:CheckCursor() (at E:/Unity/Projects/Work/FeatherLandNew/Assets/Scripts/New/ViewController/Game/GameEntry.cs:398)
BirdGame.GameEntry:Update() (at E:/Unity/Projects/Work/FeatherLandNew/Assets/Scripts/New/ViewController/Game/GameEntry.cs:158)

检测到装饰品：Sprite
UnityEngine.DebugLogHandler:Internal_Log(LogType, LogOption, String, Object)
UnityEngine.Logger:Log(LogType, Object)
UnityEngine.Debug:Log(Object)
BirdGame.GameSystem:IsCoverDecoration() (at E:/Unity/Projects/Work/FeatherLandNew/Assets/Scripts/New/Systems/IGameSystem.cs:438)
BirdGame.GameEntry:CheckCursor() (at E:/Unity/Projects/Work/FeatherLandNew/Assets/Scripts/New/ViewController/Game/GameEntry.cs:398)
BirdGame.GameEntry:Update() (at E:/Unity/Projects/Work/FeatherLandNew/Assets/Scripts/New/ViewController/Game/GameEntry.cs:158)

检测到装饰品：Sprite
UnityEngine.DebugLogHandler:Internal_Log(LogType, LogOption, String, Object)
UnityEngine.Logger:Log(LogType, Object)
UnityEngine.Debug:Log(Object)
BirdGame.GameSystem:IsCoverDecoration() (at E:/Unity/Projects/Work/FeatherLandNew/Assets/Scripts/New/Systems/IGameSystem.cs:438)
BirdGame.GameEntry:CheckCursor() (at E:/Unity/Projects/Work/FeatherLandNew/Assets/Scripts/New/ViewController/Game/GameEntry.cs:398)
BirdGame.GameEntry:Update() (at E:/Unity/Projects/Work/FeatherLandNew/Assets/Scripts/New/ViewController/Game/GameEntry.cs:158)

检测到装饰品：Sprite
UnityEngine.DebugLogHandler:Internal_Log(LogType, LogOption, String, Object)
UnityEngine.Logger:Log(LogType, Object)
UnityEngine.Debug:Log(Object)
BirdGame.GameSystem:IsCoverDecoration() (at E:/Unity/Projects/Work/FeatherLandNew/Assets/Scripts/New/Systems/IGameSystem.cs:438)
BirdGame.GameEntry:CheckCursor() (at E:/Unity/Projects/Work/FeatherLandNew/Assets/Scripts/New/ViewController/Game/GameEntry.cs:398)
BirdGame.GameEntry:Update() (at E:/Unity/Projects/Work/FeatherLandNew/Assets/Scripts/New/ViewController/Game/GameEntry.cs:158)

检测到装饰品：Sprite
UnityEngine.DebugLogHandler:Internal_Log(LogType, LogOption, String, Object)
UnityEngine.Logger:Log(LogType, Object)
UnityEngine.Debug:Log(Object)
BirdGame.GameSystem:IsCoverDecoration() (at E:/Unity/Projects/Work/FeatherLandNew/Assets/Scripts/New/Systems/IGameSystem.cs:438)
BirdGame.GameEntry:CheckCursor() (at E:/Unity/Projects/Work/FeatherLandNew/Assets/Scripts/New/ViewController/Game/GameEntry.cs:398)
BirdGame.GameEntry:Update() (at E:/Unity/Projects/Work/FeatherLandNew/Assets/Scripts/New/ViewController/Game/GameEntry.cs:158)

检测到装饰品：Sprite
UnityEngine.DebugLogHandler:Internal_Log(LogType, LogOption, String, Object)
UnityEngine.Logger:Log(LogType, Object)
UnityEngine.Debug:Log(Object)
BirdGame.GameSystem:IsCoverDecoration() (at E:/Unity/Projects/Work/FeatherLandNew/Assets/Scripts/New/Systems/IGameSystem.cs:438)
BirdGame.GameEntry:CheckCursor() (at E:/Unity/Projects/Work/FeatherLandNew/Assets/Scripts/New/ViewController/Game/GameEntry.cs:398)
BirdGame.GameEntry:Update() (at E:/Unity/Projects/Work/FeatherLandNew/Assets/Scripts/New/ViewController/Game/GameEntry.cs:158)

检测到装饰品：Sprite
UnityEngine.DebugLogHandler:Internal_Log(LogType, LogOption, String, Object)
UnityEngine.Logger:Log(LogType, Object)
UnityEngine.Debug:Log(Object)
BirdGame.GameSystem:IsCoverDecoration() (at E:/Unity/Projects/Work/FeatherLandNew/Assets/Scripts/New/Systems/IGameSystem.cs:438)
BirdGame.GameEntry:CheckCursor() (at E:/Unity/Projects/Work/FeatherLandNew/Assets/Scripts/New/ViewController/Game/GameEntry.cs:398)
BirdGame.GameEntry:Update() (at E:/Unity/Projects/Work/FeatherLandNew/Assets/Scripts/New/ViewController/Game/GameEntry.cs:158)

检测到装饰品：Sprite
UnityEngine.DebugLogHandler:Internal_Log(LogType, LogOption, String, Object)
UnityEngine.Logger:Log(LogType, Object)
UnityEngine.Debug:Log(Object)
BirdGame.GameSystem:IsCoverDecoration() (at E:/Unity/Projects/Work/FeatherLandNew/Assets/Scripts/New/Systems/IGameSystem.cs:438)
BirdGame.GameEntry:CheckCursor() (at E:/Unity/Projects/Work/FeatherLandNew/Assets/Scripts/New/ViewController/Game/GameEntry.cs:398)
BirdGame.GameEntry:Update() (at E:/Unity/Projects/Work/FeatherLandNew/Assets/Scripts/New/ViewController/Game/GameEntry.cs:158)

检测到装饰品：Sprite
UnityEngine.DebugLogHandler:Internal_Log(LogType, LogOption, String, Object)
UnityEngine.Logger:Log(LogType, Object)
UnityEngine.Debug:Log(Object)
BirdGame.GameSystem:IsCoverDecoration() (at E:/Unity/Projects/Work/FeatherLandNew/Assets/Scripts/New/Systems/IGameSystem.cs:438)
BirdGame.GameEntry:CheckCursor() (at E:/Unity/Projects/Work/FeatherLandNew/Assets/Scripts/New/ViewController/Game/GameEntry.cs:398)
BirdGame.GameEntry:Update() (at E:/Unity/Projects/Work/FeatherLandNew/Assets/Scripts/New/ViewController/Game/GameEntry.cs:158)

检测到装饰品：Sprite
UnityEngine.DebugLogHandler:Internal_Log(LogType, LogOption, String, Object)
UnityEngine.Logger:Log(LogType, Object)
UnityEngine.Debug:Log(Object)
BirdGame.GameSystem:IsCoverDecoration() (at E:/Unity/Projects/Work/FeatherLandNew/Assets/Scripts/New/Systems/IGameSystem.cs:438)
BirdGame.GameEntry:CheckCursor() (at E:/Unity/Projects/Work/FeatherLandNew/Assets/Scripts/New/ViewController/Game/GameEntry.cs:398)
BirdGame.GameEntry:Update() (at E:/Unity/Projects/Work/FeatherLandNew/Assets/Scripts/New/ViewController/Game/GameEntry.cs:158)

检测到装饰品：Sprite
UnityEngine.DebugLogHandler:Internal_Log(LogType, LogOption, String, Object)
UnityEngine.Logger:Log(LogType, Object)
UnityEngine.Debug:Log(Object)
BirdGame.GameSystem:IsCoverDecoration() (at E:/Unity/Projects/Work/FeatherLandNew/Assets/Scripts/New/Systems/IGameSystem.cs:438)
BirdGame.GameEntry:CheckCursor() (at E:/Unity/Projects/Work/FeatherLandNew/Assets/Scripts/New/ViewController/Game/GameEntry.cs:398)
BirdGame.GameEntry:Update() (at E:/Unity/Projects/Work/FeatherLandNew/Assets/Scripts/New/ViewController/Game/GameEntry.cs:158)

检测到装饰品：Sprite
UnityEngine.DebugLogHandler:Internal_Log(LogType, LogOption, String, Object)
UnityEngine.Logger:Log(LogType, Object)
UnityEngine.Debug:Log(Object)
BirdGame.GameSystem:IsCoverDecoration() (at E:/Unity/Projects/Work/FeatherLandNew/Assets/Scripts/New/Systems/IGameSystem.cs:438)
BirdGame.GameEntry:CheckCursor() (at E:/Unity/Projects/Work/FeatherLandNew/Assets/Scripts/New/ViewController/Game/GameEntry.cs:398)
BirdGame.GameEntry:Update() (at E:/Unity/Projects/Work/FeatherLandNew/Assets/Scripts/New/ViewController/Game/GameEntry.cs:158)

检测到装饰品：Sprite
UnityEngine.DebugLogHandler:Internal_Log(LogType, LogOption, String, Object)
UnityEngine.Logger:Log(LogType, Object)
UnityEngine.Debug:Log(Object)
BirdGame.GameSystem:IsCoverDecoration() (at E:/Unity/Projects/Work/FeatherLandNew/Assets/Scripts/New/Systems/IGameSystem.cs:438)
BirdGame.GameEntry:CheckCursor() (at E:/Unity/Projects/Work/FeatherLandNew/Assets/Scripts/New/ViewController/Game/GameEntry.cs:398)
BirdGame.GameEntry:Update() (at E:/Unity/Projects/Work/FeatherLandNew/Assets/Scripts/New/ViewController/Game/GameEntry.cs:158)

检测到装饰品：Sprite
UnityEngine.DebugLogHandler:Internal_Log(LogType, LogOption, String, Object)
UnityEngine.Logger:Log(LogType, Object)
UnityEngine.Debug:Log(Object)
BirdGame.GameSystem:IsCoverDecoration() (at E:/Unity/Projects/Work/FeatherLandNew/Assets/Scripts/New/Systems/IGameSystem.cs:438)
BirdGame.GameEntry:CheckCursor() (at E:/Unity/Projects/Work/FeatherLandNew/Assets/Scripts/New/ViewController/Game/GameEntry.cs:398)
BirdGame.GameEntry:Update() (at E:/Unity/Projects/Work/FeatherLandNew/Assets/Scripts/New/ViewController/Game/GameEntry.cs:158)

检测到装饰品：Sprite
UnityEngine.DebugLogHandler:Internal_Log(LogType, LogOption, String, Object)
UnityEngine.Logger:Log(LogType, Object)
UnityEngine.Debug:Log(Object)
BirdGame.GameSystem:IsCoverDecoration() (at E:/Unity/Projects/Work/FeatherLandNew/Assets/Scripts/New/Systems/IGameSystem.cs:438)
BirdGame.GameEntry:CheckCursor() (at E:/Unity/Projects/Work/FeatherLandNew/Assets/Scripts/New/ViewController/Game/GameEntry.cs:398)
BirdGame.GameEntry:Update() (at E:/Unity/Projects/Work/FeatherLandNew/Assets/Scripts/New/ViewController/Game/GameEntry.cs:158)

检测到装饰品：Sprite
UnityEngine.DebugLogHandler:Internal_Log(LogType, LogOption, String, Object)
UnityEngine.Logger:Log(LogType, Object)
UnityEngine.Debug:Log(Object)
BirdGame.GameSystem:IsCoverDecoration() (at E:/Unity/Projects/Work/FeatherLandNew/Assets/Scripts/New/Systems/IGameSystem.cs:438)
BirdGame.GameEntry:CheckCursor() (at E:/Unity/Projects/Work/FeatherLandNew/Assets/Scripts/New/ViewController/Game/GameEntry.cs:398)
BirdGame.GameEntry:Update() (at E:/Unity/Projects/Work/FeatherLandNew/Assets/Scripts/New/ViewController/Game/GameEntry.cs:158)

检测到装饰品：Sprite
UnityEngine.DebugLogHandler:Internal_Log(LogType, LogOption, String, Object)
UnityEngine.Logger:Log(LogType, Object)
UnityEngine.Debug:Log(Object)
BirdGame.GameSystem:IsCoverDecoration() (at E:/Unity/Projects/Work/FeatherLandNew/Assets/Scripts/New/Systems/IGameSystem.cs:438)
BirdGame.GameEntry:CheckCursor() (at E:/Unity/Projects/Work/FeatherLandNew/Assets/Scripts/New/ViewController/Game/GameEntry.cs:398)
BirdGame.GameEntry:Update() (at E:/Unity/Projects/Work/FeatherLandNew/Assets/Scripts/New/ViewController/Game/GameEntry.cs:158)

检测到装饰品：Sprite
UnityEngine.DebugLogHandler:Internal_Log(LogType, LogOption, String, Object)
UnityEngine.Logger:Log(LogType, Object)
UnityEngine.Debug:Log(Object)
BirdGame.GameSystem:IsCoverDecoration() (at E:/Unity/Projects/Work/FeatherLandNew/Assets/Scripts/New/Systems/IGameSystem.cs:438)
BirdGame.GameEntry:CheckCursor() (at E:/Unity/Projects/Work/FeatherLandNew/Assets/Scripts/New/ViewController/Game/GameEntry.cs:398)
BirdGame.GameEntry:Update() (at E:/Unity/Projects/Work/FeatherLandNew/Assets/Scripts/New/ViewController/Game/GameEntry.cs:158)

检测到装饰品：Sprite
UnityEngine.DebugLogHandler:Internal_Log(LogType, LogOption, String, Object)
UnityEngine.Logger:Log(LogType, Object)
UnityEngine.Debug:Log(Object)
BirdGame.GameSystem:IsCoverDecoration() (at E:/Unity/Projects/Work/FeatherLandNew/Assets/Scripts/New/Systems/IGameSystem.cs:438)
BirdGame.GameEntry:CheckCursor() (at E:/Unity/Projects/Work/FeatherLandNew/Assets/Scripts/New/ViewController/Game/GameEntry.cs:398)
BirdGame.GameEntry:Update() (at E:/Unity/Projects/Work/FeatherLandNew/Assets/Scripts/New/ViewController/Game/GameEntry.cs:158)

检测到装饰品：Sprite
UnityEngine.DebugLogHandler:Internal_Log(LogType, LogOption, String, Object)
UnityEngine.Logger:Log(LogType, Object)
UnityEngine.Debug:Log(Object)
BirdGame.GameSystem:IsCoverDecoration() (at E:/Unity/Projects/Work/FeatherLandNew/Assets/Scripts/New/Systems/IGameSystem.cs:438)
BirdGame.GameEntry:CheckCursor() (at E:/Unity/Projects/Work/FeatherLandNew/Assets/Scripts/New/ViewController/Game/GameEntry.cs:398)
BirdGame.GameEntry:Update() (at E:/Unity/Projects/Work/FeatherLandNew/Assets/Scripts/New/ViewController/Game/GameEntry.cs:158)

检测到装饰品：Sprite
UnityEngine.DebugLogHandler:Internal_Log(LogType, LogOption, String, Object)
UnityEngine.Logger:Log(LogType, Object)
UnityEngine.Debug:Log(Object)
BirdGame.GameSystem:IsCoverDecoration() (at E:/Unity/Projects/Work/FeatherLandNew/Assets/Scripts/New/Systems/IGameSystem.cs:438)
BirdGame.GameEntry:CheckCursor() (at E:/Unity/Projects/Work/FeatherLandNew/Assets/Scripts/New/ViewController/Game/GameEntry.cs:398)
BirdGame.GameEntry:Update() (at E:/Unity/Projects/Work/FeatherLandNew/Assets/Scripts/New/ViewController/Game/GameEntry.cs:158)

检测到装饰品：Sprite
UnityEngine.DebugLogHandler:Internal_Log(LogType, LogOption, String, Object)
UnityEngine.Logger:Log(LogType, Object)
UnityEngine.Debug:Log(Object)
BirdGame.GameSystem:IsCoverDecoration() (at E:/Unity/Projects/Work/FeatherLandNew/Assets/Scripts/New/Systems/IGameSystem.cs:438)
BirdGame.GameEntry:CheckCursor() (at E:/Unity/Projects/Work/FeatherLandNew/Assets/Scripts/New/ViewController/Game/GameEntry.cs:398)
BirdGame.GameEntry:Update() (at E:/Unity/Projects/Work/FeatherLandNew/Assets/Scripts/New/ViewController/Game/GameEntry.cs:158)

通过范围检测发现装饰品：Sprite
UnityEngine.DebugLogHandler:Internal_Log(LogType, LogOption, String, Object)
UnityEngine.Logger:Log(LogType, Object)
UnityEngine.Debug:Log(Object)
BirdGame.GameSystem:IsCoverDecoration() (at E:/Unity/Projects/Work/FeatherLandNew/Assets/Scripts/New/Systems/IGameSystem.cs:438)
BirdGame.GameEntry:CheckCursor() (at E:/Unity/Projects/Work/FeatherLandNew/Assets/Scripts/New/ViewController/Game/GameEntry.cs:398)
BirdGame.GameEntry:Update() (at E:/Unity/Projects/Work/FeatherLandNew/Assets/Scripts/New/ViewController/Game/GameEntry.cs:158)

通过范围检测发现装饰品：Sprite
UnityEngine.DebugLogHandler:Internal_Log(LogType, LogOption, String, Object)
UnityEngine.Logger:Log(LogType, Object)
UnityEngine.Debug:Log(Object)
BirdGame.GameSystem:IsCoverDecoration() (at E:/Unity/Projects/Work/FeatherLandNew/Assets/Scripts/New/Systems/IGameSystem.cs:438)
BirdGame.GameEntry:CheckCursor() (at E:/Unity/Projects/Work/FeatherLandNew/Assets/Scripts/New/ViewController/Game/GameEntry.cs:398)
BirdGame.GameEntry:Update() (at E:/Unity/Projects/Work/FeatherLandNew/Assets/Scripts/New/ViewController/Game/GameEntry.cs:158)

通过范围检测发现装饰品：Sprite
UnityEngine.DebugLogHandler:Internal_Log(LogType, LogOption, String, Object)
UnityEngine.Logger:Log(LogType, Object)
UnityEngine.Debug:Log(Object)
BirdGame.GameSystem:IsCoverDecoration() (at E:/Unity/Projects/Work/FeatherLandNew/Assets/Scripts/New/Systems/IGameSystem.cs:438)
BirdGame.GameEntry:CheckCursor() (at E:/Unity/Projects/Work/FeatherLandNew/Assets/Scripts/New/ViewController/Game/GameEntry.cs:398)
BirdGame.GameEntry:Update() (at E:/Unity/Projects/Work/FeatherLandNew/Assets/Scripts/New/ViewController/Game/GameEntry.cs:158)

通过范围检测发现装饰品：Sprite
UnityEngine.DebugLogHandler:Internal_Log(LogType, LogOption, String, Object)
UnityEngine.Logger:Log(LogType, Object)
UnityEngine.Debug:Log(Object)
BirdGame.GameSystem:IsCoverDecoration() (at E:/Unity/Projects/Work/FeatherLandNew/Assets/Scripts/New/Systems/IGameSystem.cs:438)
BirdGame.GameEntry:CheckCursor() (at E:/Unity/Projects/Work/FeatherLandNew/Assets/Scripts/New/ViewController/Game/GameEntry.cs:398)
BirdGame.GameEntry:Update() (at E:/Unity/Projects/Work/FeatherLandNew/Assets/Scripts/New/ViewController/Game/GameEntry.cs:158)

通过范围检测发现装饰品：Sprite
UnityEngine.DebugLogHandler:Internal_Log(LogType, LogOption, String, Object)
UnityEngine.Logger:Log(LogType, Object)
UnityEngine.Debug:Log(Object)
BirdGame.GameSystem:IsCoverDecoration() (at E:/Unity/Projects/Work/FeatherLandNew/Assets/Scripts/New/Systems/IGameSystem.cs:438)
BirdGame.GameEntry:CheckCursor() (at E:/Unity/Projects/Work/FeatherLandNew/Assets/Scripts/New/ViewController/Game/GameEntry.cs:398)
BirdGame.GameEntry:Update() (at E:/Unity/Projects/Work/FeatherLandNew/Assets/Scripts/New/ViewController/Game/GameEntry.cs:158)

通过范围检测发现装饰品：Sprite
UnityEngine.DebugLogHandler:Internal_Log(LogType, LogOption, String, Object)
UnityEngine.Logger:Log(LogType, Object)
UnityEngine.Debug:Log(Object)
BirdGame.GameSystem:IsCoverDecoration() (at E:/Unity/Projects/Work/FeatherLandNew/Assets/Scripts/New/Systems/IGameSystem.cs:438)
BirdGame.GameEntry:CheckCursor() (at E:/Unity/Projects/Work/FeatherLandNew/Assets/Scripts/New/ViewController/Game/GameEntry.cs:398)
BirdGame.GameEntry:Update() (at E:/Unity/Projects/Work/FeatherLandNew/Assets/Scripts/New/ViewController/Game/GameEntry.cs:158)

通过范围检测发现装饰品：Sprite
UnityEngine.DebugLogHandler:Internal_Log(LogType, LogOption, String, Object)
UnityEngine.Logger:Log(LogType, Object)
UnityEngine.Debug:Log(Object)
BirdGame.GameSystem:IsCoverDecoration() (at E:/Unity/Projects/Work/FeatherLandNew/Assets/Scripts/New/Systems/IGameSystem.cs:438)
BirdGame.GameEntry:CheckCursor() (at E:/Unity/Projects/Work/FeatherLandNew/Assets/Scripts/New/ViewController/Game/GameEntry.cs:398)
BirdGame.GameEntry:Update() (at E:/Unity/Projects/Work/FeatherLandNew/Assets/Scripts/New/ViewController/Game/GameEntry.cs:158)

通过范围检测发现装饰品：Sprite
UnityEngine.DebugLogHandler:Internal_Log(LogType, LogOption, String, Object)
UnityEngine.Logger:Log(LogType, Object)
UnityEngine.Debug:Log(Object)
BirdGame.GameSystem:IsCoverDecoration() (at E:/Unity/Projects/Work/FeatherLandNew/Assets/Scripts/New/Systems/IGameSystem.cs:438)
BirdGame.GameEntry:CheckCursor() (at E:/Unity/Projects/Work/FeatherLandNew/Assets/Scripts/New/ViewController/Game/GameEntry.cs:398)
BirdGame.GameEntry:Update() (at E:/Unity/Projects/Work/FeatherLandNew/Assets/Scripts/New/ViewController/Game/GameEntry.cs:158)

通过范围检测发现装饰品：Sprite
UnityEngine.DebugLogHandler:Internal_Log(LogType, LogOption, String, Object)
UnityEngine.Logger:Log(LogType, Object)
UnityEngine.Debug:Log(Object)
BirdGame.GameSystem:IsCoverDecoration() (at E:/Unity/Projects/Work/FeatherLandNew/Assets/Scripts/New/Systems/IGameSystem.cs:438)
BirdGame.GameEntry:CheckCursor() (at E:/Unity/Projects/Work/FeatherLandNew/Assets/Scripts/New/ViewController/Game/GameEntry.cs:398)
BirdGame.GameEntry:Update() (at E:/Unity/Projects/Work/FeatherLandNew/Assets/Scripts/New/ViewController/Game/GameEntry.cs:158)

通过范围检测发现装饰品：Sprite
UnityEngine.DebugLogHandler:Internal_Log(LogType, LogOption, String, Object)
UnityEngine.Logger:Log(LogType, Object)
UnityEngine.Debug:Log(Object)
BirdGame.GameSystem:IsCoverDecoration() (at E:/Unity/Projects/Work/FeatherLandNew/Assets/Scripts/New/Systems/IGameSystem.cs:438)
BirdGame.GameEntry:CheckCursor() (at E:/Unity/Projects/Work/FeatherLandNew/Assets/Scripts/New/ViewController/Game/GameEntry.cs:398)
BirdGame.GameEntry:Update() (at E:/Unity/Projects/Work/FeatherLandNew/Assets/Scripts/New/ViewController/Game/GameEntry.cs:158)

通过范围检测发现装饰品：Sprite
UnityEngine.DebugLogHandler:Internal_Log(LogType, LogOption, String, Object)
UnityEngine.Logger:Log(LogType, Object)
UnityEngine.Debug:Log(Object)
BirdGame.GameSystem:IsCoverDecoration() (at E:/Unity/Projects/Work/FeatherLandNew/Assets/Scripts/New/Systems/IGameSystem.cs:438)
BirdGame.GameEntry:CheckCursor() (at E:/Unity/Projects/Work/FeatherLandNew/Assets/Scripts/New/ViewController/Game/GameEntry.cs:398)
BirdGame.GameEntry:Update() (at E:/Unity/Projects/Work/FeatherLandNew/Assets/Scripts/New/ViewController/Game/GameEntry.cs:158)

通过范围检测发现装饰品：Sprite
UnityEngine.DebugLogHandler:Internal_Log(LogType, LogOption, String, Object)
UnityEngine.Logger:Log(LogType, Object)
UnityEngine.Debug:Log(Object)
BirdGame.GameSystem:IsCoverDecoration() (at E:/Unity/Projects/Work/FeatherLandNew/Assets/Scripts/New/Systems/IGameSystem.cs:438)
BirdGame.GameEntry:CheckCursor() (at E:/Unity/Projects/Work/FeatherLandNew/Assets/Scripts/New/ViewController/Game/GameEntry.cs:398)
BirdGame.GameEntry:Update() (at E:/Unity/Projects/Work/FeatherLandNew/Assets/Scripts/New/ViewController/Game/GameEntry.cs:158)

通过范围检测发现装饰品：Sprite
UnityEngine.DebugLogHandler:Internal_Log(LogType, LogOption, String, Object)
UnityEngine.Logger:Log(LogType, Object)
UnityEngine.Debug:Log(Object)
BirdGame.GameSystem:IsCoverDecoration() (at E:/Unity/Projects/Work/FeatherLandNew/Assets/Scripts/New/Systems/IGameSystem.cs:438)
BirdGame.GameEntry:CheckCursor() (at E:/Unity/Projects/Work/FeatherLandNew/Assets/Scripts/New/ViewController/Game/GameEntry.cs:398)
BirdGame.GameEntry:Update() (at E:/Unity/Projects/Work/FeatherLandNew/Assets/Scripts/New/ViewController/Game/GameEntry.cs:158)

通过范围检测发现装饰品：Sprite
UnityEngine.DebugLogHandler:Internal_Log(LogType, LogOption, String, Object)
UnityEngine.Logger:Log(LogType, Object)
UnityEngine.Debug:Log(Object)
BirdGame.GameSystem:IsCoverDecoration() (at E:/Unity/Projects/Work/FeatherLandNew/Assets/Scripts/New/Systems/IGameSystem.cs:438)
BirdGame.GameEntry:CheckCursor() (at E:/Unity/Projects/Work/FeatherLandNew/Assets/Scripts/New/ViewController/Game/GameEntry.cs:398)
BirdGame.GameEntry:Update() (at E:/Unity/Projects/Work/FeatherLandNew/Assets/Scripts/New/ViewController/Game/GameEntry.cs:158)

通过范围检测发现装饰品：Sprite
UnityEngine.DebugLogHandler:Internal_Log(LogType, LogOption, String, Object)
UnityEngine.Logger:Log(LogType, Object)
UnityEngine.Debug:Log(Object)
BirdGame.GameSystem:IsCoverDecoration() (at E:/Unity/Projects/Work/FeatherLandNew/Assets/Scripts/New/Systems/IGameSystem.cs:438)
BirdGame.GameEntry:CheckCursor() (at E:/Unity/Projects/Work/FeatherLandNew/Assets/Scripts/New/ViewController/Game/GameEntry.cs:398)
BirdGame.GameEntry:Update() (at E:/Unity/Projects/Work/FeatherLandNew/Assets/Scripts/New/ViewController/Game/GameEntry.cs:158)

通过范围检测发现装饰品：Sprite
UnityEngine.DebugLogHandler:Internal_Log(LogType, LogOption, String, Object)
UnityEngine.Logger:Log(LogType, Object)
UnityEngine.Debug:Log(Object)
BirdGame.GameSystem:IsCoverDecoration() (at E:/Unity/Projects/Work/FeatherLandNew/Assets/Scripts/New/Systems/IGameSystem.cs:438)
BirdGame.GameEntry:CheckCursor() (at E:/Unity/Projects/Work/FeatherLandNew/Assets/Scripts/New/ViewController/Game/GameEntry.cs:398)
BirdGame.GameEntry:Update() (at E:/Unity/Projects/Work/FeatherLandNew/Assets/Scripts/New/ViewController/Game/GameEntry.cs:158)

通过范围检测发现装饰品：Sprite
UnityEngine.DebugLogHandler:Internal_Log(LogType, LogOption, String, Object)
UnityEngine.Logger:Log(LogType, Object)
UnityEngine.Debug:Log(Object)
BirdGame.GameSystem:IsCoverDecoration() (at E:/Unity/Projects/Work/FeatherLandNew/Assets/Scripts/New/Systems/IGameSystem.cs:438)
BirdGame.GameEntry:CheckCursor() (at E:/Unity/Projects/Work/FeatherLandNew/Assets/Scripts/New/ViewController/Game/GameEntry.cs:398)
BirdGame.GameEntry:Update() (at E:/Unity/Projects/Work/FeatherLandNew/Assets/Scripts/New/ViewController/Game/GameEntry.cs:158)

通过范围检测发现装饰品：Sprite
UnityEngine.DebugLogHandler:Internal_Log(LogType, LogOption, String, Object)
UnityEngine.Logger:Log(LogType, Object)
UnityEngine.Debug:Log(Object)
BirdGame.GameSystem:IsCoverDecoration() (at E:/Unity/Projects/Work/FeatherLandNew/Assets/Scripts/New/Systems/IGameSystem.cs:438)
BirdGame.GameEntry:CheckCursor() (at E:/Unity/Projects/Work/FeatherLandNew/Assets/Scripts/New/ViewController/Game/GameEntry.cs:398)
BirdGame.GameEntry:Update() (at E:/Unity/Projects/Work/FeatherLandNew/Assets/Scripts/New/ViewController/Game/GameEntry.cs:158)

通过范围检测发现装饰品：Sprite
UnityEngine.DebugLogHandler:Internal_Log(LogType, LogOption, String, Object)
UnityEngine.Logger:Log(LogType, Object)
UnityEngine.Debug:Log(Object)
BirdGame.GameSystem:IsCoverDecoration() (at E:/Unity/Projects/Work/FeatherLandNew/Assets/Scripts/New/Systems/IGameSystem.cs:438)
BirdGame.GameEntry:CheckCursor() (at E:/Unity/Projects/Work/FeatherLandNew/Assets/Scripts/New/ViewController/Game/GameEntry.cs:398)
BirdGame.GameEntry:Update() (at E:/Unity/Projects/Work/FeatherLandNew/Assets/Scripts/New/ViewController/Game/GameEntry.cs:158)

通过范围检测发现装饰品：Sprite
UnityEngine.DebugLogHandler:Internal_Log(LogType, LogOption, String, Object)
UnityEngine.Logger:Log(LogType, Object)
UnityEngine.Debug:Log(Object)
BirdGame.GameSystem:IsCoverDecoration() (at E:/Unity/Projects/Work/FeatherLandNew/Assets/Scripts/New/Systems/IGameSystem.cs:438)
BirdGame.GameEntry:CheckCursor() (at E:/Unity/Projects/Work/FeatherLandNew/Assets/Scripts/New/ViewController/Game/GameEntry.cs:398)
BirdGame.GameEntry:Update() (at E:/Unity/Projects/Work/FeatherLandNew/Assets/Scripts/New/ViewController/Game/GameEntry.cs:158)

通过范围检测发现装饰品：Sprite
UnityEngine.DebugLogHandler:Internal_Log(LogType, LogOption, String, Object)
UnityEngine.Logger:Log(LogType, Object)
UnityEngine.Debug:Log(Object)
BirdGame.GameSystem:IsCoverDecoration() (at E:/Unity/Projects/Work/FeatherLandNew/Assets/Scripts/New/Systems/IGameSystem.cs:438)
BirdGame.GameEntry:CheckCursor() (at E:/Unity/Projects/Work/FeatherLandNew/Assets/Scripts/New/ViewController/Game/GameEntry.cs:398)
BirdGame.GameEntry:Update() (at E:/Unity/Projects/Work/FeatherLandNew/Assets/Scripts/New/ViewController/Game/GameEntry.cs:158)

通过范围检测发现装饰品：Sprite
UnityEngine.DebugLogHandler:Internal_Log(LogType, LogOption, String, Object)
UnityEngine.Logger:Log(LogType, Object)
UnityEngine.Debug:Log(Object)
BirdGame.GameSystem:IsCoverDecoration() (at E:/Unity/Projects/Work/FeatherLandNew/Assets/Scripts/New/Systems/IGameSystem.cs:438)
BirdGame.GameEntry:CheckCursor() (at E:/Unity/Projects/Work/FeatherLandNew/Assets/Scripts/New/ViewController/Game/GameEntry.cs:398)
BirdGame.GameEntry:Update() (at E:/Unity/Projects/Work/FeatherLandNew/Assets/Scripts/New/ViewController/Game/GameEntry.cs:158)

通过范围检测发现装饰品：Sprite
UnityEngine.DebugLogHandler:Internal_Log(LogType, LogOption, String, Object)
UnityEngine.Logger:Log(LogType, Object)
UnityEngine.Debug:Log(Object)
BirdGame.GameSystem:IsCoverDecoration() (at E:/Unity/Projects/Work/FeatherLandNew/Assets/Scripts/New/Systems/IGameSystem.cs:438)
BirdGame.GameEntry:CheckCursor() (at E:/Unity/Projects/Work/FeatherLandNew/Assets/Scripts/New/ViewController/Game/GameEntry.cs:398)
BirdGame.GameEntry:Update() (at E:/Unity/Projects/Work/FeatherLandNew/Assets/Scripts/New/ViewController/Game/GameEntry.cs:158)

通过范围检测发现装饰品：Sprite
UnityEngine.DebugLogHandler:Internal_Log(LogType, LogOption, String, Object)
UnityEngine.Logger:Log(LogType, Object)
UnityEngine.Debug:Log(Object)
BirdGame.GameSystem:IsCoverDecoration() (at E:/Unity/Projects/Work/FeatherLandNew/Assets/Scripts/New/Systems/IGameSystem.cs:438)
BirdGame.GameEntry:CheckCursor() (at E:/Unity/Projects/Work/FeatherLandNew/Assets/Scripts/New/ViewController/Game/GameEntry.cs:398)
BirdGame.GameEntry:Update() (at E:/Unity/Projects/Work/FeatherLandNew/Assets/Scripts/New/ViewController/Game/GameEntry.cs:158)

通过范围检测发现装饰品：Sprite
UnityEngine.DebugLogHandler:Internal_Log(LogType, LogOption, String, Object)
UnityEngine.Logger:Log(LogType, Object)
UnityEngine.Debug:Log(Object)
BirdGame.GameSystem:IsCoverDecoration() (at E:/Unity/Projects/Work/FeatherLandNew/Assets/Scripts/New/Systems/IGameSystem.cs:438)
BirdGame.GameEntry:CheckCursor() (at E:/Unity/Projects/Work/FeatherLandNew/Assets/Scripts/New/ViewController/Game/GameEntry.cs:398)
BirdGame.GameEntry:Update() (at E:/Unity/Projects/Work/FeatherLandNew/Assets/Scripts/New/ViewController/Game/GameEntry.cs:158)

通过范围检测发现装饰品：Sprite
UnityEngine.DebugLogHandler:Internal_Log(LogType, LogOption, String, Object)
UnityEngine.Logger:Log(LogType, Object)
UnityEngine.Debug:Log(Object)
BirdGame.GameSystem:IsCoverDecoration() (at E:/Unity/Projects/Work/FeatherLandNew/Assets/Scripts/New/Systems/IGameSystem.cs:438)
BirdGame.GameEntry:CheckCursor() (at E:/Unity/Projects/Work/FeatherLandNew/Assets/Scripts/New/ViewController/Game/GameEntry.cs:398)
BirdGame.GameEntry:Update() (at E:/Unity/Projects/Work/FeatherLandNew/Assets/Scripts/New/ViewController/Game/GameEntry.cs:158)

通过范围检测发现装饰品：Sprite
UnityEngine.DebugLogHandler:Internal_Log(LogType, LogOption, String, Object)
UnityEngine.Logger:Log(LogType, Object)
UnityEngine.Debug:Log(Object)
BirdGame.GameSystem:IsCoverDecoration() (at E:/Unity/Projects/Work/FeatherLandNew/Assets/Scripts/New/Systems/IGameSystem.cs:438)
BirdGame.GameEntry:CheckCursor() (at E:/Unity/Projects/Work/FeatherLandNew/Assets/Scripts/New/ViewController/Game/GameEntry.cs:398)
BirdGame.GameEntry:Update() (at E:/Unity/Projects/Work/FeatherLandNew/Assets/Scripts/New/ViewController/Game/GameEntry.cs:158)

通过范围检测发现装饰品：Sprite
UnityEngine.DebugLogHandler:Internal_Log(LogType, LogOption, String, Object)
UnityEngine.Logger:Log(LogType, Object)
UnityEngine.Debug:Log(Object)
BirdGame.GameSystem:IsCoverDecoration() (at E:/Unity/Projects/Work/FeatherLandNew/Assets/Scripts/New/Systems/IGameSystem.cs:438)
BirdGame.GameEntry:CheckCursor() (at E:/Unity/Projects/Work/FeatherLandNew/Assets/Scripts/New/ViewController/Game/GameEntry.cs:398)
BirdGame.GameEntry:Update() (at E:/Unity/Projects/Work/FeatherLandNew/Assets/Scripts/New/ViewController/Game/GameEntry.cs:158)

通过范围检测发现装饰品：Sprite
UnityEngine.DebugLogHandler:Internal_Log(LogType, LogOption, String, Object)
UnityEngine.Logger:Log(LogType, Object)
UnityEngine.Debug:Log(Object)
BirdGame.GameSystem:IsCoverDecoration() (at E:/Unity/Projects/Work/FeatherLandNew/Assets/Scripts/New/Systems/IGameSystem.cs:438)
BirdGame.GameEntry:CheckCursor() (at E:/Unity/Projects/Work/FeatherLandNew/Assets/Scripts/New/ViewController/Game/GameEntry.cs:398)
BirdGame.GameEntry:Update() (at E:/Unity/Projects/Work/FeatherLandNew/Assets/Scripts/New/ViewController/Game/GameEntry.cs:158)

通过范围检测发现装饰品：Sprite
UnityEngine.DebugLogHandler:Internal_Log(LogType, LogOption, String, Object)
UnityEngine.Logger:Log(LogType, Object)
UnityEngine.Debug:Log(Object)
BirdGame.GameSystem:IsCoverDecoration() (at E:/Unity/Projects/Work/FeatherLandNew/Assets/Scripts/New/Systems/IGameSystem.cs:438)
BirdGame.GameEntry:CheckCursor() (at E:/Unity/Projects/Work/FeatherLandNew/Assets/Scripts/New/ViewController/Game/GameEntry.cs:398)
BirdGame.GameEntry:Update() (at E:/Unity/Projects/Work/FeatherLandNew/Assets/Scripts/New/ViewController/Game/GameEntry.cs:158)

通过范围检测发现装饰品：Sprite
UnityEngine.DebugLogHandler:Internal_Log(LogType, LogOption, String, Object)
UnityEngine.Logger:Log(LogType, Object)
UnityEngine.Debug:Log(Object)
BirdGame.GameSystem:IsCoverDecoration() (at E:/Unity/Projects/Work/FeatherLandNew/Assets/Scripts/New/Systems/IGameSystem.cs:438)
BirdGame.GameEntry:CheckCursor() (at E:/Unity/Projects/Work/FeatherLandNew/Assets/Scripts/New/ViewController/Game/GameEntry.cs:398)
BirdGame.GameEntry:Update() (at E:/Unity/Projects/Work/FeatherLandNew/Assets/Scripts/New/ViewController/Game/GameEntry.cs:158)

通过范围检测发现装饰品：Sprite
UnityEngine.DebugLogHandler:Internal_Log(LogType, LogOption, String, Object)
UnityEngine.Logger:Log(LogType, Object)
UnityEngine.Debug:Log(Object)
BirdGame.GameSystem:IsCoverDecoration() (at E:/Unity/Projects/Work/FeatherLandNew/Assets/Scripts/New/Systems/IGameSystem.cs:438)
BirdGame.GameEntry:CheckCursor() (at E:/Unity/Projects/Work/FeatherLandNew/Assets/Scripts/New/ViewController/Game/GameEntry.cs:398)
BirdGame.GameEntry:Update() (at E:/Unity/Projects/Work/FeatherLandNew/Assets/Scripts/New/ViewController/Game/GameEntry.cs:158)

通过范围检测发现装饰品：Sprite
UnityEngine.DebugLogHandler:Internal_Log(LogType, LogOption, String, Object)
UnityEngine.Logger:Log(LogType, Object)
UnityEngine.Debug:Log(Object)
BirdGame.GameSystem:IsCoverDecoration() (at E:/Unity/Projects/Work/FeatherLandNew/Assets/Scripts/New/Systems/IGameSystem.cs:438)
BirdGame.GameEntry:CheckCursor() (at E:/Unity/Projects/Work/FeatherLandNew/Assets/Scripts/New/ViewController/Game/GameEntry.cs:398)
BirdGame.GameEntry:Update() (at E:/Unity/Projects/Work/FeatherLandNew/Assets/Scripts/New/ViewController/Game/GameEntry.cs:158)

通过范围检测发现装饰品：Sprite
UnityEngine.DebugLogHandler:Internal_Log(LogType, LogOption, String, Object)
UnityEngine.Logger:Log(LogType, Object)
UnityEngine.Debug:Log(Object)
BirdGame.GameSystem:IsCoverDecoration() (at E:/Unity/Projects/Work/FeatherLandNew/Assets/Scripts/New/Systems/IGameSystem.cs:438)
BirdGame.GameEntry:CheckCursor() (at E:/Unity/Projects/Work/FeatherLandNew/Assets/Scripts/New/ViewController/Game/GameEntry.cs:398)
BirdGame.GameEntry:Update() (at E:/Unity/Projects/Work/FeatherLandNew/Assets/Scripts/New/ViewController/Game/GameEntry.cs:158)

通过范围检测发现装饰品：Sprite
UnityEngine.DebugLogHandler:Internal_Log(LogType, LogOption, String, Object)
UnityEngine.Logger:Log(LogType, Object)
UnityEngine.Debug:Log(Object)
BirdGame.GameSystem:IsCoverDecoration() (at E:/Unity/Projects/Work/FeatherLandNew/Assets/Scripts/New/Systems/IGameSystem.cs:438)
BirdGame.GameEntry:CheckCursor() (at E:/Unity/Projects/Work/FeatherLandNew/Assets/Scripts/New/ViewController/Game/GameEntry.cs:398)
BirdGame.GameEntry:Update() (at E:/Unity/Projects/Work/FeatherLandNew/Assets/Scripts/New/ViewController/Game/GameEntry.cs:158)

通过范围检测发现装饰品：Sprite
UnityEngine.DebugLogHandler:Internal_Log(LogType, LogOption, String, Object)
UnityEngine.Logger:Log(LogType, Object)
UnityEngine.Debug:Log(Object)
BirdGame.GameSystem:IsCoverDecoration() (at E:/Unity/Projects/Work/FeatherLandNew/Assets/Scripts/New/Systems/IGameSystem.cs:438)
BirdGame.GameEntry:CheckCursor() (at E:/Unity/Projects/Work/FeatherLandNew/Assets/Scripts/New/ViewController/Game/GameEntry.cs:398)
BirdGame.GameEntry:Update() (at E:/Unity/Projects/Work/FeatherLandNew/Assets/Scripts/New/ViewController/Game/GameEntry.cs:158)

通过范围检测发现装饰品：Sprite
UnityEngine.DebugLogHandler:Internal_Log(LogType, LogOption, String, Object)
UnityEngine.Logger:Log(LogType, Object)
UnityEngine.Debug:Log(Object)
BirdGame.GameSystem:IsCoverDecoration() (at E:/Unity/Projects/Work/FeatherLandNew/Assets/Scripts/New/Systems/IGameSystem.cs:438)
BirdGame.GameEntry:CheckCursor() (at E:/Unity/Projects/Work/FeatherLandNew/Assets/Scripts/New/ViewController/Game/GameEntry.cs:398)
BirdGame.GameEntry:Update() (at E:/Unity/Projects/Work/FeatherLandNew/Assets/Scripts/New/ViewController/Game/GameEntry.cs:158)

通过范围检测发现装饰品：Sprite
UnityEngine.DebugLogHandler:Internal_Log(LogType, LogOption, String, Object)
UnityEngine.Logger:Log(LogType, Object)
UnityEngine.Debug:Log(Object)
BirdGame.GameSystem:IsCoverDecoration() (at E:/Unity/Projects/Work/FeatherLandNew/Assets/Scripts/New/Systems/IGameSystem.cs:438)
BirdGame.GameEntry:CheckCursor() (at E:/Unity/Projects/Work/FeatherLandNew/Assets/Scripts/New/ViewController/Game/GameEntry.cs:398)
BirdGame.GameEntry:Update() (at E:/Unity/Projects/Work/FeatherLandNew/Assets/Scripts/New/ViewController/Game/GameEntry.cs:158)

通过范围检测发现装饰品：Sprite
UnityEngine.DebugLogHandler:Internal_Log(LogType, LogOption, String, Object)
UnityEngine.Logger:Log(LogType, Object)
UnityEngine.Debug:Log(Object)
BirdGame.GameSystem:IsCoverDecoration() (at E:/Unity/Projects/Work/FeatherLandNew/Assets/Scripts/New/Systems/IGameSystem.cs:438)
BirdGame.GameEntry:CheckCursor() (at E:/Unity/Projects/Work/FeatherLandNew/Assets/Scripts/New/ViewController/Game/GameEntry.cs:398)
BirdGame.GameEntry:Update() (at E:/Unity/Projects/Work/FeatherLandNew/Assets/Scripts/New/ViewController/Game/GameEntry.cs:158)

通过范围检测发现装饰品：Sprite
UnityEngine.DebugLogHandler:Internal_Log(LogType, LogOption, String, Object)
UnityEngine.Logger:Log(LogType, Object)
UnityEngine.Debug:Log(Object)
BirdGame.GameSystem:IsCoverDecoration() (at E:/Unity/Projects/Work/FeatherLandNew/Assets/Scripts/New/Systems/IGameSystem.cs:438)
BirdGame.GameEntry:CheckCursor() (at E:/Unity/Projects/Work/FeatherLandNew/Assets/Scripts/New/ViewController/Game/GameEntry.cs:398)
BirdGame.GameEntry:Update() (at E:/Unity/Projects/Work/FeatherLandNew/Assets/Scripts/New/ViewController/Game/GameEntry.cs:158)

通过范围检测发现装饰品：Sprite
UnityEngine.DebugLogHandler:Internal_Log(LogType, LogOption, String, Object)
UnityEngine.Logger:Log(LogType, Object)
UnityEngine.Debug:Log(Object)
BirdGame.GameSystem:IsCoverDecoration() (at E:/Unity/Projects/Work/FeatherLandNew/Assets/Scripts/New/Systems/IGameSystem.cs:438)
BirdGame.GameEntry:CheckCursor() (at E:/Unity/Projects/Work/FeatherLandNew/Assets/Scripts/New/ViewController/Game/GameEntry.cs:398)
BirdGame.GameEntry:Update() (at E:/Unity/Projects/Work/FeatherLandNew/Assets/Scripts/New/ViewController/Game/GameEntry.cs:158)

通过范围检测发现装饰品：Sprite
UnityEngine.DebugLogHandler:Internal_Log(LogType, LogOption, String, Object)
UnityEngine.Logger:Log(LogType, Object)
UnityEngine.Debug:Log(Object)
BirdGame.GameSystem:IsCoverDecoration() (at E:/Unity/Projects/Work/FeatherLandNew/Assets/Scripts/New/Systems/IGameSystem.cs:438)
BirdGame.GameEntry:CheckCursor() (at E:/Unity/Projects/Work/FeatherLandNew/Assets/Scripts/New/ViewController/Game/GameEntry.cs:398)
BirdGame.GameEntry:Update() (at E:/Unity/Projects/Work/FeatherLandNew/Assets/Scripts/New/ViewController/Game/GameEntry.cs:158)

通过范围检测发现装饰品：Sprite
UnityEngine.DebugLogHandler:Internal_Log(LogType, LogOption, String, Object)
UnityEngine.Logger:Log(LogType, Object)
UnityEngine.Debug:Log(Object)
BirdGame.GameSystem:IsCoverDecoration() (at E:/Unity/Projects/Work/FeatherLandNew/Assets/Scripts/New/Systems/IGameSystem.cs:438)
BirdGame.GameEntry:CheckCursor() (at E:/Unity/Projects/Work/FeatherLandNew/Assets/Scripts/New/ViewController/Game/GameEntry.cs:398)
BirdGame.GameEntry:Update() (at E:/Unity/Projects/Work/FeatherLandNew/Assets/Scripts/New/ViewController/Game/GameEntry.cs:158)

通过范围检测发现装饰品：Sprite
UnityEngine.DebugLogHandler:Internal_Log(LogType, LogOption, String, Object)
UnityEngine.Logger:Log(LogType, Object)
UnityEngine.Debug:Log(Object)
BirdGame.GameSystem:IsCoverDecoration() (at E:/Unity/Projects/Work/FeatherLandNew/Assets/Scripts/New/Systems/IGameSystem.cs:438)
BirdGame.GameEntry:CheckCursor() (at E:/Unity/Projects/Work/FeatherLandNew/Assets/Scripts/New/ViewController/Game/GameEntry.cs:398)
BirdGame.GameEntry:Update() (at E:/Unity/Projects/Work/FeatherLandNew/Assets/Scripts/New/ViewController/Game/GameEntry.cs:158)

通过范围检测发现装饰品：Sprite
UnityEngine.DebugLogHandler:Internal_Log(LogType, LogOption, String, Object)
UnityEngine.Logger:Log(LogType, Object)
UnityEngine.Debug:Log(Object)
BirdGame.GameSystem:IsCoverDecoration() (at E:/Unity/Projects/Work/FeatherLandNew/Assets/Scripts/New/Systems/IGameSystem.cs:438)
BirdGame.GameEntry:CheckCursor() (at E:/Unity/Projects/Work/FeatherLandNew/Assets/Scripts/New/ViewController/Game/GameEntry.cs:398)
BirdGame.GameEntry:Update() (at E:/Unity/Projects/Work/FeatherLandNew/Assets/Scripts/New/ViewController/Game/GameEntry.cs:158)

通过范围检测发现装饰品：Sprite
UnityEngine.DebugLogHandler:Internal_Log(LogType, LogOption, String, Object)
UnityEngine.Logger:Log(LogType, Object)
UnityEngine.Debug:Log(Object)
BirdGame.GameSystem:IsCoverDecoration() (at E:/Unity/Projects/Work/FeatherLandNew/Assets/Scripts/New/Systems/IGameSystem.cs:438)
BirdGame.GameEntry:CheckCursor() (at E:/Unity/Projects/Work/FeatherLandNew/Assets/Scripts/New/ViewController/Game/GameEntry.cs:398)
BirdGame.GameEntry:Update() (at E:/Unity/Projects/Work/FeatherLandNew/Assets/Scripts/New/ViewController/Game/GameEntry.cs:158)

通过范围检测发现装饰品：Sprite
UnityEngine.DebugLogHandler:Internal_Log(LogType, LogOption, String, Object)
UnityEngine.Logger:Log(LogType, Object)
UnityEngine.Debug:Log(Object)
BirdGame.GameSystem:IsCoverDecoration() (at E:/Unity/Projects/Work/FeatherLandNew/Assets/Scripts/New/Systems/IGameSystem.cs:438)
BirdGame.GameEntry:CheckCursor() (at E:/Unity/Projects/Work/FeatherLandNew/Assets/Scripts/New/ViewController/Game/GameEntry.cs:398)
BirdGame.GameEntry:Update() (at E:/Unity/Projects/Work/FeatherLandNew/Assets/Scripts/New/ViewController/Game/GameEntry.cs:158)

通过范围检测发现装饰品：Sprite
UnityEngine.DebugLogHandler:Internal_Log(LogType, LogOption, String, Object)
UnityEngine.Logger:Log(LogType, Object)
UnityEngine.Debug:Log(Object)
BirdGame.GameSystem:IsCoverDecoration() (at E:/Unity/Projects/Work/FeatherLandNew/Assets/Scripts/New/Systems/IGameSystem.cs:438)
BirdGame.GameEntry:CheckCursor() (at E:/Unity/Projects/Work/FeatherLandNew/Assets/Scripts/New/ViewController/Game/GameEntry.cs:398)
BirdGame.GameEntry:Update() (at E:/Unity/Projects/Work/FeatherLandNew/Assets/Scripts/New/ViewController/Game/GameEntry.cs:158)

通过范围检测发现装饰品：Sprite
UnityEngine.DebugLogHandler:Internal_Log(LogType, LogOption, String, Object)
UnityEngine.Logger:Log(LogType, Object)
UnityEngine.Debug:Log(Object)
BirdGame.GameSystem:IsCoverDecoration() (at E:/Unity/Projects/Work/FeatherLandNew/Assets/Scripts/New/Systems/IGameSystem.cs:438)
BirdGame.GameEntry:CheckCursor() (at E:/Unity/Projects/Work/FeatherLandNew/Assets/Scripts/New/ViewController/Game/GameEntry.cs:398)
BirdGame.GameEntry:Update() (at E:/Unity/Projects/Work/FeatherLandNew/Assets/Scripts/New/ViewController/Game/GameEntry.cs:158)

通过范围检测发现装饰品：Sprite
UnityEngine.DebugLogHandler:Internal_Log(LogType, LogOption, String, Object)
UnityEngine.Logger:Log(LogType, Object)
UnityEngine.Debug:Log(Object)
BirdGame.GameSystem:IsCoverDecoration() (at E:/Unity/Projects/Work/FeatherLandNew/Assets/Scripts/New/Systems/IGameSystem.cs:438)
BirdGame.GameEntry:CheckCursor() (at E:/Unity/Projects/Work/FeatherLandNew/Assets/Scripts/New/ViewController/Game/GameEntry.cs:398)
BirdGame.GameEntry:Update() (at E:/Unity/Projects/Work/FeatherLandNew/Assets/Scripts/New/ViewController/Game/GameEntry.cs:158)

通过范围检测发现装饰品：Sprite
UnityEngine.DebugLogHandler:Internal_Log(LogType, LogOption, String, Object)
UnityEngine.Logger:Log(LogType, Object)
UnityEngine.Debug:Log(Object)
BirdGame.GameSystem:IsCoverDecoration() (at E:/Unity/Projects/Work/FeatherLandNew/Assets/Scripts/New/Systems/IGameSystem.cs:438)
BirdGame.GameEntry:CheckCursor() (at E:/Unity/Projects/Work/FeatherLandNew/Assets/Scripts/New/ViewController/Game/GameEntry.cs:398)
BirdGame.GameEntry:Update() (at E:/Unity/Projects/Work/FeatherLandNew/Assets/Scripts/New/ViewController/Game/GameEntry.cs:158)

通过范围检测发现装饰品：Sprite
UnityEngine.DebugLogHandler:Internal_Log(LogType, LogOption, String, Object)
UnityEngine.Logger:Log(LogType, Object)
UnityEngine.Debug:Log(Object)
BirdGame.GameSystem:IsCoverDecoration() (at E:/Unity/Projects/Work/FeatherLandNew/Assets/Scripts/New/Systems/IGameSystem.cs:438)
BirdGame.GameEntry:CheckCursor() (at E:/Unity/Projects/Work/FeatherLandNew/Assets/Scripts/New/ViewController/Game/GameEntry.cs:398)
BirdGame.GameEntry:Update() (at E:/Unity/Projects/Work/FeatherLandNew/Assets/Scripts/New/ViewController/Game/GameEntry.cs:158)

通过范围检测发现装饰品：Sprite
UnityEngine.DebugLogHandler:Internal_Log(LogType, LogOption, String, Object)
UnityEngine.Logger:Log(LogType, Object)
UnityEngine.Debug:Log(Object)
BirdGame.GameSystem:IsCoverDecoration() (at E:/Unity/Projects/Work/FeatherLandNew/Assets/Scripts/New/Systems/IGameSystem.cs:438)
BirdGame.GameEntry:CheckCursor() (at E:/Unity/Projects/Work/FeatherLandNew/Assets/Scripts/New/ViewController/Game/GameEntry.cs:398)
BirdGame.GameEntry:Update() (at E:/Unity/Projects/Work/FeatherLandNew/Assets/Scripts/New/ViewController/Game/GameEntry.cs:158)

通过范围检测发现装饰品：Sprite
UnityEngine.DebugLogHandler:Internal_Log(LogType, LogOption, String, Object)
UnityEngine.Logger:Log(LogType, Object)
UnityEngine.Debug:Log(Object)
BirdGame.GameSystem:IsCoverDecoration() (at E:/Unity/Projects/Work/FeatherLandNew/Assets/Scripts/New/Systems/IGameSystem.cs:438)
BirdGame.GameEntry:CheckCursor() (at E:/Unity/Projects/Work/FeatherLandNew/Assets/Scripts/New/ViewController/Game/GameEntry.cs:398)
BirdGame.GameEntry:Update() (at E:/Unity/Projects/Work/FeatherLandNew/Assets/Scripts/New/ViewController/Game/GameEntry.cs:158)

通过范围检测发现装饰品：Sprite
UnityEngine.DebugLogHandler:Internal_Log(LogType, LogOption, String, Object)
UnityEngine.Logger:Log(LogType, Object)
UnityEngine.Debug:Log(Object)
BirdGame.GameSystem:IsCoverDecoration() (at E:/Unity/Projects/Work/FeatherLandNew/Assets/Scripts/New/Systems/IGameSystem.cs:438)
BirdGame.GameEntry:CheckCursor() (at E:/Unity/Projects/Work/FeatherLandNew/Assets/Scripts/New/ViewController/Game/GameEntry.cs:398)
BirdGame.GameEntry:Update() (at E:/Unity/Projects/Work/FeatherLandNew/Assets/Scripts/New/ViewController/Game/GameEntry.cs:158)

通过范围检测发现装饰品：Sprite
UnityEngine.DebugLogHandler:Internal_Log(LogType, LogOption, String, Object)
UnityEngine.Logger:Log(LogType, Object)
UnityEngine.Debug:Log(Object)
BirdGame.GameSystem:IsCoverDecoration() (at E:/Unity/Projects/Work/FeatherLandNew/Assets/Scripts/New/Systems/IGameSystem.cs:438)
BirdGame.GameEntry:CheckCursor() (at E:/Unity/Projects/Work/FeatherLandNew/Assets/Scripts/New/ViewController/Game/GameEntry.cs:398)
BirdGame.GameEntry:Update() (at E:/Unity/Projects/Work/FeatherLandNew/Assets/Scripts/New/ViewController/Game/GameEntry.cs:158)

检测到装饰品：Sprite
UnityEngine.DebugLogHandler:Internal_Log(LogType, LogOption, String, Object)
UnityEngine.Logger:Log(LogType, Object)
UnityEngine.Debug:Log(Object)
BirdGame.GameSystem:IsCoverDecoration() (at E:/Unity/Projects/Work/FeatherLandNew/Assets/Scripts/New/Systems/IGameSystem.cs:438)
BirdGame.GameEntry:CheckCursor() (at E:/Unity/Projects/Work/FeatherLandNew/Assets/Scripts/New/ViewController/Game/GameEntry.cs:398)
BirdGame.GameEntry:Update() (at E:/Unity/Projects/Work/FeatherLandNew/Assets/Scripts/New/ViewController/Game/GameEntry.cs:158)

检测到装饰品：Sprite
UnityEngine.DebugLogHandler:Internal_Log(LogType, LogOption, String, Object)
UnityEngine.Logger:Log(LogType, Object)
UnityEngine.Debug:Log(Object)
BirdGame.GameSystem:IsCoverDecoration() (at E:/Unity/Projects/Work/FeatherLandNew/Assets/Scripts/New/Systems/IGameSystem.cs:438)
BirdGame.GameEntry:CheckCursor() (at E:/Unity/Projects/Work/FeatherLandNew/Assets/Scripts/New/ViewController/Game/GameEntry.cs:398)
BirdGame.GameEntry:Update() (at E:/Unity/Projects/Work/FeatherLandNew/Assets/Scripts/New/ViewController/Game/GameEntry.cs:158)

检测到装饰品：Sprite
UnityEngine.DebugLogHandler:Internal_Log(LogType, LogOption, String, Object)
UnityEngine.Logger:Log(LogType, Object)
UnityEngine.Debug:Log(Object)
BirdGame.GameSystem:IsCoverDecoration() (at E:/Unity/Projects/Work/FeatherLandNew/Assets/Scripts/New/Systems/IGameSystem.cs:438)
BirdGame.GameEntry:CheckCursor() (at E:/Unity/Projects/Work/FeatherLandNew/Assets/Scripts/New/ViewController/Game/GameEntry.cs:398)
BirdGame.GameEntry:Update() (at E:/Unity/Projects/Work/FeatherLandNew/Assets/Scripts/New/ViewController/Game/GameEntry.cs:158)

检测到装饰品：Sprite
UnityEngine.DebugLogHandler:Internal_Log(LogType, LogOption, String, Object)
UnityEngine.Logger:Log(LogType, Object)
UnityEngine.Debug:Log(Object)
BirdGame.GameSystem:IsCoverDecoration() (at E:/Unity/Projects/Work/FeatherLandNew/Assets/Scripts/New/Systems/IGameSystem.cs:438)
BirdGame.GameEntry:CheckCursor() (at E:/Unity/Projects/Work/FeatherLandNew/Assets/Scripts/New/ViewController/Game/GameEntry.cs:398)
BirdGame.GameEntry:Update() (at E:/Unity/Projects/Work/FeatherLandNew/Assets/Scripts/New/ViewController/Game/GameEntry.cs:158)

检测到装饰品：Sprite
UnityEngine.DebugLogHandler:Internal_Log(LogType, LogOption, String, Object)
UnityEngine.Logger:Log(LogType, Object)
UnityEngine.Debug:Log(Object)
BirdGame.GameSystem:IsCoverDecoration() (at E:/Unity/Projects/Work/FeatherLandNew/Assets/Scripts/New/Systems/IGameSystem.cs:438)
BirdGame.GameEntry:CheckCursor() (at E:/Unity/Projects/Work/FeatherLandNew/Assets/Scripts/New/ViewController/Game/GameEntry.cs:398)
BirdGame.GameEntry:Update() (at E:/Unity/Projects/Work/FeatherLandNew/Assets/Scripts/New/ViewController/Game/GameEntry.cs:158)

检测到装饰品：Sprite
UnityEngine.DebugLogHandler:Internal_Log(LogType, LogOption, String, Object)
UnityEngine.Logger:Log(LogType, Object)
UnityEngine.Debug:Log(Object)
BirdGame.GameSystem:IsCoverDecoration() (at E:/Unity/Projects/Work/FeatherLandNew/Assets/Scripts/New/Systems/IGameSystem.cs:438)
BirdGame.GameEntry:CheckCursor() (at E:/Unity/Projects/Work/FeatherLandNew/Assets/Scripts/New/ViewController/Game/GameEntry.cs:398)
BirdGame.GameEntry:Update() (at E:/Unity/Projects/Work/FeatherLandNew/Assets/Scripts/New/ViewController/Game/GameEntry.cs:158)

检测到装饰品：Sprite
UnityEngine.DebugLogHandler:Internal_Log(LogType, LogOption, String, Object)
UnityEngine.Logger:Log(LogType, Object)
UnityEngine.Debug:Log(Object)
BirdGame.GameSystem:IsCoverDecoration() (at E:/Unity/Projects/Work/FeatherLandNew/Assets/Scripts/New/Systems/IGameSystem.cs:438)
BirdGame.GameEntry:CheckCursor() (at E:/Unity/Projects/Work/FeatherLandNew/Assets/Scripts/New/ViewController/Game/GameEntry.cs:398)
BirdGame.GameEntry:Update() (at E:/Unity/Projects/Work/FeatherLandNew/Assets/Scripts/New/ViewController/Game/GameEntry.cs:158)

检测到装饰品：Sprite
UnityEngine.DebugLogHandler:Internal_Log(LogType, LogOption, String, Object)
UnityEngine.Logger:Log(LogType, Object)
UnityEngine.Debug:Log(Object)
BirdGame.GameSystem:IsCoverDecoration() (at E:/Unity/Projects/Work/FeatherLandNew/Assets/Scripts/New/Systems/IGameSystem.cs:438)
BirdGame.GameEntry:CheckCursor() (at E:/Unity/Projects/Work/FeatherLandNew/Assets/Scripts/New/ViewController/Game/GameEntry.cs:398)
BirdGame.GameEntry:Update() (at E:/Unity/Projects/Work/FeatherLandNew/Assets/Scripts/New/ViewController/Game/GameEntry.cs:158)

检测到装饰品：Sprite
UnityEngine.DebugLogHandler:Internal_Log(LogType, LogOption, String, Object)
UnityEngine.Logger:Log(LogType, Object)
UnityEngine.Debug:Log(Object)
BirdGame.GameSystem:IsCoverDecoration() (at E:/Unity/Projects/Work/FeatherLandNew/Assets/Scripts/New/Systems/IGameSystem.cs:438)
BirdGame.GameEntry:CheckCursor() (at E:/Unity/Projects/Work/FeatherLandNew/Assets/Scripts/New/ViewController/Game/GameEntry.cs:398)
BirdGame.GameEntry:Update() (at E:/Unity/Projects/Work/FeatherLandNew/Assets/Scripts/New/ViewController/Game/GameEntry.cs:158)

检测到装饰品：Sprite
UnityEngine.DebugLogHandler:Internal_Log(LogType, LogOption, String, Object)
UnityEngine.Logger:Log(LogType, Object)
UnityEngine.Debug:Log(Object)
BirdGame.GameSystem:IsCoverDecoration() (at E:/Unity/Projects/Work/FeatherLandNew/Assets/Scripts/New/Systems/IGameSystem.cs:438)
BirdGame.GameEntry:CheckCursor() (at E:/Unity/Projects/Work/FeatherLandNew/Assets/Scripts/New/ViewController/Game/GameEntry.cs:398)
BirdGame.GameEntry:Update() (at E:/Unity/Projects/Work/FeatherLandNew/Assets/Scripts/New/ViewController/Game/GameEntry.cs:158)

检测到装饰品：Sprite
UnityEngine.DebugLogHandler:Internal_Log(LogType, LogOption, String, Object)
UnityEngine.Logger:Log(LogType, Object)
UnityEngine.Debug:Log(Object)
BirdGame.GameSystem:IsCoverDecoration() (at E:/Unity/Projects/Work/FeatherLandNew/Assets/Scripts/New/Systems/IGameSystem.cs:438)
BirdGame.GameEntry:CheckCursor() (at E:/Unity/Projects/Work/FeatherLandNew/Assets/Scripts/New/ViewController/Game/GameEntry.cs:398)
BirdGame.GameEntry:Update() (at E:/Unity/Projects/Work/FeatherLandNew/Assets/Scripts/New/ViewController/Game/GameEntry.cs:158)

检测到装饰品：Sprite
UnityEngine.DebugLogHandler:Internal_Log(LogType, LogOption, String, Object)
UnityEngine.Logger:Log(LogType, Object)
UnityEngine.Debug:Log(Object)
BirdGame.GameSystem:IsCoverDecoration() (at E:/Unity/Projects/Work/FeatherLandNew/Assets/Scripts/New/Systems/IGameSystem.cs:438)
BirdGame.GameEntry:CheckCursor() (at E:/Unity/Projects/Work/FeatherLandNew/Assets/Scripts/New/ViewController/Game/GameEntry.cs:398)
BirdGame.GameEntry:Update() (at E:/Unity/Projects/Work/FeatherLandNew/Assets/Scripts/New/ViewController/Game/GameEntry.cs:158)

检测到装饰品：Sprite
UnityEngine.DebugLogHandler:Internal_Log(LogType, LogOption, String, Object)
UnityEngine.Logger:Log(LogType, Object)
UnityEngine.Debug:Log(Object)
BirdGame.GameSystem:IsCoverDecoration() (at E:/Unity/Projects/Work/FeatherLandNew/Assets/Scripts/New/Systems/IGameSystem.cs:438)
BirdGame.GameEntry:CheckCursor() (at E:/Unity/Projects/Work/FeatherLandNew/Assets/Scripts/New/ViewController/Game/GameEntry.cs:398)
BirdGame.GameEntry:Update() (at E:/Unity/Projects/Work/FeatherLandNew/Assets/Scripts/New/ViewController/Game/GameEntry.cs:158)

检测到装饰品：Sprite
UnityEngine.DebugLogHandler:Internal_Log(LogType, LogOption, String, Object)
UnityEngine.Logger:Log(LogType, Object)
UnityEngine.Debug:Log(Object)
BirdGame.GameSystem:IsCoverDecoration() (at E:/Unity/Projects/Work/FeatherLandNew/Assets/Scripts/New/Systems/IGameSystem.cs:438)
BirdGame.GameEntry:CheckCursor() (at E:/Unity/Projects/Work/FeatherLandNew/Assets/Scripts/New/ViewController/Game/GameEntry.cs:398)
BirdGame.GameEntry:Update() (at E:/Unity/Projects/Work/FeatherLandNew/Assets/Scripts/New/ViewController/Game/GameEntry.cs:158)

检测到装饰品：Sprite
UnityEngine.DebugLogHandler:Internal_Log(LogType, LogOption, String, Object)
UnityEngine.Logger:Log(LogType, Object)
UnityEngine.Debug:Log(Object)
BirdGame.GameSystem:IsCoverDecoration() (at E:/Unity/Projects/Work/FeatherLandNew/Assets/Scripts/New/Systems/IGameSystem.cs:438)
BirdGame.GameEntry:CheckCursor() (at E:/Unity/Projects/Work/FeatherLandNew/Assets/Scripts/New/ViewController/Game/GameEntry.cs:398)
BirdGame.GameEntry:Update() (at E:/Unity/Projects/Work/FeatherLandNew/Assets/Scripts/New/ViewController/Game/GameEntry.cs:158)

检测到装饰品：Sprite
UnityEngine.DebugLogHandler:Internal_Log(LogType, LogOption, String, Object)
UnityEngine.Logger:Log(LogType, Object)
UnityEngine.Debug:Log(Object)
BirdGame.GameSystem:IsCoverDecoration() (at E:/Unity/Projects/Work/FeatherLandNew/Assets/Scripts/New/Systems/IGameSystem.cs:438)
BirdGame.GameEntry:CheckCursor() (at E:/Unity/Projects/Work/FeatherLandNew/Assets/Scripts/New/ViewController/Game/GameEntry.cs:398)
BirdGame.GameEntry:Update() (at E:/Unity/Projects/Work/FeatherLandNew/Assets/Scripts/New/ViewController/Game/GameEntry.cs:158)

检测到装饰品：Sprite
UnityEngine.DebugLogHandler:Internal_Log(LogType, LogOption, String, Object)
UnityEngine.Logger:Log(LogType, Object)
UnityEngine.Debug:Log(Object)
BirdGame.GameSystem:IsCoverDecoration() (at E:/Unity/Projects/Work/FeatherLandNew/Assets/Scripts/New/Systems/IGameSystem.cs:438)
BirdGame.GameEntry:CheckCursor() (at E:/Unity/Projects/Work/FeatherLandNew/Assets/Scripts/New/ViewController/Game/GameEntry.cs:398)
BirdGame.GameEntry:Update() (at E:/Unity/Projects/Work/FeatherLandNew/Assets/Scripts/New/ViewController/Game/GameEntry.cs:158)

检测到装饰品：Sprite
UnityEngine.DebugLogHandler:Internal_Log(LogType, LogOption, String, Object)
UnityEngine.Logger:Log(LogType, Object)
UnityEngine.Debug:Log(Object)
BirdGame.GameSystem:IsCoverDecoration() (at E:/Unity/Projects/Work/FeatherLandNew/Assets/Scripts/New/Systems/IGameSystem.cs:438)
BirdGame.GameEntry:CheckCursor() (at E:/Unity/Projects/Work/FeatherLandNew/Assets/Scripts/New/ViewController/Game/GameEntry.cs:398)
BirdGame.GameEntry:Update() (at E:/Unity/Projects/Work/FeatherLandNew/Assets/Scripts/New/ViewController/Game/GameEntry.cs:158)

检测到装饰品：Sprite
UnityEngine.DebugLogHandler:Internal_Log(LogType, LogOption, String, Object)
UnityEngine.Logger:Log(LogType, Object)
UnityEngine.Debug:Log(Object)
BirdGame.GameSystem:IsCoverDecoration() (at E:/Unity/Projects/Work/FeatherLandNew/Assets/Scripts/New/Systems/IGameSystem.cs:438)
BirdGame.GameEntry:CheckCursor() (at E:/Unity/Projects/Work/FeatherLandNew/Assets/Scripts/New/ViewController/Game/GameEntry.cs:398)
BirdGame.GameEntry:Update() (at E:/Unity/Projects/Work/FeatherLandNew/Assets/Scripts/New/ViewController/Game/GameEntry.cs:158)

检测到装饰品：Sprite
UnityEngine.DebugLogHandler:Internal_Log(LogType, LogOption, String, Object)
UnityEngine.Logger:Log(LogType, Object)
UnityEngine.Debug:Log(Object)
BirdGame.GameSystem:IsCoverDecoration() (at E:/Unity/Projects/Work/FeatherLandNew/Assets/Scripts/New/Systems/IGameSystem.cs:438)
BirdGame.GameEntry:CheckCursor() (at E:/Unity/Projects/Work/FeatherLandNew/Assets/Scripts/New/ViewController/Game/GameEntry.cs:398)
BirdGame.GameEntry:Update() (at E:/Unity/Projects/Work/FeatherLandNew/Assets/Scripts/New/ViewController/Game/GameEntry.cs:158)

检测到装饰品：Sprite
UnityEngine.DebugLogHandler:Internal_Log(LogType, LogOption, String, Object)
UnityEngine.Logger:Log(LogType, Object)
UnityEngine.Debug:Log(Object)
BirdGame.GameSystem:IsCoverDecoration() (at E:/Unity/Projects/Work/FeatherLandNew/Assets/Scripts/New/Systems/IGameSystem.cs:438)
BirdGame.GameEntry:CheckCursor() (at E:/Unity/Projects/Work/FeatherLandNew/Assets/Scripts/New/ViewController/Game/GameEntry.cs:398)
BirdGame.GameEntry:Update() (at E:/Unity/Projects/Work/FeatherLandNew/Assets/Scripts/New/ViewController/Game/GameEntry.cs:158)

检测到装饰品：Sprite
UnityEngine.DebugLogHandler:Internal_Log(LogType, LogOption, String, Object)
UnityEngine.Logger:Log(LogType, Object)
UnityEngine.Debug:Log(Object)
BirdGame.GameSystem:IsCoverDecoration() (at E:/Unity/Projects/Work/FeatherLandNew/Assets/Scripts/New/Systems/IGameSystem.cs:438)
BirdGame.GameEntry:CheckCursor() (at E:/Unity/Projects/Work/FeatherLandNew/Assets/Scripts/New/ViewController/Game/GameEntry.cs:398)
BirdGame.GameEntry:Update() (at E:/Unity/Projects/Work/FeatherLandNew/Assets/Scripts/New/ViewController/Game/GameEntry.cs:158)

检测到装饰品：Sprite
UnityEngine.DebugLogHandler:Internal_Log(LogType, LogOption, String, Object)
UnityEngine.Logger:Log(LogType, Object)
UnityEngine.Debug:Log(Object)
BirdGame.GameSystem:IsCoverDecoration() (at E:/Unity/Projects/Work/FeatherLandNew/Assets/Scripts/New/Systems/IGameSystem.cs:438)
BirdGame.GameEntry:CheckCursor() (at E:/Unity/Projects/Work/FeatherLandNew/Assets/Scripts/New/ViewController/Game/GameEntry.cs:398)
BirdGame.GameEntry:Update() (at E:/Unity/Projects/Work/FeatherLandNew/Assets/Scripts/New/ViewController/Game/GameEntry.cs:158)

检测到装饰品：Sprite
UnityEngine.DebugLogHandler:Internal_Log(LogType, LogOption, String, Object)
UnityEngine.Logger:Log(LogType, Object)
UnityEngine.Debug:Log(Object)
BirdGame.GameSystem:IsCoverDecoration() (at E:/Unity/Projects/Work/FeatherLandNew/Assets/Scripts/New/Systems/IGameSystem.cs:438)
BirdGame.GameEntry:CheckCursor() (at E:/Unity/Projects/Work/FeatherLandNew/Assets/Scripts/New/ViewController/Game/GameEntry.cs:398)
BirdGame.GameEntry:Update() (at E:/Unity/Projects/Work/FeatherLandNew/Assets/Scripts/New/ViewController/Game/GameEntry.cs:158)

检测到装饰品：Sprite
UnityEngine.DebugLogHandler:Internal_Log(LogType, LogOption, String, Object)
UnityEngine.Logger:Log(LogType, Object)
UnityEngine.Debug:Log(Object)
BirdGame.GameSystem:IsCoverDecoration() (at E:/Unity/Projects/Work/FeatherLandNew/Assets/Scripts/New/Systems/IGameSystem.cs:438)
BirdGame.GameEntry:CheckCursor() (at E:/Unity/Projects/Work/FeatherLandNew/Assets/Scripts/New/ViewController/Game/GameEntry.cs:398)
BirdGame.GameEntry:Update() (at E:/Unity/Projects/Work/FeatherLandNew/Assets/Scripts/New/ViewController/Game/GameEntry.cs:158)

检测到装饰品：Sprite
UnityEngine.DebugLogHandler:Internal_Log(LogType, LogOption, String, Object)
UnityEngine.Logger:Log(LogType, Object)
UnityEngine.Debug:Log(Object)
BirdGame.GameSystem:IsCoverDecoration() (at E:/Unity/Projects/Work/FeatherLandNew/Assets/Scripts/New/Systems/IGameSystem.cs:438)
BirdGame.GameEntry:CheckCursor() (at E:/Unity/Projects/Work/FeatherLandNew/Assets/Scripts/New/ViewController/Game/GameEntry.cs:398)
BirdGame.GameEntry:Update() (at E:/Unity/Projects/Work/FeatherLandNew/Assets/Scripts/New/ViewController/Game/GameEntry.cs:158)

检测到装饰品：Sprite
UnityEngine.DebugLogHandler:Internal_Log(LogType, LogOption, String, Object)
UnityEngine.Logger:Log(LogType, Object)
UnityEngine.Debug:Log(Object)
BirdGame.GameSystem:IsCoverDecoration() (at E:/Unity/Projects/Work/FeatherLandNew/Assets/Scripts/New/Systems/IGameSystem.cs:438)
BirdGame.GameEntry:CheckCursor() (at E:/Unity/Projects/Work/FeatherLandNew/Assets/Scripts/New/ViewController/Game/GameEntry.cs:398)
BirdGame.GameEntry:Update() (at E:/Unity/Projects/Work/FeatherLandNew/Assets/Scripts/New/ViewController/Game/GameEntry.cs:158)

检测到装饰品：Sprite
UnityEngine.DebugLogHandler:Internal_Log(LogType, LogOption, String, Object)
UnityEngine.Logger:Log(LogType, Object)
UnityEngine.Debug:Log(Object)
BirdGame.GameSystem:IsCoverDecoration() (at E:/Unity/Projects/Work/FeatherLandNew/Assets/Scripts/New/Systems/IGameSystem.cs:438)
BirdGame.GameEntry:CheckCursor() (at E:/Unity/Projects/Work/FeatherLandNew/Assets/Scripts/New/ViewController/Game/GameEntry.cs:398)
BirdGame.GameEntry:Update() (at E:/Unity/Projects/Work/FeatherLandNew/Assets/Scripts/New/ViewController/Game/GameEntry.cs:158)

检测到装饰品：Sprite
UnityEngine.DebugLogHandler:Internal_Log(LogType, LogOption, String, Object)
UnityEngine.Logger:Log(LogType, Object)
UnityEngine.Debug:Log(Object)
BirdGame.GameSystem:IsCoverDecoration() (at E:/Unity/Projects/Work/FeatherLandNew/Assets/Scripts/New/Systems/IGameSystem.cs:438)
BirdGame.GameEntry:CheckCursor() (at E:/Unity/Projects/Work/FeatherLandNew/Assets/Scripts/New/ViewController/Game/GameEntry.cs:398)
BirdGame.GameEntry:Update() (at E:/Unity/Projects/Work/FeatherLandNew/Assets/Scripts/New/ViewController/Game/GameEntry.cs:158)

检测到装饰品：Sprite
UnityEngine.DebugLogHandler:Internal_Log(LogType, LogOption, String, Object)
UnityEngine.Logger:Log(LogType, Object)
UnityEngine.Debug:Log(Object)
BirdGame.GameSystem:IsCoverDecoration() (at E:/Unity/Projects/Work/FeatherLandNew/Assets/Scripts/New/Systems/IGameSystem.cs:438)
BirdGame.GameEntry:CheckCursor() (at E:/Unity/Projects/Work/FeatherLandNew/Assets/Scripts/New/ViewController/Game/GameEntry.cs:398)
BirdGame.GameEntry:Update() (at E:/Unity/Projects/Work/FeatherLandNew/Assets/Scripts/New/ViewController/Game/GameEntry.cs:158)

检测到装饰品：Sprite
UnityEngine.DebugLogHandler:Internal_Log(LogType, LogOption, String, Object)
UnityEngine.Logger:Log(LogType, Object)
UnityEngine.Debug:Log(Object)
BirdGame.GameSystem:IsCoverDecoration() (at E:/Unity/Projects/Work/FeatherLandNew/Assets/Scripts/New/Systems/IGameSystem.cs:438)
BirdGame.GameEntry:CheckCursor() (at E:/Unity/Projects/Work/FeatherLandNew/Assets/Scripts/New/ViewController/Game/GameEntry.cs:398)
BirdGame.GameEntry:Update() (at E:/Unity/Projects/Work/FeatherLandNew/Assets/Scripts/New/ViewController/Game/GameEntry.cs:158)

检测到装饰品：Sprite
UnityEngine.DebugLogHandler:Internal_Log(LogType, LogOption, String, Object)
UnityEngine.Logger:Log(LogType, Object)
UnityEngine.Debug:Log(Object)
BirdGame.GameSystem:IsCoverDecoration() (at E:/Unity/Projects/Work/FeatherLandNew/Assets/Scripts/New/Systems/IGameSystem.cs:438)
BirdGame.GameEntry:CheckCursor() (at E:/Unity/Projects/Work/FeatherLandNew/Assets/Scripts/New/ViewController/Game/GameEntry.cs:398)
BirdGame.GameEntry:Update() (at E:/Unity/Projects/Work/FeatherLandNew/Assets/Scripts/New/ViewController/Game/GameEntry.cs:158)

检测到装饰品：Sprite
UnityEngine.DebugLogHandler:Internal_Log(LogType, LogOption, String, Object)
UnityEngine.Logger:Log(LogType, Object)
UnityEngine.Debug:Log(Object)
BirdGame.GameSystem:IsCoverDecoration() (at E:/Unity/Projects/Work/FeatherLandNew/Assets/Scripts/New/Systems/IGameSystem.cs:438)
BirdGame.GameEntry:CheckCursor() (at E:/Unity/Projects/Work/FeatherLandNew/Assets/Scripts/New/ViewController/Game/GameEntry.cs:398)
BirdGame.GameEntry:Update() (at E:/Unity/Projects/Work/FeatherLandNew/Assets/Scripts/New/ViewController/Game/GameEntry.cs:158)

检测到装饰品：Sprite
UnityEngine.DebugLogHandler:Internal_Log(LogType, LogOption, String, Object)
UnityEngine.Logger:Log(LogType, Object)
UnityEngine.Debug:Log(Object)
BirdGame.GameSystem:IsCoverDecoration() (at E:/Unity/Projects/Work/FeatherLandNew/Assets/Scripts/New/Systems/IGameSystem.cs:438)
BirdGame.GameEntry:CheckCursor() (at E:/Unity/Projects/Work/FeatherLandNew/Assets/Scripts/New/ViewController/Game/GameEntry.cs:398)
BirdGame.GameEntry:Update() (at E:/Unity/Projects/Work/FeatherLandNew/Assets/Scripts/New/ViewController/Game/GameEntry.cs:158)

检测到装饰品：Sprite
UnityEngine.DebugLogHandler:Internal_Log(LogType, LogOption, String, Object)
UnityEngine.Logger:Log(LogType, Object)
UnityEngine.Debug:Log(Object)
BirdGame.GameSystem:IsCoverDecoration() (at E:/Unity/Projects/Work/FeatherLandNew/Assets/Scripts/New/Systems/IGameSystem.cs:438)
BirdGame.GameEntry:CheckCursor() (at E:/Unity/Projects/Work/FeatherLandNew/Assets/Scripts/New/ViewController/Game/GameEntry.cs:398)
BirdGame.GameEntry:Update() (at E:/Unity/Projects/Work/FeatherLandNew/Assets/Scripts/New/ViewController/Game/GameEntry.cs:158)

检测到装饰品：Sprite
UnityEngine.DebugLogHandler:Internal_Log(LogType, LogOption, String, Object)
UnityEngine.Logger:Log(LogType, Object)
UnityEngine.Debug:Log(Object)
BirdGame.GameSystem:IsCoverDecoration() (at E:/Unity/Projects/Work/FeatherLandNew/Assets/Scripts/New/Systems/IGameSystem.cs:438)
BirdGame.GameEntry:CheckCursor() (at E:/Unity/Projects/Work/FeatherLandNew/Assets/Scripts/New/ViewController/Game/GameEntry.cs:398)
BirdGame.GameEntry:Update() (at E:/Unity/Projects/Work/FeatherLandNew/Assets/Scripts/New/ViewController/Game/GameEntry.cs:158)

检测到装饰品：Sprite
UnityEngine.DebugLogHandler:Internal_Log(LogType, LogOption, String, Object)
UnityEngine.Logger:Log(LogType, Object)
UnityEngine.Debug:Log(Object)
BirdGame.GameSystem:IsCoverDecoration() (at E:/Unity/Projects/Work/FeatherLandNew/Assets/Scripts/New/Systems/IGameSystem.cs:438)
BirdGame.GameEntry:CheckCursor() (at E:/Unity/Projects/Work/FeatherLandNew/Assets/Scripts/New/ViewController/Game/GameEntry.cs:398)
BirdGame.GameEntry:Update() (at E:/Unity/Projects/Work/FeatherLandNew/Assets/Scripts/New/ViewController/Game/GameEntry.cs:158)

检测到装饰品：Sprite
UnityEngine.DebugLogHandler:Internal_Log(LogType, LogOption, String, Object)
UnityEngine.Logger:Log(LogType, Object)
UnityEngine.Debug:Log(Object)
BirdGame.GameSystem:IsCoverDecoration() (at E:/Unity/Projects/Work/FeatherLandNew/Assets/Scripts/New/Systems/IGameSystem.cs:438)
BirdGame.GameEntry:CheckCursor() (at E:/Unity/Projects/Work/FeatherLandNew/Assets/Scripts/New/ViewController/Game/GameEntry.cs:398)
BirdGame.GameEntry:Update() (at E:/Unity/Projects/Work/FeatherLandNew/Assets/Scripts/New/ViewController/Game/GameEntry.cs:158)

通过范围检测发现装饰品：Sprite
UnityEngine.DebugLogHandler:Internal_Log(LogType, LogOption, String, Object)
UnityEngine.Logger:Log(LogType, Object)
UnityEngine.Debug:Log(Object)
BirdGame.GameSystem:IsCoverDecoration() (at E:/Unity/Projects/Work/FeatherLandNew/Assets/Scripts/New/Systems/IGameSystem.cs:438)
BirdGame.GameEntry:CheckCursor() (at E:/Unity/Projects/Work/FeatherLandNew/Assets/Scripts/New/ViewController/Game/GameEntry.cs:398)
BirdGame.GameEntry:Update() (at E:/Unity/Projects/Work/FeatherLandNew/Assets/Scripts/New/ViewController/Game/GameEntry.cs:158)

检测到装饰品：Sprite
UnityEngine.DebugLogHandler:Internal_Log(LogType, LogOption, String, Object)
UnityEngine.Logger:Log(LogType, Object)
UnityEngine.Debug:Log(Object)
BirdGame.GameSystem:IsCoverDecoration() (at E:/Unity/Projects/Work/FeatherLandNew/Assets/Scripts/New/Systems/IGameSystem.cs:438)
BirdGame.GameEntry:CheckCursor() (at E:/Unity/Projects/Work/FeatherLandNew/Assets/Scripts/New/ViewController/Game/GameEntry.cs:398)
BirdGame.GameEntry:Update() (at E:/Unity/Projects/Work/FeatherLandNew/Assets/Scripts/New/ViewController/Game/GameEntry.cs:158)

通过范围检测发现装饰品：Sprite
UnityEngine.DebugLogHandler:Internal_Log(LogType, LogOption, String, Object)
UnityEngine.Logger:Log(LogType, Object)
UnityEngine.Debug:Log(Object)
BirdGame.GameSystem:IsCoverDecoration() (at E:/Unity/Projects/Work/FeatherLandNew/Assets/Scripts/New/Systems/IGameSystem.cs:438)
BirdGame.GameEntry:CheckCursor() (at E:/Unity/Projects/Work/FeatherLandNew/Assets/Scripts/New/ViewController/Game/GameEntry.cs:398)
BirdGame.GameEntry:Update() (at E:/Unity/Projects/Work/FeatherLandNew/Assets/Scripts/New/ViewController/Game/GameEntry.cs:158)

通过范围检测发现装饰品：Sprite
UnityEngine.DebugLogHandler:Internal_Log(LogType, LogOption, String, Object)
UnityEngine.Logger:Log(LogType, Object)
UnityEngine.Debug:Log(Object)
BirdGame.GameSystem:IsCoverDecoration() (at E:/Unity/Projects/Work/FeatherLandNew/Assets/Scripts/New/Systems/IGameSystem.cs:438)
BirdGame.GameEntry:CheckCursor() (at E:/Unity/Projects/Work/FeatherLandNew/Assets/Scripts/New/ViewController/Game/GameEntry.cs:398)
BirdGame.GameEntry:Update() (at E:/Unity/Projects/Work/FeatherLandNew/Assets/Scripts/New/ViewController/Game/GameEntry.cs:158)

通过范围检测发现装饰品：Sprite
UnityEngine.DebugLogHandler:Internal_Log(LogType, LogOption, String, Object)
UnityEngine.Logger:Log(LogType, Object)
UnityEngine.Debug:Log(Object)
BirdGame.GameSystem:IsCoverDecoration() (at E:/Unity/Projects/Work/FeatherLandNew/Assets/Scripts/New/Systems/IGameSystem.cs:438)
BirdGame.GameEntry:CheckCursor() (at E:/Unity/Projects/Work/FeatherLandNew/Assets/Scripts/New/ViewController/Game/GameEntry.cs:398)
BirdGame.GameEntry:Update() (at E:/Unity/Projects/Work/FeatherLandNew/Assets/Scripts/New/ViewController/Game/GameEntry.cs:158)

通过范围检测发现装饰品：Sprite
UnityEngine.DebugLogHandler:Internal_Log(LogType, LogOption, String, Object)
UnityEngine.Logger:Log(LogType, Object)
UnityEngine.Debug:Log(Object)
BirdGame.GameSystem:IsCoverDecoration() (at E:/Unity/Projects/Work/FeatherLandNew/Assets/Scripts/New/Systems/IGameSystem.cs:438)
BirdGame.GameEntry:CheckCursor() (at E:/Unity/Projects/Work/FeatherLandNew/Assets/Scripts/New/ViewController/Game/GameEntry.cs:398)
BirdGame.GameEntry:Update() (at E:/Unity/Projects/Work/FeatherLandNew/Assets/Scripts/New/ViewController/Game/GameEntry.cs:158)

[SettingButton] 鼠标在按钮区域内: (-21.18, 4.00), 按钮区域: (x:-24.25, y:-24.75, width:48.50, height:49.50)
UnityEngine.DebugLogHandler:Internal_Log(LogType, LogOption, String, Object)
UnityEngine.Logger:Log(LogType, Object)
UnityEngine.Debug:Log(Object)
UIButtonHoverScale:IsMouseOverButton() (at E:/Unity/Projects/Work/FeatherLandNew/Assets/Scripts/UIButtonHoverScale.cs:458)
UIButtonHoverScale:Update() (at E:/Unity/Projects/Work/FeatherLandNew/Assets/Scripts/UIButtonHoverScale.cs:236)

[SettingButton] 鼠标在按钮区域内: (-18.34, 3.64), 按钮区域: (x:-24.25, y:-24.75, width:48.50, height:49.50)
UnityEngine.DebugLogHandler:Internal_Log(LogType, LogOption, String, Object)
UnityEngine.Logger:Log(LogType, Object)
UnityEngine.Debug:Log(Object)
UIButtonHoverScale:IsMouseOverButton() (at E:/Unity/Projects/Work/FeatherLandNew/Assets/Scripts/UIButtonHoverScale.cs:458)
UIButtonHoverScale:Update() (at E:/Unity/Projects/Work/FeatherLandNew/Assets/Scripts/UIButtonHoverScale.cs:236)

[SettingButton] 鼠标在按钮区域内: (-18.34, 2.73), 按钮区域: (x:-24.25, y:-24.75, width:48.50, height:49.50)
UnityEngine.DebugLogHandler:Internal_Log(LogType, LogOption, String, Object)
UnityEngine.Logger:Log(LogType, Object)
UnityEngine.Debug:Log(Object)
UIButtonHoverScale:IsMouseOverButton() (at E:/Unity/Projects/Work/FeatherLandNew/Assets/Scripts/UIButtonHoverScale.cs:458)
UIButtonHoverScale:Update() (at E:/Unity/Projects/Work/FeatherLandNew/Assets/Scripts/UIButtonHoverScale.cs:236)

[SettingButton] 鼠标在按钮区域内: (-17.44, 2.73), 按钮区域: (x:-24.25, y:-24.75, width:48.50, height:49.50)
UnityEngine.DebugLogHandler:Internal_Log(LogType, LogOption, String, Object)
UnityEngine.Logger:Log(LogType, Object)
UnityEngine.Debug:Log(Object)
UIButtonHoverScale:IsMouseOverButton() (at E:/Unity/Projects/Work/FeatherLandNew/Assets/Scripts/UIButtonHoverScale.cs:458)
UIButtonHoverScale:Update() (at E:/Unity/Projects/Work/FeatherLandNew/Assets/Scripts/UIButtonHoverScale.cs:236)

[SettingButton] 鼠标在按钮区域内: (-17.44, 2.73), 按钮区域: (x:-24.25, y:-24.75, width:48.50, height:49.50)
UnityEngine.DebugLogHandler:Internal_Log(LogType, LogOption, String, Object)
UnityEngine.Logger:Log(LogType, Object)
UnityEngine.Debug:Log(Object)
UIButtonHoverScale:IsMouseOverButton() (at E:/Unity/Projects/Work/FeatherLandNew/Assets/Scripts/UIButtonHoverScale.cs:458)
UIButtonHoverScale:Update() (at E:/Unity/Projects/Work/FeatherLandNew/Assets/Scripts/UIButtonHoverScale.cs:236)

[SettingButton] 鼠标在按钮区域内: (-17.44, 2.73), 按钮区域: (x:-24.25, y:-24.75, width:48.50, height:49.50)
UnityEngine.DebugLogHandler:Internal_Log(LogType, LogOption, String, Object)
UnityEngine.Logger:Log(LogType, Object)
UnityEngine.Debug:Log(Object)
UIButtonHoverScale:IsMouseOverButton() (at E:/Unity/Projects/Work/FeatherLandNew/Assets/Scripts/UIButtonHoverScale.cs:458)
UIButtonHoverScale:Update() (at E:/Unity/Projects/Work/FeatherLandNew/Assets/Scripts/UIButtonHoverScale.cs:236)

[SettingButton] 鼠标在按钮区域内: (-17.44, 2.73), 按钮区域: (x:-24.25, y:-24.75, width:48.50, height:49.50)
UnityEngine.DebugLogHandler:Internal_Log(LogType, LogOption, String, Object)
UnityEngine.Logger:Log(LogType, Object)
UnityEngine.Debug:Log(Object)
UIButtonHoverScale:IsMouseOverButton() (at E:/Unity/Projects/Work/FeatherLandNew/Assets/Scripts/UIButtonHoverScale.cs:458)
UIButtonHoverScale:Update() (at E:/Unity/Projects/Work/FeatherLandNew/Assets/Scripts/UIButtonHoverScale.cs:236)

[SettingButton] 鼠标在按钮区域内: (-17.44, 2.73), 按钮区域: (x:-24.25, y:-24.75, width:48.50, height:49.50)
UnityEngine.DebugLogHandler:Internal_Log(LogType, LogOption, String, Object)
UnityEngine.Logger:Log(LogType, Object)
UnityEngine.Debug:Log(Object)
UIButtonHoverScale:IsMouseOverButton() (at E:/Unity/Projects/Work/FeatherLandNew/Assets/Scripts/UIButtonHoverScale.cs:458)
UIButtonHoverScale:Update() (at E:/Unity/Projects/Work/FeatherLandNew/Assets/Scripts/UIButtonHoverScale.cs:236)

[SettingButton] 鼠标在按钮区域内: (-17.44, 2.73), 按钮区域: (x:-24.25, y:-24.75, width:48.50, height:49.50)
UnityEngine.DebugLogHandler:Internal_Log(LogType, LogOption, String, Object)
UnityEngine.Logger:Log(LogType, Object)
UnityEngine.Debug:Log(Object)
UIButtonHoverScale:IsMouseOverButton() (at E:/Unity/Projects/Work/FeatherLandNew/Assets/Scripts/UIButtonHoverScale.cs:458)
UIButtonHoverScale:Update() (at E:/Unity/Projects/Work/FeatherLandNew/Assets/Scripts/UIButtonHoverScale.cs:236)

[SettingButton] 鼠标在按钮区域内: (-17.44, 2.73), 按钮区域: (x:-24.25, y:-24.75, width:48.50, height:49.50)
UnityEngine.DebugLogHandler:Internal_Log(LogType, LogOption, String, Object)
UnityEngine.Logger:Log(LogType, Object)
UnityEngine.Debug:Log(Object)
UIButtonHoverScale:IsMouseOverButton() (at E:/Unity/Projects/Work/FeatherLandNew/Assets/Scripts/UIButtonHoverScale.cs:458)
UIButtonHoverScale:Update() (at E:/Unity/Projects/Work/FeatherLandNew/Assets/Scripts/UIButtonHoverScale.cs:236)

[SettingButton] 鼠标在按钮区域内: (-17.44, 2.73), 按钮区域: (x:-24.25, y:-24.75, width:48.50, height:49.50)
UnityEngine.DebugLogHandler:Internal_Log(LogType, LogOption, String, Object)
UnityEngine.Logger:Log(LogType, Object)
UnityEngine.Debug:Log(Object)
UIButtonHoverScale:IsMouseOverButton() (at E:/Unity/Projects/Work/FeatherLandNew/Assets/Scripts/UIButtonHoverScale.cs:458)
UIButtonHoverScale:Update() (at E:/Unity/Projects/Work/FeatherLandNew/Assets/Scripts/UIButtonHoverScale.cs:236)

[SettingButton] 鼠标在按钮区域内: (-17.44, 2.73), 按钮区域: (x:-24.25, y:-24.75, width:48.50, height:49.50)
UnityEngine.DebugLogHandler:Internal_Log(LogType, LogOption, String, Object)
UnityEngine.Logger:Log(LogType, Object)
UnityEngine.Debug:Log(Object)
UIButtonHoverScale:IsMouseOverButton() (at E:/Unity/Projects/Work/FeatherLandNew/Assets/Scripts/UIButtonHoverScale.cs:458)
UIButtonHoverScale:Update() (at E:/Unity/Projects/Work/FeatherLandNew/Assets/Scripts/UIButtonHoverScale.cs:236)

[SettingButton] 鼠标在按钮区域内: (-17.44, 2.73), 按钮区域: (x:-24.25, y:-24.75, width:48.50, height:49.50)
UnityEngine.DebugLogHandler:Internal_Log(LogType, LogOption, String, Object)
UnityEngine.Logger:Log(LogType, Object)
UnityEngine.Debug:Log(Object)
UIButtonHoverScale:IsMouseOverButton() (at E:/Unity/Projects/Work/FeatherLandNew/Assets/Scripts/UIButtonHoverScale.cs:458)
UIButtonHoverScale:Update() (at E:/Unity/Projects/Work/FeatherLandNew/Assets/Scripts/UIButtonHoverScale.cs:236)

[SettingButton] 鼠标在按钮区域内: (-17.44, 2.73), 按钮区域: (x:-24.25, y:-24.75, width:48.50, height:49.50)
UnityEngine.DebugLogHandler:Internal_Log(LogType, LogOption, String, Object)
UnityEngine.Logger:Log(LogType, Object)
UnityEngine.Debug:Log(Object)
UIButtonHoverScale:IsMouseOverButton() (at E:/Unity/Projects/Work/FeatherLandNew/Assets/Scripts/UIButtonHoverScale.cs:458)
UIButtonHoverScale:Update() (at E:/Unity/Projects/Work/FeatherLandNew/Assets/Scripts/UIButtonHoverScale.cs:236)

[SettingButton] 鼠标在按钮区域内: (-17.44, 1.82), 按钮区域: (x:-24.25, y:-24.75, width:48.50, height:49.50)
UnityEngine.DebugLogHandler:Internal_Log(LogType, LogOption, String, Object)
UnityEngine.Logger:Log(LogType, Object)
UnityEngine.Debug:Log(Object)
UIButtonHoverScale:IsMouseOverButton() (at E:/Unity/Projects/Work/FeatherLandNew/Assets/Scripts/UIButtonHoverScale.cs:458)
UIButtonHoverScale:Update() (at E:/Unity/Projects/Work/FeatherLandNew/Assets/Scripts/UIButtonHoverScale.cs:236)

[SettingButton] 鼠标在按钮区域内: (-17.44, 1.82), 按钮区域: (x:-24.25, y:-24.75, width:48.50, height:49.50)
UnityEngine.DebugLogHandler:Internal_Log(LogType, LogOption, String, Object)
UnityEngine.Logger:Log(LogType, Object)
UnityEngine.Debug:Log(Object)
UIButtonHoverScale:IsMouseOverButton() (at E:/Unity/Projects/Work/FeatherLandNew/Assets/Scripts/UIButtonHoverScale.cs:458)
UIButtonHoverScale:Update() (at E:/Unity/Projects/Work/FeatherLandNew/Assets/Scripts/UIButtonHoverScale.cs:236)

[SettingButton] 鼠标在按钮区域内: (-17.44, 1.82), 按钮区域: (x:-24.25, y:-24.75, width:48.50, height:49.50)
UnityEngine.DebugLogHandler:Internal_Log(LogType, LogOption, String, Object)
UnityEngine.Logger:Log(LogType, Object)
UnityEngine.Debug:Log(Object)
UIButtonHoverScale:IsMouseOverButton() (at E:/Unity/Projects/Work/FeatherLandNew/Assets/Scripts/UIButtonHoverScale.cs:458)
UIButtonHoverScale:Update() (at E:/Unity/Projects/Work/FeatherLandNew/Assets/Scripts/UIButtonHoverScale.cs:236)

[SettingButton] 鼠标在按钮区域内: (-17.44, 0.91), 按钮区域: (x:-24.25, y:-24.75, width:48.50, height:49.50)
UnityEngine.DebugLogHandler:Internal_Log(LogType, LogOption, String, Object)
UnityEngine.Logger:Log(LogType, Object)
UnityEngine.Debug:Log(Object)
UIButtonHoverScale:IsMouseOverButton() (at E:/Unity/Projects/Work/FeatherLandNew/Assets/Scripts/UIButtonHoverScale.cs:458)
UIButtonHoverScale:Update() (at E:/Unity/Projects/Work/FeatherLandNew/Assets/Scripts/UIButtonHoverScale.cs:236)

[SettingButton] 鼠标在按钮区域内: (-17.44, 0.91), 按钮区域: (x:-24.25, y:-24.75, width:48.50, height:49.50)
UnityEngine.DebugLogHandler:Internal_Log(LogType, LogOption, String, Object)
UnityEngine.Logger:Log(LogType, Object)
UnityEngine.Debug:Log(Object)
UIButtonHoverScale:IsMouseOverButton() (at E:/Unity/Projects/Work/FeatherLandNew/Assets/Scripts/UIButtonHoverScale.cs:458)
UIButtonHoverScale:Update() (at E:/Unity/Projects/Work/FeatherLandNew/Assets/Scripts/UIButtonHoverScale.cs:236)

[SettingButton] 鼠标在按钮区域内: (-17.44, 0.00), 按钮区域: (x:-24.25, y:-24.75, width:48.50, height:49.50)
UnityEngine.DebugLogHandler:Internal_Log(LogType, LogOption, String, Object)
UnityEngine.Logger:Log(LogType, Object)
UnityEngine.Debug:Log(Object)
UIButtonHoverScale:IsMouseOverButton() (at E:/Unity/Projects/Work/FeatherLandNew/Assets/Scripts/UIButtonHoverScale.cs:458)
UIButtonHoverScale:Update() (at E:/Unity/Projects/Work/FeatherLandNew/Assets/Scripts/UIButtonHoverScale.cs:236)

[SettingButton] 鼠标在按钮区域内: (-17.44, -0.91), 按钮区域: (x:-24.25, y:-24.75, width:48.50, height:49.50)
UnityEngine.DebugLogHandler:Internal_Log(LogType, LogOption, String, Object)
UnityEngine.Logger:Log(LogType, Object)
UnityEngine.Debug:Log(Object)
UIButtonHoverScale:IsMouseOverButton() (at E:/Unity/Projects/Work/FeatherLandNew/Assets/Scripts/UIButtonHoverScale.cs:458)
UIButtonHoverScale:Update() (at E:/Unity/Projects/Work/FeatherLandNew/Assets/Scripts/UIButtonHoverScale.cs:236)

[SettingButton] 鼠标在按钮区域内: (-17.44, -0.91), 按钮区域: (x:-24.25, y:-24.75, width:48.50, height:49.50)
UnityEngine.DebugLogHandler:Internal_Log(LogType, LogOption, String, Object)
UnityEngine.Logger:Log(LogType, Object)
UnityEngine.Debug:Log(Object)
UIButtonHoverScale:IsMouseOverButton() (at E:/Unity/Projects/Work/FeatherLandNew/Assets/Scripts/UIButtonHoverScale.cs:458)
UIButtonHoverScale:Update() (at E:/Unity/Projects/Work/FeatherLandNew/Assets/Scripts/UIButtonHoverScale.cs:236)

[SettingButton] 鼠标在按钮区域内: (-17.44, -0.91), 按钮区域: (x:-24.25, y:-24.75, width:48.50, height:49.50)
UnityEngine.DebugLogHandler:Internal_Log(LogType, LogOption, String, Object)
UnityEngine.Logger:Log(LogType, Object)
UnityEngine.Debug:Log(Object)
UIButtonHoverScale:IsMouseOverButton() (at E:/Unity/Projects/Work/FeatherLandNew/Assets/Scripts/UIButtonHoverScale.cs:458)
UIButtonHoverScale:Update() (at E:/Unity/Projects/Work/FeatherLandNew/Assets/Scripts/UIButtonHoverScale.cs:236)

[SettingButton] 鼠标在按钮区域内: (-17.44, -0.91), 按钮区域: (x:-24.25, y:-24.75, width:48.50, height:49.50)
UnityEngine.DebugLogHandler:Internal_Log(LogType, LogOption, String, Object)
UnityEngine.Logger:Log(LogType, Object)
UnityEngine.Debug:Log(Object)
UIButtonHoverScale:IsMouseOverButton() (at E:/Unity/Projects/Work/FeatherLandNew/Assets/Scripts/UIButtonHoverScale.cs:458)
UIButtonHoverScale:Update() (at E:/Unity/Projects/Work/FeatherLandNew/Assets/Scripts/UIButtonHoverScale.cs:236)

[SettingButton] 鼠标在按钮区域内: (-17.44, -0.91), 按钮区域: (x:-24.25, y:-24.75, width:48.50, height:49.50)
UnityEngine.DebugLogHandler:Internal_Log(LogType, LogOption, String, Object)
UnityEngine.Logger:Log(LogType, Object)
UnityEngine.Debug:Log(Object)
UIButtonHoverScale:IsMouseOverButton() (at E:/Unity/Projects/Work/FeatherLandNew/Assets/Scripts/UIButtonHoverScale.cs:458)
UIButtonHoverScale:Update() (at E:/Unity/Projects/Work/FeatherLandNew/Assets/Scripts/UIButtonHoverScale.cs:236)

[SettingButton] 鼠标在按钮区域内: (-16.53, -0.91), 按钮区域: (x:-24.25, y:-24.75, width:48.50, height:49.50)
UnityEngine.DebugLogHandler:Internal_Log(LogType, LogOption, String, Object)
UnityEngine.Logger:Log(LogType, Object)
UnityEngine.Debug:Log(Object)
UIButtonHoverScale:IsMouseOverButton() (at E:/Unity/Projects/Work/FeatherLandNew/Assets/Scripts/UIButtonHoverScale.cs:458)
UIButtonHoverScale:Update() (at E:/Unity/Projects/Work/FeatherLandNew/Assets/Scripts/UIButtonHoverScale.cs:236)

[SettingButton] 鼠标在按钮区域内: (-16.53, -0.91), 按钮区域: (x:-24.25, y:-24.75, width:48.50, height:49.50)
UnityEngine.DebugLogHandler:Internal_Log(LogType, LogOption, String, Object)
UnityEngine.Logger:Log(LogType, Object)
UnityEngine.Debug:Log(Object)
UIButtonHoverScale:IsMouseOverButton() (at E:/Unity/Projects/Work/FeatherLandNew/Assets/Scripts/UIButtonHoverScale.cs:458)
UIButtonHoverScale:Update() (at E:/Unity/Projects/Work/FeatherLandNew/Assets/Scripts/UIButtonHoverScale.cs:236)

[SettingButton] 鼠标在按钮区域内: (-16.53, -1.81), 按钮区域: (x:-24.25, y:-24.75, width:48.50, height:49.50)
UnityEngine.DebugLogHandler:Internal_Log(LogType, LogOption, String, Object)
UnityEngine.Logger:Log(LogType, Object)
UnityEngine.Debug:Log(Object)
UIButtonHoverScale:IsMouseOverButton() (at E:/Unity/Projects/Work/FeatherLandNew/Assets/Scripts/UIButtonHoverScale.cs:458)
UIButtonHoverScale:Update() (at E:/Unity/Projects/Work/FeatherLandNew/Assets/Scripts/UIButtonHoverScale.cs:236)

[SettingButton] 鼠标在按钮区域内: (-16.53, -2.72), 按钮区域: (x:-24.25, y:-24.75, width:48.50, height:49.50)
UnityEngine.DebugLogHandler:Internal_Log(LogType, LogOption, String, Object)
UnityEngine.Logger:Log(LogType, Object)
UnityEngine.Debug:Log(Object)
UIButtonHoverScale:IsMouseOverButton() (at E:/Unity/Projects/Work/FeatherLandNew/Assets/Scripts/UIButtonHoverScale.cs:458)
UIButtonHoverScale:Update() (at E:/Unity/Projects/Work/FeatherLandNew/Assets/Scripts/UIButtonHoverScale.cs:236)

[SettingButton] 鼠标在按钮区域内: (-16.53, -2.72), 按钮区域: (x:-24.25, y:-24.75, width:48.50, height:49.50)
UnityEngine.DebugLogHandler:Internal_Log(LogType, LogOption, String, Object)
UnityEngine.Logger:Log(LogType, Object)
UnityEngine.Debug:Log(Object)
UIButtonHoverScale:IsMouseOverButton() (at E:/Unity/Projects/Work/FeatherLandNew/Assets/Scripts/UIButtonHoverScale.cs:458)
UIButtonHoverScale:Update() (at E:/Unity/Projects/Work/FeatherLandNew/Assets/Scripts/UIButtonHoverScale.cs:236)

[SettingButton] 鼠标在按钮区域内: (-16.53, -3.63), 按钮区域: (x:-24.25, y:-24.75, width:48.50, height:49.50)
UnityEngine.DebugLogHandler:Internal_Log(LogType, LogOption, String, Object)
UnityEngine.Logger:Log(LogType, Object)
UnityEngine.Debug:Log(Object)
UIButtonHoverScale:IsMouseOverButton() (at E:/Unity/Projects/Work/FeatherLandNew/Assets/Scripts/UIButtonHoverScale.cs:458)
UIButtonHoverScale:Update() (at E:/Unity/Projects/Work/FeatherLandNew/Assets/Scripts/UIButtonHoverScale.cs:236)

[SettingButton] 鼠标在按钮区域内: (-16.53, -3.63), 按钮区域: (x:-24.25, y:-24.75, width:48.50, height:49.50)
UnityEngine.DebugLogHandler:Internal_Log(LogType, LogOption, String, Object)
UnityEngine.Logger:Log(LogType, Object)
UnityEngine.Debug:Log(Object)
UIButtonHoverScale:IsMouseOverButton() (at E:/Unity/Projects/Work/FeatherLandNew/Assets/Scripts/UIButtonHoverScale.cs:458)
UIButtonHoverScale:Update() (at E:/Unity/Projects/Work/FeatherLandNew/Assets/Scripts/UIButtonHoverScale.cs:236)

[SettingButton] 鼠标在按钮区域内: (-16.53, -4.54), 按钮区域: (x:-24.25, y:-24.75, width:48.50, height:49.50)
UnityEngine.DebugLogHandler:Internal_Log(LogType, LogOption, String, Object)
UnityEngine.Logger:Log(LogType, Object)
UnityEngine.Debug:Log(Object)
UIButtonHoverScale:IsMouseOverButton() (at E:/Unity/Projects/Work/FeatherLandNew/Assets/Scripts/UIButtonHoverScale.cs:458)
UIButtonHoverScale:Update() (at E:/Unity/Projects/Work/FeatherLandNew/Assets/Scripts/UIButtonHoverScale.cs:236)

[SettingButton] 鼠标在按钮区域内: (-16.53, -4.54), 按钮区域: (x:-24.25, y:-24.75, width:48.50, height:49.50)
UnityEngine.DebugLogHandler:Internal_Log(LogType, LogOption, String, Object)
UnityEngine.Logger:Log(LogType, Object)
UnityEngine.Debug:Log(Object)
UIButtonHoverScale:IsMouseOverButton() (at E:/Unity/Projects/Work/FeatherLandNew/Assets/Scripts/UIButtonHoverScale.cs:458)
UIButtonHoverScale:Update() (at E:/Unity/Projects/Work/FeatherLandNew/Assets/Scripts/UIButtonHoverScale.cs:236)

[SettingButton] 鼠标在按钮区域内: (-16.53, -5.45), 按钮区域: (x:-24.25, y:-24.75, width:48.50, height:49.50)
UnityEngine.DebugLogHandler:Internal_Log(LogType, LogOption, String, Object)
UnityEngine.Logger:Log(LogType, Object)
UnityEngine.Debug:Log(Object)
UIButtonHoverScale:IsMouseOverButton() (at E:/Unity/Projects/Work/FeatherLandNew/Assets/Scripts/UIButtonHoverScale.cs:458)
UIButtonHoverScale:Update() (at E:/Unity/Projects/Work/FeatherLandNew/Assets/Scripts/UIButtonHoverScale.cs:236)

[SettingButton] 鼠标在按钮区域内: (-16.53, -5.45), 按钮区域: (x:-24.25, y:-24.75, width:48.50, height:49.50)
UnityEngine.DebugLogHandler:Internal_Log(LogType, LogOption, String, Object)
UnityEngine.Logger:Log(LogType, Object)
UnityEngine.Debug:Log(Object)
UIButtonHoverScale:IsMouseOverButton() (at E:/Unity/Projects/Work/FeatherLandNew/Assets/Scripts/UIButtonHoverScale.cs:458)
UIButtonHoverScale:Update() (at E:/Unity/Projects/Work/FeatherLandNew/Assets/Scripts/UIButtonHoverScale.cs:236)

[SettingButton] 鼠标在按钮区域内: (-16.53, -5.45), 按钮区域: (x:-24.25, y:-24.75, width:48.50, height:49.50)
UnityEngine.DebugLogHandler:Internal_Log(LogType, LogOption, String, Object)
UnityEngine.Logger:Log(LogType, Object)
UnityEngine.Debug:Log(Object)
UIButtonHoverScale:IsMouseOverButton() (at E:/Unity/Projects/Work/FeatherLandNew/Assets/Scripts/UIButtonHoverScale.cs:458)
UIButtonHoverScale:Update() (at E:/Unity/Projects/Work/FeatherLandNew/Assets/Scripts/UIButtonHoverScale.cs:236)

[SettingButton] 鼠标在按钮区域内: (-16.53, -5.45), 按钮区域: (x:-24.25, y:-24.75, width:48.50, height:49.50)
UnityEngine.DebugLogHandler:Internal_Log(LogType, LogOption, String, Object)
UnityEngine.Logger:Log(LogType, Object)
UnityEngine.Debug:Log(Object)
UIButtonHoverScale:IsMouseOverButton() (at E:/Unity/Projects/Work/FeatherLandNew/Assets/Scripts/UIButtonHoverScale.cs:458)
UIButtonHoverScale:Update() (at E:/Unity/Projects/Work/FeatherLandNew/Assets/Scripts/UIButtonHoverScale.cs:236)

[SettingButton] 鼠标在按钮区域内: (-16.53, -5.45), 按钮区域: (x:-24.25, y:-24.75, width:48.50, height:49.50)
UnityEngine.DebugLogHandler:Internal_Log(LogType, LogOption, String, Object)
UnityEngine.Logger:Log(LogType, Object)
UnityEngine.Debug:Log(Object)
UIButtonHoverScale:IsMouseOverButton() (at E:/Unity/Projects/Work/FeatherLandNew/Assets/Scripts/UIButtonHoverScale.cs:458)
UIButtonHoverScale:Update() (at E:/Unity/Projects/Work/FeatherLandNew/Assets/Scripts/UIButtonHoverScale.cs:236)

[SettingButton] 鼠标在按钮区域内: (-16.53, -5.45), 按钮区域: (x:-24.25, y:-24.75, width:48.50, height:49.50)
UnityEngine.DebugLogHandler:Internal_Log(LogType, LogOption, String, Object)
UnityEngine.Logger:Log(LogType, Object)
UnityEngine.Debug:Log(Object)
UIButtonHoverScale:IsMouseOverButton() (at E:/Unity/Projects/Work/FeatherLandNew/Assets/Scripts/UIButtonHoverScale.cs:458)
UIButtonHoverScale:Update() (at E:/Unity/Projects/Work/FeatherLandNew/Assets/Scripts/UIButtonHoverScale.cs:236)

[SettingButton] 鼠标在按钮区域内: (-16.53, -5.45), 按钮区域: (x:-24.25, y:-24.75, width:48.50, height:49.50)
UnityEngine.DebugLogHandler:Internal_Log(LogType, LogOption, String, Object)
UnityEngine.Logger:Log(LogType, Object)
UnityEngine.Debug:Log(Object)
UIButtonHoverScale:IsMouseOverButton() (at E:/Unity/Projects/Work/FeatherLandNew/Assets/Scripts/UIButtonHoverScale.cs:458)
UIButtonHoverScale:Update() (at E:/Unity/Projects/Work/FeatherLandNew/Assets/Scripts/UIButtonHoverScale.cs:236)

[SettingButton] 鼠标在按钮区域内: (-16.53, -5.45), 按钮区域: (x:-24.25, y:-24.75, width:48.50, height:49.50)
UnityEngine.DebugLogHandler:Internal_Log(LogType, LogOption, String, Object)
UnityEngine.Logger:Log(LogType, Object)
UnityEngine.Debug:Log(Object)
UIButtonHoverScale:IsMouseOverButton() (at E:/Unity/Projects/Work/FeatherLandNew/Assets/Scripts/UIButtonHoverScale.cs:458)
UIButtonHoverScale:Update() (at E:/Unity/Projects/Work/FeatherLandNew/Assets/Scripts/UIButtonHoverScale.cs:236)

[SettingButton] 鼠标在按钮区域内: (-16.53, -5.45), 按钮区域: (x:-24.25, y:-24.75, width:48.50, height:49.50)
UnityEngine.DebugLogHandler:Internal_Log(LogType, LogOption, String, Object)
UnityEngine.Logger:Log(LogType, Object)
UnityEngine.Debug:Log(Object)
UIButtonHoverScale:IsMouseOverButton() (at E:/Unity/Projects/Work/FeatherLandNew/Assets/Scripts/UIButtonHoverScale.cs:458)
UIButtonHoverScale:Update() (at E:/Unity/Projects/Work/FeatherLandNew/Assets/Scripts/UIButtonHoverScale.cs:236)

[SettingButton] 鼠标在按钮区域内: (-16.53, -5.45), 按钮区域: (x:-24.25, y:-24.75, width:48.50, height:49.50)
UnityEngine.DebugLogHandler:Internal_Log(LogType, LogOption, String, Object)
UnityEngine.Logger:Log(LogType, Object)
UnityEngine.Debug:Log(Object)
UIButtonHoverScale:IsMouseOverButton() (at E:/Unity/Projects/Work/FeatherLandNew/Assets/Scripts/UIButtonHoverScale.cs:458)
UIButtonHoverScale:Update() (at E:/Unity/Projects/Work/FeatherLandNew/Assets/Scripts/UIButtonHoverScale.cs:236)

[SettingButton] 鼠标在按钮区域内: (-15.62, -5.45), 按钮区域: (x:-24.25, y:-24.75, width:48.50, height:49.50)
UnityEngine.DebugLogHandler:Internal_Log(LogType, LogOption, String, Object)
UnityEngine.Logger:Log(LogType, Object)
UnityEngine.Debug:Log(Object)
UIButtonHoverScale:IsMouseOverButton() (at E:/Unity/Projects/Work/FeatherLandNew/Assets/Scripts/UIButtonHoverScale.cs:458)
UIButtonHoverScale:Update() (at E:/Unity/Projects/Work/FeatherLandNew/Assets/Scripts/UIButtonHoverScale.cs:236)

[SettingButton] 鼠标在按钮区域内: (-15.62, -5.45), 按钮区域: (x:-24.25, y:-24.75, width:48.50, height:49.50)
UnityEngine.DebugLogHandler:Internal_Log(LogType, LogOption, String, Object)
UnityEngine.Logger:Log(LogType, Object)
UnityEngine.Debug:Log(Object)
UIButtonHoverScale:IsMouseOverButton() (at E:/Unity/Projects/Work/FeatherLandNew/Assets/Scripts/UIButtonHoverScale.cs:458)
UIButtonHoverScale:Update() (at E:/Unity/Projects/Work/FeatherLandNew/Assets/Scripts/UIButtonHoverScale.cs:236)

[SettingButton] 鼠标在按钮区域内: (-15.62, -5.45), 按钮区域: (x:-24.25, y:-24.75, width:48.50, height:49.50)
UnityEngine.DebugLogHandler:Internal_Log(LogType, LogOption, String, Object)
UnityEngine.Logger:Log(LogType, Object)
UnityEngine.Debug:Log(Object)
UIButtonHoverScale:IsMouseOverButton() (at E:/Unity/Projects/Work/FeatherLandNew/Assets/Scripts/UIButtonHoverScale.cs:458)
UIButtonHoverScale:Update() (at E:/Unity/Projects/Work/FeatherLandNew/Assets/Scripts/UIButtonHoverScale.cs:236)

[SettingButton] 鼠标在按钮区域内: (-15.62, -6.36), 按钮区域: (x:-24.25, y:-24.75, width:48.50, height:49.50)
UnityEngine.DebugLogHandler:Internal_Log(LogType, LogOption, String, Object)
UnityEngine.Logger:Log(LogType, Object)
UnityEngine.Debug:Log(Object)
UIButtonHoverScale:IsMouseOverButton() (at E:/Unity/Projects/Work/FeatherLandNew/Assets/Scripts/UIButtonHoverScale.cs:458)
UIButtonHoverScale:Update() (at E:/Unity/Projects/Work/FeatherLandNew/Assets/Scripts/UIButtonHoverScale.cs:236)

[SettingButton] 鼠标在按钮区域内: (-15.62, -6.36), 按钮区域: (x:-24.25, y:-24.75, width:48.50, height:49.50)
UnityEngine.DebugLogHandler:Internal_Log(LogType, LogOption, String, Object)
UnityEngine.Logger:Log(LogType, Object)
UnityEngine.Debug:Log(Object)
UIButtonHoverScale:IsMouseOverButton() (at E:/Unity/Projects/Work/FeatherLandNew/Assets/Scripts/UIButtonHoverScale.cs:458)
UIButtonHoverScale:Update() (at E:/Unity/Projects/Work/FeatherLandNew/Assets/Scripts/UIButtonHoverScale.cs:236)

[SettingButton] 鼠标在按钮区域内: (-15.62, -6.36), 按钮区域: (x:-24.25, y:-24.75, width:48.50, height:49.50)
UnityEngine.DebugLogHandler:Internal_Log(LogType, LogOption, String, Object)
UnityEngine.Logger:Log(LogType, Object)
UnityEngine.Debug:Log(Object)
UIButtonHoverScale:IsMouseOverButton() (at E:/Unity/Projects/Work/FeatherLandNew/Assets/Scripts/UIButtonHoverScale.cs:458)
UIButtonHoverScale:Update() (at E:/Unity/Projects/Work/FeatherLandNew/Assets/Scripts/UIButtonHoverScale.cs:236)

[SettingButton] 鼠标在按钮区域内: (-14.71, -6.36), 按钮区域: (x:-24.25, y:-24.75, width:48.50, height:49.50)
UnityEngine.DebugLogHandler:Internal_Log(LogType, LogOption, String, Object)
UnityEngine.Logger:Log(LogType, Object)
UnityEngine.Debug:Log(Object)
UIButtonHoverScale:IsMouseOverButton() (at E:/Unity/Projects/Work/FeatherLandNew/Assets/Scripts/UIButtonHoverScale.cs:458)
UIButtonHoverScale:Update() (at E:/Unity/Projects/Work/FeatherLandNew/Assets/Scripts/UIButtonHoverScale.cs:236)

[SettingButton] 鼠标在按钮区域内: (-13.80, -6.36), 按钮区域: (x:-24.25, y:-24.75, width:48.50, height:49.50)
UnityEngine.DebugLogHandler:Internal_Log(LogType, LogOption, String, Object)
UnityEngine.Logger:Log(LogType, Object)
UnityEngine.Debug:Log(Object)
UIButtonHoverScale:IsMouseOverButton() (at E:/Unity/Projects/Work/FeatherLandNew/Assets/Scripts/UIButtonHoverScale.cs:458)
UIButtonHoverScale:Update() (at E:/Unity/Projects/Work/FeatherLandNew/Assets/Scripts/UIButtonHoverScale.cs:236)

[SettingButton] 鼠标在按钮区域内: (-13.80, -6.36), 按钮区域: (x:-24.25, y:-24.75, width:48.50, height:49.50)
UnityEngine.DebugLogHandler:Internal_Log(LogType, LogOption, String, Object)
UnityEngine.Logger:Log(LogType, Object)
UnityEngine.Debug:Log(Object)
UIButtonHoverScale:IsMouseOverButton() (at E:/Unity/Projects/Work/FeatherLandNew/Assets/Scripts/UIButtonHoverScale.cs:458)
UIButtonHoverScale:Update() (at E:/Unity/Projects/Work/FeatherLandNew/Assets/Scripts/UIButtonHoverScale.cs:236)

[SettingButton] 鼠标在按钮区域内: (-13.80, -6.36), 按钮区域: (x:-24.25, y:-24.75, width:48.50, height:49.50)
UnityEngine.DebugLogHandler:Internal_Log(LogType, LogOption, String, Object)
UnityEngine.Logger:Log(LogType, Object)
UnityEngine.Debug:Log(Object)
UIButtonHoverScale:IsMouseOverButton() (at E:/Unity/Projects/Work/FeatherLandNew/Assets/Scripts/UIButtonHoverScale.cs:458)
UIButtonHoverScale:Update() (at E:/Unity/Projects/Work/FeatherLandNew/Assets/Scripts/UIButtonHoverScale.cs:236)

[SettingButton] 鼠标在按钮区域内: (-13.80, -6.36), 按钮区域: (x:-24.25, y:-24.75, width:48.50, height:49.50)
UnityEngine.DebugLogHandler:Internal_Log(LogType, LogOption, String, Object)
UnityEngine.Logger:Log(LogType, Object)
UnityEngine.Debug:Log(Object)
UIButtonHoverScale:IsMouseOverButton() (at E:/Unity/Projects/Work/FeatherLandNew/Assets/Scripts/UIButtonHoverScale.cs:458)
UIButtonHoverScale:Update() (at E:/Unity/Projects/Work/FeatherLandNew/Assets/Scripts/UIButtonHoverScale.cs:236)

[SettingButton] 鼠标在按钮区域内: (-13.80, -6.36), 按钮区域: (x:-24.25, y:-24.75, width:48.50, height:49.50)
UnityEngine.DebugLogHandler:Internal_Log(LogType, LogOption, String, Object)
UnityEngine.Logger:Log(LogType, Object)
UnityEngine.Debug:Log(Object)
UIButtonHoverScale:IsMouseOverButton() (at E:/Unity/Projects/Work/FeatherLandNew/Assets/Scripts/UIButtonHoverScale.cs:458)
UIButtonHoverScale:Update() (at E:/Unity/Projects/Work/FeatherLandNew/Assets/Scripts/UIButtonHoverScale.cs:236)

[SettingButton] 鼠标在按钮区域内: (-13.80, -6.36), 按钮区域: (x:-24.25, y:-24.75, width:48.50, height:49.50)
UnityEngine.DebugLogHandler:Internal_Log(LogType, LogOption, String, Object)
UnityEngine.Logger:Log(LogType, Object)
UnityEngine.Debug:Log(Object)
UIButtonHoverScale:IsMouseOverButton() (at E:/Unity/Projects/Work/FeatherLandNew/Assets/Scripts/UIButtonHoverScale.cs:458)
UIButtonHoverScale:Update() (at E:/Unity/Projects/Work/FeatherLandNew/Assets/Scripts/UIButtonHoverScale.cs:236)

[SettingButton] 鼠标在按钮区域内: (-12.89, -6.36), 按钮区域: (x:-24.25, y:-24.75, width:48.50, height:49.50)
UnityEngine.DebugLogHandler:Internal_Log(LogType, LogOption, String, Object)
UnityEngine.Logger:Log(LogType, Object)
UnityEngine.Debug:Log(Object)
UIButtonHoverScale:IsMouseOverButton() (at E:/Unity/Projects/Work/FeatherLandNew/Assets/Scripts/UIButtonHoverScale.cs:458)
UIButtonHoverScale:Update() (at E:/Unity/Projects/Work/FeatherLandNew/Assets/Scripts/UIButtonHoverScale.cs:236)

[SettingButton] 鼠标在按钮区域内: (-12.89, -7.27), 按钮区域: (x:-24.25, y:-24.75, width:48.50, height:49.50)
UnityEngine.DebugLogHandler:Internal_Log(LogType, LogOption, String, Object)
UnityEngine.Logger:Log(LogType, Object)
UnityEngine.Debug:Log(Object)
UIButtonHoverScale:IsMouseOverButton() (at E:/Unity/Projects/Work/FeatherLandNew/Assets/Scripts/UIButtonHoverScale.cs:458)
UIButtonHoverScale:Update() (at E:/Unity/Projects/Work/FeatherLandNew/Assets/Scripts/UIButtonHoverScale.cs:236)

[SettingButton] 鼠标在按钮区域内: (-12.89, -7.27), 按钮区域: (x:-24.25, y:-24.75, width:48.50, height:49.50)
UnityEngine.DebugLogHandler:Internal_Log(LogType, LogOption, String, Object)
UnityEngine.Logger:Log(LogType, Object)
UnityEngine.Debug:Log(Object)
UIButtonHoverScale:IsMouseOverButton() (at E:/Unity/Projects/Work/FeatherLandNew/Assets/Scripts/UIButtonHoverScale.cs:458)
UIButtonHoverScale:Update() (at E:/Unity/Projects/Work/FeatherLandNew/Assets/Scripts/UIButtonHoverScale.cs:236)

[SettingButton] 鼠标在按钮区域内: (-12.89, -8.18), 按钮区域: (x:-24.25, y:-24.75, width:48.50, height:49.50)
UnityEngine.DebugLogHandler:Internal_Log(LogType, LogOption, String, Object)
UnityEngine.Logger:Log(LogType, Object)
UnityEngine.Debug:Log(Object)
UIButtonHoverScale:IsMouseOverButton() (at E:/Unity/Projects/Work/FeatherLandNew/Assets/Scripts/UIButtonHoverScale.cs:458)
UIButtonHoverScale:Update() (at E:/Unity/Projects/Work/FeatherLandNew/Assets/Scripts/UIButtonHoverScale.cs:236)

[SettingButton] 鼠标在按钮区域内: (-12.89, -8.18), 按钮区域: (x:-24.25, y:-24.75, width:48.50, height:49.50)
UnityEngine.DebugLogHandler:Internal_Log(LogType, LogOption, String, Object)
UnityEngine.Logger:Log(LogType, Object)
UnityEngine.Debug:Log(Object)
UIButtonHoverScale:IsMouseOverButton() (at E:/Unity/Projects/Work/FeatherLandNew/Assets/Scripts/UIButtonHoverScale.cs:458)
UIButtonHoverScale:Update() (at E:/Unity/Projects/Work/FeatherLandNew/Assets/Scripts/UIButtonHoverScale.cs:236)

[SettingButton] 鼠标在按钮区域内: (-12.89, -8.18), 按钮区域: (x:-24.25, y:-24.75, width:48.50, height:49.50)
UnityEngine.DebugLogHandler:Internal_Log(LogType, LogOption, String, Object)
UnityEngine.Logger:Log(LogType, Object)
UnityEngine.Debug:Log(Object)
UIButtonHoverScale:IsMouseOverButton() (at E:/Unity/Projects/Work/FeatherLandNew/Assets/Scripts/UIButtonHoverScale.cs:458)
UIButtonHoverScale:Update() (at E:/Unity/Projects/Work/FeatherLandNew/Assets/Scripts/UIButtonHoverScale.cs:236)

[SettingButton] 鼠标在按钮区域内: (-12.89, -8.18), 按钮区域: (x:-24.25, y:-24.75, width:48.50, height:49.50)
UnityEngine.DebugLogHandler:Internal_Log(LogType, LogOption, String, Object)
UnityEngine.Logger:Log(LogType, Object)
UnityEngine.Debug:Log(Object)
UIButtonHoverScale:IsMouseOverButton() (at E:/Unity/Projects/Work/FeatherLandNew/Assets/Scripts/UIButtonHoverScale.cs:458)
UIButtonHoverScale:Update() (at E:/Unity/Projects/Work/FeatherLandNew/Assets/Scripts/UIButtonHoverScale.cs:236)

[SettingButton] 鼠标在按钮区域内: (-12.89, -8.18), 按钮区域: (x:-24.25, y:-24.75, width:48.50, height:49.50)
UnityEngine.DebugLogHandler:Internal_Log(LogType, LogOption, String, Object)
UnityEngine.Logger:Log(LogType, Object)
UnityEngine.Debug:Log(Object)
UIButtonHoverScale:IsMouseOverButton() (at E:/Unity/Projects/Work/FeatherLandNew/Assets/Scripts/UIButtonHoverScale.cs:458)
UIButtonHoverScale:Update() (at E:/Unity/Projects/Work/FeatherLandNew/Assets/Scripts/UIButtonHoverScale.cs:236)

[SettingButton] 鼠标在按钮区域内: (-12.89, -8.18), 按钮区域: (x:-24.25, y:-24.75, width:48.50, height:49.50)
UnityEngine.DebugLogHandler:Internal_Log(LogType, LogOption, String, Object)
UnityEngine.Logger:Log(LogType, Object)
UnityEngine.Debug:Log(Object)
UIButtonHoverScale:IsMouseOverButton() (at E:/Unity/Projects/Work/FeatherLandNew/Assets/Scripts/UIButtonHoverScale.cs:458)
UIButtonHoverScale:Update() (at E:/Unity/Projects/Work/FeatherLandNew/Assets/Scripts/UIButtonHoverScale.cs:236)

[SettingButton] 鼠标在按钮区域内: (-12.89, -8.18), 按钮区域: (x:-24.25, y:-24.75, width:48.50, height:49.50)
UnityEngine.DebugLogHandler:Internal_Log(LogType, LogOption, String, Object)
UnityEngine.Logger:Log(LogType, Object)
UnityEngine.Debug:Log(Object)
UIButtonHoverScale:IsMouseOverButton() (at E:/Unity/Projects/Work/FeatherLandNew/Assets/Scripts/UIButtonHoverScale.cs:458)
UIButtonHoverScale:Update() (at E:/Unity/Projects/Work/FeatherLandNew/Assets/Scripts/UIButtonHoverScale.cs:236)

[SettingButton] 鼠标在按钮区域内: (-12.89, -8.18), 按钮区域: (x:-24.25, y:-24.75, width:48.50, height:49.50)
UnityEngine.DebugLogHandler:Internal_Log(LogType, LogOption, String, Object)
UnityEngine.Logger:Log(LogType, Object)
UnityEngine.Debug:Log(Object)
UIButtonHoverScale:IsMouseOverButton() (at E:/Unity/Projects/Work/FeatherLandNew/Assets/Scripts/UIButtonHoverScale.cs:458)
UIButtonHoverScale:Update() (at E:/Unity/Projects/Work/FeatherLandNew/Assets/Scripts/UIButtonHoverScale.cs:236)

[SettingButton] 鼠标在按钮区域内: (-12.89, -8.18), 按钮区域: (x:-24.25, y:-24.75, width:48.50, height:49.50)
UnityEngine.DebugLogHandler:Internal_Log(LogType, LogOption, String, Object)
UnityEngine.Logger:Log(LogType, Object)
UnityEngine.Debug:Log(Object)
UIButtonHoverScale:IsMouseOverButton() (at E:/Unity/Projects/Work/FeatherLandNew/Assets/Scripts/UIButtonHoverScale.cs:458)
UIButtonHoverScale:Update() (at E:/Unity/Projects/Work/FeatherLandNew/Assets/Scripts/UIButtonHoverScale.cs:236)

[SettingButton] 鼠标在按钮区域内: (-12.89, -8.18), 按钮区域: (x:-24.25, y:-24.75, width:48.50, height:49.50)
UnityEngine.DebugLogHandler:Internal_Log(LogType, LogOption, String, Object)
UnityEngine.Logger:Log(LogType, Object)
UnityEngine.Debug:Log(Object)
UIButtonHoverScale:IsMouseOverButton() (at E:/Unity/Projects/Work/FeatherLandNew/Assets/Scripts/UIButtonHoverScale.cs:458)
UIButtonHoverScale:Update() (at E:/Unity/Projects/Work/FeatherLandNew/Assets/Scripts/UIButtonHoverScale.cs:236)

[SettingButton] 鼠标在按钮区域内: (-12.89, -8.18), 按钮区域: (x:-24.25, y:-24.75, width:48.50, height:49.50)
UnityEngine.DebugLogHandler:Internal_Log(LogType, LogOption, String, Object)
UnityEngine.Logger:Log(LogType, Object)
UnityEngine.Debug:Log(Object)
UIButtonHoverScale:IsMouseOverButton() (at E:/Unity/Projects/Work/FeatherLandNew/Assets/Scripts/UIButtonHoverScale.cs:458)
UIButtonHoverScale:Update() (at E:/Unity/Projects/Work/FeatherLandNew/Assets/Scripts/UIButtonHoverScale.cs:236)

[SettingButton] 鼠标在按钮区域内: (-12.89, -8.18), 按钮区域: (x:-24.25, y:-24.75, width:48.50, height:49.50)
UnityEngine.DebugLogHandler:Internal_Log(LogType, LogOption, String, Object)
UnityEngine.Logger:Log(LogType, Object)
UnityEngine.Debug:Log(Object)
UIButtonHoverScale:IsMouseOverButton() (at E:/Unity/Projects/Work/FeatherLandNew/Assets/Scripts/UIButtonHoverScale.cs:458)
UIButtonHoverScale:Update() (at E:/Unity/Projects/Work/FeatherLandNew/Assets/Scripts/UIButtonHoverScale.cs:236)

[SettingButton] 鼠标在按钮区域内: (-12.89, -8.18), 按钮区域: (x:-24.25, y:-24.75, width:48.50, height:49.50)
UnityEngine.DebugLogHandler:Internal_Log(LogType, LogOption, String, Object)
UnityEngine.Logger:Log(LogType, Object)
UnityEngine.Debug:Log(Object)
UIButtonHoverScale:IsMouseOverButton() (at E:/Unity/Projects/Work/FeatherLandNew/Assets/Scripts/UIButtonHoverScale.cs:458)
UIButtonHoverScale:Update() (at E:/Unity/Projects/Work/FeatherLandNew/Assets/Scripts/UIButtonHoverScale.cs:236)

[SettingButton] 鼠标在按钮区域内: (-12.89, -8.18), 按钮区域: (x:-24.25, y:-24.75, width:48.50, height:49.50)
UnityEngine.DebugLogHandler:Internal_Log(LogType, LogOption, String, Object)
UnityEngine.Logger:Log(LogType, Object)
UnityEngine.Debug:Log(Object)
UIButtonHoverScale:IsMouseOverButton() (at E:/Unity/Projects/Work/FeatherLandNew/Assets/Scripts/UIButtonHoverScale.cs:458)
UIButtonHoverScale:Update() (at E:/Unity/Projects/Work/FeatherLandNew/Assets/Scripts/UIButtonHoverScale.cs:236)

[SettingButton] 鼠标在按钮区域内: (-12.89, -8.18), 按钮区域: (x:-24.25, y:-24.75, width:48.50, height:49.50)
UnityEngine.DebugLogHandler:Internal_Log(LogType, LogOption, String, Object)
UnityEngine.Logger:Log(LogType, Object)
UnityEngine.Debug:Log(Object)
UIButtonHoverScale:IsMouseOverButton() (at E:/Unity/Projects/Work/FeatherLandNew/Assets/Scripts/UIButtonHoverScale.cs:458)
UIButtonHoverScale:Update() (at E:/Unity/Projects/Work/FeatherLandNew/Assets/Scripts/UIButtonHoverScale.cs:236)

[SettingButton] 鼠标在按钮区域内: (-12.89, -8.18), 按钮区域: (x:-24.25, y:-24.75, width:48.50, height:49.50)
UnityEngine.DebugLogHandler:Internal_Log(LogType, LogOption, String, Object)
UnityEngine.Logger:Log(LogType, Object)
UnityEngine.Debug:Log(Object)
UIButtonHoverScale:IsMouseOverButton() (at E:/Unity/Projects/Work/FeatherLandNew/Assets/Scripts/UIButtonHoverScale.cs:458)
UIButtonHoverScale:Update() (at E:/Unity/Projects/Work/FeatherLandNew/Assets/Scripts/UIButtonHoverScale.cs:236)

[SettingButton] 鼠标在按钮区域内: (-12.89, -8.18), 按钮区域: (x:-24.25, y:-24.75, width:48.50, height:49.50)
UnityEngine.DebugLogHandler:Internal_Log(LogType, LogOption, String, Object)
UnityEngine.Logger:Log(LogType, Object)
UnityEngine.Debug:Log(Object)
UIButtonHoverScale:IsMouseOverButton() (at E:/Unity/Projects/Work/FeatherLandNew/Assets/Scripts/UIButtonHoverScale.cs:458)
UIButtonHoverScale:Update() (at E:/Unity/Projects/Work/FeatherLandNew/Assets/Scripts/UIButtonHoverScale.cs:236)

[SettingButton] 鼠标在按钮区域内: (-12.89, -8.18), 按钮区域: (x:-24.25, y:-24.75, width:48.50, height:49.50)
UnityEngine.DebugLogHandler:Internal_Log(LogType, LogOption, String, Object)
UnityEngine.Logger:Log(LogType, Object)
UnityEngine.Debug:Log(Object)
UIButtonHoverScale:IsMouseOverButton() (at E:/Unity/Projects/Work/FeatherLandNew/Assets/Scripts/UIButtonHoverScale.cs:458)
UIButtonHoverScale:Update() (at E:/Unity/Projects/Work/FeatherLandNew/Assets/Scripts/UIButtonHoverScale.cs:236)

[SettingButton] 鼠标在按钮区域内: (-12.89, -8.18), 按钮区域: (x:-24.25, y:-24.75, width:48.50, height:49.50)
UnityEngine.DebugLogHandler:Internal_Log(LogType, LogOption, String, Object)
UnityEngine.Logger:Log(LogType, Object)
UnityEngine.Debug:Log(Object)
UIButtonHoverScale:IsMouseOverButton() (at E:/Unity/Projects/Work/FeatherLandNew/Assets/Scripts/UIButtonHoverScale.cs:458)
UIButtonHoverScale:Update() (at E:/Unity/Projects/Work/FeatherLandNew/Assets/Scripts/UIButtonHoverScale.cs:236)

[SettingButton] 鼠标在按钮区域内: (-12.89, -8.18), 按钮区域: (x:-24.25, y:-24.75, width:48.50, height:49.50)
UnityEngine.DebugLogHandler:Internal_Log(LogType, LogOption, String, Object)
UnityEngine.Logger:Log(LogType, Object)
UnityEngine.Debug:Log(Object)
UIButtonHoverScale:IsMouseOverButton() (at E:/Unity/Projects/Work/FeatherLandNew/Assets/Scripts/UIButtonHoverScale.cs:458)
UIButtonHoverScale:Update() (at E:/Unity/Projects/Work/FeatherLandNew/Assets/Scripts/UIButtonHoverScale.cs:236)

[SettingButton] 鼠标在按钮区域内: (-12.89, -8.18), 按钮区域: (x:-24.25, y:-24.75, width:48.50, height:49.50)
UnityEngine.DebugLogHandler:Internal_Log(LogType, LogOption, String, Object)
UnityEngine.Logger:Log(LogType, Object)
UnityEngine.Debug:Log(Object)
UIButtonHoverScale:IsMouseOverButton() (at E:/Unity/Projects/Work/FeatherLandNew/Assets/Scripts/UIButtonHoverScale.cs:458)
UIButtonHoverScale:Update() (at E:/Unity/Projects/Work/FeatherLandNew/Assets/Scripts/UIButtonHoverScale.cs:236)

[SettingButton] 鼠标在按钮区域内: (-12.89, -8.18), 按钮区域: (x:-24.25, y:-24.75, width:48.50, height:49.50)
UnityEngine.DebugLogHandler:Internal_Log(LogType, LogOption, String, Object)
UnityEngine.Logger:Log(LogType, Object)
UnityEngine.Debug:Log(Object)
UIButtonHoverScale:IsMouseOverButton() (at E:/Unity/Projects/Work/FeatherLandNew/Assets/Scripts/UIButtonHoverScale.cs:458)
UIButtonHoverScale:Update() (at E:/Unity/Projects/Work/FeatherLandNew/Assets/Scripts/UIButtonHoverScale.cs:236)

[SettingButton] 鼠标在按钮区域内: (-12.89, -8.18), 按钮区域: (x:-24.25, y:-24.75, width:48.50, height:49.50)
UnityEngine.DebugLogHandler:Internal_Log(LogType, LogOption, String, Object)
UnityEngine.Logger:Log(LogType, Object)
UnityEngine.Debug:Log(Object)
UIButtonHoverScale:IsMouseOverButton() (at E:/Unity/Projects/Work/FeatherLandNew/Assets/Scripts/UIButtonHoverScale.cs:458)
UIButtonHoverScale:Update() (at E:/Unity/Projects/Work/FeatherLandNew/Assets/Scripts/UIButtonHoverScale.cs:236)

[SettingButton] 鼠标在按钮区域内: (-12.89, -8.18), 按钮区域: (x:-24.25, y:-24.75, width:48.50, height:49.50)
UnityEngine.DebugLogHandler:Internal_Log(LogType, LogOption, String, Object)
UnityEngine.Logger:Log(LogType, Object)
UnityEngine.Debug:Log(Object)
UIButtonHoverScale:IsMouseOverButton() (at E:/Unity/Projects/Work/FeatherLandNew/Assets/Scripts/UIButtonHoverScale.cs:458)
UIButtonHoverScale:Update() (at E:/Unity/Projects/Work/FeatherLandNew/Assets/Scripts/UIButtonHoverScale.cs:236)

[SettingButton] 鼠标在按钮区域内: (-16.53, -9.09), 按钮区域: (x:-24.25, y:-24.75, width:48.50, height:49.50)
UnityEngine.DebugLogHandler:Internal_Log(LogType, LogOption, String, Object)
UnityEngine.Logger:Log(LogType, Object)
UnityEngine.Debug:Log(Object)
UIButtonHoverScale:IsMouseOverButton() (at E:/Unity/Projects/Work/FeatherLandNew/Assets/Scripts/UIButtonHoverScale.cs:458)
UIButtonHoverScale:Update() (at E:/Unity/Projects/Work/FeatherLandNew/Assets/Scripts/UIButtonHoverScale.cs:236)

[SettingButton] 鼠标在按钮区域内: (-17.44, -10.00), 按钮区域: (x:-24.25, y:-24.75, width:48.50, height:49.50)
UnityEngine.DebugLogHandler:Internal_Log(LogType, LogOption, String, Object)
UnityEngine.Logger:Log(LogType, Object)
UnityEngine.Debug:Log(Object)
UIButtonHoverScale:IsMouseOverButton() (at E:/Unity/Projects/Work/FeatherLandNew/Assets/Scripts/UIButtonHoverScale.cs:458)
UIButtonHoverScale:Update() (at E:/Unity/Projects/Work/FeatherLandNew/Assets/Scripts/UIButtonHoverScale.cs:236)

[SettingButton] 鼠标在按钮区域内: (-19.25, -10.91), 按钮区域: (x:-24.25, y:-24.75, width:48.50, height:49.50)
UnityEngine.DebugLogHandler:Internal_Log(LogType, LogOption, String, Object)
UnityEngine.Logger:Log(LogType, Object)
UnityEngine.Debug:Log(Object)
UIButtonHoverScale:IsMouseOverButton() (at E:/Unity/Projects/Work/FeatherLandNew/Assets/Scripts/UIButtonHoverScale.cs:458)
UIButtonHoverScale:Update() (at E:/Unity/Projects/Work/FeatherLandNew/Assets/Scripts/UIButtonHoverScale.cs:236)

[SettingButton] 鼠标在按钮区域内: (-20.16, -11.81), 按钮区域: (x:-24.25, y:-24.75, width:48.50, height:49.50)
UnityEngine.DebugLogHandler:Internal_Log(LogType, LogOption, String, Object)
UnityEngine.Logger:Log(LogType, Object)
UnityEngine.Debug:Log(Object)
UIButtonHoverScale:IsMouseOverButton() (at E:/Unity/Projects/Work/FeatherLandNew/Assets/Scripts/UIButtonHoverScale.cs:458)
UIButtonHoverScale:Update() (at E:/Unity/Projects/Work/FeatherLandNew/Assets/Scripts/UIButtonHoverScale.cs:236)

[SettingButton] 鼠标在按钮区域内: (-21.98, -12.72), 按钮区域: (x:-24.25, y:-24.75, width:48.50, height:49.50)
UnityEngine.DebugLogHandler:Internal_Log(LogType, LogOption, String, Object)
UnityEngine.Logger:Log(LogType, Object)
UnityEngine.Debug:Log(Object)
UIButtonHoverScale:IsMouseOverButton() (at E:/Unity/Projects/Work/FeatherLandNew/Assets/Scripts/UIButtonHoverScale.cs:458)
UIButtonHoverScale:Update() (at E:/Unity/Projects/Work/FeatherLandNew/Assets/Scripts/UIButtonHoverScale.cs:236)

通过范围检测发现装饰品：Sprite
UnityEngine.DebugLogHandler:Internal_Log(LogType, LogOption, String, Object)
UnityEngine.Logger:Log(LogType, Object)
UnityEngine.Debug:Log(Object)
BirdGame.GameSystem:IsCoverDecoration() (at E:/Unity/Projects/Work/FeatherLandNew/Assets/Scripts/New/Systems/IGameSystem.cs:438)
BirdGame.GameEntry:CheckCursor() (at E:/Unity/Projects/Work/FeatherLandNew/Assets/Scripts/New/ViewController/Game/GameEntry.cs:398)
BirdGame.GameEntry:Update() (at E:/Unity/Projects/Work/FeatherLandNew/Assets/Scripts/New/ViewController/Game/GameEntry.cs:158)

通过范围检测发现装饰品：Sprite
UnityEngine.DebugLogHandler:Internal_Log(LogType, LogOption, String, Object)
UnityEngine.Logger:Log(LogType, Object)
UnityEngine.Debug:Log(Object)
BirdGame.GameSystem:IsCoverDecoration() (at E:/Unity/Projects/Work/FeatherLandNew/Assets/Scripts/New/Systems/IGameSystem.cs:438)
BirdGame.GameEntry:CheckCursor() (at E:/Unity/Projects/Work/FeatherLandNew/Assets/Scripts/New/ViewController/Game/GameEntry.cs:398)
BirdGame.GameEntry:Update() (at E:/Unity/Projects/Work/FeatherLandNew/Assets/Scripts/New/ViewController/Game/GameEntry.cs:158)

通过范围检测发现装饰品：Sprite
UnityEngine.DebugLogHandler:Internal_Log(LogType, LogOption, String, Object)
UnityEngine.Logger:Log(LogType, Object)
UnityEngine.Debug:Log(Object)
BirdGame.GameSystem:IsCoverDecoration() (at E:/Unity/Projects/Work/FeatherLandNew/Assets/Scripts/New/Systems/IGameSystem.cs:438)
BirdGame.GameEntry:CheckCursor() (at E:/Unity/Projects/Work/FeatherLandNew/Assets/Scripts/New/ViewController/Game/GameEntry.cs:398)
BirdGame.GameEntry:Update() (at E:/Unity/Projects/Work/FeatherLandNew/Assets/Scripts/New/ViewController/Game/GameEntry.cs:158)

通过范围检测发现装饰品：Sprite
UnityEngine.DebugLogHandler:Internal_Log(LogType, LogOption, String, Object)
UnityEngine.Logger:Log(LogType, Object)
UnityEngine.Debug:Log(Object)
BirdGame.GameSystem:IsCoverDecoration() (at E:/Unity/Projects/Work/FeatherLandNew/Assets/Scripts/New/Systems/IGameSystem.cs:438)
BirdGame.GameEntry:CheckCursor() (at E:/Unity/Projects/Work/FeatherLandNew/Assets/Scripts/New/ViewController/Game/GameEntry.cs:398)
BirdGame.GameEntry:Update() (at E:/Unity/Projects/Work/FeatherLandNew/Assets/Scripts/New/ViewController/Game/GameEntry.cs:158)

通过范围检测发现装饰品：Sprite
UnityEngine.DebugLogHandler:Internal_Log(LogType, LogOption, String, Object)
UnityEngine.Logger:Log(LogType, Object)
UnityEngine.Debug:Log(Object)
BirdGame.GameSystem:IsCoverDecoration() (at E:/Unity/Projects/Work/FeatherLandNew/Assets/Scripts/New/Systems/IGameSystem.cs:438)
BirdGame.GameEntry:CheckCursor() (at E:/Unity/Projects/Work/FeatherLandNew/Assets/Scripts/New/ViewController/Game/GameEntry.cs:398)
BirdGame.GameEntry:Update() (at E:/Unity/Projects/Work/FeatherLandNew/Assets/Scripts/New/ViewController/Game/GameEntry.cs:158)

通过范围检测发现装饰品：Sprite
UnityEngine.DebugLogHandler:Internal_Log(LogType, LogOption, String, Object)
UnityEngine.Logger:Log(LogType, Object)
UnityEngine.Debug:Log(Object)
BirdGame.GameSystem:IsCoverDecoration() (at E:/Unity/Projects/Work/FeatherLandNew/Assets/Scripts/New/Systems/IGameSystem.cs:438)
BirdGame.GameEntry:CheckCursor() (at E:/Unity/Projects/Work/FeatherLandNew/Assets/Scripts/New/ViewController/Game/GameEntry.cs:398)
BirdGame.GameEntry:Update() (at E:/Unity/Projects/Work/FeatherLandNew/Assets/Scripts/New/ViewController/Game/GameEntry.cs:158)

通过范围检测发现装饰品：Sprite
UnityEngine.DebugLogHandler:Internal_Log(LogType, LogOption, String, Object)
UnityEngine.Logger:Log(LogType, Object)
UnityEngine.Debug:Log(Object)
BirdGame.GameSystem:IsCoverDecoration() (at E:/Unity/Projects/Work/FeatherLandNew/Assets/Scripts/New/Systems/IGameSystem.cs:438)
BirdGame.GameEntry:CheckCursor() (at E:/Unity/Projects/Work/FeatherLandNew/Assets/Scripts/New/ViewController/Game/GameEntry.cs:398)
BirdGame.GameEntry:Update() (at E:/Unity/Projects/Work/FeatherLandNew/Assets/Scripts/New/ViewController/Game/GameEntry.cs:158)

通过范围检测发现装饰品：Sprite
UnityEngine.DebugLogHandler:Internal_Log(LogType, LogOption, String, Object)
UnityEngine.Logger:Log(LogType, Object)
UnityEngine.Debug:Log(Object)
BirdGame.GameSystem:IsCoverDecoration() (at E:/Unity/Projects/Work/FeatherLandNew/Assets/Scripts/New/Systems/IGameSystem.cs:438)
BirdGame.GameEntry:CheckCursor() (at E:/Unity/Projects/Work/FeatherLandNew/Assets/Scripts/New/ViewController/Game/GameEntry.cs:398)
BirdGame.GameEntry:Update() (at E:/Unity/Projects/Work/FeatherLandNew/Assets/Scripts/New/ViewController/Game/GameEntry.cs:158)

通过范围检测发现装饰品：Sprite
UnityEngine.DebugLogHandler:Internal_Log(LogType, LogOption, String, Object)
UnityEngine.Logger:Log(LogType, Object)
UnityEngine.Debug:Log(Object)
BirdGame.GameSystem:IsCoverDecoration() (at E:/Unity/Projects/Work/FeatherLandNew/Assets/Scripts/New/Systems/IGameSystem.cs:438)
BirdGame.GameEntry:CheckCursor() (at E:/Unity/Projects/Work/FeatherLandNew/Assets/Scripts/New/ViewController/Game/GameEntry.cs:398)
BirdGame.GameEntry:Update() (at E:/Unity/Projects/Work/FeatherLandNew/Assets/Scripts/New/ViewController/Game/GameEntry.cs:158)

通过范围检测发现装饰品：Sprite
UnityEngine.DebugLogHandler:Internal_Log(LogType, LogOption, String, Object)
UnityEngine.Logger:Log(LogType, Object)
UnityEngine.Debug:Log(Object)
BirdGame.GameSystem:IsCoverDecoration() (at E:/Unity/Projects/Work/FeatherLandNew/Assets/Scripts/New/Systems/IGameSystem.cs:438)
BirdGame.GameEntry:CheckCursor() (at E:/Unity/Projects/Work/FeatherLandNew/Assets/Scripts/New/ViewController/Game/GameEntry.cs:398)
BirdGame.GameEntry:Update() (at E:/Unity/Projects/Work/FeatherLandNew/Assets/Scripts/New/ViewController/Game/GameEntry.cs:158)

通过范围检测发现装饰品：Sprite
UnityEngine.DebugLogHandler:Internal_Log(LogType, LogOption, String, Object)
UnityEngine.Logger:Log(LogType, Object)
UnityEngine.Debug:Log(Object)
BirdGame.GameSystem:IsCoverDecoration() (at E:/Unity/Projects/Work/FeatherLandNew/Assets/Scripts/New/Systems/IGameSystem.cs:438)
BirdGame.GameEntry:CheckCursor() (at E:/Unity/Projects/Work/FeatherLandNew/Assets/Scripts/New/ViewController/Game/GameEntry.cs:398)
BirdGame.GameEntry:Update() (at E:/Unity/Projects/Work/FeatherLandNew/Assets/Scripts/New/ViewController/Game/GameEntry.cs:158)

通过范围检测发现装饰品：Sprite
UnityEngine.DebugLogHandler:Internal_Log(LogType, LogOption, String, Object)
UnityEngine.Logger:Log(LogType, Object)
UnityEngine.Debug:Log(Object)
BirdGame.GameSystem:IsCoverDecoration() (at E:/Unity/Projects/Work/FeatherLandNew/Assets/Scripts/New/Systems/IGameSystem.cs:438)
BirdGame.GameEntry:CheckCursor() (at E:/Unity/Projects/Work/FeatherLandNew/Assets/Scripts/New/ViewController/Game/GameEntry.cs:398)
BirdGame.GameEntry:Update() (at E:/Unity/Projects/Work/FeatherLandNew/Assets/Scripts/New/ViewController/Game/GameEntry.cs:158)

通过范围检测发现装饰品：Sprite
UnityEngine.DebugLogHandler:Internal_Log(LogType, LogOption, String, Object)
UnityEngine.Logger:Log(LogType, Object)
UnityEngine.Debug:Log(Object)
BirdGame.GameSystem:IsCoverDecoration() (at E:/Unity/Projects/Work/FeatherLandNew/Assets/Scripts/New/Systems/IGameSystem.cs:438)
BirdGame.GameEntry:CheckCursor() (at E:/Unity/Projects/Work/FeatherLandNew/Assets/Scripts/New/ViewController/Game/GameEntry.cs:398)
BirdGame.GameEntry:Update() (at E:/Unity/Projects/Work/FeatherLandNew/Assets/Scripts/New/ViewController/Game/GameEntry.cs:158)

通过范围检测发现装饰品：Sprite
UnityEngine.DebugLogHandler:Internal_Log(LogType, LogOption, String, Object)
UnityEngine.Logger:Log(LogType, Object)
UnityEngine.Debug:Log(Object)
BirdGame.GameSystem:IsCoverDecoration() (at E:/Unity/Projects/Work/FeatherLandNew/Assets/Scripts/New/Systems/IGameSystem.cs:438)
BirdGame.GameEntry:CheckCursor() (at E:/Unity/Projects/Work/FeatherLandNew/Assets/Scripts/New/ViewController/Game/GameEntry.cs:398)
BirdGame.GameEntry:Update() (at E:/Unity/Projects/Work/FeatherLandNew/Assets/Scripts/New/ViewController/Game/GameEntry.cs:158)

通过范围检测发现装饰品：Sprite
UnityEngine.DebugLogHandler:Internal_Log(LogType, LogOption, String, Object)
UnityEngine.Logger:Log(LogType, Object)
UnityEngine.Debug:Log(Object)
BirdGame.GameSystem:IsCoverDecoration() (at E:/Unity/Projects/Work/FeatherLandNew/Assets/Scripts/New/Systems/IGameSystem.cs:438)
BirdGame.GameEntry:CheckCursor() (at E:/Unity/Projects/Work/FeatherLandNew/Assets/Scripts/New/ViewController/Game/GameEntry.cs:398)
BirdGame.GameEntry:Update() (at E:/Unity/Projects/Work/FeatherLandNew/Assets/Scripts/New/ViewController/Game/GameEntry.cs:158)

通过范围检测发现装饰品：Sprite
UnityEngine.DebugLogHandler:Internal_Log(LogType, LogOption, String, Object)
UnityEngine.Logger:Log(LogType, Object)
UnityEngine.Debug:Log(Object)
BirdGame.GameSystem:IsCoverDecoration() (at E:/Unity/Projects/Work/FeatherLandNew/Assets/Scripts/New/Systems/IGameSystem.cs:438)
BirdGame.GameEntry:CheckCursor() (at E:/Unity/Projects/Work/FeatherLandNew/Assets/Scripts/New/ViewController/Game/GameEntry.cs:398)
BirdGame.GameEntry:Update() (at E:/Unity/Projects/Work/FeatherLandNew/Assets/Scripts/New/ViewController/Game/GameEntry.cs:158)

通过范围检测发现装饰品：Sprite
UnityEngine.DebugLogHandler:Internal_Log(LogType, LogOption, String, Object)
UnityEngine.Logger:Log(LogType, Object)
UnityEngine.Debug:Log(Object)
BirdGame.GameSystem:IsCoverDecoration() (at E:/Unity/Projects/Work/FeatherLandNew/Assets/Scripts/New/Systems/IGameSystem.cs:438)
BirdGame.GameEntry:CheckCursor() (at E:/Unity/Projects/Work/FeatherLandNew/Assets/Scripts/New/ViewController/Game/GameEntry.cs:398)
BirdGame.GameEntry:Update() (at E:/Unity/Projects/Work/FeatherLandNew/Assets/Scripts/New/ViewController/Game/GameEntry.cs:158)

通过范围检测发现装饰品：Sprite
UnityEngine.DebugLogHandler:Internal_Log(LogType, LogOption, String, Object)
UnityEngine.Logger:Log(LogType, Object)
UnityEngine.Debug:Log(Object)
BirdGame.GameSystem:IsCoverDecoration() (at E:/Unity/Projects/Work/FeatherLandNew/Assets/Scripts/New/Systems/IGameSystem.cs:438)
BirdGame.GameEntry:CheckCursor() (at E:/Unity/Projects/Work/FeatherLandNew/Assets/Scripts/New/ViewController/Game/GameEntry.cs:398)
BirdGame.GameEntry:Update() (at E:/Unity/Projects/Work/FeatherLandNew/Assets/Scripts/New/ViewController/Game/GameEntry.cs:158)

通过范围检测发现装饰品：Sprite
UnityEngine.DebugLogHandler:Internal_Log(LogType, LogOption, String, Object)
UnityEngine.Logger:Log(LogType, Object)
UnityEngine.Debug:Log(Object)
BirdGame.GameSystem:IsCoverDecoration() (at E:/Unity/Projects/Work/FeatherLandNew/Assets/Scripts/New/Systems/IGameSystem.cs:438)
BirdGame.GameEntry:CheckCursor() (at E:/Unity/Projects/Work/FeatherLandNew/Assets/Scripts/New/ViewController/Game/GameEntry.cs:398)
BirdGame.GameEntry:Update() (at E:/Unity/Projects/Work/FeatherLandNew/Assets/Scripts/New/ViewController/Game/GameEntry.cs:158)

通过范围检测发现装饰品：Sprite
UnityEngine.DebugLogHandler:Internal_Log(LogType, LogOption, String, Object)
UnityEngine.Logger:Log(LogType, Object)
UnityEngine.Debug:Log(Object)
BirdGame.GameSystem:IsCoverDecoration() (at E:/Unity/Projects/Work/FeatherLandNew/Assets/Scripts/New/Systems/IGameSystem.cs:438)
BirdGame.GameEntry:CheckCursor() (at E:/Unity/Projects/Work/FeatherLandNew/Assets/Scripts/New/ViewController/Game/GameEntry.cs:398)
BirdGame.GameEntry:Update() (at E:/Unity/Projects/Work/FeatherLandNew/Assets/Scripts/New/ViewController/Game/GameEntry.cs:158)

通过范围检测发现装饰品：Sprite
UnityEngine.DebugLogHandler:Internal_Log(LogType, LogOption, String, Object)
UnityEngine.Logger:Log(LogType, Object)
UnityEngine.Debug:Log(Object)
BirdGame.GameSystem:IsCoverDecoration() (at E:/Unity/Projects/Work/FeatherLandNew/Assets/Scripts/New/Systems/IGameSystem.cs:438)
BirdGame.GameEntry:CheckCursor() (at E:/Unity/Projects/Work/FeatherLandNew/Assets/Scripts/New/ViewController/Game/GameEntry.cs:398)
BirdGame.GameEntry:Update() (at E:/Unity/Projects/Work/FeatherLandNew/Assets/Scripts/New/ViewController/Game/GameEntry.cs:158)

通过范围检测发现装饰品：Sprite
UnityEngine.DebugLogHandler:Internal_Log(LogType, LogOption, String, Object)
UnityEngine.Logger:Log(LogType, Object)
UnityEngine.Debug:Log(Object)
BirdGame.GameSystem:IsCoverDecoration() (at E:/Unity/Projects/Work/FeatherLandNew/Assets/Scripts/New/Systems/IGameSystem.cs:438)
BirdGame.GameEntry:CheckCursor() (at E:/Unity/Projects/Work/FeatherLandNew/Assets/Scripts/New/ViewController/Game/GameEntry.cs:398)
BirdGame.GameEntry:Update() (at E:/Unity/Projects/Work/FeatherLandNew/Assets/Scripts/New/ViewController/Game/GameEntry.cs:158)

通过范围检测发现装饰品：Sprite
UnityEngine.DebugLogHandler:Internal_Log(LogType, LogOption, String, Object)
UnityEngine.Logger:Log(LogType, Object)
UnityEngine.Debug:Log(Object)
BirdGame.GameSystem:IsCoverDecoration() (at E:/Unity/Projects/Work/FeatherLandNew/Assets/Scripts/New/Systems/IGameSystem.cs:438)
BirdGame.GameEntry:CheckCursor() (at E:/Unity/Projects/Work/FeatherLandNew/Assets/Scripts/New/ViewController/Game/GameEntry.cs:398)
BirdGame.GameEntry:Update() (at E:/Unity/Projects/Work/FeatherLandNew/Assets/Scripts/New/ViewController/Game/GameEntry.cs:158)

通过范围检测发现装饰品：Sprite
UnityEngine.DebugLogHandler:Internal_Log(LogType, LogOption, String, Object)
UnityEngine.Logger:Log(LogType, Object)
UnityEngine.Debug:Log(Object)
BirdGame.GameSystem:IsCoverDecoration() (at E:/Unity/Projects/Work/FeatherLandNew/Assets/Scripts/New/Systems/IGameSystem.cs:438)
BirdGame.GameEntry:CheckCursor() (at E:/Unity/Projects/Work/FeatherLandNew/Assets/Scripts/New/ViewController/Game/GameEntry.cs:398)
BirdGame.GameEntry:Update() (at E:/Unity/Projects/Work/FeatherLandNew/Assets/Scripts/New/ViewController/Game/GameEntry.cs:158)

通过范围检测发现装饰品：Sprite
UnityEngine.DebugLogHandler:Internal_Log(LogType, LogOption, String, Object)
UnityEngine.Logger:Log(LogType, Object)
UnityEngine.Debug:Log(Object)
BirdGame.GameSystem:IsCoverDecoration() (at E:/Unity/Projects/Work/FeatherLandNew/Assets/Scripts/New/Systems/IGameSystem.cs:438)
BirdGame.GameEntry:CheckCursor() (at E:/Unity/Projects/Work/FeatherLandNew/Assets/Scripts/New/ViewController/Game/GameEntry.cs:398)
BirdGame.GameEntry:Update() (at E:/Unity/Projects/Work/FeatherLandNew/Assets/Scripts/New/ViewController/Game/GameEntry.cs:158)

通过范围检测发现装饰品：Sprite
UnityEngine.DebugLogHandler:Internal_Log(LogType, LogOption, String, Object)
UnityEngine.Logger:Log(LogType, Object)
UnityEngine.Debug:Log(Object)
BirdGame.GameSystem:IsCoverDecoration() (at E:/Unity/Projects/Work/FeatherLandNew/Assets/Scripts/New/Systems/IGameSystem.cs:438)
BirdGame.GameEntry:CheckCursor() (at E:/Unity/Projects/Work/FeatherLandNew/Assets/Scripts/New/ViewController/Game/GameEntry.cs:398)
BirdGame.GameEntry:Update() (at E:/Unity/Projects/Work/FeatherLandNew/Assets/Scripts/New/ViewController/Game/GameEntry.cs:158)

检测到装饰品：Sprite
UnityEngine.DebugLogHandler:Internal_Log(LogType, LogOption, String, Object)
UnityEngine.Logger:Log(LogType, Object)
UnityEngine.Debug:Log(Object)
BirdGame.GameSystem:IsCoverDecoration() (at E:/Unity/Projects/Work/FeatherLandNew/Assets/Scripts/New/Systems/IGameSystem.cs:438)
BirdGame.GameEntry:CheckCursor() (at E:/Unity/Projects/Work/FeatherLandNew/Assets/Scripts/New/ViewController/Game/GameEntry.cs:398)
BirdGame.GameEntry:Update() (at E:/Unity/Projects/Work/FeatherLandNew/Assets/Scripts/New/ViewController/Game/GameEntry.cs:158)

通过范围检测发现装饰品：Sprite
UnityEngine.DebugLogHandler:Internal_Log(LogType, LogOption, String, Object)
UnityEngine.Logger:Log(LogType, Object)
UnityEngine.Debug:Log(Object)
BirdGame.GameSystem:IsCoverDecoration() (at E:/Unity/Projects/Work/FeatherLandNew/Assets/Scripts/New/Systems/IGameSystem.cs:438)
BirdGame.GameEntry:CheckCursor() (at E:/Unity/Projects/Work/FeatherLandNew/Assets/Scripts/New/ViewController/Game/GameEntry.cs:398)
BirdGame.GameEntry:Update() (at E:/Unity/Projects/Work/FeatherLandNew/Assets/Scripts/New/ViewController/Game/GameEntry.cs:158)

通过范围检测发现装饰品：Sprite
UnityEngine.DebugLogHandler:Internal_Log(LogType, LogOption, String, Object)
UnityEngine.Logger:Log(LogType, Object)
UnityEngine.Debug:Log(Object)
BirdGame.GameSystem:IsCoverDecoration() (at E:/Unity/Projects/Work/FeatherLandNew/Assets/Scripts/New/Systems/IGameSystem.cs:438)
BirdGame.GameEntry:CheckCursor() (at E:/Unity/Projects/Work/FeatherLandNew/Assets/Scripts/New/ViewController/Game/GameEntry.cs:398)
BirdGame.GameEntry:Update() (at E:/Unity/Projects/Work/FeatherLandNew/Assets/Scripts/New/ViewController/Game/GameEntry.cs:158)

通过范围检测发现装饰品：Sprite
UnityEngine.DebugLogHandler:Internal_Log(LogType, LogOption, String, Object)
UnityEngine.Logger:Log(LogType, Object)
UnityEngine.Debug:Log(Object)
BirdGame.GameSystem:IsCoverDecoration() (at E:/Unity/Projects/Work/FeatherLandNew/Assets/Scripts/New/Systems/IGameSystem.cs:438)
BirdGame.GameEntry:CheckCursor() (at E:/Unity/Projects/Work/FeatherLandNew/Assets/Scripts/New/ViewController/Game/GameEntry.cs:398)
BirdGame.GameEntry:Update() (at E:/Unity/Projects/Work/FeatherLandNew/Assets/Scripts/New/ViewController/Game/GameEntry.cs:158)

通过范围检测发现装饰品：Sprite
UnityEngine.DebugLogHandler:Internal_Log(LogType, LogOption, String, Object)
UnityEngine.Logger:Log(LogType, Object)
UnityEngine.Debug:Log(Object)
BirdGame.GameSystem:IsCoverDecoration() (at E:/Unity/Projects/Work/FeatherLandNew/Assets/Scripts/New/Systems/IGameSystem.cs:438)
BirdGame.GameEntry:CheckCursor() (at E:/Unity/Projects/Work/FeatherLandNew/Assets/Scripts/New/ViewController/Game/GameEntry.cs:398)
BirdGame.GameEntry:Update() (at E:/Unity/Projects/Work/FeatherLandNew/Assets/Scripts/New/ViewController/Game/GameEntry.cs:158)

通过范围检测发现装饰品：Sprite
UnityEngine.DebugLogHandler:Internal_Log(LogType, LogOption, String, Object)
UnityEngine.Logger:Log(LogType, Object)
UnityEngine.Debug:Log(Object)
BirdGame.GameSystem:IsCoverDecoration() (at E:/Unity/Projects/Work/FeatherLandNew/Assets/Scripts/New/Systems/IGameSystem.cs:438)
BirdGame.GameEntry:CheckCursor() (at E:/Unity/Projects/Work/FeatherLandNew/Assets/Scripts/New/ViewController/Game/GameEntry.cs:398)
BirdGame.GameEntry:Update() (at E:/Unity/Projects/Work/FeatherLandNew/Assets/Scripts/New/ViewController/Game/GameEntry.cs:158)

通过范围检测发现装饰品：Sprite
UnityEngine.DebugLogHandler:Internal_Log(LogType, LogOption, String, Object)
UnityEngine.Logger:Log(LogType, Object)
UnityEngine.Debug:Log(Object)
BirdGame.GameSystem:IsCoverDecoration() (at E:/Unity/Projects/Work/FeatherLandNew/Assets/Scripts/New/Systems/IGameSystem.cs:438)
BirdGame.GameEntry:CheckCursor() (at E:/Unity/Projects/Work/FeatherLandNew/Assets/Scripts/New/ViewController/Game/GameEntry.cs:398)
BirdGame.GameEntry:Update() (at E:/Unity/Projects/Work/FeatherLandNew/Assets/Scripts/New/ViewController/Game/GameEntry.cs:158)

通过范围检测发现装饰品：Sprite
UnityEngine.DebugLogHandler:Internal_Log(LogType, LogOption, String, Object)
UnityEngine.Logger:Log(LogType, Object)
UnityEngine.Debug:Log(Object)
BirdGame.GameSystem:IsCoverDecoration() (at E:/Unity/Projects/Work/FeatherLandNew/Assets/Scripts/New/Systems/IGameSystem.cs:438)
BirdGame.GameEntry:CheckCursor() (at E:/Unity/Projects/Work/FeatherLandNew/Assets/Scripts/New/ViewController/Game/GameEntry.cs:398)
BirdGame.GameEntry:Update() (at E:/Unity/Projects/Work/FeatherLandNew/Assets/Scripts/New/ViewController/Game/GameEntry.cs:158)

通过范围检测发现装饰品：Sprite
UnityEngine.DebugLogHandler:Internal_Log(LogType, LogOption, String, Object)
UnityEngine.Logger:Log(LogType, Object)
UnityEngine.Debug:Log(Object)
BirdGame.GameSystem:IsCoverDecoration() (at E:/Unity/Projects/Work/FeatherLandNew/Assets/Scripts/New/Systems/IGameSystem.cs:438)
BirdGame.GameEntry:CheckCursor() (at E:/Unity/Projects/Work/FeatherLandNew/Assets/Scripts/New/ViewController/Game/GameEntry.cs:398)
BirdGame.GameEntry:Update() (at E:/Unity/Projects/Work/FeatherLandNew/Assets/Scripts/New/ViewController/Game/GameEntry.cs:158)

通过范围检测发现装饰品：Sprite
UnityEngine.DebugLogHandler:Internal_Log(LogType, LogOption, String, Object)
UnityEngine.Logger:Log(LogType, Object)
UnityEngine.Debug:Log(Object)
BirdGame.GameSystem:IsCoverDecoration() (at E:/Unity/Projects/Work/FeatherLandNew/Assets/Scripts/New/Systems/IGameSystem.cs:438)
BirdGame.GameEntry:CheckCursor() (at E:/Unity/Projects/Work/FeatherLandNew/Assets/Scripts/New/ViewController/Game/GameEntry.cs:398)
BirdGame.GameEntry:Update() (at E:/Unity/Projects/Work/FeatherLandNew/Assets/Scripts/New/ViewController/Game/GameEntry.cs:158)

通过范围检测发现装饰品：Sprite
UnityEngine.DebugLogHandler:Internal_Log(LogType, LogOption, String, Object)
UnityEngine.Logger:Log(LogType, Object)
UnityEngine.Debug:Log(Object)
BirdGame.GameSystem:IsCoverDecoration() (at E:/Unity/Projects/Work/FeatherLandNew/Assets/Scripts/New/Systems/IGameSystem.cs:438)
BirdGame.GameEntry:CheckCursor() (at E:/Unity/Projects/Work/FeatherLandNew/Assets/Scripts/New/ViewController/Game/GameEntry.cs:398)
BirdGame.GameEntry:Update() (at E:/Unity/Projects/Work/FeatherLandNew/Assets/Scripts/New/ViewController/Game/GameEntry.cs:158)

通过范围检测发现装饰品：Sprite
UnityEngine.DebugLogHandler:Internal_Log(LogType, LogOption, String, Object)
UnityEngine.Logger:Log(LogType, Object)
UnityEngine.Debug:Log(Object)
BirdGame.GameSystem:IsCoverDecoration() (at E:/Unity/Projects/Work/FeatherLandNew/Assets/Scripts/New/Systems/IGameSystem.cs:438)
BirdGame.GameEntry:CheckCursor() (at E:/Unity/Projects/Work/FeatherLandNew/Assets/Scripts/New/ViewController/Game/GameEntry.cs:398)
BirdGame.GameEntry:Update() (at E:/Unity/Projects/Work/FeatherLandNew/Assets/Scripts/New/ViewController/Game/GameEntry.cs:158)

通过范围检测发现装饰品：Sprite
UnityEngine.DebugLogHandler:Internal_Log(LogType, LogOption, String, Object)
UnityEngine.Logger:Log(LogType, Object)
UnityEngine.Debug:Log(Object)
BirdGame.GameSystem:IsCoverDecoration() (at E:/Unity/Projects/Work/FeatherLandNew/Assets/Scripts/New/Systems/IGameSystem.cs:438)
BirdGame.GameEntry:CheckCursor() (at E:/Unity/Projects/Work/FeatherLandNew/Assets/Scripts/New/ViewController/Game/GameEntry.cs:398)
BirdGame.GameEntry:Update() (at E:/Unity/Projects/Work/FeatherLandNew/Assets/Scripts/New/ViewController/Game/GameEntry.cs:158)

通过范围检测发现装饰品：Sprite
UnityEngine.DebugLogHandler:Internal_Log(LogType, LogOption, String, Object)
UnityEngine.Logger:Log(LogType, Object)
UnityEngine.Debug:Log(Object)
BirdGame.GameSystem:IsCoverDecoration() (at E:/Unity/Projects/Work/FeatherLandNew/Assets/Scripts/New/Systems/IGameSystem.cs:438)
BirdGame.GameEntry:CheckCursor() (at E:/Unity/Projects/Work/FeatherLandNew/Assets/Scripts/New/ViewController/Game/GameEntry.cs:398)
BirdGame.GameEntry:Update() (at E:/Unity/Projects/Work/FeatherLandNew/Assets/Scripts/New/ViewController/Game/GameEntry.cs:158)

通过范围检测发现装饰品：Sprite
UnityEngine.DebugLogHandler:Internal_Log(LogType, LogOption, String, Object)
UnityEngine.Logger:Log(LogType, Object)
UnityEngine.Debug:Log(Object)
BirdGame.GameSystem:IsCoverDecoration() (at E:/Unity/Projects/Work/FeatherLandNew/Assets/Scripts/New/Systems/IGameSystem.cs:438)
BirdGame.GameEntry:CheckCursor() (at E:/Unity/Projects/Work/FeatherLandNew/Assets/Scripts/New/ViewController/Game/GameEntry.cs:398)
BirdGame.GameEntry:Update() (at E:/Unity/Projects/Work/FeatherLandNew/Assets/Scripts/New/ViewController/Game/GameEntry.cs:158)

通过范围检测发现装饰品：Sprite
UnityEngine.DebugLogHandler:Internal_Log(LogType, LogOption, String, Object)
UnityEngine.Logger:Log(LogType, Object)
UnityEngine.Debug:Log(Object)
BirdGame.GameSystem:IsCoverDecoration() (at E:/Unity/Projects/Work/FeatherLandNew/Assets/Scripts/New/Systems/IGameSystem.cs:438)
BirdGame.GameEntry:CheckCursor() (at E:/Unity/Projects/Work/FeatherLandNew/Assets/Scripts/New/ViewController/Game/GameEntry.cs:398)
BirdGame.GameEntry:Update() (at E:/Unity/Projects/Work/FeatherLandNew/Assets/Scripts/New/ViewController/Game/GameEntry.cs:158)

通过范围检测发现装饰品：Sprite
UnityEngine.DebugLogHandler:Internal_Log(LogType, LogOption, String, Object)
UnityEngine.Logger:Log(LogType, Object)
UnityEngine.Debug:Log(Object)
BirdGame.GameSystem:IsCoverDecoration() (at E:/Unity/Projects/Work/FeatherLandNew/Assets/Scripts/New/Systems/IGameSystem.cs:438)
BirdGame.GameEntry:CheckCursor() (at E:/Unity/Projects/Work/FeatherLandNew/Assets/Scripts/New/ViewController/Game/GameEntry.cs:398)
BirdGame.GameEntry:Update() (at E:/Unity/Projects/Work/FeatherLandNew/Assets/Scripts/New/ViewController/Game/GameEntry.cs:158)

通过范围检测发现装饰品：Sprite
UnityEngine.DebugLogHandler:Internal_Log(LogType, LogOption, String, Object)
UnityEngine.Logger:Log(LogType, Object)
UnityEngine.Debug:Log(Object)
BirdGame.GameSystem:IsCoverDecoration() (at E:/Unity/Projects/Work/FeatherLandNew/Assets/Scripts/New/Systems/IGameSystem.cs:438)
BirdGame.GameEntry:CheckCursor() (at E:/Unity/Projects/Work/FeatherLandNew/Assets/Scripts/New/ViewController/Game/GameEntry.cs:398)
BirdGame.GameEntry:Update() (at E:/Unity/Projects/Work/FeatherLandNew/Assets/Scripts/New/ViewController/Game/GameEntry.cs:158)

通过范围检测发现装饰品：Sprite
UnityEngine.DebugLogHandler:Internal_Log(LogType, LogOption, String, Object)
UnityEngine.Logger:Log(LogType, Object)
UnityEngine.Debug:Log(Object)
BirdGame.GameSystem:IsCoverDecoration() (at E:/Unity/Projects/Work/FeatherLandNew/Assets/Scripts/New/Systems/IGameSystem.cs:438)
BirdGame.GameEntry:CheckCursor() (at E:/Unity/Projects/Work/FeatherLandNew/Assets/Scripts/New/ViewController/Game/GameEntry.cs:398)
BirdGame.GameEntry:Update() (at E:/Unity/Projects/Work/FeatherLandNew/Assets/Scripts/New/ViewController/Game/GameEntry.cs:158)

通过范围检测发现装饰品：Sprite
UnityEngine.DebugLogHandler:Internal_Log(LogType, LogOption, String, Object)
UnityEngine.Logger:Log(LogType, Object)
UnityEngine.Debug:Log(Object)
BirdGame.GameSystem:IsCoverDecoration() (at E:/Unity/Projects/Work/FeatherLandNew/Assets/Scripts/New/Systems/IGameSystem.cs:438)
BirdGame.GameEntry:CheckCursor() (at E:/Unity/Projects/Work/FeatherLandNew/Assets/Scripts/New/ViewController/Game/GameEntry.cs:398)
BirdGame.GameEntry:Update() (at E:/Unity/Projects/Work/FeatherLandNew/Assets/Scripts/New/ViewController/Game/GameEntry.cs:158)

通过范围检测发现装饰品：Sprite
UnityEngine.DebugLogHandler:Internal_Log(LogType, LogOption, String, Object)
UnityEngine.Logger:Log(LogType, Object)
UnityEngine.Debug:Log(Object)
BirdGame.GameSystem:IsCoverDecoration() (at E:/Unity/Projects/Work/FeatherLandNew/Assets/Scripts/New/Systems/IGameSystem.cs:438)
BirdGame.GameEntry:CheckCursor() (at E:/Unity/Projects/Work/FeatherLandNew/Assets/Scripts/New/ViewController/Game/GameEntry.cs:398)
BirdGame.GameEntry:Update() (at E:/Unity/Projects/Work/FeatherLandNew/Assets/Scripts/New/ViewController/Game/GameEntry.cs:158)

通过范围检测发现装饰品：Sprite
UnityEngine.DebugLogHandler:Internal_Log(LogType, LogOption, String, Object)
UnityEngine.Logger:Log(LogType, Object)
UnityEngine.Debug:Log(Object)
BirdGame.GameSystem:IsCoverDecoration() (at E:/Unity/Projects/Work/FeatherLandNew/Assets/Scripts/New/Systems/IGameSystem.cs:438)
BirdGame.GameEntry:CheckCursor() (at E:/Unity/Projects/Work/FeatherLandNew/Assets/Scripts/New/ViewController/Game/GameEntry.cs:398)
BirdGame.GameEntry:Update() (at E:/Unity/Projects/Work/FeatherLandNew/Assets/Scripts/New/ViewController/Game/GameEntry.cs:158)

通过范围检测发现装饰品：Sprite
UnityEngine.DebugLogHandler:Internal_Log(LogType, LogOption, String, Object)
UnityEngine.Logger:Log(LogType, Object)
UnityEngine.Debug:Log(Object)
BirdGame.GameSystem:IsCoverDecoration() (at E:/Unity/Projects/Work/FeatherLandNew/Assets/Scripts/New/Systems/IGameSystem.cs:438)
BirdGame.GameEntry:CheckCursor() (at E:/Unity/Projects/Work/FeatherLandNew/Assets/Scripts/New/ViewController/Game/GameEntry.cs:398)
BirdGame.GameEntry:Update() (at E:/Unity/Projects/Work/FeatherLandNew/Assets/Scripts/New/ViewController/Game/GameEntry.cs:158)

通过范围检测发现装饰品：Sprite
UnityEngine.DebugLogHandler:Internal_Log(LogType, LogOption, String, Object)
UnityEngine.Logger:Log(LogType, Object)
UnityEngine.Debug:Log(Object)
BirdGame.GameSystem:IsCoverDecoration() (at E:/Unity/Projects/Work/FeatherLandNew/Assets/Scripts/New/Systems/IGameSystem.cs:438)
BirdGame.GameEntry:CheckCursor() (at E:/Unity/Projects/Work/FeatherLandNew/Assets/Scripts/New/ViewController/Game/GameEntry.cs:398)
BirdGame.GameEntry:Update() (at E:/Unity/Projects/Work/FeatherLandNew/Assets/Scripts/New/ViewController/Game/GameEntry.cs:158)

通过范围检测发现装饰品：Sprite
UnityEngine.DebugLogHandler:Internal_Log(LogType, LogOption, String, Object)
UnityEngine.Logger:Log(LogType, Object)
UnityEngine.Debug:Log(Object)
BirdGame.GameSystem:IsCoverDecoration() (at E:/Unity/Projects/Work/FeatherLandNew/Assets/Scripts/New/Systems/IGameSystem.cs:438)
BirdGame.GameEntry:CheckCursor() (at E:/Unity/Projects/Work/FeatherLandNew/Assets/Scripts/New/ViewController/Game/GameEntry.cs:398)
BirdGame.GameEntry:Update() (at E:/Unity/Projects/Work/FeatherLandNew/Assets/Scripts/New/ViewController/Game/GameEntry.cs:158)

通过范围检测发现装饰品：Sprite
UnityEngine.DebugLogHandler:Internal_Log(LogType, LogOption, String, Object)
UnityEngine.Logger:Log(LogType, Object)
UnityEngine.Debug:Log(Object)
BirdGame.GameSystem:IsCoverDecoration() (at E:/Unity/Projects/Work/FeatherLandNew/Assets/Scripts/New/Systems/IGameSystem.cs:438)
BirdGame.GameEntry:CheckCursor() (at E:/Unity/Projects/Work/FeatherLandNew/Assets/Scripts/New/ViewController/Game/GameEntry.cs:398)
BirdGame.GameEntry:Update() (at E:/Unity/Projects/Work/FeatherLandNew/Assets/Scripts/New/ViewController/Game/GameEntry.cs:158)

通过范围检测发现装饰品：Sprite
UnityEngine.DebugLogHandler:Internal_Log(LogType, LogOption, String, Object)
UnityEngine.Logger:Log(LogType, Object)
UnityEngine.Debug:Log(Object)
BirdGame.GameSystem:IsCoverDecoration() (at E:/Unity/Projects/Work/FeatherLandNew/Assets/Scripts/New/Systems/IGameSystem.cs:438)
BirdGame.GameEntry:CheckCursor() (at E:/Unity/Projects/Work/FeatherLandNew/Assets/Scripts/New/ViewController/Game/GameEntry.cs:398)
BirdGame.GameEntry:Update() (at E:/Unity/Projects/Work/FeatherLandNew/Assets/Scripts/New/ViewController/Game/GameEntry.cs:158)

通过范围检测发现装饰品：Sprite
UnityEngine.DebugLogHandler:Internal_Log(LogType, LogOption, String, Object)
UnityEngine.Logger:Log(LogType, Object)
UnityEngine.Debug:Log(Object)
BirdGame.GameSystem:IsCoverDecoration() (at E:/Unity/Projects/Work/FeatherLandNew/Assets/Scripts/New/Systems/IGameSystem.cs:438)
BirdGame.GameEntry:CheckCursor() (at E:/Unity/Projects/Work/FeatherLandNew/Assets/Scripts/New/ViewController/Game/GameEntry.cs:398)
BirdGame.GameEntry:Update() (at E:/Unity/Projects/Work/FeatherLandNew/Assets/Scripts/New/ViewController/Game/GameEntry.cs:158)

通过范围检测发现装饰品：Sprite
UnityEngine.DebugLogHandler:Internal_Log(LogType, LogOption, String, Object)
UnityEngine.Logger:Log(LogType, Object)
UnityEngine.Debug:Log(Object)
BirdGame.GameSystem:IsCoverDecoration() (at E:/Unity/Projects/Work/FeatherLandNew/Assets/Scripts/New/Systems/IGameSystem.cs:438)
BirdGame.GameEntry:CheckCursor() (at E:/Unity/Projects/Work/FeatherLandNew/Assets/Scripts/New/ViewController/Game/GameEntry.cs:398)
BirdGame.GameEntry:Update() (at E:/Unity/Projects/Work/FeatherLandNew/Assets/Scripts/New/ViewController/Game/GameEntry.cs:158)

通过范围检测发现装饰品：Sprite
UnityEngine.DebugLogHandler:Internal_Log(LogType, LogOption, String, Object)
UnityEngine.Logger:Log(LogType, Object)
UnityEngine.Debug:Log(Object)
BirdGame.GameSystem:IsCoverDecoration() (at E:/Unity/Projects/Work/FeatherLandNew/Assets/Scripts/New/Systems/IGameSystem.cs:438)
BirdGame.GameEntry:CheckCursor() (at E:/Unity/Projects/Work/FeatherLandNew/Assets/Scripts/New/ViewController/Game/GameEntry.cs:398)
BirdGame.GameEntry:Update() (at E:/Unity/Projects/Work/FeatherLandNew/Assets/Scripts/New/ViewController/Game/GameEntry.cs:158)

通过范围检测发现装饰品：Sprite
UnityEngine.DebugLogHandler:Internal_Log(LogType, LogOption, String, Object)
UnityEngine.Logger:Log(LogType, Object)
UnityEngine.Debug:Log(Object)
BirdGame.GameSystem:IsCoverDecoration() (at E:/Unity/Projects/Work/FeatherLandNew/Assets/Scripts/New/Systems/IGameSystem.cs:438)
BirdGame.GameEntry:CheckCursor() (at E:/Unity/Projects/Work/FeatherLandNew/Assets/Scripts/New/ViewController/Game/GameEntry.cs:398)
BirdGame.GameEntry:Update() (at E:/Unity/Projects/Work/FeatherLandNew/Assets/Scripts/New/ViewController/Game/GameEntry.cs:158)

通过范围检测发现装饰品：Sprite
UnityEngine.DebugLogHandler:Internal_Log(LogType, LogOption, String, Object)
UnityEngine.Logger:Log(LogType, Object)
UnityEngine.Debug:Log(Object)
BirdGame.GameSystem:IsCoverDecoration() (at E:/Unity/Projects/Work/FeatherLandNew/Assets/Scripts/New/Systems/IGameSystem.cs:438)
BirdGame.GameEntry:CheckCursor() (at E:/Unity/Projects/Work/FeatherLandNew/Assets/Scripts/New/ViewController/Game/GameEntry.cs:398)
BirdGame.GameEntry:Update() (at E:/Unity/Projects/Work/FeatherLandNew/Assets/Scripts/New/ViewController/Game/GameEntry.cs:158)

通过范围检测发现装饰品：Sprite
UnityEngine.DebugLogHandler:Internal_Log(LogType, LogOption, String, Object)
UnityEngine.Logger:Log(LogType, Object)
UnityEngine.Debug:Log(Object)
BirdGame.GameSystem:IsCoverDecoration() (at E:/Unity/Projects/Work/FeatherLandNew/Assets/Scripts/New/Systems/IGameSystem.cs:438)
BirdGame.GameEntry:CheckCursor() (at E:/Unity/Projects/Work/FeatherLandNew/Assets/Scripts/New/ViewController/Game/GameEntry.cs:398)
BirdGame.GameEntry:Update() (at E:/Unity/Projects/Work/FeatherLandNew/Assets/Scripts/New/ViewController/Game/GameEntry.cs:158)

通过范围检测发现装饰品：Sprite
UnityEngine.DebugLogHandler:Internal_Log(LogType, LogOption, String, Object)
UnityEngine.Logger:Log(LogType, Object)
UnityEngine.Debug:Log(Object)
BirdGame.GameSystem:IsCoverDecoration() (at E:/Unity/Projects/Work/FeatherLandNew/Assets/Scripts/New/Systems/IGameSystem.cs:438)
BirdGame.GameEntry:CheckCursor() (at E:/Unity/Projects/Work/FeatherLandNew/Assets/Scripts/New/ViewController/Game/GameEntry.cs:398)
BirdGame.GameEntry:Update() (at E:/Unity/Projects/Work/FeatherLandNew/Assets/Scripts/New/ViewController/Game/GameEntry.cs:158)

通过范围检测发现装饰品：Sprite
UnityEngine.DebugLogHandler:Internal_Log(LogType, LogOption, String, Object)
UnityEngine.Logger:Log(LogType, Object)
UnityEngine.Debug:Log(Object)
BirdGame.GameSystem:IsCoverDecoration() (at E:/Unity/Projects/Work/FeatherLandNew/Assets/Scripts/New/Systems/IGameSystem.cs:438)
BirdGame.GameEntry:CheckCursor() (at E:/Unity/Projects/Work/FeatherLandNew/Assets/Scripts/New/ViewController/Game/GameEntry.cs:398)
BirdGame.GameEntry:Update() (at E:/Unity/Projects/Work/FeatherLandNew/Assets/Scripts/New/ViewController/Game/GameEntry.cs:158)

通过范围检测发现装饰品：Sprite
UnityEngine.DebugLogHandler:Internal_Log(LogType, LogOption, String, Object)
UnityEngine.Logger:Log(LogType, Object)
UnityEngine.Debug:Log(Object)
BirdGame.GameSystem:IsCoverDecoration() (at E:/Unity/Projects/Work/FeatherLandNew/Assets/Scripts/New/Systems/IGameSystem.cs:438)
BirdGame.GameEntry:CheckCursor() (at E:/Unity/Projects/Work/FeatherLandNew/Assets/Scripts/New/ViewController/Game/GameEntry.cs:398)
BirdGame.GameEntry:Update() (at E:/Unity/Projects/Work/FeatherLandNew/Assets/Scripts/New/ViewController/Game/GameEntry.cs:158)

通过范围检测发现装饰品：Sprite
UnityEngine.DebugLogHandler:Internal_Log(LogType, LogOption, String, Object)
UnityEngine.Logger:Log(LogType, Object)
UnityEngine.Debug:Log(Object)
BirdGame.GameSystem:IsCoverDecoration() (at E:/Unity/Projects/Work/FeatherLandNew/Assets/Scripts/New/Systems/IGameSystem.cs:438)
BirdGame.GameEntry:CheckCursor() (at E:/Unity/Projects/Work/FeatherLandNew/Assets/Scripts/New/ViewController/Game/GameEntry.cs:398)
BirdGame.GameEntry:Update() (at E:/Unity/Projects/Work/FeatherLandNew/Assets/Scripts/New/ViewController/Game/GameEntry.cs:158)

通过范围检测发现装饰品：Sprite
UnityEngine.DebugLogHandler:Internal_Log(LogType, LogOption, String, Object)
UnityEngine.Logger:Log(LogType, Object)
UnityEngine.Debug:Log(Object)
BirdGame.GameSystem:IsCoverDecoration() (at E:/Unity/Projects/Work/FeatherLandNew/Assets/Scripts/New/Systems/IGameSystem.cs:438)
BirdGame.GameEntry:CheckCursor() (at E:/Unity/Projects/Work/FeatherLandNew/Assets/Scripts/New/ViewController/Game/GameEntry.cs:398)
BirdGame.GameEntry:Update() (at E:/Unity/Projects/Work/FeatherLandNew/Assets/Scripts/New/ViewController/Game/GameEntry.cs:158)

通过范围检测发现装饰品：Sprite
UnityEngine.DebugLogHandler:Internal_Log(LogType, LogOption, String, Object)
UnityEngine.Logger:Log(LogType, Object)
UnityEngine.Debug:Log(Object)
BirdGame.GameSystem:IsCoverDecoration() (at E:/Unity/Projects/Work/FeatherLandNew/Assets/Scripts/New/Systems/IGameSystem.cs:438)
BirdGame.GameEntry:CheckCursor() (at E:/Unity/Projects/Work/FeatherLandNew/Assets/Scripts/New/ViewController/Game/GameEntry.cs:398)
BirdGame.GameEntry:Update() (at E:/Unity/Projects/Work/FeatherLandNew/Assets/Scripts/New/ViewController/Game/GameEntry.cs:158)

通过范围检测发现装饰品：Sprite
UnityEngine.DebugLogHandler:Internal_Log(LogType, LogOption, String, Object)
UnityEngine.Logger:Log(LogType, Object)
UnityEngine.Debug:Log(Object)
BirdGame.GameSystem:IsCoverDecoration() (at E:/Unity/Projects/Work/FeatherLandNew/Assets/Scripts/New/Systems/IGameSystem.cs:438)
BirdGame.GameEntry:CheckCursor() (at E:/Unity/Projects/Work/FeatherLandNew/Assets/Scripts/New/ViewController/Game/GameEntry.cs:398)
BirdGame.GameEntry:Update() (at E:/Unity/Projects/Work/FeatherLandNew/Assets/Scripts/New/ViewController/Game/GameEntry.cs:158)

通过范围检测发现装饰品：Sprite
UnityEngine.DebugLogHandler:Internal_Log(LogType, LogOption, String, Object)
UnityEngine.Logger:Log(LogType, Object)
UnityEngine.Debug:Log(Object)
BirdGame.GameSystem:IsCoverDecoration() (at E:/Unity/Projects/Work/FeatherLandNew/Assets/Scripts/New/Systems/IGameSystem.cs:438)
BirdGame.GameEntry:CheckCursor() (at E:/Unity/Projects/Work/FeatherLandNew/Assets/Scripts/New/ViewController/Game/GameEntry.cs:398)
BirdGame.GameEntry:Update() (at E:/Unity/Projects/Work/FeatherLandNew/Assets/Scripts/New/ViewController/Game/GameEntry.cs:158)

检测到装饰品：Sprite
UnityEngine.DebugLogHandler:Internal_Log(LogType, LogOption, String, Object)
UnityEngine.Logger:Log(LogType, Object)
UnityEngine.Debug:Log(Object)
BirdGame.GameSystem:IsCoverDecoration() (at E:/Unity/Projects/Work/FeatherLandNew/Assets/Scripts/New/Systems/IGameSystem.cs:438)
BirdGame.GameEntry:CheckCursor() (at E:/Unity/Projects/Work/FeatherLandNew/Assets/Scripts/New/ViewController/Game/GameEntry.cs:398)
BirdGame.GameEntry:Update() (at E:/Unity/Projects/Work/FeatherLandNew/Assets/Scripts/New/ViewController/Game/GameEntry.cs:158)

检测到装饰品：Sprite
UnityEngine.DebugLogHandler:Internal_Log(LogType, LogOption, String, Object)
UnityEngine.Logger:Log(LogType, Object)
UnityEngine.Debug:Log(Object)
BirdGame.GameSystem:IsCoverDecoration() (at E:/Unity/Projects/Work/FeatherLandNew/Assets/Scripts/New/Systems/IGameSystem.cs:438)
BirdGame.GameEntry:CheckCursor() (at E:/Unity/Projects/Work/FeatherLandNew/Assets/Scripts/New/ViewController/Game/GameEntry.cs:398)
BirdGame.GameEntry:Update() (at E:/Unity/Projects/Work/FeatherLandNew/Assets/Scripts/New/ViewController/Game/GameEntry.cs:158)

通过范围检测发现装饰品：Sprite
UnityEngine.DebugLogHandler:Internal_Log(LogType, LogOption, String, Object)
UnityEngine.Logger:Log(LogType, Object)
UnityEngine.Debug:Log(Object)
BirdGame.GameSystem:IsCoverDecoration() (at E:/Unity/Projects/Work/FeatherLandNew/Assets/Scripts/New/Systems/IGameSystem.cs:438)
BirdGame.GameEntry:CheckCursor() (at E:/Unity/Projects/Work/FeatherLandNew/Assets/Scripts/New/ViewController/Game/GameEntry.cs:398)
BirdGame.GameEntry:Update() (at E:/Unity/Projects/Work/FeatherLandNew/Assets/Scripts/New/ViewController/Game/GameEntry.cs:158)

通过范围检测发现装饰品：Sprite
UnityEngine.DebugLogHandler:Internal_Log(LogType, LogOption, String, Object)
UnityEngine.Logger:Log(LogType, Object)
UnityEngine.Debug:Log(Object)
BirdGame.GameSystem:IsCoverDecoration() (at E:/Unity/Projects/Work/FeatherLandNew/Assets/Scripts/New/Systems/IGameSystem.cs:438)
BirdGame.GameEntry:CheckCursor() (at E:/Unity/Projects/Work/FeatherLandNew/Assets/Scripts/New/ViewController/Game/GameEntry.cs:398)
BirdGame.GameEntry:Update() (at E:/Unity/Projects/Work/FeatherLandNew/Assets/Scripts/New/ViewController/Game/GameEntry.cs:158)

通过范围检测发现装饰品：Sprite
UnityEngine.DebugLogHandler:Internal_Log(LogType, LogOption, String, Object)
UnityEngine.Logger:Log(LogType, Object)
UnityEngine.Debug:Log(Object)
BirdGame.GameSystem:IsCoverDecoration() (at E:/Unity/Projects/Work/FeatherLandNew/Assets/Scripts/New/Systems/IGameSystem.cs:438)
BirdGame.GameEntry:CheckCursor() (at E:/Unity/Projects/Work/FeatherLandNew/Assets/Scripts/New/ViewController/Game/GameEntry.cs:398)
BirdGame.GameEntry:Update() (at E:/Unity/Projects/Work/FeatherLandNew/Assets/Scripts/New/ViewController/Game/GameEntry.cs:158)

通过范围检测发现装饰品：Sprite
UnityEngine.DebugLogHandler:Internal_Log(LogType, LogOption, String, Object)
UnityEngine.Logger:Log(LogType, Object)
UnityEngine.Debug:Log(Object)
BirdGame.GameSystem:IsCoverDecoration() (at E:/Unity/Projects/Work/FeatherLandNew/Assets/Scripts/New/Systems/IGameSystem.cs:438)
BirdGame.GameEntry:CheckCursor() (at E:/Unity/Projects/Work/FeatherLandNew/Assets/Scripts/New/ViewController/Game/GameEntry.cs:398)
BirdGame.GameEntry:Update() (at E:/Unity/Projects/Work/FeatherLandNew/Assets/Scripts/New/ViewController/Game/GameEntry.cs:158)

通过范围检测发现装饰品：Sprite
UnityEngine.DebugLogHandler:Internal_Log(LogType, LogOption, String, Object)
UnityEngine.Logger:Log(LogType, Object)
UnityEngine.Debug:Log(Object)
BirdGame.GameSystem:IsCoverDecoration() (at E:/Unity/Projects/Work/FeatherLandNew/Assets/Scripts/New/Systems/IGameSystem.cs:438)
BirdGame.GameEntry:CheckCursor() (at E:/Unity/Projects/Work/FeatherLandNew/Assets/Scripts/New/ViewController/Game/GameEntry.cs:398)
BirdGame.GameEntry:Update() (at E:/Unity/Projects/Work/FeatherLandNew/Assets/Scripts/New/ViewController/Game/GameEntry.cs:158)

通过范围检测发现装饰品：Sprite
UnityEngine.DebugLogHandler:Internal_Log(LogType, LogOption, String, Object)
UnityEngine.Logger:Log(LogType, Object)
UnityEngine.Debug:Log(Object)
BirdGame.GameSystem:IsCoverDecoration() (at E:/Unity/Projects/Work/FeatherLandNew/Assets/Scripts/New/Systems/IGameSystem.cs:438)
BirdGame.GameEntry:CheckCursor() (at E:/Unity/Projects/Work/FeatherLandNew/Assets/Scripts/New/ViewController/Game/GameEntry.cs:398)
BirdGame.GameEntry:Update() (at E:/Unity/Projects/Work/FeatherLandNew/Assets/Scripts/New/ViewController/Game/GameEntry.cs:158)

通过范围检测发现装饰品：Sprite
UnityEngine.DebugLogHandler:Internal_Log(LogType, LogOption, String, Object)
UnityEngine.Logger:Log(LogType, Object)
UnityEngine.Debug:Log(Object)
BirdGame.GameSystem:IsCoverDecoration() (at E:/Unity/Projects/Work/FeatherLandNew/Assets/Scripts/New/Systems/IGameSystem.cs:438)
BirdGame.GameEntry:CheckCursor() (at E:/Unity/Projects/Work/FeatherLandNew/Assets/Scripts/New/ViewController/Game/GameEntry.cs:398)
BirdGame.GameEntry:Update() (at E:/Unity/Projects/Work/FeatherLandNew/Assets/Scripts/New/ViewController/Game/GameEntry.cs:158)

通过范围检测发现装饰品：Sprite
UnityEngine.DebugLogHandler:Internal_Log(LogType, LogOption, String, Object)
UnityEngine.Logger:Log(LogType, Object)
UnityEngine.Debug:Log(Object)
BirdGame.GameSystem:IsCoverDecoration() (at E:/Unity/Projects/Work/FeatherLandNew/Assets/Scripts/New/Systems/IGameSystem.cs:438)
BirdGame.GameEntry:CheckCursor() (at E:/Unity/Projects/Work/FeatherLandNew/Assets/Scripts/New/ViewController/Game/GameEntry.cs:398)
BirdGame.GameEntry:Update() (at E:/Unity/Projects/Work/FeatherLandNew/Assets/Scripts/New/ViewController/Game/GameEntry.cs:158)

