Input System module state changed to: Initialized.
[Physics::Module] Initialized fallback backend.
[Physics::Module] Id: 0xdecafbad
Loading player data from F:/Program Files (x86)/Steam/steamapps/common/Feather Land Demo/featherlandunit_Data/data.unity3d
Initialize engine version: 6000.0.58f2 (92dee566b325)
[Subsystems] Discovering subsystems at path F:/Program Files (x86)/Steam/steamapps/common/Feather Land Demo/featherlandunit_Data/UnitySubsystems
kGfxThreadingModeSplitJobs is not supported on Direct3D 11. Reverting to kGfxThreadingModeClientWorkerJobs instead.
GfxDevice: creating device client; kGfxThreadingModeClientWorkerJobs
Direct3D:
    Version:  Direct3D 11.0 [level 11.1]
    Renderer: NVIDIA GeForce RTX 3050 (ID=0x2507)
    Vendor:   NVIDIA
    VRAM:     8042 MB
    Driver:   32.0.15.6636
<RI> Initializing input.
Using Windows.Gaming.Input
<RI> Input initialized.
UnloadTime: 0.332600 ms
Odin Serializer ArchitectureInfo initialization with defaults (all unaligned read/writes disabled).
UnityEngine.DebugLogHandler:Internal_Log(LogType, LogOption, String, Object)
UnityEngine.Logger:Log(LogType, Object)
UnityEngine.Debug:Log(Object)
Sirenix.Serialization.UnitySerializationInitializer:Initialize()

Odin Serializer detected whitelisted runtime platform WindowsPlayer and memory read test succeeded; enabling all unaligned memory read/writes.
UnityEngine.DebugLogHandler:Internal_Log(LogType, LogOption, String, Object)
UnityEngine.Logger:Log(LogType, Object)
UnityEngine.Debug:Log(Object)
Sirenix.Serialization.ArchitectureInfo:SetRuntimePlatform(RuntimePlatform)
Sirenix.Serialization.UnitySerializationInitializer:Initialize()

SteamAPI initialized successfully!
UnityEngine.DebugLogHandler:Internal_Log(LogType, LogOption, String, Object)
UnityEngine.Logger:Log(LogType, Object)
UnityEngine.Debug:Log(Object)
BirdGame.SteamSystem:OnInit() (at D:/unity/FetaherLand623/FeatherLandNew/Assets/Scripts/New/Systems/ISteamSystem.cs:27)
QFramework.Architecture`1:MakeSureArchitecture() (at D:/unity/FetaherLand623/FeatherLandNew/Assets/QFramework/Framework/Scripts/QFramework.cs:104)
QFramework.Architecture`1:get_Interface() (at D:/unity/FetaherLand623/FeatherLandNew/Assets/QFramework/Framework/Scripts/QFramework.cs:80)
QFramework.CanRegisterEventExtension:RegisterEvent(ICanRegisterEvent, Action`1) (at D:/unity/FetaherLand623/FeatherLandNew/Assets/QFramework/Framework/Scripts/QFramework.cs:402)
BirdGame.GameEntry:Start() (at D:/unity/FetaherLand623/FeatherLandNew/Assets/Scripts/New/ViewController/Game/GameEntry.cs:50)

Player's name: 223261911
UnityEngine.DebugLogHandler:Internal_Log(LogType, LogOption, String, Object)
UnityEngine.Logger:Log(LogType, Object)
UnityEngine.Debug:Log(Object)
BirdGame.SteamSystem:OnInit() (at D:/unity/FetaherLand623/FeatherLandNew/Assets/Scripts/New/Systems/ISteamSystem.cs:30)
QFramework.Architecture`1:MakeSureArchitecture() (at D:/unity/FetaherLand623/FeatherLandNew/Assets/QFramework/Framework/Scripts/QFramework.cs:104)
QFramework.Architecture`1:get_Interface() (at D:/unity/FetaherLand623/FeatherLandNew/Assets/QFramework/Framework/Scripts/QFramework.cs:80)
QFramework.CanRegisterEventExtension:RegisterEvent(ICanRegisterEvent, Action`1) (at D:/unity/FetaherLand623/FeatherLandNew/Assets/QFramework/Framework/Scripts/QFramework.cs:402)
BirdGame.GameEntry:Start() (at D:/unity/FetaherLand623/FeatherLandNew/Assets/Scripts/New/ViewController/Game/GameEntry.cs:50)

RenderGraph is now enabled.
UnityEngine.DebugLogHandler:Internal_Log(LogType, LogOption, String, Object)
UnityEngine.Logger:Log(LogType, Object)
UnityEngine.Debug:Log(Object)
UnityEngine.Rendering.Universal.UniversalRenderPipeline:.ctor(UniversalRenderPipelineAsset) (at ./Library/PackageCache/com.unity.render-pipelines.universal@e1fa89d1f997/Runtime/UniversalRenderPipeline.cs:259)
UnityEngine.Rendering.Universal.UniversalRenderPipelineAsset:CreatePipeline() (at ./Library/PackageCache/com.unity.render-pipelines.universal@e1fa89d1f997/Runtime/Data/UniversalRenderPipelineAsset.cs:793)
UnityEngine.Rendering.RenderPipelineAsset:InternalCreatePipeline()
UnityEngine.Rendering.RenderPipelineManager:TryPrepareRenderPipeline(RenderPipelineAsset)
UnityEngine.Rendering.RenderPipelineManager:DoRenderLoop_Internal(RenderPipelineAsset, IntPtr, Object)

LocalizationConfig加载完成，包含 8 种语言:
UnityEngine.DebugLogHandler:Internal_Log(LogType, LogOption, String, Object)
UnityEngine.Logger:Log(LogType, Object)
UnityEngine.Debug:Log(Object)
BirdGame.LoadGameCommand:OnLocalizationConfigComplete(LocalizationConfig) (at D:/unity/FetaherLand623/FeatherLandNew/Assets/Scripts/New/Commands/LoadGameCommand.cs:89)
UnityEngine.UI.CoroutineTween.FloatTween:get_duration() (at ./Library/PackageCache/com.unity.ugui@aa507f3228f0/Runtime/UGUI/UI/Animation/CoroutineTween.cs:142)
System.Threading.ExecutionContext:RunInternal(ExecutionContext, ContextCallback, Object, Boolean)
System.Runtime.CompilerServices.MoveNextRunner:Run()
Cysharp.Threading.Tasks.Awaiter:GetResult() (at D:/unity/FetaherLand623/FeatherLandNew/Assets/Plugins/UniTask/Runtime/UniTask.cs:317)
Cysharp.Threading.Tasks.Internal.ContinuationQueue:RunCore() (at D:/unity/FetaherLand623/FeatherLandNew/Assets/Plugins/UniTask/Runtime/Internal/ContinuationQueue.cs:194)

  - English: 313 个翻译条目
UnityEngine.DebugLogHandler:Internal_Log(LogType, LogOption, String, Object)
UnityEngine.Logger:Log(LogType, Object)
UnityEngine.Debug:Log(Object)
BirdGame.LoadGameCommand:OnLocalizationConfigComplete(LocalizationConfig) (at D:/unity/FetaherLand623/FeatherLandNew/Assets/Scripts/New/Commands/LoadGameCommand.cs:92)
UnityEngine.UI.CoroutineTween.FloatTween:get_duration() (at ./Library/PackageCache/com.unity.ugui@aa507f3228f0/Runtime/UGUI/UI/Animation/CoroutineTween.cs:142)
System.Threading.ExecutionContext:RunInternal(ExecutionContext, ContextCallback, Object, Boolean)
System.Runtime.CompilerServices.MoveNextRunner:Run()
Cysharp.Threading.Tasks.Awaiter:GetResult() (at D:/unity/FetaherLand623/FeatherLandNew/Assets/Plugins/UniTask/Runtime/UniTask.cs:317)
Cysharp.Threading.Tasks.Internal.ContinuationQueue:RunCore() (at D:/unity/FetaherLand623/FeatherLandNew/Assets/Plugins/UniTask/Runtime/Internal/ContinuationQueue.cs:194)

  - ChineseSimplified: 313 个翻译条目
UnityEngine.DebugLogHandler:Internal_Log(LogType, LogOption, String, Object)
UnityEngine.Logger:Log(LogType, Object)
UnityEngine.Debug:Log(Object)
BirdGame.LoadGameCommand:OnLocalizationConfigComplete(LocalizationConfig) (at D:/unity/FetaherLand623/FeatherLandNew/Assets/Scripts/New/Commands/LoadGameCommand.cs:92)
UnityEngine.UI.CoroutineTween.FloatTween:get_duration() (at ./Library/PackageCache/com.unity.ugui@aa507f3228f0/Runtime/UGUI/UI/Animation/CoroutineTween.cs:142)
System.Threading.ExecutionContext:RunInternal(ExecutionContext, ContextCallback, Object, Boolean)
System.Runtime.CompilerServices.MoveNextRunner:Run()
Cysharp.Threading.Tasks.Awaiter:GetResult() (at D:/unity/FetaherLand623/FeatherLandNew/Assets/Plugins/UniTask/Runtime/UniTask.cs:317)
Cysharp.Threading.Tasks.Internal.ContinuationQueue:RunCore() (at D:/unity/FetaherLand623/FeatherLandNew/Assets/Plugins/UniTask/Runtime/Internal/ContinuationQueue.cs:194)

  - ChineseTraditional: 313 个翻译条目
UnityEngine.DebugLogHandler:Internal_Log(LogType, LogOption, String, Object)
UnityEngine.Logger:Log(LogType, Object)
UnityEngine.Debug:Log(Object)
BirdGame.LoadGameCommand:OnLocalizationConfigComplete(LocalizationConfig) (at D:/unity/FetaherLand623/FeatherLandNew/Assets/Scripts/New/Commands/LoadGameCommand.cs:92)
UnityEngine.UI.CoroutineTween.FloatTween:get_duration() (at ./Library/PackageCache/com.unity.ugui@aa507f3228f0/Runtime/UGUI/UI/Animation/CoroutineTween.cs:142)
System.Threading.ExecutionContext:RunInternal(ExecutionContext, ContextCallback, Object, Boolean)
System.Runtime.CompilerServices.MoveNextRunner:Run()
Cysharp.Threading.Tasks.Awaiter:GetResult() (at D:/unity/FetaherLand623/FeatherLandNew/Assets/Plugins/UniTask/Runtime/UniTask.cs:317)
Cysharp.Threading.Tasks.Internal.ContinuationQueue:RunCore() (at D:/unity/FetaherLand623/FeatherLandNew/Assets/Plugins/UniTask/Runtime/Internal/ContinuationQueue.cs:194)

  - Japanese: 313 个翻译条目
UnityEngine.DebugLogHandler:Internal_Log(LogType, LogOption, String, Object)
UnityEngine.Logger:Log(LogType, Object)
UnityEngine.Debug:Log(Object)
BirdGame.LoadGameCommand:OnLocalizationConfigComplete(LocalizationConfig) (at D:/unity/FetaherLand623/FeatherLandNew/Assets/Scripts/New/Commands/LoadGameCommand.cs:92)
UnityEngine.UI.CoroutineTween.FloatTween:get_duration() (at ./Library/PackageCache/com.unity.ugui@aa507f3228f0/Runtime/UGUI/UI/Animation/CoroutineTween.cs:142)
System.Threading.ExecutionContext:RunInternal(ExecutionContext, ContextCallback, Object, Boolean)
System.Runtime.CompilerServices.MoveNextRunner:Run()
Cysharp.Threading.Tasks.Awaiter:GetResult() (at D:/unity/FetaherLand623/FeatherLandNew/Assets/Plugins/UniTask/Runtime/UniTask.cs:317)
Cysharp.Threading.Tasks.Internal.ContinuationQueue:RunCore() (at D:/unity/FetaherLand623/FeatherLandNew/Assets/Plugins/UniTask/Runtime/Internal/ContinuationQueue.cs:194)

  - Korean: 313 个翻译条目
UnityEngine.DebugLogHandler:Internal_Log(LogType, LogOption, String, Object)
UnityEngine.Logger:Log(LogType, Object)
UnityEngine.Debug:Log(Object)
BirdGame.LoadGameCommand:OnLocalizationConfigComplete(LocalizationConfig) (at D:/unity/FetaherLand623/FeatherLandNew/Assets/Scripts/New/Commands/LoadGameCommand.cs:92)
UnityEngine.UI.CoroutineTween.FloatTween:get_duration() (at ./Library/PackageCache/com.unity.ugui@aa507f3228f0/Runtime/UGUI/UI/Animation/CoroutineTween.cs:142)
System.Threading.ExecutionContext:RunInternal(ExecutionContext, ContextCallback, Object, Boolean)
System.Runtime.CompilerServices.MoveNextRunner:Run()
Cysharp.Threading.Tasks.Awaiter:GetResult() (at D:/unity/FetaherLand623/FeatherLandNew/Assets/Plugins/UniTask/Runtime/UniTask.cs:317)
Cysharp.Threading.Tasks.Internal.ContinuationQueue:RunCore() (at D:/unity/FetaherLand623/FeatherLandNew/Assets/Plugins/UniTask/Runtime/Internal/ContinuationQueue.cs:194)

  - Russian: 313 个翻译条目
UnityEngine.DebugLogHandler:Internal_Log(LogType, LogOption, String, Object)
UnityEngine.Logger:Log(LogType, Object)
UnityEngine.Debug:Log(Object)
BirdGame.LoadGameCommand:OnLocalizationConfigComplete(LocalizationConfig) (at D:/unity/FetaherLand623/FeatherLandNew/Assets/Scripts/New/Commands/LoadGameCommand.cs:92)
UnityEngine.UI.CoroutineTween.FloatTween:get_duration() (at ./Library/PackageCache/com.unity.ugui@aa507f3228f0/Runtime/UGUI/UI/Animation/CoroutineTween.cs:142)
System.Threading.ExecutionContext:RunInternal(ExecutionContext, ContextCallback, Object, Boolean)
System.Runtime.CompilerServices.MoveNextRunner:Run()
Cysharp.Threading.Tasks.Awaiter:GetResult() (at D:/unity/FetaherLand623/FeatherLandNew/Assets/Plugins/UniTask/Runtime/UniTask.cs:317)
Cysharp.Threading.Tasks.Internal.ContinuationQueue:RunCore() (at D:/unity/FetaherLand623/FeatherLandNew/Assets/Plugins/UniTask/Runtime/Internal/ContinuationQueue.cs:194)

  - French: 313 个翻译条目
UnityEngine.DebugLogHandler:Internal_Log(LogType, LogOption, String, Object)
UnityEngine.Logger:Log(LogType, Object)
UnityEngine.Debug:Log(Object)
BirdGame.LoadGameCommand:OnLocalizationConfigComplete(LocalizationConfig) (at D:/unity/FetaherLand623/FeatherLandNew/Assets/Scripts/New/Commands/LoadGameCommand.cs:92)
UnityEngine.UI.CoroutineTween.FloatTween:get_duration() (at ./Library/PackageCache/com.unity.ugui@aa507f3228f0/Runtime/UGUI/UI/Animation/CoroutineTween.cs:142)
System.Threading.ExecutionContext:RunInternal(ExecutionContext, ContextCallback, Object, Boolean)
System.Runtime.CompilerServices.MoveNextRunner:Run()
Cysharp.Threading.Tasks.Awaiter:GetResult() (at D:/unity/FetaherLand623/FeatherLandNew/Assets/Plugins/UniTask/Runtime/UniTask.cs:317)
Cysharp.Threading.Tasks.Internal.ContinuationQueue:RunCore() (at D:/unity/FetaherLand623/FeatherLandNew/Assets/Plugins/UniTask/Runtime/Internal/ContinuationQueue.cs:194)

  - Spanish: 313 个翻译条目
UnityEngine.DebugLogHandler:Internal_Log(LogType, LogOption, String, Object)
UnityEngine.Logger:Log(LogType, Object)
UnityEngine.Debug:Log(Object)
BirdGame.LoadGameCommand:OnLocalizationConfigComplete(LocalizationConfig) (at D:/unity/FetaherLand623/FeatherLandNew/Assets/Scripts/New/Commands/LoadGameCommand.cs:92)
UnityEngine.UI.CoroutineTween.FloatTween:get_duration() (at ./Library/PackageCache/com.unity.ugui@aa507f3228f0/Runtime/UGUI/UI/Animation/CoroutineTween.cs:142)
System.Threading.ExecutionContext:RunInternal(ExecutionContext, ContextCallback, Object, Boolean)
System.Runtime.CompilerServices.MoveNextRunner:Run()
Cysharp.Threading.Tasks.Awaiter:GetResult() (at D:/unity/FetaherLand623/FeatherLandNew/Assets/Plugins/UniTask/Runtime/UniTask.cs:317)
Cysharp.Threading.Tasks.Internal.ContinuationQueue:RunCore() (at D:/unity/FetaherLand623/FeatherLandNew/Assets/Plugins/UniTask/Runtime/Internal/ContinuationQueue.cs:194)

当前Windows系统语言: ChineseSimplified
UnityEngine.DebugLogHandler:Internal_Log(LogType, LogOption, String, Object)
UnityEngine.Logger:Log(LogType, Object)
UnityEngine.Debug:Log(Object)
BirdGame.SettingData:.ctor() (at D:/unity/FetaherLand623/FeatherLandNew/Assets/Scripts/New/Models/ISaveModel.cs:94)
UnityEngine.JsonUtility:FromJsonInternal(String, Object, Type)
UnityEngine.JsonUtility:FromJson(String)
BirdGame.SaveSystem:GetData(String) (at D:/unity/FetaherLand623/FeatherLandNew/Assets/Scripts/New/Systems/ISaveSystem.cs:121)
BirdGame.SaveSystem:InitData() (at D:/unity/FetaherLand623/FeatherLandNew/Assets/Scripts/New/Systems/ISaveSystem.cs:268)
BirdGame.LoadGameCommand:OnMapConfigComplete(MapConfig) (at D:/unity/FetaherLand623/FeatherLandNew/Assets/Scripts/New/Commands/LoadGameCommand.cs:104)
UnityEngine.UI.CoroutineTween.FloatTween:get_duration() (at ./Library/PackageCache/com.unity.ugui@aa507f3228f0/Runtime/UGUI/UI/Animation/CoroutineTween.cs:142)
System.Threading.ExecutionContext:RunInternal(ExecutionContext, ContextCallback, Object, Boolean)
System.Runtime.CompilerServices.MoveNextRunner:Run()
Cysharp.Threading.Tasks.Awaiter:GetResult() (at D:/unity/FetaherLand623/FeatherLandNew/Assets/Plugins/UniTask/Runtime/UniTask.cs:317)
Cysharp.Threading.Tasks.Internal.ContinuationQueue:RunCore() (at D:/unity/FetaherLand623/FeatherLandNew/Assets/Plugins/UniTask/Runtime/Internal/ContinuationQueue.cs:194)

场景加载完成
UnityEngine.DebugLogHandler:Internal_Log(LogType, LogOption, String, Object)
UnityEngine.Logger:Log(LogType, Object)
UnityEngine.Debug:Log(Object)
BirdGame.<>c__DisplayClass3_0:<LoadScene>b__0(GameObject) (at D:/unity/FetaherLand623/FeatherLandNew/Assets/Scripts/New/Systems/ISceneSystem.cs:40)
UnityEngine.UI.CoroutineTween.FloatTween:get_duration() (at ./Library/PackageCache/com.unity.ugui@aa507f3228f0/Runtime/UGUI/UI/Animation/CoroutineTween.cs:142)
Cysharp.Threading.Tasks.CompilerServices.AsyncUniTaskMethodBuilder:Start(TStateMachine&) (at D:/unity/FetaherLand623/FeatherLandNew/Assets/Plugins/UniTask/Runtime/CompilerServices/AsyncUniTaskMethodBuilder.cs:112)
UnityEngine.AddressableAssets.AssetReference:LoadAssetAsync() (at ./Library/PackageCache/com.unity.addressables@d929cbc70804/Runtime/AssetReference.cs:558)
BirdGame.SceneSystem:LoadScene(Int32, Action`1, Action) (at D:/unity/FetaherLand623/FeatherLandNew/Assets/Scripts/New/Systems/ISceneSystem.cs:42)
BirdGame.LoadGameCommand:OnMapConfigComplete(MapConfig) (at D:/unity/FetaherLand623/FeatherLandNew/Assets/Scripts/New/Commands/LoadGameCommand.cs:142)
UnityEngine.UI.CoroutineTween.FloatTween:get_duration() (at ./Library/PackageCache/com.unity.ugui@aa507f3228f0/Runtime/UGUI/UI/Animation/CoroutineTween.cs:142)
System.Threading.ExecutionContext:RunInternal(ExecutionContext, ContextCallback, Object, Boolean)
System.Runtime.CompilerServices.MoveNextRunner:Run()
Cysharp.Threading.Tasks.Awaiter:GetResult() (at D:/unity/FetaherLand623/FeatherLandNew/Assets/Plugins/UniTask/Runtime/UniTask.cs:317)
Cysharp.Threading.Tasks.Internal.ContinuationQueue:RunCore() (at D:/unity/FetaherLand623/FeatherLandNew/Assets/Plugins/UniTask/Runtime/Internal/ContinuationQueue.cs:194)

🎮 开始预加载常用资源...
UnityEngine.DebugLogHandler:Internal_Log(LogType, LogOption, String, Object)
UnityEngine.Logger:Log(LogType, Object)
UnityEngine.Debug:Log(Object)
BirdGame.<PreloadCommonAssets>d__3:MoveNext() (at D:/unity/FetaherLand623/FeatherLandNew/Assets/Scripts/New/Systems/AssetPreloadSystem.cs:41)
Cysharp.Threading.Tasks.CompilerServices.AsyncUniTaskMethodBuilder:Start(TStateMachine&) (at D:/unity/FetaherLand623/FeatherLandNew/Assets/Plugins/UniTask/Runtime/CompilerServices/AsyncUniTaskMethodBuilder.cs:111)
BirdGame.<PreloadCommonAssetsAsync>d__12:MoveNext() (at D:/unity/FetaherLand623/FeatherLandNew/Assets/Scripts/New/Commands/LoadGameCommand.cs:273)
Cysharp.Threading.Tasks.CompilerServices.AsyncUniTaskMethodBuilder:Start(TStateMachine&) (at D:/unity/FetaherLand623/FeatherLandNew/Assets/Plugins/UniTask/Runtime/CompilerServices/AsyncUniTaskMethodBuilder.cs:112)
BirdGame.LoadGameCommand:InitializeDefaultFood() (at D:/unity/FetaherLand623/FeatherLandNew/Assets/Scripts/New/Commands/LoadGameCommand.cs:237)
BirdGame.LoadGameCommand:OnAllLoaded() (at D:/unity/FetaherLand623/FeatherLandNew/Assets/Scripts/New/Commands/LoadGameCommand.cs:152)
BirdGame.AssetSystem:get_AssetRefAtlasReferenceCounts() (at D:/unity/FetaherLand623/FeatherLandNew/Assets/Scripts/New/Systems/IAssetSystem.cs:92)
BirdGame.<>c__DisplayClass3_0:<LoadScene>b__0(GameObject) (at D:/unity/FetaherLand623/FeatherLandNew/Assets/Scripts/New/Systems/ISceneSystem.cs:41)
UnityEngine.UI.CoroutineTween.FloatTween:get_duration() (at ./Library/PackageCache/com.unity.ugui@aa507f3228f0/Runtime/UGUI/UI/Animation/CoroutineTween.cs:142)
Cysharp.Threading.Tasks.CompilerServices.AsyncUniTaskMethodBuilder:Start(TStateMachine&) (at D:/unity/FetaherLand623/FeatherLandNew/Assets/Plugins/UniTask/Runtime/CompilerServices/AsyncUniTaskMethodBuilder.cs:112)
UnityEngine.AddressableAssets.AssetReference:LoadAssetAsync() (at ./Library/PackageCache/com.unity.addressables@d929cbc70804/Runtime/AssetReference.cs:558)
BirdGame.SceneSystem:LoadScene(Int32, Action`1, Action) (at D:/unity/FetaherLand623/FeatherLandNew/Assets/Scripts/New/Systems/ISceneSystem.cs:42)
BirdGame.LoadGameCommand:OnMapConfigComplete(MapConfig) (at D:/unity/FetaherLand623/FeatherLandNew/Assets/Scripts/New/Commands/LoadGameCommand.cs:142)
UnityEngine.UI.CoroutineTween.FloatTween:get_duration() (at ./Library/PackageCache/com.unity.ugui@aa507f3228f0/Runtime/UGUI/UI/Animation/CoroutineTween.cs:142)
System.Threading.ExecutionContext:RunInternal(ExecutionContext, ContextCallback, Object, Boolean)
System.Runtime.CompilerServices.MoveNextRunner:Run()
Cysharp.Threading.Tasks.Awaiter:GetResult() (at D:/unity/FetaherLand623/FeatherLandNew/Assets/Plugins/UniTask/Runtime/UniTask.cs:317)
Cysharp.Threading.Tasks.Internal.ContinuationQueue:RunCore() (at D:/unity/FetaherLand623/FeatherLandNew/Assets/Plugins/UniTask/Runtime/Internal/ContinuationQueue.cs:194)

加载鸟
UnityEngine.DebugLogHandler:Internal_Log(LogType, LogOption, String, Object)
UnityEngine.Logger:Log(LogType, Object)
UnityEngine.Debug:Log(Object)
BirdGame.BirdSystem:GenerateBirdsFromSave() (at D:/unity/FetaherLand623/FeatherLandNew/Assets/Scripts/New/Systems/IBirdSystem.cs:180)
BirdGame.LoadGameCommand:OnAllLoaded() (at D:/unity/FetaherLand623/FeatherLandNew/Assets/Scripts/New/Commands/LoadGameCommand.cs:155)
BirdGame.AssetSystem:get_AssetRefAtlasReferenceCounts() (at D:/unity/FetaherLand623/FeatherLandNew/Assets/Scripts/New/Systems/IAssetSystem.cs:92)
BirdGame.<>c__DisplayClass3_0:<LoadScene>b__0(GameObject) (at D:/unity/FetaherLand623/FeatherLandNew/Assets/Scripts/New/Systems/ISceneSystem.cs:41)
UnityEngine.UI.CoroutineTween.FloatTween:get_duration() (at ./Library/PackageCache/com.unity.ugui@aa507f3228f0/Runtime/UGUI/UI/Animation/CoroutineTween.cs:142)
Cysharp.Threading.Tasks.CompilerServices.AsyncUniTaskMethodBuilder:Start(TStateMachine&) (at D:/unity/FetaherLand623/FeatherLandNew/Assets/Plugins/UniTask/Runtime/CompilerServices/AsyncUniTaskMethodBuilder.cs:112)
UnityEngine.AddressableAssets.AssetReference:LoadAssetAsync() (at ./Library/PackageCache/com.unity.addressables@d929cbc70804/Runtime/AssetReference.cs:558)
BirdGame.SceneSystem:LoadScene(Int32, Action`1, Action) (at D:/unity/FetaherLand623/FeatherLandNew/Assets/Scripts/New/Systems/ISceneSystem.cs:42)
BirdGame.LoadGameCommand:OnMapConfigComplete(MapConfig) (at D:/unity/FetaherLand623/FeatherLandNew/Assets/Scripts/New/Commands/LoadGameCommand.cs:142)
UnityEngine.UI.CoroutineTween.FloatTween:get_duration() (at ./Library/PackageCache/com.unity.ugui@aa507f3228f0/Runtime/UGUI/UI/Animation/CoroutineTween.cs:142)
System.Threading.ExecutionContext:RunInternal(ExecutionContext, ContextCallback, Object, Boolean)
System.Runtime.CompilerServices.MoveNextRunner:Run()
Cysharp.Threading.Tasks.Awaiter:GetResult() (at D:/unity/FetaherLand623/FeatherLandNew/Assets/Plugins/UniTask/Runtime/UniTask.cs:317)
Cysharp.Threading.Tasks.Internal.ContinuationQueue:RunCore() (at D:/unity/FetaherLand623/FeatherLandNew/Assets/Plugins/UniTask/Runtime/Internal/ContinuationQueue.cs:194)

加载鸟: 4
UnityEngine.DebugLogHandler:Internal_Log(LogType, LogOption, String, Object)
UnityEngine.Logger:Log(LogType, Object)
UnityEngine.Debug:Log(Object)
BirdGame.BirdSystem:GenerateBirdFromSaveData(SerializableBirdData) (at D:/unity/FetaherLand623/FeatherLandNew/Assets/Scripts/New/Systems/IBirdSystem.cs:292)
BirdGame.BirdSystem:GenerateBirdsFromSave() (at D:/unity/FetaherLand623/FeatherLandNew/Assets/Scripts/New/Systems/IBirdSystem.cs:205)
BirdGame.LoadGameCommand:OnAllLoaded() (at D:/unity/FetaherLand623/FeatherLandNew/Assets/Scripts/New/Commands/LoadGameCommand.cs:155)
BirdGame.AssetSystem:get_AssetRefAtlasReferenceCounts() (at D:/unity/FetaherLand623/FeatherLandNew/Assets/Scripts/New/Systems/IAssetSystem.cs:92)
BirdGame.<>c__DisplayClass3_0:<LoadScene>b__0(GameObject) (at D:/unity/FetaherLand623/FeatherLandNew/Assets/Scripts/New/Systems/ISceneSystem.cs:41)
UnityEngine.UI.CoroutineTween.FloatTween:get_duration() (at ./Library/PackageCache/com.unity.ugui@aa507f3228f0/Runtime/UGUI/UI/Animation/CoroutineTween.cs:142)
Cysharp.Threading.Tasks.CompilerServices.AsyncUniTaskMethodBuilder:Start(TStateMachine&) (at D:/unity/FetaherLand623/FeatherLandNew/Assets/Plugins/UniTask/Runtime/CompilerServices/AsyncUniTaskMethodBuilder.cs:112)
UnityEngine.AddressableAssets.AssetReference:LoadAssetAsync() (at ./Library/PackageCache/com.unity.addressables@d929cbc70804/Runtime/AssetReference.cs:558)
BirdGame.SceneSystem:LoadScene(Int32, Action`1, Action) (at D:/unity/FetaherLand623/FeatherLandNew/Assets/Scripts/New/Systems/ISceneSystem.cs:42)
BirdGame.LoadGameCommand:OnMapConfigComplete(MapConfig) (at D:/unity/FetaherLand623/FeatherLandNew/Assets/Scripts/New/Commands/LoadGameCommand.cs:142)
UnityEngine.UI.CoroutineTween.FloatTween:get_duration() (at ./Library/PackageCache/com.unity.ugui@aa507f3228f0/Runtime/UGUI/UI/Animation/CoroutineTween.cs:142)
System.Threading.ExecutionContext:RunInternal(ExecutionContext, ContextCallback, Object, Boolean)
System.Runtime.CompilerServices.MoveNextRunner:Run()
Cysharp.Threading.Tasks.Awaiter:GetResult() (at D:/unity/FetaherLand623/FeatherLandNew/Assets/Plugins/UniTask/Runtime/UniTask.cs:317)
Cysharp.Threading.Tasks.Internal.ContinuationQueue:RunCore() (at D:/unity/FetaherLand623/FeatherLandNew/Assets/Plugins/UniTask/Runtime/Internal/ContinuationQueue.cs:194)

加载鸟: 21
UnityEngine.DebugLogHandler:Internal_Log(LogType, LogOption, String, Object)
UnityEngine.Logger:Log(LogType, Object)
UnityEngine.Debug:Log(Object)
BirdGame.BirdSystem:GenerateBirdFromSaveData(SerializableBirdData) (at D:/unity/FetaherLand623/FeatherLandNew/Assets/Scripts/New/Systems/IBirdSystem.cs:292)
BirdGame.BirdSystem:GenerateBirdsFromSave() (at D:/unity/FetaherLand623/FeatherLandNew/Assets/Scripts/New/Systems/IBirdSystem.cs:205)
BirdGame.LoadGameCommand:OnAllLoaded() (at D:/unity/FetaherLand623/FeatherLandNew/Assets/Scripts/New/Commands/LoadGameCommand.cs:155)
BirdGame.AssetSystem:get_AssetRefAtlasReferenceCounts() (at D:/unity/FetaherLand623/FeatherLandNew/Assets/Scripts/New/Systems/IAssetSystem.cs:92)
BirdGame.<>c__DisplayClass3_0:<LoadScene>b__0(GameObject) (at D:/unity/FetaherLand623/FeatherLandNew/Assets/Scripts/New/Systems/ISceneSystem.cs:41)
UnityEngine.UI.CoroutineTween.FloatTween:get_duration() (at ./Library/PackageCache/com.unity.ugui@aa507f3228f0/Runtime/UGUI/UI/Animation/CoroutineTween.cs:142)
Cysharp.Threading.Tasks.CompilerServices.AsyncUniTaskMethodBuilder:Start(TStateMachine&) (at D:/unity/FetaherLand623/FeatherLandNew/Assets/Plugins/UniTask/Runtime/CompilerServices/AsyncUniTaskMethodBuilder.cs:112)
UnityEngine.AddressableAssets.AssetReference:LoadAssetAsync() (at ./Library/PackageCache/com.unity.addressables@d929cbc70804/Runtime/AssetReference.cs:558)
BirdGame.SceneSystem:LoadScene(Int32, Action`1, Action) (at D:/unity/FetaherLand623/FeatherLandNew/Assets/Scripts/New/Systems/ISceneSystem.cs:42)
BirdGame.LoadGameCommand:OnMapConfigComplete(MapConfig) (at D:/unity/FetaherLand623/FeatherLandNew/Assets/Scripts/New/Commands/LoadGameCommand.cs:142)
UnityEngine.UI.CoroutineTween.FloatTween:get_duration() (at ./Library/PackageCache/com.unity.ugui@aa507f3228f0/Runtime/UGUI/UI/Animation/CoroutineTween.cs:142)
System.Threading.ExecutionContext:RunInternal(ExecutionContext, ContextCallback, Object, Boolean)
System.Runtime.CompilerServices.MoveNextRunner:Run()
Cysharp.Threading.Tasks.Awaiter:GetResult() (at D:/unity/FetaherLand623/FeatherLandNew/Assets/Plugins/UniTask/Runtime/UniTask.cs:317)
Cysharp.Threading.Tasks.Internal.ContinuationQueue:RunCore() (at D:/unity/FetaherLand623/FeatherLandNew/Assets/Plugins/UniTask/Runtime/Internal/ContinuationQueue.cs:194)

加载鸟: 3
UnityEngine.DebugLogHandler:Internal_Log(LogType, LogOption, String, Object)
UnityEngine.Logger:Log(LogType, Object)
UnityEngine.Debug:Log(Object)
BirdGame.BirdSystem:GenerateBirdFromSaveData(SerializableBirdData) (at D:/unity/FetaherLand623/FeatherLandNew/Assets/Scripts/New/Systems/IBirdSystem.cs:292)
BirdGame.BirdSystem:GenerateBirdsFromSave() (at D:/unity/FetaherLand623/FeatherLandNew/Assets/Scripts/New/Systems/IBirdSystem.cs:205)
BirdGame.LoadGameCommand:OnAllLoaded() (at D:/unity/FetaherLand623/FeatherLandNew/Assets/Scripts/New/Commands/LoadGameCommand.cs:155)
BirdGame.AssetSystem:get_AssetRefAtlasReferenceCounts() (at D:/unity/FetaherLand623/FeatherLandNew/Assets/Scripts/New/Systems/IAssetSystem.cs:92)
BirdGame.<>c__DisplayClass3_0:<LoadScene>b__0(GameObject) (at D:/unity/FetaherLand623/FeatherLandNew/Assets/Scripts/New/Systems/ISceneSystem.cs:41)
UnityEngine.UI.CoroutineTween.FloatTween:get_duration() (at ./Library/PackageCache/com.unity.ugui@aa507f3228f0/Runtime/UGUI/UI/Animation/CoroutineTween.cs:142)
Cysharp.Threading.Tasks.CompilerServices.AsyncUniTaskMethodBuilder:Start(TStateMachine&) (at D:/unity/FetaherLand623/FeatherLandNew/Assets/Plugins/UniTask/Runtime/CompilerServices/AsyncUniTaskMethodBuilder.cs:112)
UnityEngine.AddressableAssets.AssetReference:LoadAssetAsync() (at ./Library/PackageCache/com.unity.addressables@d929cbc70804/Runtime/AssetReference.cs:558)
BirdGame.SceneSystem:LoadScene(Int32, Action`1, Action) (at D:/unity/FetaherLand623/FeatherLandNew/Assets/Scripts/New/Systems/ISceneSystem.cs:42)
BirdGame.LoadGameCommand:OnMapConfigComplete(MapConfig) (at D:/unity/FetaherLand623/FeatherLandNew/Assets/Scripts/New/Commands/LoadGameCommand.cs:142)
UnityEngine.UI.CoroutineTween.FloatTween:get_duration() (at ./Library/PackageCache/com.unity.ugui@aa507f3228f0/Runtime/UGUI/UI/Animation/CoroutineTween.cs:142)
System.Threading.ExecutionContext:RunInternal(ExecutionContext, ContextCallback, Object, Boolean)
System.Runtime.CompilerServices.MoveNextRunner:Run()
Cysharp.Threading.Tasks.Awaiter:GetResult() (at D:/unity/FetaherLand623/FeatherLandNew/Assets/Plugins/UniTask/Runtime/UniTask.cs:317)
Cysharp.Threading.Tasks.Internal.ContinuationQueue:RunCore() (at D:/unity/FetaherLand623/FeatherLandNew/Assets/Plugins/UniTask/Runtime/Internal/ContinuationQueue.cs:194)

加载鸟: 6
UnityEngine.DebugLogHandler:Internal_Log(LogType, LogOption, String, Object)
UnityEngine.Logger:Log(LogType, Object)
UnityEngine.Debug:Log(Object)
BirdGame.BirdSystem:GenerateBirdFromSaveData(SerializableBirdData) (at D:/unity/FetaherLand623/FeatherLandNew/Assets/Scripts/New/Systems/IBirdSystem.cs:292)
BirdGame.BirdSystem:GenerateBirdsFromSave() (at D:/unity/FetaherLand623/FeatherLandNew/Assets/Scripts/New/Systems/IBirdSystem.cs:205)
BirdGame.LoadGameCommand:OnAllLoaded() (at D:/unity/FetaherLand623/FeatherLandNew/Assets/Scripts/New/Commands/LoadGameCommand.cs:155)
BirdGame.AssetSystem:get_AssetRefAtlasReferenceCounts() (at D:/unity/FetaherLand623/FeatherLandNew/Assets/Scripts/New/Systems/IAssetSystem.cs:92)
BirdGame.<>c__DisplayClass3_0:<LoadScene>b__0(GameObject) (at D:/unity/FetaherLand623/FeatherLandNew/Assets/Scripts/New/Systems/ISceneSystem.cs:41)
UnityEngine.UI.CoroutineTween.FloatTween:get_duration() (at ./Library/PackageCache/com.unity.ugui@aa507f3228f0/Runtime/UGUI/UI/Animation/CoroutineTween.cs:142)
Cysharp.Threading.Tasks.CompilerServices.AsyncUniTaskMethodBuilder:Start(TStateMachine&) (at D:/unity/FetaherLand623/FeatherLandNew/Assets/Plugins/UniTask/Runtime/CompilerServices/AsyncUniTaskMethodBuilder.cs:112)
UnityEngine.AddressableAssets.AssetReference:LoadAssetAsync() (at ./Library/PackageCache/com.unity.addressables@d929cbc70804/Runtime/AssetReference.cs:558)
BirdGame.SceneSystem:LoadScene(Int32, Action`1, Action) (at D:/unity/FetaherLand623/FeatherLandNew/Assets/Scripts/New/Systems/ISceneSystem.cs:42)
BirdGame.LoadGameCommand:OnMapConfigComplete(MapConfig) (at D:/unity/FetaherLand623/FeatherLandNew/Assets/Scripts/New/Commands/LoadGameCommand.cs:142)
UnityEngine.UI.CoroutineTween.FloatTween:get_duration() (at ./Library/PackageCache/com.unity.ugui@aa507f3228f0/Runtime/UGUI/UI/Animation/CoroutineTween.cs:142)
System.Threading.ExecutionContext:RunInternal(ExecutionContext, ContextCallback, Object, Boolean)
System.Runtime.CompilerServices.MoveNextRunner:Run()
Cysharp.Threading.Tasks.Awaiter:GetResult() (at D:/unity/FetaherLand623/FeatherLandNew/Assets/Plugins/UniTask/Runtime/UniTask.cs:317)
Cysharp.Threading.Tasks.Internal.ContinuationQueue:RunCore() (at D:/unity/FetaherLand623/FeatherLandNew/Assets/Plugins/UniTask/Runtime/Internal/ContinuationQueue.cs:194)

加载鸟: 22
UnityEngine.DebugLogHandler:Internal_Log(LogType, LogOption, String, Object)
UnityEngine.Logger:Log(LogType, Object)
UnityEngine.Debug:Log(Object)
BirdGame.BirdSystem:GenerateBirdFromSaveData(SerializableBirdData) (at D:/unity/FetaherLand623/FeatherLandNew/Assets/Scripts/New/Systems/IBirdSystem.cs:292)
BirdGame.BirdSystem:GenerateBirdsFromSave() (at D:/unity/FetaherLand623/FeatherLandNew/Assets/Scripts/New/Systems/IBirdSystem.cs:205)
BirdGame.LoadGameCommand:OnAllLoaded() (at D:/unity/FetaherLand623/FeatherLandNew/Assets/Scripts/New/Commands/LoadGameCommand.cs:155)
BirdGame.AssetSystem:get_AssetRefAtlasReferenceCounts() (at D:/unity/FetaherLand623/FeatherLandNew/Assets/Scripts/New/Systems/IAssetSystem.cs:92)
BirdGame.<>c__DisplayClass3_0:<LoadScene>b__0(GameObject) (at D:/unity/FetaherLand623/FeatherLandNew/Assets/Scripts/New/Systems/ISceneSystem.cs:41)
UnityEngine.UI.CoroutineTween.FloatTween:get_duration() (at ./Library/PackageCache/com.unity.ugui@aa507f3228f0/Runtime/UGUI/UI/Animation/CoroutineTween.cs:142)
Cysharp.Threading.Tasks.CompilerServices.AsyncUniTaskMethodBuilder:Start(TStateMachine&) (at D:/unity/FetaherLand623/FeatherLandNew/Assets/Plugins/UniTask/Runtime/CompilerServices/AsyncUniTaskMethodBuilder.cs:112)
UnityEngine.AddressableAssets.AssetReference:LoadAssetAsync() (at ./Library/PackageCache/com.unity.addressables@d929cbc70804/Runtime/AssetReference.cs:558)
BirdGame.SceneSystem:LoadScene(Int32, Action`1, Action) (at D:/unity/FetaherLand623/FeatherLandNew/Assets/Scripts/New/Systems/ISceneSystem.cs:42)
BirdGame.LoadGameCommand:OnMapConfigComplete(MapConfig) (at D:/unity/FetaherLand623/FeatherLandNew/Assets/Scripts/New/Commands/LoadGameCommand.cs:142)
UnityEngine.UI.CoroutineTween.FloatTween:get_duration() (at ./Library/PackageCache/com.unity.ugui@aa507f3228f0/Runtime/UGUI/UI/Animation/CoroutineTween.cs:142)
System.Threading.ExecutionContext:RunInternal(ExecutionContext, ContextCallback, Object, Boolean)
System.Runtime.CompilerServices.MoveNextRunner:Run()
Cysharp.Threading.Tasks.Awaiter:GetResult() (at D:/unity/FetaherLand623/FeatherLandNew/Assets/Plugins/UniTask/Runtime/UniTask.cs:317)
Cysharp.Threading.Tasks.Internal.ContinuationQueue:RunCore() (at D:/unity/FetaherLand623/FeatherLandNew/Assets/Plugins/UniTask/Runtime/Internal/ContinuationQueue.cs:194)

鸟蛋数量:0
UnityEngine.DebugLogHandler:Internal_Log(LogType, LogOption, String, Object)
UnityEngine.Logger:Log(LogType, Object)
UnityEngine.Debug:Log(Object)
BirdGame.BirdSystem:GenerateBirdsFromSave() (at D:/unity/FetaherLand623/FeatherLandNew/Assets/Scripts/New/Systems/IBirdSystem.cs:211)
BirdGame.LoadGameCommand:OnAllLoaded() (at D:/unity/FetaherLand623/FeatherLandNew/Assets/Scripts/New/Commands/LoadGameCommand.cs:155)
BirdGame.AssetSystem:get_AssetRefAtlasReferenceCounts() (at D:/unity/FetaherLand623/FeatherLandNew/Assets/Scripts/New/Systems/IAssetSystem.cs:92)
BirdGame.<>c__DisplayClass3_0:<LoadScene>b__0(GameObject) (at D:/unity/FetaherLand623/FeatherLandNew/Assets/Scripts/New/Systems/ISceneSystem.cs:41)
UnityEngine.UI.CoroutineTween.FloatTween:get_duration() (at ./Library/PackageCache/com.unity.ugui@aa507f3228f0/Runtime/UGUI/UI/Animation/CoroutineTween.cs:142)
Cysharp.Threading.Tasks.CompilerServices.AsyncUniTaskMethodBuilder:Start(TStateMachine&) (at D:/unity/FetaherLand623/FeatherLandNew/Assets/Plugins/UniTask/Runtime/CompilerServices/AsyncUniTaskMethodBuilder.cs:112)
UnityEngine.AddressableAssets.AssetReference:LoadAssetAsync() (at ./Library/PackageCache/com.unity.addressables@d929cbc70804/Runtime/AssetReference.cs:558)
BirdGame.SceneSystem:LoadScene(Int32, Action`1, Action) (at D:/unity/FetaherLand623/FeatherLandNew/Assets/Scripts/New/Systems/ISceneSystem.cs:42)
BirdGame.LoadGameCommand:OnMapConfigComplete(MapConfig) (at D:/unity/FetaherLand623/FeatherLandNew/Assets/Scripts/New/Commands/LoadGameCommand.cs:142)
UnityEngine.UI.CoroutineTween.FloatTween:get_duration() (at ./Library/PackageCache/com.unity.ugui@aa507f3228f0/Runtime/UGUI/UI/Animation/CoroutineTween.cs:142)
System.Threading.ExecutionContext:RunInternal(ExecutionContext, ContextCallback, Object, Boolean)
System.Runtime.CompilerServices.MoveNextRunner:Run()
Cysharp.Threading.Tasks.Awaiter:GetResult() (at D:/unity/FetaherLand623/FeatherLandNew/Assets/Plugins/UniTask/Runtime/UniTask.cs:317)
Cysharp.Threading.Tasks.Internal.ContinuationQueue:RunCore() (at D:/unity/FetaherLand623/FeatherLandNew/Assets/Plugins/UniTask/Runtime/Internal/ContinuationQueue.cs:194)

天气index为0
UnityEngine.DebugLogHandler:Internal_Log(LogType, LogOption, String, Object)
UnityEngine.Logger:Log(LogType, Object)
UnityEngine.Debug:Log(Object)
BirdGame.WeatherManager:SwitchWeather(Int32) (at D:/unity/FetaherLand623/FeatherLandNew/Assets/Scripts/New/ViewController/Game/WeatherManager.cs:80)

Sources 7
UnityEngine.DebugLogHandler:Internal_Log(LogType, LogOption, String, Object)
UnityEngine.Logger:Log(LogType, Object)
UnityEngine.Debug:Log(Object)
NavMeshPlus.Extensions.NavMeshBuilder2d:CollectSources(List`1, NavMeshBuilder2dState) (at ./Library/PackageCache/com.h8man.2d.navmeshplus@3fdf1984803c/NavMeshComponents/Scripts/NavMeshBuilder2d.cs:156)
NavMeshPlus.Components.NavMeshSurface:CollectSources(NavMeshBuilderState) (at ./Library/PackageCache/com.h8man.2d.navmeshplus@3fdf1984803c/NavMeshComponents/Scripts/NavMeshSurface.cs:396)
NavMeshPlus.Components.NavMeshSurface:BuildNavMesh() (at ./Library/PackageCache/com.h8man.2d.navmeshplus@3fdf1984803c/NavMeshComponents/Scripts/NavMeshSurface.cs:179)
NavigationManager:RefreshArea() (at D:/unity/FetaherLand623/FeatherLandNew/Assets/Scripts/Managers/NavigationManager.cs:77)

Build
UnityEngine.DebugLogHandler:Internal_Log(LogType, LogOption, String, Object)
UnityEngine.Logger:Log(LogType, Object)
UnityEngine.Debug:Log(Object)

从存档加载的屏幕模式: 2
UnityEngine.DebugLogHandler:Internal_Log(LogType, LogOption, String, Object)
UnityEngine.Logger:Log(LogType, Object)
UnityEngine.Debug:Log(Object)
BirdGame.<InitializeAfterSystems>d__20:MoveNext() (at D:/unity/FetaherLand623/FeatherLandNew/Assets/Scripts/New/ViewController/Game/GameEntry.cs:81)
UnityEngine.SetupCoroutine:InvokeMoveNext(IEnumerator, IntPtr)

SetScreenMode 被调用，模式: 2
UnityEngine.DebugLogHandler:Internal_Log(LogType, LogOption, String, Object)
UnityEngine.Logger:Log(LogType, Object)
UnityEngine.Debug:Log(Object)
BirdGame.GameEntry:SetScreenMode(Int32, Boolean) (at D:/unity/FetaherLand623/FeatherLandNew/Assets/Scripts/New/ViewController/Game/GameEntry.cs:109)
BirdGame.<InitializeAfterSystems>d__20:MoveNext() (at D:/unity/FetaherLand623/FeatherLandNew/Assets/Scripts/New/ViewController/Game/GameEntry.cs:82)
UnityEngine.SetupCoroutine:InvokeMoveNext(IEnumerator, IntPtr)

Init hWnd=263328, style=349110272, exStyle=256
UnityEngine.DebugLogHandler:Internal_Log(LogType, LogOption, String, Object)
UnityEngine.Logger:Log(LogType, Object)
UnityEngine.Debug:Log(Object)
BirdGame.FullScreenUtility:InitializeWindowHandle() (at D:/unity/FetaherLand623/FeatherLandNew/Assets/Scripts/New/Utility/FullScreenUtility.cs:274)
BirdGame.FullScreenUtility:FullscreenMode() (at D:/unity/FetaherLand623/FeatherLandNew/Assets/Scripts/New/Utility/FullScreenUtility.cs:536)
BirdGame.GameEntry:SetScreenMode(Int32, Boolean) (at D:/unity/FetaherLand623/FeatherLandNew/Assets/Scripts/New/ViewController/Game/GameEntry.cs:132)
BirdGame.<InitializeAfterSystems>d__20:MoveNext() (at D:/unity/FetaherLand623/FeatherLandNew/Assets/Scripts/New/ViewController/Game/GameEntry.cs:82)
UnityEngine.SetupCoroutine:InvokeMoveNext(IEnumerator, IntPtr)

[FullscreenMode] 激活 - 1920x1080
UnityEngine.DebugLogHandler:Internal_Log(LogType, LogOption, String, Object)
UnityEngine.Logger:Log(LogType, Object)
UnityEngine.Debug:Log(Object)
BirdGame.FullScreenUtility:FullscreenMode() (at D:/unity/FetaherLand623/FeatherLandNew/Assets/Scripts/New/Utility/FullScreenUtility.cs:570)
BirdGame.GameEntry:SetScreenMode(Int32, Boolean) (at D:/unity/FetaherLand623/FeatherLandNew/Assets/Scripts/New/ViewController/Game/GameEntry.cs:132)
BirdGame.<InitializeAfterSystems>d__20:MoveNext() (at D:/unity/FetaherLand623/FeatherLandNew/Assets/Scripts/New/ViewController/Game/GameEntry.cs:82)
UnityEngine.SetupCoroutine:InvokeMoveNext(IEnumerator, IntPtr)

[FullscreenMode] SimpleMouseForwarder 已禁用
UnityEngine.DebugLogHandler:Internal_Log(LogType, LogOption, String, Object)
UnityEngine.Logger:Log(LogType, Object)
UnityEngine.Debug:Log(Object)
BirdGame.FullScreenUtility:FullscreenMode() (at D:/unity/FetaherLand623/FeatherLandNew/Assets/Scripts/New/Utility/FullScreenUtility.cs:577)
BirdGame.GameEntry:SetScreenMode(Int32, Boolean) (at D:/unity/FetaherLand623/FeatherLandNew/Assets/Scripts/New/ViewController/Game/GameEntry.cs:132)
BirdGame.<InitializeAfterSystems>d__20:MoveNext() (at D:/unity/FetaherLand623/FeatherLandNew/Assets/Scripts/New/ViewController/Game/GameEntry.cs:82)
UnityEngine.SetupCoroutine:InvokeMoveNext(IEnumerator, IntPtr)

[ActivateWindow] 结果 - Foreground: True, BringToTop: True, Focus: True
UnityEngine.DebugLogHandler:Internal_Log(LogType, LogOption, String, Object)
UnityEngine.Logger:Log(LogType, Object)
UnityEngine.Debug:Log(Object)
BirdGame.FullScreenUtility:ActivateWindow() (at D:/unity/FetaherLand623/FeatherLandNew/Assets/Scripts/New/Utility/FullScreenUtility.cs:303)
BirdGame.GameEntry:SetScreenMode(Int32, Boolean) (at D:/unity/FetaherLand623/FeatherLandNew/Assets/Scripts/New/ViewController/Game/GameEntry.cs:132)
BirdGame.<InitializeAfterSystems>d__20:MoveNext() (at D:/unity/FetaherLand623/FeatherLandNew/Assets/Scripts/New/ViewController/Game/GameEntry.cs:82)
UnityEngine.SetupCoroutine:InvokeMoveNext(IEnumerator, IntPtr)

设置为全屏模式 (45 FPS)
UnityEngine.DebugLogHandler:Internal_Log(LogType, LogOption, String, Object)
UnityEngine.Logger:Log(LogType, Object)
UnityEngine.Debug:Log(Object)
BirdGame.GameEntry:SetScreenMode(Int32, Boolean) (at D:/unity/FetaherLand623/FeatherLandNew/Assets/Scripts/New/ViewController/Game/GameEntry.cs:141)
BirdGame.<InitializeAfterSystems>d__20:MoveNext() (at D:/unity/FetaherLand623/FeatherLandNew/Assets/Scripts/New/ViewController/Game/GameEntry.cs:82)
UnityEngine.SetupCoroutine:InvokeMoveNext(IEnumerator, IntPtr)

Sources 7
UnityEngine.DebugLogHandler:Internal_Log(LogType, LogOption, String, Object)
UnityEngine.Logger:Log(LogType, Object)
UnityEngine.Debug:Log(Object)
NavMeshPlus.Extensions.NavMeshBuilder2d:CollectSources(List`1, NavMeshBuilder2dState) (at ./Library/PackageCache/com.h8man.2d.navmeshplus@3fdf1984803c/NavMeshComponents/Scripts/NavMeshBuilder2d.cs:156)
NavMeshPlus.Components.NavMeshSurface:CollectSources(NavMeshBuilderState) (at ./Library/PackageCache/com.h8man.2d.navmeshplus@3fdf1984803c/NavMeshComponents/Scripts/NavMeshSurface.cs:396)
NavMeshPlus.Components.NavMeshSurface:BuildNavMesh() (at ./Library/PackageCache/com.h8man.2d.navmeshplus@3fdf1984803c/NavMeshComponents/Scripts/NavMeshSurface.cs:179)
NavigationManager:RefreshArea() (at D:/unity/FetaherLand623/FeatherLandNew/Assets/Scripts/Managers/NavigationManager.cs:77)
DG.Tweening.Tween:OnTweenCallback(TweenCallback, Tween)
DG.Tweening.Sequence:ApplyInternalCycle(Sequence, Single, Single, UpdateMode, Boolean, Boolean, Boolean)
DG.Tweening.Sequence:DoApplyTween(Sequence, Single, Int32, Int32, Boolean, UpdateMode)
DG.Tweening.Tween:DoGoto(Tween, Single, Int32, UpdateMode)
DG.Tweening.Core.TweenManager:Update(Tween, Single, Single, Boolean)
DG.Tweening.Core.TweenManager:Update(UpdateType, Single, Single)
DG.Tweening.Core.DOTweenComponent:Update()

Build
UnityEngine.DebugLogHandler:Internal_Log(LogType, LogOption, String, Object)
UnityEngine.Logger:Log(LogType, Object)
UnityEngine.Debug:Log(Object)
DG.Tweening.Tween:OnTweenCallback(TweenCallback, Tween)
DG.Tweening.Sequence:ApplyInternalCycle(Sequence, Single, Single, UpdateMode, Boolean, Boolean, Boolean)
DG.Tweening.Sequence:DoApplyTween(Sequence, Single, Int32, Int32, Boolean, UpdateMode)
DG.Tweening.Tween:DoGoto(Tween, Single, Int32, UpdateMode)
DG.Tweening.Core.TweenManager:Update(Tween, Single, Single, Boolean)
DG.Tweening.Core.TweenManager:Update(UpdateType, Single, Single)
DG.Tweening.Core.DOTweenComponent:Update()

<color=#0099bc><b>DOTWEEN ► </b></color>Tween startup failed (NULL target/property - UnityEngine.Color <DOColor>b__0()): the tween will now be killed ► Object reference not set to an instance of an object.
UnityEngine.DebugLogHandler:Internal_Log(LogType, LogOption, String, Object)
UnityEngine.Logger:Log(LogType, Object)
UnityEngine.Debug:LogWarning(Object)
UnityEngine.U2D.Animation.TransformAccessJob:ArrayRemoveAt(T[]&, Int32) (at ./Library/PackageCache/com.unity.2d.animation@81ad133dbdf1/Runtime/BatchedDeformation/TransformAccessJob.cs:111)
DG.Tweening.Tween:DoGoto(Tween, Single, Int32, UpdateMode)
DG.Tweening.Core.TweenManager:Goto(Tween, Single, Boolean, UpdateMode)
DG.Tweening.Sequence:ApplyInternalCycle(Sequence, Single, Single, UpdateMode, Boolean, Boolean, Boolean)
DG.Tweening.Sequence:DoApplyTween(Sequence, Single, Int32, Int32, Boolean, UpdateMode)
DG.Tweening.Tween:DoGoto(Tween, Single, Int32, UpdateMode)
DG.Tweening.Core.TweenManager:Goto(Tween, Single, Boolean, UpdateMode)
DG.Tweening.Sequence:ApplyInternalCycle(Sequence, Single, Single, UpdateMode, Boolean, Boolean, Boolean)
DG.Tweening.Sequence:DoApplyTween(Sequence, Single, Int32, Int32, Boolean, UpdateMode)
DG.Tweening.Tween:DoGoto(Tween, Single, Int32, UpdateMode)
DG.Tweening.Core.TweenManager:Update(Tween, Single, Single, Boolean)
DG.Tweening.Core.TweenManager:Update(UpdateType, Single, Single)
DG.Tweening.Core.DOTweenComponent:Update()

<color=#0099bc><b>DOTWEEN ► </b></color>Tween startup failed (NULL target/property - UnityEngine.Color <DOColor>b__0()): the tween will now be killed ► Object reference not set to an instance of an object.
UnityEngine.DebugLogHandler:Internal_Log(LogType, LogOption, String, Object)
UnityEngine.Logger:Log(LogType, Object)
UnityEngine.Debug:LogWarning(Object)
UnityEngine.U2D.Animation.TransformAccessJob:ArrayRemoveAt(T[]&, Int32) (at ./Library/PackageCache/com.unity.2d.animation@81ad133dbdf1/Runtime/BatchedDeformation/TransformAccessJob.cs:111)
DG.Tweening.Tween:DoGoto(Tween, Single, Int32, UpdateMode)
DG.Tweening.Core.TweenManager:Goto(Tween, Single, Boolean, UpdateMode)
DG.Tweening.Sequence:ApplyInternalCycle(Sequence, Single, Single, UpdateMode, Boolean, Boolean, Boolean)
DG.Tweening.Sequence:DoApplyTween(Sequence, Single, Int32, Int32, Boolean, UpdateMode)
DG.Tweening.Tween:DoGoto(Tween, Single, Int32, UpdateMode)
DG.Tweening.Core.TweenManager:Goto(Tween, Single, Boolean, UpdateMode)
DG.Tweening.Sequence:ApplyInternalCycle(Sequence, Single, Single, UpdateMode, Boolean, Boolean, Boolean)
DG.Tweening.Sequence:DoApplyTween(Sequence, Single, Int32, Int32, Boolean, UpdateMode)
DG.Tweening.Tween:DoGoto(Tween, Single, Int32, UpdateMode)
DG.Tweening.Core.TweenManager:Update(Tween, Single, Single, Boolean)
DG.Tweening.Core.TweenManager:Update(UpdateType, Single, Single)
DG.Tweening.Core.DOTweenComponent:Update()

<color=#0099bc><b>DOTWEEN ► </b></color>Tween startup failed (NULL target/property - UnityEngine.Color <DOColor>b__0()): the tween will now be killed ► Object reference not set to an instance of an object.
UnityEngine.DebugLogHandler:Internal_Log(LogType, LogOption, String, Object)
UnityEngine.Logger:Log(LogType, Object)
UnityEngine.Debug:LogWarning(Object)
UnityEngine.U2D.Animation.TransformAccessJob:ArrayRemoveAt(T[]&, Int32) (at ./Library/PackageCache/com.unity.2d.animation@81ad133dbdf1/Runtime/BatchedDeformation/TransformAccessJob.cs:111)
DG.Tweening.Tween:DoGoto(Tween, Single, Int32, UpdateMode)
DG.Tweening.Core.TweenManager:Goto(Tween, Single, Boolean, UpdateMode)
DG.Tweening.Sequence:ApplyInternalCycle(Sequence, Single, Single, UpdateMode, Boolean, Boolean, Boolean)
DG.Tweening.Sequence:DoApplyTween(Sequence, Single, Int32, Int32, Boolean, UpdateMode)
DG.Tweening.Tween:DoGoto(Tween, Single, Int32, UpdateMode)
DG.Tweening.Core.TweenManager:Goto(Tween, Single, Boolean, UpdateMode)
DG.Tweening.Sequence:ApplyInternalCycle(Sequence, Single, Single, UpdateMode, Boolean, Boolean, Boolean)
DG.Tweening.Sequence:DoApplyTween(Sequence, Single, Int32, Int32, Boolean, UpdateMode)
DG.Tweening.Tween:DoGoto(Tween, Single, Int32, UpdateMode)
DG.Tweening.Core.TweenManager:Update(Tween, Single, Single, Boolean)
DG.Tweening.Core.TweenManager:Update(UpdateType, Single, Single)
DG.Tweening.Core.DOTweenComponent:Update()

<color=#0099bc><b>DOTWEEN ► </b></color>Tween startup failed (NULL target/property - UnityEngine.Color <DOColor>b__0()): the tween will now be killed ► Object reference not set to an instance of an object.
UnityEngine.DebugLogHandler:Internal_Log(LogType, LogOption, String, Object)
UnityEngine.Logger:Log(LogType, Object)
UnityEngine.Debug:LogWarning(Object)
UnityEngine.U2D.Animation.TransformAccessJob:ArrayRemoveAt(T[]&, Int32) (at ./Library/PackageCache/com.unity.2d.animation@81ad133dbdf1/Runtime/BatchedDeformation/TransformAccessJob.cs:111)
DG.Tweening.Tween:DoGoto(Tween, Single, Int32, UpdateMode)
DG.Tweening.Core.TweenManager:Goto(Tween, Single, Boolean, UpdateMode)
DG.Tweening.Sequence:ApplyInternalCycle(Sequence, Single, Single, UpdateMode, Boolean, Boolean, Boolean)
DG.Tweening.Sequence:DoApplyTween(Sequence, Single, Int32, Int32, Boolean, UpdateMode)
DG.Tweening.Tween:DoGoto(Tween, Single, Int32, UpdateMode)
DG.Tweening.Core.TweenManager:Goto(Tween, Single, Boolean, UpdateMode)
DG.Tweening.Sequence:ApplyInternalCycle(Sequence, Single, Single, UpdateMode, Boolean, Boolean, Boolean)
DG.Tweening.Sequence:DoApplyTween(Sequence, Single, Int32, Int32, Boolean, UpdateMode)
DG.Tweening.Tween:DoGoto(Tween, Single, Int32, UpdateMode)
DG.Tweening.Core.TweenManager:Update(Tween, Single, Single, Boolean)
DG.Tweening.Core.TweenManager:Update(UpdateType, Single, Single)
DG.Tweening.Core.DOTweenComponent:Update()

<color=#0099bc><b>DOTWEEN ► </b></color>Tween startup failed (NULL target/property - UnityEngine.Color <DOColor>b__0()): the tween will now be killed ► Object reference not set to an instance of an object.
UnityEngine.DebugLogHandler:Internal_Log(LogType, LogOption, String, Object)
UnityEngine.Logger:Log(LogType, Object)
UnityEngine.Debug:LogWarning(Object)
UnityEngine.U2D.Animation.TransformAccessJob:ArrayRemoveAt(T[]&, Int32) (at ./Library/PackageCache/com.unity.2d.animation@81ad133dbdf1/Runtime/BatchedDeformation/TransformAccessJob.cs:111)
DG.Tweening.Tween:DoGoto(Tween, Single, Int32, UpdateMode)
DG.Tweening.Core.TweenManager:Goto(Tween, Single, Boolean, UpdateMode)
DG.Tweening.Sequence:ApplyInternalCycle(Sequence, Single, Single, UpdateMode, Boolean, Boolean, Boolean)
DG.Tweening.Sequence:DoApplyTween(Sequence, Single, Int32, Int32, Boolean, UpdateMode)
DG.Tweening.Tween:DoGoto(Tween, Single, Int32, UpdateMode)
DG.Tweening.Core.TweenManager:Goto(Tween, Single, Boolean, UpdateMode)
DG.Tweening.Sequence:ApplyInternalCycle(Sequence, Single, Single, UpdateMode, Boolean, Boolean, Boolean)
DG.Tweening.Sequence:DoApplyTween(Sequence, Single, Int32, Int32, Boolean, UpdateMode)
DG.Tweening.Tween:DoGoto(Tween, Single, Int32, UpdateMode)
DG.Tweening.Core.TweenManager:Update(Tween, Single, Single, Boolean)
DG.Tweening.Core.TweenManager:Update(UpdateType, Single, Single)
DG.Tweening.Core.DOTweenComponent:Update()

<color=#0099bc><b>DOTWEEN ► </b></color>Tween startup failed (NULL target/property - UnityEngine.Color <DOColor>b__0()): the tween will now be killed ► Object reference not set to an instance of an object.
UnityEngine.DebugLogHandler:Internal_Log(LogType, LogOption, String, Object)
UnityEngine.Logger:Log(LogType, Object)
UnityEngine.Debug:LogWarning(Object)
UnityEngine.U2D.Animation.TransformAccessJob:ArrayRemoveAt(T[]&, Int32) (at ./Library/PackageCache/com.unity.2d.animation@81ad133dbdf1/Runtime/BatchedDeformation/TransformAccessJob.cs:111)
DG.Tweening.Tween:DoGoto(Tween, Single, Int32, UpdateMode)
DG.Tweening.Core.TweenManager:Goto(Tween, Single, Boolean, UpdateMode)
DG.Tweening.Sequence:ApplyInternalCycle(Sequence, Single, Single, UpdateMode, Boolean, Boolean, Boolean)
DG.Tweening.Sequence:DoApplyTween(Sequence, Single, Int32, Int32, Boolean, UpdateMode)
DG.Tweening.Tween:DoGoto(Tween, Single, Int32, UpdateMode)
DG.Tweening.Core.TweenManager:Goto(Tween, Single, Boolean, UpdateMode)
DG.Tweening.Sequence:ApplyInternalCycle(Sequence, Single, Single, UpdateMode, Boolean, Boolean, Boolean)
DG.Tweening.Sequence:DoApplyTween(Sequence, Single, Int32, Int32, Boolean, UpdateMode)
DG.Tweening.Tween:DoGoto(Tween, Single, Int32, UpdateMode)
DG.Tweening.Core.TweenManager:Update(Tween, Single, Single, Boolean)
DG.Tweening.Core.TweenManager:Update(UpdateType, Single, Single)
DG.Tweening.Core.DOTweenComponent:Update()

<color=#0099bc><b>DOTWEEN ► </b></color>Tween startup failed (NULL target/property - UnityEngine.Color <DOColor>b__0()): the tween will now be killed ► Object reference not set to an instance of an object.
UnityEngine.DebugLogHandler:Internal_Log(LogType, LogOption, String, Object)
UnityEngine.Logger:Log(LogType, Object)
UnityEngine.Debug:LogWarning(Object)
UnityEngine.U2D.Animation.TransformAccessJob:ArrayRemoveAt(T[]&, Int32) (at ./Library/PackageCache/com.unity.2d.animation@81ad133dbdf1/Runtime/BatchedDeformation/TransformAccessJob.cs:111)
DG.Tweening.Tween:DoGoto(Tween, Single, Int32, UpdateMode)
DG.Tweening.Core.TweenManager:Goto(Tween, Single, Boolean, UpdateMode)
DG.Tweening.Sequence:ApplyInternalCycle(Sequence, Single, Single, UpdateMode, Boolean, Boolean, Boolean)
DG.Tweening.Sequence:DoApplyTween(Sequence, Single, Int32, Int32, Boolean, UpdateMode)
DG.Tweening.Tween:DoGoto(Tween, Single, Int32, UpdateMode)
DG.Tweening.Core.TweenManager:Goto(Tween, Single, Boolean, UpdateMode)
DG.Tweening.Sequence:ApplyInternalCycle(Sequence, Single, Single, UpdateMode, Boolean, Boolean, Boolean)
DG.Tweening.Sequence:DoApplyTween(Sequence, Single, Int32, Int32, Boolean, UpdateMode)
DG.Tweening.Tween:DoGoto(Tween, Single, Int32, UpdateMode)
DG.Tweening.Core.TweenManager:Update(Tween, Single, Single, Boolean)
DG.Tweening.Core.TweenManager:Update(UpdateType, Single, Single)
DG.Tweening.Core.DOTweenComponent:Update()

<color=#0099bc><b>DOTWEEN ► </b></color>Tween startup failed (NULL target/property - UnityEngine.Color <DOColor>b__0()): the tween will now be killed ► Object reference not set to an instance of an object.
UnityEngine.DebugLogHandler:Internal_Log(LogType, LogOption, String, Object)
UnityEngine.Logger:Log(LogType, Object)
UnityEngine.Debug:LogWarning(Object)
UnityEngine.U2D.Animation.TransformAccessJob:ArrayRemoveAt(T[]&, Int32) (at ./Library/PackageCache/com.unity.2d.animation@81ad133dbdf1/Runtime/BatchedDeformation/TransformAccessJob.cs:111)
DG.Tweening.Tween:DoGoto(Tween, Single, Int32, UpdateMode)
DG.Tweening.Core.TweenManager:Goto(Tween, Single, Boolean, UpdateMode)
DG.Tweening.Sequence:ApplyInternalCycle(Sequence, Single, Single, UpdateMode, Boolean, Boolean, Boolean)
DG.Tweening.Sequence:DoApplyTween(Sequence, Single, Int32, Int32, Boolean, UpdateMode)
DG.Tweening.Tween:DoGoto(Tween, Single, Int32, UpdateMode)
DG.Tweening.Core.TweenManager:Goto(Tween, Single, Boolean, UpdateMode)
DG.Tweening.Sequence:ApplyInternalCycle(Sequence, Single, Single, UpdateMode, Boolean, Boolean, Boolean)
DG.Tweening.Sequence:DoApplyTween(Sequence, Single, Int32, Int32, Boolean, UpdateMode)
DG.Tweening.Tween:DoGoto(Tween, Single, Int32, UpdateMode)
DG.Tweening.Core.TweenManager:Update(Tween, Single, Single, Boolean)
DG.Tweening.Core.TweenManager:Update(UpdateType, Single, Single)
DG.Tweening.Core.DOTweenComponent:Update()

<color=#0099bc><b>DOTWEEN ► </b></color>Tween startup failed (NULL target/property - UnityEngine.Color <DOColor>b__0()): the tween will now be killed ► Object reference not set to an instance of an object.
UnityEngine.DebugLogHandler:Internal_Log(LogType, LogOption, String, Object)
UnityEngine.Logger:Log(LogType, Object)
UnityEngine.Debug:LogWarning(Object)
UnityEngine.U2D.Animation.TransformAccessJob:ArrayRemoveAt(T[]&, Int32) (at ./Library/PackageCache/com.unity.2d.animation@81ad133dbdf1/Runtime/BatchedDeformation/TransformAccessJob.cs:111)
DG.Tweening.Tween:DoGoto(Tween, Single, Int32, UpdateMode)
DG.Tweening.Core.TweenManager:Goto(Tween, Single, Boolean, UpdateMode)
DG.Tweening.Sequence:ApplyInternalCycle(Sequence, Single, Single, UpdateMode, Boolean, Boolean, Boolean)
DG.Tweening.Sequence:DoApplyTween(Sequence, Single, Int32, Int32, Boolean, UpdateMode)
DG.Tweening.Tween:DoGoto(Tween, Single, Int32, UpdateMode)
DG.Tweening.Core.TweenManager:Goto(Tween, Single, Boolean, UpdateMode)
DG.Tweening.Sequence:ApplyInternalCycle(Sequence, Single, Single, UpdateMode, Boolean, Boolean, Boolean)
DG.Tweening.Sequence:DoApplyTween(Sequence, Single, Int32, Int32, Boolean, UpdateMode)
DG.Tweening.Tween:DoGoto(Tween, Single, Int32, UpdateMode)
DG.Tweening.Core.TweenManager:Update(Tween, Single, Single, Boolean)
DG.Tweening.Core.TweenManager:Update(UpdateType, Single, Single)
DG.Tweening.Core.DOTweenComponent:Update()

  ✓ 预加载: Heart
UnityEngine.DebugLogHandler:Internal_Log(LogType, LogOption, String, Object)
UnityEngine.Logger:Log(LogType, Object)
UnityEngine.Debug:Log(Object)
BirdGame.<>c__DisplayClass4_0`1:<PreloadAsset>b__0(T) (at D:/unity/FetaherLand623/FeatherLandNew/Assets/Scripts/New/Systems/AssetPreloadSystem.cs:72)
UnityEngine.UI.CoroutineTween.FloatTween:get_duration() (at ./Library/PackageCache/com.unity.ugui@aa507f3228f0/Runtime/UGUI/UI/Animation/CoroutineTween.cs:142)
System.Threading.ExecutionContext:RunInternal(ExecutionContext, ContextCallback, Object, Boolean)
System.Runtime.CompilerServices.MoveNextRunner:Run()
Cysharp.Threading.Tasks.Awaiter:GetResult() (at D:/unity/FetaherLand623/FeatherLandNew/Assets/Plugins/UniTask/Runtime/UniTask.cs:317)
Cysharp.Threading.Tasks.Internal.ContinuationQueue:RunCore() (at D:/unity/FetaherLand623/FeatherLandNew/Assets/Plugins/UniTask/Runtime/Internal/ContinuationQueue.cs:194)

  ✓ 预加载: Num
UnityEngine.DebugLogHandler:Internal_Log(LogType, LogOption, String, Object)
UnityEngine.Logger:Log(LogType, Object)
UnityEngine.Debug:Log(Object)
BirdGame.<>c__DisplayClass4_0`1:<PreloadAsset>b__0(T) (at D:/unity/FetaherLand623/FeatherLandNew/Assets/Scripts/New/Systems/AssetPreloadSystem.cs:72)
UnityEngine.UI.CoroutineTween.FloatTween:get_duration() (at ./Library/PackageCache/com.unity.ugui@aa507f3228f0/Runtime/UGUI/UI/Animation/CoroutineTween.cs:142)
Cysharp.Threading.Tasks.CompilerServices.AsyncUniTaskMethodBuilder:Start(TStateMachine&) (at D:/unity/FetaherLand623/FeatherLandNew/Assets/Plugins/UniTask/Runtime/CompilerServices/AsyncUniTaskMethodBuilder.cs:112)
UnityEngine.AddressableAssets.AssetReference:LoadAssetAsync() (at ./Library/PackageCache/com.unity.addressables@d929cbc70804/Runtime/AssetReference.cs:558)
BirdGame.<PreloadAsset>d__4`1:MoveNext() (at D:/unity/FetaherLand623/FeatherLandNew/Assets/Scripts/New/Systems/AssetPreloadSystem.cs:80)
Cysharp.Threading.Tasks.CompilerServices.AsyncUniTaskMethodBuilder:Start(TStateMachine&) (at D:/unity/FetaherLand623/FeatherLandNew/Assets/Plugins/UniTask/Runtime/CompilerServices/AsyncUniTaskMethodBuilder.cs:111)
BirdGame.<PreloadCommonAssets>d__3:MoveNext() (at D:/unity/FetaherLand623/FeatherLandNew/Assets/Scripts/New/Systems/AssetPreloadSystem.cs:45)
Coffee.UIEffects.Timeline.UIEffectMixerBehaviour`2:set_effect(UIEffect) (at ./UIEffect-5.10.7/Packages/src/Runtime/Timeline/Base/UIEffectTimelineUtils.cs:111)
Cysharp.Threading.Tasks.CompilerServices.AsyncUniTaskMethodBuilder:SetResult() (at D:/unity/FetaherLand623/FeatherLandNew/Assets/Plugins/UniTask/Runtime/CompilerServices/AsyncUniTaskMethodBuilder.cs:70)
BirdGame.<PreloadAsset>d__4`1:MoveNext() (at D:/unity/FetaherLand623/FeatherLandNew/Assets/Scripts/New/Systems/AssetPreloadSystem.cs:88)
Unity.Mathematics.math:max(Int32, Int32) (at ./Library/PackageCache/com.unity.mathematics@8017b507cc74/Unity.Mathematics/math.cs:987)
UnityEngine.UI.CoroutineTween.FloatTween:get_duration() (at ./Library/PackageCache/com.unity.ugui@aa507f3228f0/Runtime/UGUI/UI/Animation/CoroutineTween.cs:142)
System.Threading.ExecutionContext:RunInternal(ExecutionContext, ContextCallback, Object, Boolean)
System.Runtime.CompilerServices.MoveNextRunner:Run()
Cysharp.Threading.Tasks.Awaiter:GetResult() (at D:/unity/FetaherLand623/FeatherLandNew/Assets/Plugins/UniTask/Runtime/UniTask.cs:317)
Cysharp.Threading.Tasks.Internal.ContinuationQueue:RunCore() (at D:/unity/FetaherLand623/FeatherLandNew/Assets/Plugins/UniTask/Runtime/Internal/ContinuationQueue.cs:194)

✅ 预加载完成！共加载 2 个资源
UnityEngine.DebugLogHandler:Internal_Log(LogType, LogOption, String, Object)
UnityEngine.Logger:Log(LogType, Object)
UnityEngine.Debug:Log(Object)
BirdGame.<PreloadCommonAssets>d__3:MoveNext() (at D:/unity/FetaherLand623/FeatherLandNew/Assets/Scripts/New/Systems/AssetPreloadSystem.cs:54)
Coffee.UIEffects.Timeline.UIEffectMixerBehaviour`2:set_effect(UIEffect) (at ./UIEffect-5.10.7/Packages/src/Runtime/Timeline/Base/UIEffectTimelineUtils.cs:111)
Cysharp.Threading.Tasks.CompilerServices.AsyncUniTaskMethodBuilder:SetResult() (at D:/unity/FetaherLand623/FeatherLandNew/Assets/Plugins/UniTask/Runtime/CompilerServices/AsyncUniTaskMethodBuilder.cs:70)
BirdGame.<PreloadAsset>d__4`1:MoveNext() (at D:/unity/FetaherLand623/FeatherLandNew/Assets/Scripts/New/Systems/AssetPreloadSystem.cs:88)
Unity.Mathematics.math:max(Int32, Int32) (at ./Library/PackageCache/com.unity.mathematics@8017b507cc74/Unity.Mathematics/math.cs:987)
UnityEngine.UI.CoroutineTween.FloatTween:get_duration() (at ./Library/PackageCache/com.unity.ugui@aa507f3228f0/Runtime/UGUI/UI/Animation/CoroutineTween.cs:142)
System.Threading.ExecutionContext:RunInternal(ExecutionContext, ContextCallback, Object, Boolean)
System.Runtime.CompilerServices.MoveNextRunner:Run()
Cysharp.Threading.Tasks.Awaiter:GetResult() (at D:/unity/FetaherLand623/FeatherLandNew/Assets/Plugins/UniTask/Runtime/UniTask.cs:317)
Cysharp.Threading.Tasks.Internal.ContinuationQueue:RunCore() (at D:/unity/FetaherLand623/FeatherLandNew/Assets/Plugins/UniTask/Runtime/Internal/ContinuationQueue.cs:194)

✅ 常用资源预加载完成
UnityEngine.DebugLogHandler:Internal_Log(LogType, LogOption, String, Object)
UnityEngine.Logger:Log(LogType, Object)
UnityEngine.Debug:Log(Object)
BirdGame.<PreloadCommonAssetsAsync>d__12:MoveNext() (at D:/unity/FetaherLand623/FeatherLandNew/Assets/Scripts/New/Commands/LoadGameCommand.cs:274)
System.Threading.ExecutionContext:RunInternal(ExecutionContext, ContextCallback, Object, Boolean)
System.Runtime.CompilerServices.MoveNextRunner:Run()
Coffee.UIEffects.Timeline.UIEffectMixerBehaviour`2:set_effect(UIEffect) (at ./UIEffect-5.10.7/Packages/src/Runtime/Timeline/Base/UIEffectTimelineUtils.cs:111)
Cysharp.Threading.Tasks.CompilerServices.AsyncUniTaskMethodBuilder:SetResult() (at D:/unity/FetaherLand623/FeatherLandNew/Assets/Plugins/UniTask/Runtime/CompilerServices/AsyncUniTaskMethodBuilder.cs:70)
BirdGame.<PreloadCommonAssets>d__3:MoveNext() (at D:/unity/FetaherLand623/FeatherLandNew/Assets/Scripts/New/Systems/AssetPreloadSystem.cs:55)
Coffee.UIEffects.Timeline.UIEffectMixerBehaviour`2:set_effect(UIEffect) (at ./UIEffect-5.10.7/Packages/src/Runtime/Timeline/Base/UIEffectTimelineUtils.cs:111)
Cysharp.Threading.Tasks.CompilerServices.AsyncUniTaskMethodBuilder:SetResult() (at D:/unity/FetaherLand623/FeatherLandNew/Assets/Plugins/UniTask/Runtime/CompilerServices/AsyncUniTaskMethodBuilder.cs:70)
BirdGame.<PreloadAsset>d__4`1:MoveNext() (at D:/unity/FetaherLand623/FeatherLandNew/Assets/Scripts/New/Systems/AssetPreloadSystem.cs:88)
Unity.Mathematics.math:max(Int32, Int32) (at ./Library/PackageCache/com.unity.mathematics@8017b507cc74/Unity.Mathematics/math.cs:987)
UnityEngine.UI.CoroutineTween.FloatTween:get_duration() (at ./Library/PackageCache/com.unity.ugui@aa507f3228f0/Runtime/UGUI/UI/Animation/CoroutineTween.cs:142)
System.Threading.ExecutionContext:RunInternal(ExecutionContext, ContextCallback, Object, Boolean)
System.Runtime.CompilerServices.MoveNextRunner:Run()
Cysharp.Threading.Tasks.Awaiter:GetResult() (at D:/unity/FetaherLand623/FeatherLandNew/Assets/Plugins/UniTask/Runtime/UniTask.cs:317)
Cysharp.Threading.Tasks.Internal.ContinuationQueue:RunCore() (at D:/unity/FetaherLand623/FeatherLandNew/Assets/Plugins/UniTask/Runtime/Internal/ContinuationQueue.cs:194)

新鸟生成 [类型4] 倍率:1.21 成鸟收入:0.25 成鸟售价:4.18
UnityEngine.DebugLogHandler:Internal_Log(LogType, LogOption, String, Object)
UnityEngine.Logger:Log(LogType, Object)
UnityEngine.Debug:Log(Object)
BirdGame.BirdModel:AddBird(Int32, Brid) (at D:/unity/FetaherLand623/FeatherLandNew/Assets/Scripts/New/Models/IBirdModel.cs:68)
BirdGame.<>c__DisplayClass16_0:<GenerateBirdFromSaveData>b__0(GameObject) (at D:/unity/FetaherLand623/FeatherLandNew/Assets/Scripts/New/Systems/IBirdSystem.cs:373)
Cysharp.Threading.Tasks.CompilerServices.AsyncUniTaskMethodBuilder:AwaitUnsafeOnCompleted(TAwaiter&, TStateMachine&) (at D:/unity/FetaherLand623/FeatherLandNew/Assets/Plugins/UniTask/Runtime/CompilerServices/AsyncUniTaskMethodBuilder.cs:103)
System.Threading.ExecutionContext:RunInternal(ExecutionContext, ContextCallback, Object, Boolean)
System.Runtime.CompilerServices.MoveNextRunner:Run()
Cysharp.Threading.Tasks.Awaiter:GetResult() (at D:/unity/FetaherLand623/FeatherLandNew/Assets/Plugins/UniTask/Runtime/UniTask.cs:317)
Cysharp.Threading.Tasks.Internal.ContinuationQueue:RunCore() (at D:/unity/FetaherLand623/FeatherLandNew/Assets/Plugins/UniTask/Runtime/Internal/ContinuationQueue.cs:194)

从存档恢复个体化数值 - 成鸟收入:0.18
UnityEngine.DebugLogHandler:Internal_Log(LogType, LogOption, String, Object)
UnityEngine.Logger:Log(LogType, Object)
UnityEngine.Debug:Log(Object)
BirdGame.<>c__DisplayClass16_0:<GenerateBirdFromSaveData>b__0(GameObject) (at D:/unity/FetaherLand623/FeatherLandNew/Assets/Scripts/New/Systems/IBirdSystem.cs:393)
Cysharp.Threading.Tasks.CompilerServices.AsyncUniTaskMethodBuilder:AwaitUnsafeOnCompleted(TAwaiter&, TStateMachine&) (at D:/unity/FetaherLand623/FeatherLandNew/Assets/Plugins/UniTask/Runtime/CompilerServices/AsyncUniTaskMethodBuilder.cs:103)
System.Threading.ExecutionContext:RunInternal(ExecutionContext, ContextCallback, Object, Boolean)
System.Runtime.CompilerServices.MoveNextRunner:Run()
Cysharp.Threading.Tasks.Awaiter:GetResult() (at D:/unity/FetaherLand623/FeatherLandNew/Assets/Plugins/UniTask/Runtime/UniTask.cs:317)
Cysharp.Threading.Tasks.Internal.ContinuationQueue:RunCore() (at D:/unity/FetaherLand623/FeatherLandNew/Assets/Plugins/UniTask/Runtime/Internal/ContinuationQueue.cs:194)

新鸟生成 [类型21] 倍率:1.01 成鸟收入:0.30 成鸟售价:3.42
UnityEngine.DebugLogHandler:Internal_Log(LogType, LogOption, String, Object)
UnityEngine.Logger:Log(LogType, Object)
UnityEngine.Debug:Log(Object)
BirdGame.BirdModel:AddBird(Int32, Brid) (at D:/unity/FetaherLand623/FeatherLandNew/Assets/Scripts/New/Models/IBirdModel.cs:68)
BirdGame.<>c__DisplayClass16_0:<GenerateBirdFromSaveData>b__0(GameObject) (at D:/unity/FetaherLand623/FeatherLandNew/Assets/Scripts/New/Systems/IBirdSystem.cs:373)
Cysharp.Threading.Tasks.CompilerServices.AsyncUniTaskMethodBuilder:AwaitUnsafeOnCompleted(TAwaiter&, TStateMachine&) (at D:/unity/FetaherLand623/FeatherLandNew/Assets/Plugins/UniTask/Runtime/CompilerServices/AsyncUniTaskMethodBuilder.cs:103)
System.Threading.ExecutionContext:RunInternal(ExecutionContext, ContextCallback, Object, Boolean)
System.Runtime.CompilerServices.MoveNextRunner:Run()
Cysharp.Threading.Tasks.Awaiter:GetResult() (at D:/unity/FetaherLand623/FeatherLandNew/Assets/Plugins/UniTask/Runtime/UniTask.cs:317)
Cysharp.Threading.Tasks.Internal.ContinuationQueue:RunCore() (at D:/unity/FetaherLand623/FeatherLandNew/Assets/Plugins/UniTask/Runtime/Internal/ContinuationQueue.cs:194)

从存档恢复个体化数值 - 成鸟收入:0.29
UnityEngine.DebugLogHandler:Internal_Log(LogType, LogOption, String, Object)
UnityEngine.Logger:Log(LogType, Object)
UnityEngine.Debug:Log(Object)
BirdGame.<>c__DisplayClass16_0:<GenerateBirdFromSaveData>b__0(GameObject) (at D:/unity/FetaherLand623/FeatherLandNew/Assets/Scripts/New/Systems/IBirdSystem.cs:393)
Cysharp.Threading.Tasks.CompilerServices.AsyncUniTaskMethodBuilder:AwaitUnsafeOnCompleted(TAwaiter&, TStateMachine&) (at D:/unity/FetaherLand623/FeatherLandNew/Assets/Plugins/UniTask/Runtime/CompilerServices/AsyncUniTaskMethodBuilder.cs:103)
System.Threading.ExecutionContext:RunInternal(ExecutionContext, ContextCallback, Object, Boolean)
System.Runtime.CompilerServices.MoveNextRunner:Run()
Cysharp.Threading.Tasks.Awaiter:GetResult() (at D:/unity/FetaherLand623/FeatherLandNew/Assets/Plugins/UniTask/Runtime/UniTask.cs:317)
Cysharp.Threading.Tasks.Internal.ContinuationQueue:RunCore() (at D:/unity/FetaherLand623/FeatherLandNew/Assets/Plugins/UniTask/Runtime/Internal/ContinuationQueue.cs:194)

新鸟生成 [类型3] 倍率:0.84 成鸟收入:0.53 成鸟售价:2.39
UnityEngine.DebugLogHandler:Internal_Log(LogType, LogOption, String, Object)
UnityEngine.Logger:Log(LogType, Object)
UnityEngine.Debug:Log(Object)
BirdGame.BirdModel:AddBird(Int32, Brid) (at D:/unity/FetaherLand623/FeatherLandNew/Assets/Scripts/New/Models/IBirdModel.cs:68)
BirdGame.<>c__DisplayClass16_0:<GenerateBirdFromSaveData>b__0(GameObject) (at D:/unity/FetaherLand623/FeatherLandNew/Assets/Scripts/New/Systems/IBirdSystem.cs:373)
Cysharp.Threading.Tasks.CompilerServices.AsyncUniTaskMethodBuilder:AwaitUnsafeOnCompleted(TAwaiter&, TStateMachine&) (at D:/unity/FetaherLand623/FeatherLandNew/Assets/Plugins/UniTask/Runtime/CompilerServices/AsyncUniTaskMethodBuilder.cs:103)
System.Threading.ExecutionContext:RunInternal(ExecutionContext, ContextCallback, Object, Boolean)
System.Runtime.CompilerServices.MoveNextRunner:Run()
Cysharp.Threading.Tasks.Awaiter:GetResult() (at D:/unity/FetaherLand623/FeatherLandNew/Assets/Plugins/UniTask/Runtime/UniTask.cs:317)
Cysharp.Threading.Tasks.Internal.ContinuationQueue:RunCore() (at D:/unity/FetaherLand623/FeatherLandNew/Assets/Plugins/UniTask/Runtime/Internal/ContinuationQueue.cs:194)

从存档恢复个体化数值 - 成鸟收入:0.55
UnityEngine.DebugLogHandler:Internal_Log(LogType, LogOption, String, Object)
UnityEngine.Logger:Log(LogType, Object)
UnityEngine.Debug:Log(Object)
BirdGame.<>c__DisplayClass16_0:<GenerateBirdFromSaveData>b__0(GameObject) (at D:/unity/FetaherLand623/FeatherLandNew/Assets/Scripts/New/Systems/IBirdSystem.cs:393)
Cysharp.Threading.Tasks.CompilerServices.AsyncUniTaskMethodBuilder:AwaitUnsafeOnCompleted(TAwaiter&, TStateMachine&) (at D:/unity/FetaherLand623/FeatherLandNew/Assets/Plugins/UniTask/Runtime/CompilerServices/AsyncUniTaskMethodBuilder.cs:103)
System.Threading.ExecutionContext:RunInternal(ExecutionContext, ContextCallback, Object, Boolean)
System.Runtime.CompilerServices.MoveNextRunner:Run()
Cysharp.Threading.Tasks.Awaiter:GetResult() (at D:/unity/FetaherLand623/FeatherLandNew/Assets/Plugins/UniTask/Runtime/UniTask.cs:317)
Cysharp.Threading.Tasks.Internal.ContinuationQueue:RunCore() (at D:/unity/FetaherLand623/FeatherLandNew/Assets/Plugins/UniTask/Runtime/Internal/ContinuationQueue.cs:194)

新鸟生成 [类型6] 倍率:1.06 成鸟收入:0.31 成鸟售价:3.58
UnityEngine.DebugLogHandler:Internal_Log(LogType, LogOption, String, Object)
UnityEngine.Logger:Log(LogType, Object)
UnityEngine.Debug:Log(Object)
BirdGame.BirdModel:AddBird(Int32, Brid) (at D:/unity/FetaherLand623/FeatherLandNew/Assets/Scripts/New/Models/IBirdModel.cs:68)
BirdGame.<>c__DisplayClass16_0:<GenerateBirdFromSaveData>b__0(GameObject) (at D:/unity/FetaherLand623/FeatherLandNew/Assets/Scripts/New/Systems/IBirdSystem.cs:373)
Cysharp.Threading.Tasks.CompilerServices.AsyncUniTaskMethodBuilder:AwaitUnsafeOnCompleted(TAwaiter&, TStateMachine&) (at D:/unity/FetaherLand623/FeatherLandNew/Assets/Plugins/UniTask/Runtime/CompilerServices/AsyncUniTaskMethodBuilder.cs:103)
System.Threading.ExecutionContext:RunInternal(ExecutionContext, ContextCallback, Object, Boolean)
System.Runtime.CompilerServices.MoveNextRunner:Run()
Cysharp.Threading.Tasks.Awaiter:GetResult() (at D:/unity/FetaherLand623/FeatherLandNew/Assets/Plugins/UniTask/Runtime/UniTask.cs:317)
Cysharp.Threading.Tasks.Internal.ContinuationQueue:RunCore() (at D:/unity/FetaherLand623/FeatherLandNew/Assets/Plugins/UniTask/Runtime/Internal/ContinuationQueue.cs:194)

从存档恢复个体化数值 - 成鸟收入:0.26
UnityEngine.DebugLogHandler:Internal_Log(LogType, LogOption, String, Object)
UnityEngine.Logger:Log(LogType, Object)
UnityEngine.Debug:Log(Object)
BirdGame.<>c__DisplayClass16_0:<GenerateBirdFromSaveData>b__0(GameObject) (at D:/unity/FetaherLand623/FeatherLandNew/Assets/Scripts/New/Systems/IBirdSystem.cs:393)
Cysharp.Threading.Tasks.CompilerServices.AsyncUniTaskMethodBuilder:AwaitUnsafeOnCompleted(TAwaiter&, TStateMachine&) (at D:/unity/FetaherLand623/FeatherLandNew/Assets/Plugins/UniTask/Runtime/CompilerServices/AsyncUniTaskMethodBuilder.cs:103)
System.Threading.ExecutionContext:RunInternal(ExecutionContext, ContextCallback, Object, Boolean)
System.Runtime.CompilerServices.MoveNextRunner:Run()
Cysharp.Threading.Tasks.Awaiter:GetResult() (at D:/unity/FetaherLand623/FeatherLandNew/Assets/Plugins/UniTask/Runtime/UniTask.cs:317)
Cysharp.Threading.Tasks.Internal.ContinuationQueue:RunCore() (at D:/unity/FetaherLand623/FeatherLandNew/Assets/Plugins/UniTask/Runtime/Internal/ContinuationQueue.cs:194)

新鸟生成 [类型22] 倍率:1.02 成鸟收入:0.30 成鸟售价:3.43
UnityEngine.DebugLogHandler:Internal_Log(LogType, LogOption, String, Object)
UnityEngine.Logger:Log(LogType, Object)
UnityEngine.Debug:Log(Object)
BirdGame.BirdModel:AddBird(Int32, Brid) (at D:/unity/FetaherLand623/FeatherLandNew/Assets/Scripts/New/Models/IBirdModel.cs:68)
BirdGame.<>c__DisplayClass16_0:<GenerateBirdFromSaveData>b__0(GameObject) (at D:/unity/FetaherLand623/FeatherLandNew/Assets/Scripts/New/Systems/IBirdSystem.cs:373)
Cysharp.Threading.Tasks.CompilerServices.AsyncUniTaskMethodBuilder:AwaitUnsafeOnCompleted(TAwaiter&, TStateMachine&) (at D:/unity/FetaherLand623/FeatherLandNew/Assets/Plugins/UniTask/Runtime/CompilerServices/AsyncUniTaskMethodBuilder.cs:103)
System.Threading.ExecutionContext:RunInternal(ExecutionContext, ContextCallback, Object, Boolean)
System.Runtime.CompilerServices.MoveNextRunner:Run()
Cysharp.Threading.Tasks.Awaiter:GetResult() (at D:/unity/FetaherLand623/FeatherLandNew/Assets/Plugins/UniTask/Runtime/UniTask.cs:317)
Cysharp.Threading.Tasks.Internal.ContinuationQueue:RunCore() (at D:/unity/FetaherLand623/FeatherLandNew/Assets/Plugins/UniTask/Runtime/Internal/ContinuationQueue.cs:194)

从存档恢复个体化数值 - 成鸟收入:0.21
UnityEngine.DebugLogHandler:Internal_Log(LogType, LogOption, String, Object)
UnityEngine.Logger:Log(LogType, Object)
UnityEngine.Debug:Log(Object)
BirdGame.<>c__DisplayClass16_0:<GenerateBirdFromSaveData>b__0(GameObject) (at D:/unity/FetaherLand623/FeatherLandNew/Assets/Scripts/New/Systems/IBirdSystem.cs:393)
Cysharp.Threading.Tasks.CompilerServices.AsyncUniTaskMethodBuilder:AwaitUnsafeOnCompleted(TAwaiter&, TStateMachine&) (at D:/unity/FetaherLand623/FeatherLandNew/Assets/Plugins/UniTask/Runtime/CompilerServices/AsyncUniTaskMethodBuilder.cs:103)
System.Threading.ExecutionContext:RunInternal(ExecutionContext, ContextCallback, Object, Boolean)
System.Runtime.CompilerServices.MoveNextRunner:Run()
Cysharp.Threading.Tasks.Awaiter:GetResult() (at D:/unity/FetaherLand623/FeatherLandNew/Assets/Plugins/UniTask/Runtime/UniTask.cs:317)
Cysharp.Threading.Tasks.Internal.ContinuationQueue:RunCore() (at D:/unity/FetaherLand623/FeatherLandNew/Assets/Plugins/UniTask/Runtime/Internal/ContinuationQueue.cs:194)

动态设置吃饭动画时长: 0.85秒
UnityEngine.DebugLogHandler:Internal_Log(LogType, LogOption, String, Object)
UnityEngine.Logger:Log(LogType, Object)
UnityEngine.Debug:Log(Object)
BirdGame.Brid:Start() (at D:/unity/FetaherLand623/FeatherLandNew/Assets/Scripts/New/ViewController/Game/Brid.cs:211)

动态设置吃饭动画时长: 0.85秒
UnityEngine.DebugLogHandler:Internal_Log(LogType, LogOption, String, Object)
UnityEngine.Logger:Log(LogType, Object)
UnityEngine.Debug:Log(Object)
BirdGame.Brid:Start() (at D:/unity/FetaherLand623/FeatherLandNew/Assets/Scripts/New/ViewController/Game/Brid.cs:211)

动态设置吃饭动画时长: 0.85秒
UnityEngine.DebugLogHandler:Internal_Log(LogType, LogOption, String, Object)
UnityEngine.Logger:Log(LogType, Object)
UnityEngine.Debug:Log(Object)
BirdGame.Brid:Start() (at D:/unity/FetaherLand623/FeatherLandNew/Assets/Scripts/New/ViewController/Game/Brid.cs:211)

动态设置吃饭动画时长: 0.85秒
UnityEngine.DebugLogHandler:Internal_Log(LogType, LogOption, String, Object)
UnityEngine.Logger:Log(LogType, Object)
UnityEngine.Debug:Log(Object)
BirdGame.Brid:Start() (at D:/unity/FetaherLand623/FeatherLandNew/Assets/Scripts/New/ViewController/Game/Brid.cs:211)

动态设置吃饭动画时长: 0.85秒
UnityEngine.DebugLogHandler:Internal_Log(LogType, LogOption, String, Object)
UnityEngine.Logger:Log(LogType, Object)
UnityEngine.Debug:Log(Object)
BirdGame.Brid:Start() (at D:/unity/FetaherLand623/FeatherLandNew/Assets/Scripts/New/ViewController/Game/Brid.cs:211)

<color=#0099bc><b>DOTWEEN ► </b></color>Tween startup failed (NULL target/property - UnityEngine.Color <DOColor>b__0()): the tween will now be killed ► Object reference not set to an instance of an object.
UnityEngine.DebugLogHandler:Internal_Log(LogType, LogOption, String, Object)
UnityEngine.Logger:Log(LogType, Object)
UnityEngine.Debug:LogWarning(Object)
UnityEngine.U2D.Animation.TransformAccessJob:ArrayRemoveAt(T[]&, Int32) (at ./Library/PackageCache/com.unity.2d.animation@81ad133dbdf1/Runtime/BatchedDeformation/TransformAccessJob.cs:111)
DG.Tweening.Tween:DoGoto(Tween, Single, Int32, UpdateMode)
DG.Tweening.Core.TweenManager:Goto(Tween, Single, Boolean, UpdateMode)
DG.Tweening.Sequence:ApplyInternalCycle(Sequence, Single, Single, UpdateMode, Boolean, Boolean, Boolean)
DG.Tweening.Sequence:DoApplyTween(Sequence, Single, Int32, Int32, Boolean, UpdateMode)
DG.Tweening.Tween:DoGoto(Tween, Single, Int32, UpdateMode)
DG.Tweening.Core.TweenManager:Goto(Tween, Single, Boolean, UpdateMode)
DG.Tweening.Sequence:ApplyInternalCycle(Sequence, Single, Single, UpdateMode, Boolean, Boolean, Boolean)
DG.Tweening.Sequence:DoApplyTween(Sequence, Single, Int32, Int32, Boolean, UpdateMode)
DG.Tweening.Tween:DoGoto(Tween, Single, Int32, UpdateMode)
DG.Tweening.Core.TweenManager:Update(Tween, Single, Single, Boolean)
DG.Tweening.Core.TweenManager:Update(UpdateType, Single, Single)
DG.Tweening.Core.DOTweenComponent:Update()

<color=#0099bc><b>DOTWEEN ► </b></color>Tween startup failed (NULL target/property - UnityEngine.Color <DOColor>b__0()): the tween will now be killed ► Object reference not set to an instance of an object.
UnityEngine.DebugLogHandler:Internal_Log(LogType, LogOption, String, Object)
UnityEngine.Logger:Log(LogType, Object)
UnityEngine.Debug:LogWarning(Object)
UnityEngine.U2D.Animation.TransformAccessJob:ArrayRemoveAt(T[]&, Int32) (at ./Library/PackageCache/com.unity.2d.animation@81ad133dbdf1/Runtime/BatchedDeformation/TransformAccessJob.cs:111)
DG.Tweening.Tween:DoGoto(Tween, Single, Int32, UpdateMode)
DG.Tweening.Core.TweenManager:Goto(Tween, Single, Boolean, UpdateMode)
DG.Tweening.Sequence:ApplyInternalCycle(Sequence, Single, Single, UpdateMode, Boolean, Boolean, Boolean)
DG.Tweening.Sequence:DoApplyTween(Sequence, Single, Int32, Int32, Boolean, UpdateMode)
DG.Tweening.Tween:DoGoto(Tween, Single, Int32, UpdateMode)
DG.Tweening.Core.TweenManager:Goto(Tween, Single, Boolean, UpdateMode)
DG.Tweening.Sequence:ApplyInternalCycle(Sequence, Single, Single, UpdateMode, Boolean, Boolean, Boolean)
DG.Tweening.Sequence:DoApplyTween(Sequence, Single, Int32, Int32, Boolean, UpdateMode)
DG.Tweening.Tween:DoGoto(Tween, Single, Int32, UpdateMode)
DG.Tweening.Core.TweenManager:Update(Tween, Single, Single, Boolean)
DG.Tweening.Core.TweenManager:Update(UpdateType, Single, Single)
DG.Tweening.Core.DOTweenComponent:Update()

<color=#0099bc><b>DOTWEEN ► </b></color>Tween startup failed (NULL target/property - UnityEngine.Color <DOColor>b__0()): the tween will now be killed ► Object reference not set to an instance of an object.
UnityEngine.DebugLogHandler:Internal_Log(LogType, LogOption, String, Object)
UnityEngine.Logger:Log(LogType, Object)
UnityEngine.Debug:LogWarning(Object)
UnityEngine.U2D.Animation.TransformAccessJob:ArrayRemoveAt(T[]&, Int32) (at ./Library/PackageCache/com.unity.2d.animation@81ad133dbdf1/Runtime/BatchedDeformation/TransformAccessJob.cs:111)
DG.Tweening.Tween:DoGoto(Tween, Single, Int32, UpdateMode)
DG.Tweening.Core.TweenManager:Goto(Tween, Single, Boolean, UpdateMode)
DG.Tweening.Sequence:ApplyInternalCycle(Sequence, Single, Single, UpdateMode, Boolean, Boolean, Boolean)
DG.Tweening.Sequence:DoApplyTween(Sequence, Single, Int32, Int32, Boolean, UpdateMode)
DG.Tweening.Tween:DoGoto(Tween, Single, Int32, UpdateMode)
DG.Tweening.Core.TweenManager:Goto(Tween, Single, Boolean, UpdateMode)
DG.Tweening.Sequence:ApplyInternalCycle(Sequence, Single, Single, UpdateMode, Boolean, Boolean, Boolean)
DG.Tweening.Sequence:DoApplyTween(Sequence, Single, Int32, Int32, Boolean, UpdateMode)
DG.Tweening.Tween:DoGoto(Tween, Single, Int32, UpdateMode)
DG.Tweening.Core.TweenManager:Update(Tween, Single, Single, Boolean)
DG.Tweening.Core.TweenManager:Update(UpdateType, Single, Single)
DG.Tweening.Core.DOTweenComponent:Update()

<color=#0099bc><b>DOTWEEN ► </b></color>Tween startup failed (NULL target/property - UnityEngine.Color <DOColor>b__0()): the tween will now be killed ► Object reference not set to an instance of an object.
UnityEngine.DebugLogHandler:Internal_Log(LogType, LogOption, String, Object)
UnityEngine.Logger:Log(LogType, Object)
UnityEngine.Debug:LogWarning(Object)
UnityEngine.U2D.Animation.TransformAccessJob:ArrayRemoveAt(T[]&, Int32) (at ./Library/PackageCache/com.unity.2d.animation@81ad133dbdf1/Runtime/BatchedDeformation/TransformAccessJob.cs:111)
DG.Tweening.Tween:DoGoto(Tween, Single, Int32, UpdateMode)
DG.Tweening.Core.TweenManager:Goto(Tween, Single, Boolean, UpdateMode)
DG.Tweening.Sequence:ApplyInternalCycle(Sequence, Single, Single, UpdateMode, Boolean, Boolean, Boolean)
DG.Tweening.Sequence:DoApplyTween(Sequence, Single, Int32, Int32, Boolean, UpdateMode)
DG.Tweening.Tween:DoGoto(Tween, Single, Int32, UpdateMode)
DG.Tweening.Core.TweenManager:Goto(Tween, Single, Boolean, UpdateMode)
DG.Tweening.Sequence:ApplyInternalCycle(Sequence, Single, Single, UpdateMode, Boolean, Boolean, Boolean)
DG.Tweening.Sequence:DoApplyTween(Sequence, Single, Int32, Int32, Boolean, UpdateMode)
DG.Tweening.Tween:DoGoto(Tween, Single, Int32, UpdateMode)
DG.Tweening.Core.TweenManager:Update(Tween, Single, Single, Boolean)
DG.Tweening.Core.TweenManager:Update(UpdateType, Single, Single)
DG.Tweening.Core.DOTweenComponent:Update()

<color=#0099bc><b>DOTWEEN ► </b></color>Tween startup failed (NULL target/property - UnityEngine.Color <DOColor>b__0()): the tween will now be killed ► Object reference not set to an instance of an object.
UnityEngine.DebugLogHandler:Internal_Log(LogType, LogOption, String, Object)
UnityEngine.Logger:Log(LogType, Object)
UnityEngine.Debug:LogWarning(Object)
UnityEngine.U2D.Animation.TransformAccessJob:ArrayRemoveAt(T[]&, Int32) (at ./Library/PackageCache/com.unity.2d.animation@81ad133dbdf1/Runtime/BatchedDeformation/TransformAccessJob.cs:111)
DG.Tweening.Tween:DoGoto(Tween, Single, Int32, UpdateMode)
DG.Tweening.Core.TweenManager:Goto(Tween, Single, Boolean, UpdateMode)
DG.Tweening.Sequence:ApplyInternalCycle(Sequence, Single, Single, UpdateMode, Boolean, Boolean, Boolean)
DG.Tweening.Sequence:DoApplyTween(Sequence, Single, Int32, Int32, Boolean, UpdateMode)
DG.Tweening.Tween:DoGoto(Tween, Single, Int32, UpdateMode)
DG.Tweening.Core.TweenManager:Goto(Tween, Single, Boolean, UpdateMode)
DG.Tweening.Sequence:ApplyInternalCycle(Sequence, Single, Single, UpdateMode, Boolean, Boolean, Boolean)
DG.Tweening.Sequence:DoApplyTween(Sequence, Single, Int32, Int32, Boolean, UpdateMode)
DG.Tweening.Tween:DoGoto(Tween, Single, Int32, UpdateMode)
DG.Tweening.Core.TweenManager:Update(Tween, Single, Single, Boolean)
DG.Tweening.Core.TweenManager:Update(UpdateType, Single, Single)
DG.Tweening.Core.DOTweenComponent:Update()

<color=#0099bc><b>DOTWEEN ► </b></color>Tween startup failed (NULL target/property - UnityEngine.Color <DOColor>b__0()): the tween will now be killed ► Object reference not set to an instance of an object.
UnityEngine.DebugLogHandler:Internal_Log(LogType, LogOption, String, Object)
UnityEngine.Logger:Log(LogType, Object)
UnityEngine.Debug:LogWarning(Object)
UnityEngine.U2D.Animation.TransformAccessJob:ArrayRemoveAt(T[]&, Int32) (at ./Library/PackageCache/com.unity.2d.animation@81ad133dbdf1/Runtime/BatchedDeformation/TransformAccessJob.cs:111)
DG.Tweening.Tween:DoGoto(Tween, Single, Int32, UpdateMode)
DG.Tweening.Core.TweenManager:Goto(Tween, Single, Boolean, UpdateMode)
DG.Tweening.Sequence:ApplyInternalCycle(Sequence, Single, Single, UpdateMode, Boolean, Boolean, Boolean)
DG.Tweening.Sequence:DoApplyTween(Sequence, Single, Int32, Int32, Boolean, UpdateMode)
DG.Tweening.Tween:DoGoto(Tween, Single, Int32, UpdateMode)
DG.Tweening.Core.TweenManager:Goto(Tween, Single, Boolean, UpdateMode)
DG.Tweening.Sequence:ApplyInternalCycle(Sequence, Single, Single, UpdateMode, Boolean, Boolean, Boolean)
DG.Tweening.Sequence:DoApplyTween(Sequence, Single, Int32, Int32, Boolean, UpdateMode)
DG.Tweening.Tween:DoGoto(Tween, Single, Int32, UpdateMode)
DG.Tweening.Core.TweenManager:Update(Tween, Single, Single, Boolean)
DG.Tweening.Core.TweenManager:Update(UpdateType, Single, Single)
DG.Tweening.Core.DOTweenComponent:Update()

<color=#0099bc><b>DOTWEEN ► </b></color>Tween startup failed (NULL target/property - UnityEngine.Color <DOColor>b__0()): the tween will now be killed ► Object reference not set to an instance of an object.
UnityEngine.DebugLogHandler:Internal_Log(LogType, LogOption, String, Object)
UnityEngine.Logger:Log(LogType, Object)
UnityEngine.Debug:LogWarning(Object)
UnityEngine.U2D.Animation.TransformAccessJob:ArrayRemoveAt(T[]&, Int32) (at ./Library/PackageCache/com.unity.2d.animation@81ad133dbdf1/Runtime/BatchedDeformation/TransformAccessJob.cs:111)
DG.Tweening.Tween:DoGoto(Tween, Single, Int32, UpdateMode)
DG.Tweening.Core.TweenManager:Goto(Tween, Single, Boolean, UpdateMode)
DG.Tweening.Sequence:ApplyInternalCycle(Sequence, Single, Single, UpdateMode, Boolean, Boolean, Boolean)
DG.Tweening.Sequence:DoApplyTween(Sequence, Single, Int32, Int32, Boolean, UpdateMode)
DG.Tweening.Tween:DoGoto(Tween, Single, Int32, UpdateMode)
DG.Tweening.Core.TweenManager:Goto(Tween, Single, Boolean, UpdateMode)
DG.Tweening.Sequence:ApplyInternalCycle(Sequence, Single, Single, UpdateMode, Boolean, Boolean, Boolean)
DG.Tweening.Sequence:DoApplyTween(Sequence, Single, Int32, Int32, Boolean, UpdateMode)
DG.Tweening.Tween:DoGoto(Tween, Single, Int32, UpdateMode)
DG.Tweening.Core.TweenManager:Update(Tween, Single, Single, Boolean)
DG.Tweening.Core.TweenManager:Update(UpdateType, Single, Single)
DG.Tweening.Core.DOTweenComponent:Update()

<color=#0099bc><b>DOTWEEN ► </b></color>Tween startup failed (NULL target/property - UnityEngine.Color <DOColor>b__0()): the tween will now be killed ► Object reference not set to an instance of an object.
UnityEngine.DebugLogHandler:Internal_Log(LogType, LogOption, String, Object)
UnityEngine.Logger:Log(LogType, Object)
UnityEngine.Debug:LogWarning(Object)
UnityEngine.U2D.Animation.TransformAccessJob:ArrayRemoveAt(T[]&, Int32) (at ./Library/PackageCache/com.unity.2d.animation@81ad133dbdf1/Runtime/BatchedDeformation/TransformAccessJob.cs:111)
DG.Tweening.Tween:DoGoto(Tween, Single, Int32, UpdateMode)
DG.Tweening.Core.TweenManager:Goto(Tween, Single, Boolean, UpdateMode)
DG.Tweening.Sequence:ApplyInternalCycle(Sequence, Single, Single, UpdateMode, Boolean, Boolean, Boolean)
DG.Tweening.Sequence:DoApplyTween(Sequence, Single, Int32, Int32, Boolean, UpdateMode)
DG.Tweening.Tween:DoGoto(Tween, Single, Int32, UpdateMode)
DG.Tweening.Core.TweenManager:Goto(Tween, Single, Boolean, UpdateMode)
DG.Tweening.Sequence:ApplyInternalCycle(Sequence, Single, Single, UpdateMode, Boolean, Boolean, Boolean)
DG.Tweening.Sequence:DoApplyTween(Sequence, Single, Int32, Int32, Boolean, UpdateMode)
DG.Tweening.Tween:DoGoto(Tween, Single, Int32, UpdateMode)
DG.Tweening.Core.TweenManager:Update(Tween, Single, Single, Boolean)
DG.Tweening.Core.TweenManager:Update(UpdateType, Single, Single)
DG.Tweening.Core.DOTweenComponent:Update()

<color=#0099bc><b>DOTWEEN ► </b></color>Tween startup failed (NULL target/property - UnityEngine.Color <DOColor>b__0()): the tween will now be killed ► Object reference not set to an instance of an object.
UnityEngine.DebugLogHandler:Internal_Log(LogType, LogOption, String, Object)
UnityEngine.Logger:Log(LogType, Object)
UnityEngine.Debug:LogWarning(Object)
UnityEngine.U2D.Animation.TransformAccessJob:ArrayRemoveAt(T[]&, Int32) (at ./Library/PackageCache/com.unity.2d.animation@81ad133dbdf1/Runtime/BatchedDeformation/TransformAccessJob.cs:111)
DG.Tweening.Tween:DoGoto(Tween, Single, Int32, UpdateMode)
DG.Tweening.Core.TweenManager:Goto(Tween, Single, Boolean, UpdateMode)
DG.Tweening.Sequence:ApplyInternalCycle(Sequence, Single, Single, UpdateMode, Boolean, Boolean, Boolean)
DG.Tweening.Sequence:DoApplyTween(Sequence, Single, Int32, Int32, Boolean, UpdateMode)
DG.Tweening.Tween:DoGoto(Tween, Single, Int32, UpdateMode)
DG.Tweening.Core.TweenManager:Goto(Tween, Single, Boolean, UpdateMode)
DG.Tweening.Sequence:ApplyInternalCycle(Sequence, Single, Single, UpdateMode, Boolean, Boolean, Boolean)
DG.Tweening.Sequence:DoApplyTween(Sequence, Single, Int32, Int32, Boolean, UpdateMode)
DG.Tweening.Tween:DoGoto(Tween, Single, Int32, UpdateMode)
DG.Tweening.Core.TweenManager:Update(Tween, Single, Single, Boolean)
DG.Tweening.Core.TweenManager:Update(UpdateType, Single, Single)
DG.Tweening.Core.DOTweenComponent:Update()

本地化文本加载成功，Key: Questionaire，Text: 提交反馈
UnityEngine.DebugLogHandler:Internal_Log(LogType, LogOption, String, Object)
UnityEngine.Logger:Log(LogType, Object)
UnityEngine.Debug:Log(Object)
UnityEngine.Object:Instantiate(Object, Transform, Boolean)
NavMeshPlus.Extensions.NavMeshBuilderState:GetExtraState(Boolean) (at ./Library/PackageCache/com.h8man.2d.navmeshplus@3fdf1984803c/NavMeshComponents/Scripts/NavMeshBuilderState.cs:32)
BirdGame.<>c__DisplayClass10_0:<ShowPanel>b__0(GameObject) (at D:/unity/FetaherLand623/FeatherLandNew/Assets/Scripts/New/Systems/IUISystem.cs:175)
UnityEngine.UI.CoroutineTween.FloatTween:get_duration() (at ./Library/PackageCache/com.unity.ugui@aa507f3228f0/Runtime/UGUI/UI/Animation/CoroutineTween.cs:142)
System.Threading.ExecutionContext:RunInternal(ExecutionContext, ContextCallback, Object, Boolean)
System.Runtime.CompilerServices.MoveNextRunner:Run()
Cysharp.Threading.Tasks.Awaiter:GetResult() (at D:/unity/FetaherLand623/FeatherLandNew/Assets/Plugins/UniTask/Runtime/UniTask.cs:317)
Cysharp.Threading.Tasks.Internal.ContinuationQueue:RunCore() (at D:/unity/FetaherLand623/FeatherLandNew/Assets/Plugins/UniTask/Runtime/Internal/ContinuationQueue.cs:194)

本地化文本加载成功，Key: SteamButton，Text: 加入愿望单
UnityEngine.DebugLogHandler:Internal_Log(LogType, LogOption, String, Object)
UnityEngine.Logger:Log(LogType, Object)
UnityEngine.Debug:Log(Object)
UnityEngine.Object:Instantiate(Object, Transform, Boolean)
NavMeshPlus.Extensions.NavMeshBuilderState:GetExtraState(Boolean) (at ./Library/PackageCache/com.h8man.2d.navmeshplus@3fdf1984803c/NavMeshComponents/Scripts/NavMeshBuilderState.cs:32)
BirdGame.<>c__DisplayClass10_0:<ShowPanel>b__0(GameObject) (at D:/unity/FetaherLand623/FeatherLandNew/Assets/Scripts/New/Systems/IUISystem.cs:175)
UnityEngine.UI.CoroutineTween.FloatTween:get_duration() (at ./Library/PackageCache/com.unity.ugui@aa507f3228f0/Runtime/UGUI/UI/Animation/CoroutineTween.cs:142)
System.Threading.ExecutionContext:RunInternal(ExecutionContext, ContextCallback, Object, Boolean)
System.Runtime.CompilerServices.MoveNextRunner:Run()
Cysharp.Threading.Tasks.Awaiter:GetResult() (at D:/unity/FetaherLand623/FeatherLandNew/Assets/Plugins/UniTask/Runtime/UniTask.cs:317)
Cysharp.Threading.Tasks.Internal.ContinuationQueue:RunCore() (at D:/unity/FetaherLand623/FeatherLandNew/Assets/Plugins/UniTask/Runtime/Internal/ContinuationQueue.cs:194)

MenuPanel Start方法开始执行
UnityEngine.DebugLogHandler:Internal_Log(LogType, LogOption, String, Object)
UnityEngine.Logger:Log(LogType, Object)
UnityEngine.Debug:Log(Object)
BirdGame.MenuPanel:Start() (at D:/unity/FetaherLand623/FeatherLandNew/Assets/Scripts/New/ViewController/UI/Panels/MenuPanel.cs:70)

MenuPanel GameObject名称: MenuPanel(Clone)
UnityEngine.DebugLogHandler:Internal_Log(LogType, LogOption, String, Object)
UnityEngine.Logger:Log(LogType, Object)
UnityEngine.Debug:Log(Object)
BirdGame.MenuPanel:Start() (at D:/unity/FetaherLand623/FeatherLandNew/Assets/Scripts/New/ViewController/UI/Panels/MenuPanel.cs:71)

MenuPanel 激活状态: True
UnityEngine.DebugLogHandler:Internal_Log(LogType, LogOption, String, Object)
UnityEngine.Logger:Log(LogType, Object)
UnityEngine.Debug:Log(Object)
BirdGame.MenuPanel:Start() (at D:/unity/FetaherLand623/FeatherLandNew/Assets/Scripts/New/ViewController/UI/Panels/MenuPanel.cs:72)

IUISystem获取成功
UnityEngine.DebugLogHandler:Internal_Log(LogType, LogOption, String, Object)
UnityEngine.Logger:Log(LogType, Object)
UnityEngine.Debug:Log(Object)
BirdGame.MenuPanel:Start() (at D:/unity/FetaherLand623/FeatherLandNew/Assets/Scripts/New/ViewController/UI/Panels/MenuPanel.cs:85)

🌍 环境音效初始化完成！
UnityEngine.DebugLogHandler:Internal_Log(LogType, LogOption, String, Object)
UnityEngine.Logger:Log(LogType, Object)
UnityEngine.Debug:Log(Object)
BirdGame.<TriggerEnvironmentAudioAfterConfigLoad>d__11:MoveNext() (at D:/unity/FetaherLand623/FeatherLandNew/Assets/Scripts/New/Commands/LoadGameCommand.cs:257)
UnityEngine.SetupCoroutine:InvokeMoveNext(IEnumerator, IntPtr)

天气切换完成
UnityEngine.DebugLogHandler:Internal_Log(LogType, LogOption, String, Object)
UnityEngine.Logger:Log(LogType, Object)
UnityEngine.Debug:Log(Object)
BirdGame.<>c__DisplayClass15_0:<SwitchWeather>b__9() (at D:/unity/FetaherLand623/FeatherLandNew/Assets/Scripts/New/ViewController/Game/WeatherManager.cs:236)
DG.Tweening.Tween:OnTweenCallback(TweenCallback, Tween)
DG.Tweening.Tween:DoGoto(Tween, Single, Int32, UpdateMode)
DG.Tweening.Core.TweenManager:Update(Tween, Single, Single, Boolean)
DG.Tweening.Core.TweenManager:Update(UpdateType, Single, Single)
DG.Tweening.Core.DOTweenComponent:Update()

[SettingButton] 鼠标在按钮区域内: (-24.18, -5.00), 按钮区域: (x:-24.25, y:-24.75, width:48.50, height:49.50)
UnityEngine.DebugLogHandler:Internal_Log(LogType, LogOption, String, Object)
UnityEngine.Logger:Log(LogType, Object)
UnityEngine.Debug:Log(Object)
UIButtonHoverScale:IsMouseOverButton() (at D:/unity/FetaherLand623/FeatherLandNew/Assets/Scripts/UIButtonHoverScale.cs:458)
UIButtonHoverScale:Update() (at D:/unity/FetaherLand623/FeatherLandNew/Assets/Scripts/UIButtonHoverScale.cs:236)

[SettingButton] 鼠标在按钮区域内: (-21.98, -4.54), 按钮区域: (x:-24.25, y:-24.75, width:48.50, height:49.50)
UnityEngine.DebugLogHandler:Internal_Log(LogType, LogOption, String, Object)
UnityEngine.Logger:Log(LogType, Object)
UnityEngine.Debug:Log(Object)
UIButtonHoverScale:IsMouseOverButton() (at D:/unity/FetaherLand623/FeatherLandNew/Assets/Scripts/UIButtonHoverScale.cs:458)
UIButtonHoverScale:Update() (at D:/unity/FetaherLand623/FeatherLandNew/Assets/Scripts/UIButtonHoverScale.cs:236)

[SettingButton] 鼠标在按钮区域内: (-20.77, -4.54), 按钮区域: (x:-24.25, y:-24.75, width:48.50, height:49.50)
UnityEngine.DebugLogHandler:Internal_Log(LogType, LogOption, String, Object)
UnityEngine.Logger:Log(LogType, Object)
UnityEngine.Debug:Log(Object)
UIButtonHoverScale:IsMouseOverButton() (at D:/unity/FetaherLand623/FeatherLandNew/Assets/Scripts/UIButtonHoverScale.cs:458)
UIButtonHoverScale:Update() (at D:/unity/FetaherLand623/FeatherLandNew/Assets/Scripts/UIButtonHoverScale.cs:236)

[SettingButton] 鼠标在按钮区域内: (-18.34, -4.54), 按钮区域: (x:-24.25, y:-24.75, width:48.50, height:49.50)
UnityEngine.DebugLogHandler:Internal_Log(LogType, LogOption, String, Object)
UnityEngine.Logger:Log(LogType, Object)
UnityEngine.Debug:Log(Object)
UIButtonHoverScale:IsMouseOverButton() (at D:/unity/FetaherLand623/FeatherLandNew/Assets/Scripts/UIButtonHoverScale.cs:458)
UIButtonHoverScale:Update() (at D:/unity/FetaherLand623/FeatherLandNew/Assets/Scripts/UIButtonHoverScale.cs:236)

[SettingButton] 鼠标在按钮区域内: (-17.13, -3.33), 按钮区域: (x:-24.25, y:-24.75, width:48.50, height:49.50)
UnityEngine.DebugLogHandler:Internal_Log(LogType, LogOption, String, Object)
UnityEngine.Logger:Log(LogType, Object)
UnityEngine.Debug:Log(Object)
UIButtonHoverScale:IsMouseOverButton() (at D:/unity/FetaherLand623/FeatherLandNew/Assets/Scripts/UIButtonHoverScale.cs:458)
UIButtonHoverScale:Update() (at D:/unity/FetaherLand623/FeatherLandNew/Assets/Scripts/UIButtonHoverScale.cs:236)

[SettingButton] 鼠标在按钮区域内: (-15.92, -3.33), 按钮区域: (x:-24.25, y:-24.75, width:48.50, height:49.50)
UnityEngine.DebugLogHandler:Internal_Log(LogType, LogOption, String, Object)
UnityEngine.Logger:Log(LogType, Object)
UnityEngine.Debug:Log(Object)
UIButtonHoverScale:IsMouseOverButton() (at D:/unity/FetaherLand623/FeatherLandNew/Assets/Scripts/UIButtonHoverScale.cs:458)
UIButtonHoverScale:Update() (at D:/unity/FetaherLand623/FeatherLandNew/Assets/Scripts/UIButtonHoverScale.cs:236)

[SettingButton] 鼠标在按钮区域内: (-24.18, 5.67), 按钮区域: (x:-24.25, y:-24.75, width:48.50, height:49.50)
UnityEngine.DebugLogHandler:Internal_Log(LogType, LogOption, String, Object)
UnityEngine.Logger:Log(LogType, Object)
UnityEngine.Debug:Log(Object)
UIButtonHoverScale:IsMouseOverButton() (at D:/unity/FetaherLand623/FeatherLandNew/Assets/Scripts/UIButtonHoverScale.cs:458)
UIButtonHoverScale:Update() (at D:/unity/FetaherLand623/FeatherLandNew/Assets/Scripts/UIButtonHoverScale.cs:236)

[SettingButton] 鼠标在按钮区域内: (-21.98, 5.16), 按钮区域: (x:-24.25, y:-24.75, width:48.50, height:49.50)
UnityEngine.DebugLogHandler:Internal_Log(LogType, LogOption, String, Object)
UnityEngine.Logger:Log(LogType, Object)
UnityEngine.Debug:Log(Object)
UIButtonHoverScale:IsMouseOverButton() (at D:/unity/FetaherLand623/FeatherLandNew/Assets/Scripts/UIButtonHoverScale.cs:458)
UIButtonHoverScale:Update() (at D:/unity/FetaherLand623/FeatherLandNew/Assets/Scripts/UIButtonHoverScale.cs:236)

[SettingButton] 鼠标在按钮区域内: (-19.56, 5.16), 按钮区域: (x:-24.25, y:-24.75, width:48.50, height:49.50)
UnityEngine.DebugLogHandler:Internal_Log(LogType, LogOption, String, Object)
UnityEngine.Logger:Log(LogType, Object)
UnityEngine.Debug:Log(Object)
UIButtonHoverScale:IsMouseOverButton() (at D:/unity/FetaherLand623/FeatherLandNew/Assets/Scripts/UIButtonHoverScale.cs:458)
UIButtonHoverScale:Update() (at D:/unity/FetaherLand623/FeatherLandNew/Assets/Scripts/UIButtonHoverScale.cs:236)

[SettingButton] 鼠标在按钮区域内: (-17.13, 5.16), 按钮区域: (x:-24.25, y:-24.75, width:48.50, height:49.50)
UnityEngine.DebugLogHandler:Internal_Log(LogType, LogOption, String, Object)
UnityEngine.Logger:Log(LogType, Object)
UnityEngine.Debug:Log(Object)
UIButtonHoverScale:IsMouseOverButton() (at D:/unity/FetaherLand623/FeatherLandNew/Assets/Scripts/UIButtonHoverScale.cs:458)
UIButtonHoverScale:Update() (at D:/unity/FetaherLand623/FeatherLandNew/Assets/Scripts/UIButtonHoverScale.cs:236)

[SettingButton] 鼠标在按钮区域内: (-14.71, 5.16), 按钮区域: (x:-24.25, y:-24.75, width:48.50, height:49.50)
UnityEngine.DebugLogHandler:Internal_Log(LogType, LogOption, String, Object)
UnityEngine.Logger:Log(LogType, Object)
UnityEngine.Debug:Log(Object)
UIButtonHoverScale:IsMouseOverButton() (at D:/unity/FetaherLand623/FeatherLandNew/Assets/Scripts/UIButtonHoverScale.cs:458)
UIButtonHoverScale:Update() (at D:/unity/FetaherLand623/FeatherLandNew/Assets/Scripts/UIButtonHoverScale.cs:236)

[SettingButton] 鼠标在按钮区域内: (-13.50, 5.16), 按钮区域: (x:-24.25, y:-24.75, width:48.50, height:49.50)
UnityEngine.DebugLogHandler:Internal_Log(LogType, LogOption, String, Object)
UnityEngine.Logger:Log(LogType, Object)
UnityEngine.Debug:Log(Object)
UIButtonHoverScale:IsMouseOverButton() (at D:/unity/FetaherLand623/FeatherLandNew/Assets/Scripts/UIButtonHoverScale.cs:458)
UIButtonHoverScale:Update() (at D:/unity/FetaherLand623/FeatherLandNew/Assets/Scripts/UIButtonHoverScale.cs:236)

[SettingButton] 鼠标在按钮区域内: (-13.50, 5.16), 按钮区域: (x:-24.25, y:-24.75, width:48.50, height:49.50)
UnityEngine.DebugLogHandler:Internal_Log(LogType, LogOption, String, Object)
UnityEngine.Logger:Log(LogType, Object)
UnityEngine.Debug:Log(Object)
UIButtonHoverScale:IsMouseOverButton() (at D:/unity/FetaherLand623/FeatherLandNew/Assets/Scripts/UIButtonHoverScale.cs:458)
UIButtonHoverScale:Update() (at D:/unity/FetaherLand623/FeatherLandNew/Assets/Scripts/UIButtonHoverScale.cs:236)

[SettingButton] 鼠标在按钮区域内: (-12.28, 5.16), 按钮区域: (x:-24.25, y:-24.75, width:48.50, height:49.50)
UnityEngine.DebugLogHandler:Internal_Log(LogType, LogOption, String, Object)
UnityEngine.Logger:Log(LogType, Object)
UnityEngine.Debug:Log(Object)
UIButtonHoverScale:IsMouseOverButton() (at D:/unity/FetaherLand623/FeatherLandNew/Assets/Scripts/UIButtonHoverScale.cs:458)
UIButtonHoverScale:Update() (at D:/unity/FetaherLand623/FeatherLandNew/Assets/Scripts/UIButtonHoverScale.cs:236)

[SettingButton] 鼠标在按钮区域内: (-12.28, 5.16), 按钮区域: (x:-24.25, y:-24.75, width:48.50, height:49.50)
UnityEngine.DebugLogHandler:Internal_Log(LogType, LogOption, String, Object)
UnityEngine.Logger:Log(LogType, Object)
UnityEngine.Debug:Log(Object)
UIButtonHoverScale:IsMouseOverButton() (at D:/unity/FetaherLand623/FeatherLandNew/Assets/Scripts/UIButtonHoverScale.cs:458)
UIButtonHoverScale:Update() (at D:/unity/FetaherLand623/FeatherLandNew/Assets/Scripts/UIButtonHoverScale.cs:236)

[SettingButton] 鼠标在按钮区域内: (-11.07, 5.16), 按钮区域: (x:-24.25, y:-24.75, width:48.50, height:49.50)
UnityEngine.DebugLogHandler:Internal_Log(LogType, LogOption, String, Object)
UnityEngine.Logger:Log(LogType, Object)
UnityEngine.Debug:Log(Object)
UIButtonHoverScale:IsMouseOverButton() (at D:/unity/FetaherLand623/FeatherLandNew/Assets/Scripts/UIButtonHoverScale.cs:458)
UIButtonHoverScale:Update() (at D:/unity/FetaherLand623/FeatherLandNew/Assets/Scripts/UIButtonHoverScale.cs:236)

[SettingButton] 鼠标在按钮区域内: (-11.07, 5.16), 按钮区域: (x:-24.25, y:-24.75, width:48.50, height:49.50)
UnityEngine.DebugLogHandler:Internal_Log(LogType, LogOption, String, Object)
UnityEngine.Logger:Log(LogType, Object)
UnityEngine.Debug:Log(Object)
UIButtonHoverScale:IsMouseOverButton() (at D:/unity/FetaherLand623/FeatherLandNew/Assets/Scripts/UIButtonHoverScale.cs:458)
UIButtonHoverScale:Update() (at D:/unity/FetaherLand623/FeatherLandNew/Assets/Scripts/UIButtonHoverScale.cs:236)

[SettingButton] 鼠标在按钮区域内: (-11.07, 5.16), 按钮区域: (x:-24.25, y:-24.75, width:48.50, height:49.50)
UnityEngine.DebugLogHandler:Internal_Log(LogType, LogOption, String, Object)
UnityEngine.Logger:Log(LogType, Object)
UnityEngine.Debug:Log(Object)
UIButtonHoverScale:IsMouseOverButton() (at D:/unity/FetaherLand623/FeatherLandNew/Assets/Scripts/UIButtonHoverScale.cs:458)
UIButtonHoverScale:Update() (at D:/unity/FetaherLand623/FeatherLandNew/Assets/Scripts/UIButtonHoverScale.cs:236)

[SettingButton] 鼠标在按钮区域内: (-7.44, 5.16), 按钮区域: (x:-24.25, y:-24.75, width:48.50, height:49.50)
UnityEngine.DebugLogHandler:Internal_Log(LogType, LogOption, String, Object)
UnityEngine.Logger:Log(LogType, Object)
UnityEngine.Debug:Log(Object)
UIButtonHoverScale:IsMouseOverButton() (at D:/unity/FetaherLand623/FeatherLandNew/Assets/Scripts/UIButtonHoverScale.cs:458)
UIButtonHoverScale:Update() (at D:/unity/FetaherLand623/FeatherLandNew/Assets/Scripts/UIButtonHoverScale.cs:236)

[SettingButton] 鼠标在按钮区域内: (-7.44, 5.16), 按钮区域: (x:-24.25, y:-24.75, width:48.50, height:49.50)
UnityEngine.DebugLogHandler:Internal_Log(LogType, LogOption, String, Object)
UnityEngine.Logger:Log(LogType, Object)
UnityEngine.Debug:Log(Object)
UIButtonHoverScale:IsMouseOverButton() (at D:/unity/FetaherLand623/FeatherLandNew/Assets/Scripts/UIButtonHoverScale.cs:458)
UIButtonHoverScale:Update() (at D:/unity/FetaherLand623/FeatherLandNew/Assets/Scripts/UIButtonHoverScale.cs:236)

[SettingButton] 鼠标在按钮区域内: (-6.22, 5.16), 按钮区域: (x:-24.25, y:-24.75, width:48.50, height:49.50)
UnityEngine.DebugLogHandler:Internal_Log(LogType, LogOption, String, Object)
UnityEngine.Logger:Log(LogType, Object)
UnityEngine.Debug:Log(Object)
UIButtonHoverScale:IsMouseOverButton() (at D:/unity/FetaherLand623/FeatherLandNew/Assets/Scripts/UIButtonHoverScale.cs:458)
UIButtonHoverScale:Update() (at D:/unity/FetaherLand623/FeatherLandNew/Assets/Scripts/UIButtonHoverScale.cs:236)

[SettingButton] 鼠标在按钮区域内: (-6.22, 5.16), 按钮区域: (x:-24.25, y:-24.75, width:48.50, height:49.50)
UnityEngine.DebugLogHandler:Internal_Log(LogType, LogOption, String, Object)
UnityEngine.Logger:Log(LogType, Object)
UnityEngine.Debug:Log(Object)
UIButtonHoverScale:IsMouseOverButton() (at D:/unity/FetaherLand623/FeatherLandNew/Assets/Scripts/UIButtonHoverScale.cs:458)
UIButtonHoverScale:Update() (at D:/unity/FetaherLand623/FeatherLandNew/Assets/Scripts/UIButtonHoverScale.cs:236)

[SettingButton] 鼠标在按钮区域内: (-6.22, 5.16), 按钮区域: (x:-24.25, y:-24.75, width:48.50, height:49.50)
UnityEngine.DebugLogHandler:Internal_Log(LogType, LogOption, String, Object)
UnityEngine.Logger:Log(LogType, Object)
UnityEngine.Debug:Log(Object)
UIButtonHoverScale:IsMouseOverButton() (at D:/unity/FetaherLand623/FeatherLandNew/Assets/Scripts/UIButtonHoverScale.cs:458)
UIButtonHoverScale:Update() (at D:/unity/FetaherLand623/FeatherLandNew/Assets/Scripts/UIButtonHoverScale.cs:236)

[SettingButton] 鼠标点击检测到，触发onClick事件
UnityEngine.DebugLogHandler:Internal_Log(LogType, LogOption, String, Object)
UnityEngine.Logger:Log(LogType, Object)
UnityEngine.Debug:Log(Object)
UIButtonHoverScale:Update() (at D:/unity/FetaherLand623/FeatherLandNew/Assets/Scripts/UIButtonHoverScale.cs:276)

[SettingButton] 鼠标在按钮区域内: (-6.22, 5.16), 按钮区域: (x:-24.25, y:-24.75, width:48.50, height:49.50)
UnityEngine.DebugLogHandler:Internal_Log(LogType, LogOption, String, Object)
UnityEngine.Logger:Log(LogType, Object)
UnityEngine.Debug:Log(Object)
UIButtonHoverScale:IsMouseOverButton() (at D:/unity/FetaherLand623/FeatherLandNew/Assets/Scripts/UIButtonHoverScale.cs:458)
UIButtonHoverScale:Update() (at D:/unity/FetaherLand623/FeatherLandNew/Assets/Scripts/UIButtonHoverScale.cs:236)

[SettingButton] 鼠标在按钮区域内: (-6.22, 5.16), 按钮区域: (x:-24.25, y:-24.75, width:48.50, height:49.50)
UnityEngine.DebugLogHandler:Internal_Log(LogType, LogOption, String, Object)
UnityEngine.Logger:Log(LogType, Object)
UnityEngine.Debug:Log(Object)
UIButtonHoverScale:IsMouseOverButton() (at D:/unity/FetaherLand623/FeatherLandNew/Assets/Scripts/UIButtonHoverScale.cs:458)
UIButtonHoverScale:Update() (at D:/unity/FetaherLand623/FeatherLandNew/Assets/Scripts/UIButtonHoverScale.cs:236)

[SettingButton] 鼠标在按钮区域内: (-6.22, 5.16), 按钮区域: (x:-24.25, y:-24.75, width:48.50, height:49.50)
UnityEngine.DebugLogHandler:Internal_Log(LogType, LogOption, String, Object)
UnityEngine.Logger:Log(LogType, Object)
UnityEngine.Debug:Log(Object)
UIButtonHoverScale:IsMouseOverButton() (at D:/unity/FetaherLand623/FeatherLandNew/Assets/Scripts/UIButtonHoverScale.cs:458)
UIButtonHoverScale:Update() (at D:/unity/FetaherLand623/FeatherLandNew/Assets/Scripts/UIButtonHoverScale.cs:236)

[SettingButton] 鼠标在按钮区域内: (-6.22, 5.16), 按钮区域: (x:-24.25, y:-24.75, width:48.50, height:49.50)
UnityEngine.DebugLogHandler:Internal_Log(LogType, LogOption, String, Object)
UnityEngine.Logger:Log(LogType, Object)
UnityEngine.Debug:Log(Object)
UIButtonHoverScale:IsMouseOverButton() (at D:/unity/FetaherLand623/FeatherLandNew/Assets/Scripts/UIButtonHoverScale.cs:458)
UIButtonHoverScale:Update() (at D:/unity/FetaherLand623/FeatherLandNew/Assets/Scripts/UIButtonHoverScale.cs:236)

[SettingButton] 鼠标在按钮区域内: (-6.22, 5.16), 按钮区域: (x:-24.25, y:-24.75, width:48.50, height:49.50)
UnityEngine.DebugLogHandler:Internal_Log(LogType, LogOption, String, Object)
UnityEngine.Logger:Log(LogType, Object)
UnityEngine.Debug:Log(Object)
UIButtonHoverScale:IsMouseOverButton() (at D:/unity/FetaherLand623/FeatherLandNew/Assets/Scripts/UIButtonHoverScale.cs:458)
UIButtonHoverScale:Update() (at D:/unity/FetaherLand623/FeatherLandNew/Assets/Scripts/UIButtonHoverScale.cs:236)

[SettingButton] 鼠标在按钮区域内: (-6.22, 5.16), 按钮区域: (x:-24.25, y:-24.75, width:48.50, height:49.50)
UnityEngine.DebugLogHandler:Internal_Log(LogType, LogOption, String, Object)
UnityEngine.Logger:Log(LogType, Object)
UnityEngine.Debug:Log(Object)
UIButtonHoverScale:IsMouseOverButton() (at D:/unity/FetaherLand623/FeatherLandNew/Assets/Scripts/UIButtonHoverScale.cs:458)
UIButtonHoverScale:Update() (at D:/unity/FetaherLand623/FeatherLandNew/Assets/Scripts/UIButtonHoverScale.cs:236)

[SettingButton] 鼠标在按钮区域内: (-6.22, 5.16), 按钮区域: (x:-24.25, y:-24.75, width:48.50, height:49.50)
UnityEngine.DebugLogHandler:Internal_Log(LogType, LogOption, String, Object)
UnityEngine.Logger:Log(LogType, Object)
UnityEngine.Debug:Log(Object)
UIButtonHoverScale:IsMouseOverButton() (at D:/unity/FetaherLand623/FeatherLandNew/Assets/Scripts/UIButtonHoverScale.cs:458)
UIButtonHoverScale:Update() (at D:/unity/FetaherLand623/FeatherLandNew/Assets/Scripts/UIButtonHoverScale.cs:236)

本地化文本加载成功，Key: Language，Text: 语言
UnityEngine.DebugLogHandler:Internal_Log(LogType, LogOption, String, Object)
UnityEngine.Logger:Log(LogType, Object)
UnityEngine.Debug:Log(Object)
UnityEngine.Object:Instantiate(Object, Transform, Boolean)
NavMeshPlus.Extensions.NavMeshBuilderState:GetExtraState(Boolean) (at ./Library/PackageCache/com.h8man.2d.navmeshplus@3fdf1984803c/NavMeshComponents/Scripts/NavMeshBuilderState.cs:32)
BirdGame.<>c__DisplayClass12_0:<ShowPopup>b__0(GameObject) (at D:/unity/FetaherLand623/FeatherLandNew/Assets/Scripts/New/Systems/IUISystem.cs:213)
UnityEngine.UI.CoroutineTween.FloatTween:get_duration() (at ./Library/PackageCache/com.unity.ugui@aa507f3228f0/Runtime/UGUI/UI/Animation/CoroutineTween.cs:142)
Cysharp.Threading.Tasks.CompilerServices.AsyncUniTaskMethodBuilder:Start(TStateMachine&) (at D:/unity/FetaherLand623/FeatherLandNew/Assets/Plugins/UniTask/Runtime/CompilerServices/AsyncUniTaskMethodBuilder.cs:112)
UnityEngine.AddressableAssets.AssetReference:LoadAssetAsync() (at ./Library/PackageCache/com.unity.addressables@d929cbc70804/Runtime/AssetReference.cs:558)
BirdGame.UISystem:ShowPopup(UIPopup, Action) (at D:/unity/FetaherLand623/FeatherLandNew/Assets/Scripts/New/Systems/IUISystem.cs:222)
BirdGame.<>c__DisplayClass33_0:<Start>b__4(Boolean) (at D:/unity/FetaherLand623/FeatherLandNew/Assets/Scripts/New/ViewController/UI/Panels/MenuPanel.cs:127)
UnityEngine.Timeline.IntervalTree`1:get_dirty() (at ./Library/PackageCache/com.unity.timeline@6b9e48457ddb/Runtime/Evaluation/IntervalTree.cs:40)
Cysharp.Threading.Tasks.UniTask`1:ToString() (at D:/unity/FetaherLand623/FeatherLandNew/Assets/Plugins/UniTask/Runtime/UniTask.cs:481)
UnityEngine.UI.Toggle:Set(Boolean, Boolean) (at ./Library/PackageCache/com.unity.ugui@aa507f3228f0/Runtime/UGUI/UI/Core/Toggle.cs:284)
Unity.Collections.LowLevel.Unsafe.UnsafeText:get_Length() (at ./Library/PackageCache/com.unity.collections@56bff8827a7e/Unity.Collections/UnsafeText.cs:210)
UnityEngine.InputSystem.UI.InputSystemUIInputModule:ProcessPointerButton(ButtonState&, PointerEventData) (at ./Library/PackageCache/com.unity.inputsystem@be6c4fd0abf5/InputSystem/Plugins/UI/InputSystemUIInputModule.cs:744)
UnityEngine.InputSystem.UI.InputSystemUIInputModule:ProcessPointer(PointerModel&) (at ./Library/PackageCache/com.unity.inputsystem@be6c4fd0abf5/InputSystem/Plugins/UI/InputSystemUIInputModule.cs:489)
UnityEngine.InputSystem.UI.InputSystemUIInputModule:Process() (at ./Library/PackageCache/com.unity.inputsystem@be6c4fd0abf5/InputSystem/Plugins/UI/InputSystemUIInputModule.cs:2438)
UnityEngine.EventSystems.EventSystem:Update() (at ./Library/PackageCache/com.unity.ugui@aa507f3228f0/Runtime/UGUI/EventSystem/EventSystem.cs:530)

本地化文本加载成功，Key: Delete Save，Text: 删除存档
UnityEngine.DebugLogHandler:Internal_Log(LogType, LogOption, String, Object)
UnityEngine.Logger:Log(LogType, Object)
UnityEngine.Debug:Log(Object)
UnityEngine.Object:Instantiate(Object, Transform, Boolean)
NavMeshPlus.Extensions.NavMeshBuilderState:GetExtraState(Boolean) (at ./Library/PackageCache/com.h8man.2d.navmeshplus@3fdf1984803c/NavMeshComponents/Scripts/NavMeshBuilderState.cs:32)
BirdGame.<>c__DisplayClass12_0:<ShowPopup>b__0(GameObject) (at D:/unity/FetaherLand623/FeatherLandNew/Assets/Scripts/New/Systems/IUISystem.cs:213)
UnityEngine.UI.CoroutineTween.FloatTween:get_duration() (at ./Library/PackageCache/com.unity.ugui@aa507f3228f0/Runtime/UGUI/UI/Animation/CoroutineTween.cs:142)
Cysharp.Threading.Tasks.CompilerServices.AsyncUniTaskMethodBuilder:Start(TStateMachine&) (at D:/unity/FetaherLand623/FeatherLandNew/Assets/Plugins/UniTask/Runtime/CompilerServices/AsyncUniTaskMethodBuilder.cs:112)
UnityEngine.AddressableAssets.AssetReference:LoadAssetAsync() (at ./Library/PackageCache/com.unity.addressables@d929cbc70804/Runtime/AssetReference.cs:558)
BirdGame.UISystem:ShowPopup(UIPopup, Action) (at D:/unity/FetaherLand623/FeatherLandNew/Assets/Scripts/New/Systems/IUISystem.cs:222)
BirdGame.<>c__DisplayClass33_0:<Start>b__4(Boolean) (at D:/unity/FetaherLand623/FeatherLandNew/Assets/Scripts/New/ViewController/UI/Panels/MenuPanel.cs:127)
UnityEngine.Timeline.IntervalTree`1:get_dirty() (at ./Library/PackageCache/com.unity.timeline@6b9e48457ddb/Runtime/Evaluation/IntervalTree.cs:40)
Cysharp.Threading.Tasks.UniTask`1:ToString() (at D:/unity/FetaherLand623/FeatherLandNew/Assets/Plugins/UniTask/Runtime/UniTask.cs:481)
UnityEngine.UI.Toggle:Set(Boolean, Boolean) (at ./Library/PackageCache/com.unity.ugui@aa507f3228f0/Runtime/UGUI/UI/Core/Toggle.cs:284)
Unity.Collections.LowLevel.Unsafe.UnsafeText:get_Length() (at ./Library/PackageCache/com.unity.collections@56bff8827a7e/Unity.Collections/UnsafeText.cs:210)
UnityEngine.InputSystem.UI.InputSystemUIInputModule:ProcessPointerButton(ButtonState&, PointerEventData) (at ./Library/PackageCache/com.unity.inputsystem@be6c4fd0abf5/InputSystem/Plugins/UI/InputSystemUIInputModule.cs:744)
UnityEngine.InputSystem.UI.InputSystemUIInputModule:ProcessPointer(PointerModel&) (at ./Library/PackageCache/com.unity.inputsystem@be6c4fd0abf5/InputSystem/Plugins/UI/InputSystemUIInputModule.cs:489)
UnityEngine.InputSystem.UI.InputSystemUIInputModule:Process() (at ./Library/PackageCache/com.unity.inputsystem@be6c4fd0abf5/InputSystem/Plugins/UI/InputSystemUIInputModule.cs:2438)
UnityEngine.EventSystems.EventSystem:Update() (at ./Library/PackageCache/com.unity.ugui@aa507f3228f0/Runtime/UGUI/EventSystem/EventSystem.cs:530)

本地化文本加载成功，Key: Tutorial，Text: 教程(T)
UnityEngine.DebugLogHandler:Internal_Log(LogType, LogOption, String, Object)
UnityEngine.Logger:Log(LogType, Object)
UnityEngine.Debug:Log(Object)
UnityEngine.Object:Instantiate(Object, Transform, Boolean)
NavMeshPlus.Extensions.NavMeshBuilderState:GetExtraState(Boolean) (at ./Library/PackageCache/com.h8man.2d.navmeshplus@3fdf1984803c/NavMeshComponents/Scripts/NavMeshBuilderState.cs:32)
BirdGame.<>c__DisplayClass12_0:<ShowPopup>b__0(GameObject) (at D:/unity/FetaherLand623/FeatherLandNew/Assets/Scripts/New/Systems/IUISystem.cs:213)
UnityEngine.UI.CoroutineTween.FloatTween:get_duration() (at ./Library/PackageCache/com.unity.ugui@aa507f3228f0/Runtime/UGUI/UI/Animation/CoroutineTween.cs:142)
Cysharp.Threading.Tasks.CompilerServices.AsyncUniTaskMethodBuilder:Start(TStateMachine&) (at D:/unity/FetaherLand623/FeatherLandNew/Assets/Plugins/UniTask/Runtime/CompilerServices/AsyncUniTaskMethodBuilder.cs:112)
UnityEngine.AddressableAssets.AssetReference:LoadAssetAsync() (at ./Library/PackageCache/com.unity.addressables@d929cbc70804/Runtime/AssetReference.cs:558)
BirdGame.UISystem:ShowPopup(UIPopup, Action) (at D:/unity/FetaherLand623/FeatherLandNew/Assets/Scripts/New/Systems/IUISystem.cs:222)
BirdGame.<>c__DisplayClass33_0:<Start>b__4(Boolean) (at D:/unity/FetaherLand623/FeatherLandNew/Assets/Scripts/New/ViewController/UI/Panels/MenuPanel.cs:127)
UnityEngine.Timeline.IntervalTree`1:get_dirty() (at ./Library/PackageCache/com.unity.timeline@6b9e48457ddb/Runtime/Evaluation/IntervalTree.cs:40)
Cysharp.Threading.Tasks.UniTask`1:ToString() (at D:/unity/FetaherLand623/FeatherLandNew/Assets/Plugins/UniTask/Runtime/UniTask.cs:481)
UnityEngine.UI.Toggle:Set(Boolean, Boolean) (at ./Library/PackageCache/com.unity.ugui@aa507f3228f0/Runtime/UGUI/UI/Core/Toggle.cs:284)
Unity.Collections.LowLevel.Unsafe.UnsafeText:get_Length() (at ./Library/PackageCache/com.unity.collections@56bff8827a7e/Unity.Collections/UnsafeText.cs:210)
UnityEngine.InputSystem.UI.InputSystemUIInputModule:ProcessPointerButton(ButtonState&, PointerEventData) (at ./Library/PackageCache/com.unity.inputsystem@be6c4fd0abf5/InputSystem/Plugins/UI/InputSystemUIInputModule.cs:744)
UnityEngine.InputSystem.UI.InputSystemUIInputModule:ProcessPointer(PointerModel&) (at ./Library/PackageCache/com.unity.inputsystem@be6c4fd0abf5/InputSystem/Plugins/UI/InputSystemUIInputModule.cs:489)
UnityEngine.InputSystem.UI.InputSystemUIInputModule:Process() (at ./Library/PackageCache/com.unity.inputsystem@be6c4fd0abf5/InputSystem/Plugins/UI/InputSystemUIInputModule.cs:2438)
UnityEngine.EventSystems.EventSystem:Update() (at ./Library/PackageCache/com.unity.ugui@aa507f3228f0/Runtime/UGUI/EventSystem/EventSystem.cs:530)

本地化文本加载成功，Key: Quit Game，Text: 退出游戏
UnityEngine.DebugLogHandler:Internal_Log(LogType, LogOption, String, Object)
UnityEngine.Logger:Log(LogType, Object)
UnityEngine.Debug:Log(Object)
UnityEngine.Object:Instantiate(Object, Transform, Boolean)
NavMeshPlus.Extensions.NavMeshBuilderState:GetExtraState(Boolean) (at ./Library/PackageCache/com.h8man.2d.navmeshplus@3fdf1984803c/NavMeshComponents/Scripts/NavMeshBuilderState.cs:32)
BirdGame.<>c__DisplayClass12_0:<ShowPopup>b__0(GameObject) (at D:/unity/FetaherLand623/FeatherLandNew/Assets/Scripts/New/Systems/IUISystem.cs:213)
UnityEngine.UI.CoroutineTween.FloatTween:get_duration() (at ./Library/PackageCache/com.unity.ugui@aa507f3228f0/Runtime/UGUI/UI/Animation/CoroutineTween.cs:142)
Cysharp.Threading.Tasks.CompilerServices.AsyncUniTaskMethodBuilder:Start(TStateMachine&) (at D:/unity/FetaherLand623/FeatherLandNew/Assets/Plugins/UniTask/Runtime/CompilerServices/AsyncUniTaskMethodBuilder.cs:112)
UnityEngine.AddressableAssets.AssetReference:LoadAssetAsync() (at ./Library/PackageCache/com.unity.addressables@d929cbc70804/Runtime/AssetReference.cs:558)
BirdGame.UISystem:ShowPopup(UIPopup, Action) (at D:/unity/FetaherLand623/FeatherLandNew/Assets/Scripts/New/Systems/IUISystem.cs:222)
BirdGame.<>c__DisplayClass33_0:<Start>b__4(Boolean) (at D:/unity/FetaherLand623/FeatherLandNew/Assets/Scripts/New/ViewController/UI/Panels/MenuPanel.cs:127)
UnityEngine.Timeline.IntervalTree`1:get_dirty() (at ./Library/PackageCache/com.unity.timeline@6b9e48457ddb/Runtime/Evaluation/IntervalTree.cs:40)
Cysharp.Threading.Tasks.UniTask`1:ToString() (at D:/unity/FetaherLand623/FeatherLandNew/Assets/Plugins/UniTask/Runtime/UniTask.cs:481)
UnityEngine.UI.Toggle:Set(Boolean, Boolean) (at ./Library/PackageCache/com.unity.ugui@aa507f3228f0/Runtime/UGUI/UI/Core/Toggle.cs:284)
Unity.Collections.LowLevel.Unsafe.UnsafeText:get_Length() (at ./Library/PackageCache/com.unity.collections@56bff8827a7e/Unity.Collections/UnsafeText.cs:210)
UnityEngine.InputSystem.UI.InputSystemUIInputModule:ProcessPointerButton(ButtonState&, PointerEventData) (at ./Library/PackageCache/com.unity.inputsystem@be6c4fd0abf5/InputSystem/Plugins/UI/InputSystemUIInputModule.cs:744)
UnityEngine.InputSystem.UI.InputSystemUIInputModule:ProcessPointer(PointerModel&) (at ./Library/PackageCache/com.unity.inputsystem@be6c4fd0abf5/InputSystem/Plugins/UI/InputSystemUIInputModule.cs:489)
UnityEngine.InputSystem.UI.InputSystemUIInputModule:Process() (at ./Library/PackageCache/com.unity.inputsystem@be6c4fd0abf5/InputSystem/Plugins/UI/InputSystemUIInputModule.cs:2438)
UnityEngine.EventSystems.EventSystem:Update() (at ./Library/PackageCache/com.unity.ugui@aa507f3228f0/Runtime/UGUI/EventSystem/EventSystem.cs:530)

[SettingButton] 鼠标在按钮区域内: (-6.22, 5.16), 按钮区域: (x:-24.25, y:-24.75, width:48.50, height:49.50)
UnityEngine.DebugLogHandler:Internal_Log(LogType, LogOption, String, Object)
UnityEngine.Logger:Log(LogType, Object)
UnityEngine.Debug:Log(Object)
UIButtonHoverScale:IsMouseOverButton() (at D:/unity/FetaherLand623/FeatherLandNew/Assets/Scripts/UIButtonHoverScale.cs:458)
UIButtonHoverScale:Update() (at D:/unity/FetaherLand623/FeatherLandNew/Assets/Scripts/UIButtonHoverScale.cs:236)

不存在key[Chinese]对应的翻译，请在本地化配置中增加！
UnityEngine.DebugLogHandler:Internal_Log(LogType, LogOption, String, Object)
UnityEngine.Logger:Log(LogType, Object)
UnityEngine.Debug:LogWarning(Object)
BirdGame.LocalizationSystem:GetString(String) (at D:/unity/FetaherLand623/FeatherLandNew/Assets/Scripts/New/Systems/ILocalizationSystem.cs:85)
BirdGame.SettingPopup:InitializeLanguageDropdown() (at D:/unity/FetaherLand623/FeatherLandNew/Assets/Scripts/New/ViewController/UI/Popups/SettingPopup.cs:470)
BirdGame.SettingPopup:Start() (at D:/unity/FetaherLand623/FeatherLandNew/Assets/Scripts/New/ViewController/UI/Popups/SettingPopup.cs:264)

存档中的语言设置: ChineseSimplified
UnityEngine.DebugLogHandler:Internal_Log(LogType, LogOption, String, Object)
UnityEngine.Logger:Log(LogType, Object)
UnityEngine.Debug:Log(Object)
BirdGame.SettingPopup:InitializeLanguageDropdown() (at D:/unity/FetaherLand623/FeatherLandNew/Assets/Scripts/New/ViewController/UI/Popups/SettingPopup.cs:478)
BirdGame.SettingPopup:Start() (at D:/unity/FetaherLand623/FeatherLandNew/Assets/Scripts/New/ViewController/UI/Popups/SettingPopup.cs:264)

本地化配置支持的语言: English, ChineseSimplified
UnityEngine.DebugLogHandler:Internal_Log(LogType, LogOption, String, Object)
UnityEngine.Logger:Log(LogType, Object)
UnityEngine.Debug:Log(Object)
BirdGame.SettingPopup:InitializeLanguageDropdown() (at D:/unity/FetaherLand623/FeatherLandNew/Assets/Scripts/New/ViewController/UI/Popups/SettingPopup.cs:479)
BirdGame.SettingPopup:Start() (at D:/unity/FetaherLand623/FeatherLandNew/Assets/Scripts/New/ViewController/UI/Popups/SettingPopup.cs:264)

[SettingButton] 鼠标在按钮区域内: (-6.22, 5.16), 按钮区域: (x:-24.25, y:-24.75, width:48.50, height:49.50)
UnityEngine.DebugLogHandler:Internal_Log(LogType, LogOption, String, Object)
UnityEngine.Logger:Log(LogType, Object)
UnityEngine.Debug:Log(Object)
UIButtonHoverScale:IsMouseOverButton() (at D:/unity/FetaherLand623/FeatherLandNew/Assets/Scripts/UIButtonHoverScale.cs:458)
UIButtonHoverScale:Update() (at D:/unity/FetaherLand623/FeatherLandNew/Assets/Scripts/UIButtonHoverScale.cs:236)

[SettingButton] 鼠标在按钮区域内: (-6.22, 5.16), 按钮区域: (x:-24.25, y:-24.75, width:48.50, height:49.50)
UnityEngine.DebugLogHandler:Internal_Log(LogType, LogOption, String, Object)
UnityEngine.Logger:Log(LogType, Object)
UnityEngine.Debug:Log(Object)
UIButtonHoverScale:IsMouseOverButton() (at D:/unity/FetaherLand623/FeatherLandNew/Assets/Scripts/UIButtonHoverScale.cs:458)
UIButtonHoverScale:Update() (at D:/unity/FetaherLand623/FeatherLandNew/Assets/Scripts/UIButtonHoverScale.cs:236)

[SettingButton] 鼠标在按钮区域内: (-6.22, 5.16), 按钮区域: (x:-24.25, y:-24.75, width:48.50, height:49.50)
UnityEngine.DebugLogHandler:Internal_Log(LogType, LogOption, String, Object)
UnityEngine.Logger:Log(LogType, Object)
UnityEngine.Debug:Log(Object)
UIButtonHoverScale:IsMouseOverButton() (at D:/unity/FetaherLand623/FeatherLandNew/Assets/Scripts/UIButtonHoverScale.cs:458)
UIButtonHoverScale:Update() (at D:/unity/FetaherLand623/FeatherLandNew/Assets/Scripts/UIButtonHoverScale.cs:236)

[SettingButton] 鼠标在按钮区域内: (-6.22, 5.16), 按钮区域: (x:-24.25, y:-24.75, width:48.50, height:49.50)
UnityEngine.DebugLogHandler:Internal_Log(LogType, LogOption, String, Object)
UnityEngine.Logger:Log(LogType, Object)
UnityEngine.Debug:Log(Object)
UIButtonHoverScale:IsMouseOverButton() (at D:/unity/FetaherLand623/FeatherLandNew/Assets/Scripts/UIButtonHoverScale.cs:458)
UIButtonHoverScale:Update() (at D:/unity/FetaherLand623/FeatherLandNew/Assets/Scripts/UIButtonHoverScale.cs:236)

[SettingButton] 鼠标在按钮区域内: (-6.22, 5.16), 按钮区域: (x:-24.25, y:-24.75, width:48.50, height:49.50)
UnityEngine.DebugLogHandler:Internal_Log(LogType, LogOption, String, Object)
UnityEngine.Logger:Log(LogType, Object)
UnityEngine.Debug:Log(Object)
UIButtonHoverScale:IsMouseOverButton() (at D:/unity/FetaherLand623/FeatherLandNew/Assets/Scripts/UIButtonHoverScale.cs:458)
UIButtonHoverScale:Update() (at D:/unity/FetaherLand623/FeatherLandNew/Assets/Scripts/UIButtonHoverScale.cs:236)

[SettingButton] 鼠标在按钮区域内: (-6.22, 5.16), 按钮区域: (x:-24.25, y:-24.75, width:48.50, height:49.50)
UnityEngine.DebugLogHandler:Internal_Log(LogType, LogOption, String, Object)
UnityEngine.Logger:Log(LogType, Object)
UnityEngine.Debug:Log(Object)
UIButtonHoverScale:IsMouseOverButton() (at D:/unity/FetaherLand623/FeatherLandNew/Assets/Scripts/UIButtonHoverScale.cs:458)
UIButtonHoverScale:Update() (at D:/unity/FetaherLand623/FeatherLandNew/Assets/Scripts/UIButtonHoverScale.cs:236)

[SettingButton] 鼠标在按钮区域内: (-6.22, 5.16), 按钮区域: (x:-24.25, y:-24.75, width:48.50, height:49.50)
UnityEngine.DebugLogHandler:Internal_Log(LogType, LogOption, String, Object)
UnityEngine.Logger:Log(LogType, Object)
UnityEngine.Debug:Log(Object)
UIButtonHoverScale:IsMouseOverButton() (at D:/unity/FetaherLand623/FeatherLandNew/Assets/Scripts/UIButtonHoverScale.cs:458)
UIButtonHoverScale:Update() (at D:/unity/FetaherLand623/FeatherLandNew/Assets/Scripts/UIButtonHoverScale.cs:236)

[SettingButton] 鼠标在按钮区域内: (-6.22, 5.16), 按钮区域: (x:-24.25, y:-24.75, width:48.50, height:49.50)
UnityEngine.DebugLogHandler:Internal_Log(LogType, LogOption, String, Object)
UnityEngine.Logger:Log(LogType, Object)
UnityEngine.Debug:Log(Object)
UIButtonHoverScale:IsMouseOverButton() (at D:/unity/FetaherLand623/FeatherLandNew/Assets/Scripts/UIButtonHoverScale.cs:458)
UIButtonHoverScale:Update() (at D:/unity/FetaherLand623/FeatherLandNew/Assets/Scripts/UIButtonHoverScale.cs:236)

[SettingButton] 鼠标在按钮区域内: (-6.22, 5.16), 按钮区域: (x:-24.25, y:-24.75, width:48.50, height:49.50)
UnityEngine.DebugLogHandler:Internal_Log(LogType, LogOption, String, Object)
UnityEngine.Logger:Log(LogType, Object)
UnityEngine.Debug:Log(Object)
UIButtonHoverScale:IsMouseOverButton() (at D:/unity/FetaherLand623/FeatherLandNew/Assets/Scripts/UIButtonHoverScale.cs:458)
UIButtonHoverScale:Update() (at D:/unity/FetaherLand623/FeatherLandNew/Assets/Scripts/UIButtonHoverScale.cs:236)

[SettingButton] 鼠标在按钮区域内: (-6.22, 5.16), 按钮区域: (x:-24.25, y:-24.75, width:48.50, height:49.50)
UnityEngine.DebugLogHandler:Internal_Log(LogType, LogOption, String, Object)
UnityEngine.Logger:Log(LogType, Object)
UnityEngine.Debug:Log(Object)
UIButtonHoverScale:IsMouseOverButton() (at D:/unity/FetaherLand623/FeatherLandNew/Assets/Scripts/UIButtonHoverScale.cs:458)
UIButtonHoverScale:Update() (at D:/unity/FetaherLand623/FeatherLandNew/Assets/Scripts/UIButtonHoverScale.cs:236)

[SettingButton] 鼠标在按钮区域内: (-6.22, 5.16), 按钮区域: (x:-24.25, y:-24.75, width:48.50, height:49.50)
UnityEngine.DebugLogHandler:Internal_Log(LogType, LogOption, String, Object)
UnityEngine.Logger:Log(LogType, Object)
UnityEngine.Debug:Log(Object)
UIButtonHoverScale:IsMouseOverButton() (at D:/unity/FetaherLand623/FeatherLandNew/Assets/Scripts/UIButtonHoverScale.cs:458)
UIButtonHoverScale:Update() (at D:/unity/FetaherLand623/FeatherLandNew/Assets/Scripts/UIButtonHoverScale.cs:236)

[SettingButton] 鼠标在按钮区域内: (-6.22, 5.16), 按钮区域: (x:-24.25, y:-24.75, width:48.50, height:49.50)
UnityEngine.DebugLogHandler:Internal_Log(LogType, LogOption, String, Object)
UnityEngine.Logger:Log(LogType, Object)
UnityEngine.Debug:Log(Object)
UIButtonHoverScale:IsMouseOverButton() (at D:/unity/FetaherLand623/FeatherLandNew/Assets/Scripts/UIButtonHoverScale.cs:458)
UIButtonHoverScale:Update() (at D:/unity/FetaherLand623/FeatherLandNew/Assets/Scripts/UIButtonHoverScale.cs:236)

[SettingButton] 鼠标在按钮区域内: (-6.22, 5.16), 按钮区域: (x:-24.25, y:-24.75, width:48.50, height:49.50)
UnityEngine.DebugLogHandler:Internal_Log(LogType, LogOption, String, Object)
UnityEngine.Logger:Log(LogType, Object)
UnityEngine.Debug:Log(Object)
UIButtonHoverScale:IsMouseOverButton() (at D:/unity/FetaherLand623/FeatherLandNew/Assets/Scripts/UIButtonHoverScale.cs:458)
UIButtonHoverScale:Update() (at D:/unity/FetaherLand623/FeatherLandNew/Assets/Scripts/UIButtonHoverScale.cs:236)

[SettingButton] 鼠标在按钮区域内: (-6.22, 5.16), 按钮区域: (x:-24.25, y:-24.75, width:48.50, height:49.50)
UnityEngine.DebugLogHandler:Internal_Log(LogType, LogOption, String, Object)
UnityEngine.Logger:Log(LogType, Object)
UnityEngine.Debug:Log(Object)
UIButtonHoverScale:IsMouseOverButton() (at D:/unity/FetaherLand623/FeatherLandNew/Assets/Scripts/UIButtonHoverScale.cs:458)
UIButtonHoverScale:Update() (at D:/unity/FetaherLand623/FeatherLandNew/Assets/Scripts/UIButtonHoverScale.cs:236)

[SettingButton] 鼠标在按钮区域内: (-8.65, 3.94), 按钮区域: (x:-24.25, y:-24.75, width:48.50, height:49.50)
UnityEngine.DebugLogHandler:Internal_Log(LogType, LogOption, String, Object)
UnityEngine.Logger:Log(LogType, Object)
UnityEngine.Debug:Log(Object)
UIButtonHoverScale:IsMouseOverButton() (at D:/unity/FetaherLand623/FeatherLandNew/Assets/Scripts/UIButtonHoverScale.cs:458)
UIButtonHoverScale:Update() (at D:/unity/FetaherLand623/FeatherLandNew/Assets/Scripts/UIButtonHoverScale.cs:236)

[SettingButton] 鼠标在按钮区域内: (-8.65, 3.94), 按钮区域: (x:-24.25, y:-24.75, width:48.50, height:49.50)
UnityEngine.DebugLogHandler:Internal_Log(LogType, LogOption, String, Object)
UnityEngine.Logger:Log(LogType, Object)
UnityEngine.Debug:Log(Object)
UIButtonHoverScale:IsMouseOverButton() (at D:/unity/FetaherLand623/FeatherLandNew/Assets/Scripts/UIButtonHoverScale.cs:458)
UIButtonHoverScale:Update() (at D:/unity/FetaherLand623/FeatherLandNew/Assets/Scripts/UIButtonHoverScale.cs:236)

[SettingButton] 鼠标在按钮区域内: (-8.65, 3.94), 按钮区域: (x:-24.25, y:-24.75, width:48.50, height:49.50)
UnityEngine.DebugLogHandler:Internal_Log(LogType, LogOption, String, Object)
UnityEngine.Logger:Log(LogType, Object)
UnityEngine.Debug:Log(Object)
UIButtonHoverScale:IsMouseOverButton() (at D:/unity/FetaherLand623/FeatherLandNew/Assets/Scripts/UIButtonHoverScale.cs:458)
UIButtonHoverScale:Update() (at D:/unity/FetaherLand623/FeatherLandNew/Assets/Scripts/UIButtonHoverScale.cs:236)

[SettingButton] 鼠标在按钮区域内: (-8.65, 3.94), 按钮区域: (x:-24.25, y:-24.75, width:48.50, height:49.50)
UnityEngine.DebugLogHandler:Internal_Log(LogType, LogOption, String, Object)
UnityEngine.Logger:Log(LogType, Object)
UnityEngine.Debug:Log(Object)
UIButtonHoverScale:IsMouseOverButton() (at D:/unity/FetaherLand623/FeatherLandNew/Assets/Scripts/UIButtonHoverScale.cs:458)
UIButtonHoverScale:Update() (at D:/unity/FetaherLand623/FeatherLandNew/Assets/Scripts/UIButtonHoverScale.cs:236)

[SettingButton] 鼠标在按钮区域内: (-8.65, 3.94), 按钮区域: (x:-24.25, y:-24.75, width:48.50, height:49.50)
UnityEngine.DebugLogHandler:Internal_Log(LogType, LogOption, String, Object)
UnityEngine.Logger:Log(LogType, Object)
UnityEngine.Debug:Log(Object)
UIButtonHoverScale:IsMouseOverButton() (at D:/unity/FetaherLand623/FeatherLandNew/Assets/Scripts/UIButtonHoverScale.cs:458)
UIButtonHoverScale:Update() (at D:/unity/FetaherLand623/FeatherLandNew/Assets/Scripts/UIButtonHoverScale.cs:236)

[SettingButton] 鼠标在按钮区域内: (-8.65, 3.94), 按钮区域: (x:-24.25, y:-24.75, width:48.50, height:49.50)
UnityEngine.DebugLogHandler:Internal_Log(LogType, LogOption, String, Object)
UnityEngine.Logger:Log(LogType, Object)
UnityEngine.Debug:Log(Object)
UIButtonHoverScale:IsMouseOverButton() (at D:/unity/FetaherLand623/FeatherLandNew/Assets/Scripts/UIButtonHoverScale.cs:458)
UIButtonHoverScale:Update() (at D:/unity/FetaherLand623/FeatherLandNew/Assets/Scripts/UIButtonHoverScale.cs:236)

[SettingButton] 鼠标在按钮区域内: (-13.50, 3.94), 按钮区域: (x:-24.25, y:-24.75, width:48.50, height:49.50)
UnityEngine.DebugLogHandler:Internal_Log(LogType, LogOption, String, Object)
UnityEngine.Logger:Log(LogType, Object)
UnityEngine.Debug:Log(Object)
UIButtonHoverScale:IsMouseOverButton() (at D:/unity/FetaherLand623/FeatherLandNew/Assets/Scripts/UIButtonHoverScale.cs:458)
UIButtonHoverScale:Update() (at D:/unity/FetaherLand623/FeatherLandNew/Assets/Scripts/UIButtonHoverScale.cs:236)

[SettingButton] 鼠标在按钮区域内: (-18.34, 2.73), 按钮区域: (x:-24.25, y:-24.75, width:48.50, height:49.50)
UnityEngine.DebugLogHandler:Internal_Log(LogType, LogOption, String, Object)
UnityEngine.Logger:Log(LogType, Object)
UnityEngine.Debug:Log(Object)
UIButtonHoverScale:IsMouseOverButton() (at D:/unity/FetaherLand623/FeatherLandNew/Assets/Scripts/UIButtonHoverScale.cs:458)
UIButtonHoverScale:Update() (at D:/unity/FetaherLand623/FeatherLandNew/Assets/Scripts/UIButtonHoverScale.cs:236)

[WallpaperMode] 激活 - 1920x1040
UnityEngine.DebugLogHandler:Internal_Log(LogType, LogOption, String, Object)
UnityEngine.Logger:Log(LogType, Object)
UnityEngine.Debug:Log(Object)
BirdGame.FullScreenUtility:WallpaperMode() (at D:/unity/FetaherLand623/FeatherLandNew/Assets/Scripts/New/Utility/FullScreenUtility.cs:393)
BirdGame.SettingPopup:SwitchScreenMode(Int32) (at D:/unity/FetaherLand623/FeatherLandNew/Assets/Scripts/New/ViewController/UI/Popups/SettingPopup.cs:374)
UnityEngine.Timeline.IntervalTree`1:get_dirty() (at ./Library/PackageCache/com.unity.timeline@6b9e48457ddb/Runtime/Evaluation/IntervalTree.cs:40)
Cysharp.Threading.Tasks.UniTask`1:ToString() (at D:/unity/FetaherLand623/FeatherLandNew/Assets/Plugins/UniTask/Runtime/UniTask.cs:481)
TMPro.TMP_Dropdown:SetValue(Int32, Boolean) (at ./Library/PackageCache/com.unity.ugui@aa507f3228f0/Runtime/TMP/TMP_Dropdown.cs:451)
TMPro.TMP_Dropdown:OnSelectItem(Toggle) (at ./Library/PackageCache/com.unity.ugui@aa507f3228f0/Runtime/TMP/TMP_Dropdown.cs:1309)
UnityEngine.Timeline.IntervalTree`1:get_dirty() (at ./Library/PackageCache/com.unity.timeline@6b9e48457ddb/Runtime/Evaluation/IntervalTree.cs:40)
Cysharp.Threading.Tasks.UniTask`1:ToString() (at D:/unity/FetaherLand623/FeatherLandNew/Assets/Plugins/UniTask/Runtime/UniTask.cs:481)
UnityEngine.UI.Toggle:Set(Boolean, Boolean) (at ./Library/PackageCache/com.unity.ugui@aa507f3228f0/Runtime/UGUI/UI/Core/Toggle.cs:284)
Unity.Collections.LowLevel.Unsafe.UnsafeText:get_Length() (at ./Library/PackageCache/com.unity.collections@56bff8827a7e/Unity.Collections/UnsafeText.cs:210)
UnityEngine.InputSystem.UI.InputSystemUIInputModule:ProcessPointerButton(ButtonState&, PointerEventData) (at ./Library/PackageCache/com.unity.inputsystem@be6c4fd0abf5/InputSystem/Plugins/UI/InputSystemUIInputModule.cs:744)
UnityEngine.InputSystem.UI.InputSystemUIInputModule:ProcessPointer(PointerModel&) (at ./Library/PackageCache/com.unity.inputsystem@be6c4fd0abf5/InputSystem/Plugins/UI/InputSystemUIInputModule.cs:489)
UnityEngine.InputSystem.UI.InputSystemUIInputModule:Process() (at ./Library/PackageCache/com.unity.inputsystem@be6c4fd0abf5/InputSystem/Plugins/UI/InputSystemUIInputModule.cs:2438)
UnityEngine.EventSystems.EventSystem:Update() (at ./Library/PackageCache/com.unity.ugui@aa507f3228f0/Runtime/UGUI/EventSystem/EventSystem.cs:530)

[SimpleMouseForwarder] 鼠标钩子: 262517, 键盘钩子: 26411647
UnityEngine.DebugLogHandler:Internal_Log(LogType, LogOption, String, Object)
UnityEngine.Logger:Log(LogType, Object)
UnityEngine.Debug:Log(Object)
BirdGame.SimpleMouseForwarder:OnEnable() (at D:/unity/FetaherLand623/FeatherLandNew/Assets/Scripts/New/SimpleMouseForwarder.cs:198)
BirdGame.FullScreenUtility:WallpaperMode() (at D:/unity/FetaherLand623/FeatherLandNew/Assets/Scripts/New/Utility/FullScreenUtility.cs:399)
BirdGame.SettingPopup:SwitchScreenMode(Int32) (at D:/unity/FetaherLand623/FeatherLandNew/Assets/Scripts/New/ViewController/UI/Popups/SettingPopup.cs:374)
UnityEngine.Timeline.IntervalTree`1:get_dirty() (at ./Library/PackageCache/com.unity.timeline@6b9e48457ddb/Runtime/Evaluation/IntervalTree.cs:40)
Cysharp.Threading.Tasks.UniTask`1:ToString() (at D:/unity/FetaherLand623/FeatherLandNew/Assets/Plugins/UniTask/Runtime/UniTask.cs:481)
TMPro.TMP_Dropdown:SetValue(Int32, Boolean) (at ./Library/PackageCache/com.unity.ugui@aa507f3228f0/Runtime/TMP/TMP_Dropdown.cs:451)
TMPro.TMP_Dropdown:OnSelectItem(Toggle) (at ./Library/PackageCache/com.unity.ugui@aa507f3228f0/Runtime/TMP/TMP_Dropdown.cs:1309)
UnityEngine.Timeline.IntervalTree`1:get_dirty() (at ./Library/PackageCache/com.unity.timeline@6b9e48457ddb/Runtime/Evaluation/IntervalTree.cs:40)
Cysharp.Threading.Tasks.UniTask`1:ToString() (at D:/unity/FetaherLand623/FeatherLandNew/Assets/Plugins/UniTask/Runtime/UniTask.cs:481)
UnityEngine.UI.Toggle:Set(Boolean, Boolean) (at ./Library/PackageCache/com.unity.ugui@aa507f3228f0/Runtime/UGUI/UI/Core/Toggle.cs:284)
Unity.Collections.LowLevel.Unsafe.UnsafeText:get_Length() (at ./Library/PackageCache/com.unity.collections@56bff8827a7e/Unity.Collections/UnsafeText.cs:210)
UnityEngine.InputSystem.UI.InputSystemUIInputModule:ProcessPointerButton(ButtonState&, PointerEventData) (at ./Library/PackageCache/com.unity.inputsystem@be6c4fd0abf5/InputSystem/Plugins/UI/InputSystemUIInputModule.cs:744)
UnityEngine.InputSystem.UI.InputSystemUIInputModule:ProcessPointer(PointerModel&) (at ./Library/PackageCache/com.unity.inputsystem@be6c4fd0abf5/InputSystem/Plugins/UI/InputSystemUIInputModule.cs:489)
UnityEngine.InputSystem.UI.InputSystemUIInputModule:Process() (at ./Library/PackageCache/com.unity.inputsystem@be6c4fd0abf5/InputSystem/Plugins/UI/InputSystemUIInputModule.cs:2438)
UnityEngine.EventSystems.EventSystem:Update() (at ./Library/PackageCache/com.unity.ugui@aa507f3228f0/Runtime/UGUI/EventSystem/EventSystem.cs:530)

[SimpleMouseForwarder] 鼠标和键盘钩子安装成功
UnityEngine.DebugLogHandler:Internal_Log(LogType, LogOption, String, Object)
UnityEngine.Logger:Log(LogType, Object)
UnityEngine.Debug:Log(Object)
BirdGame.SimpleMouseForwarder:OnEnable() (at D:/unity/FetaherLand623/FeatherLandNew/Assets/Scripts/New/SimpleMouseForwarder.cs:205)
BirdGame.FullScreenUtility:WallpaperMode() (at D:/unity/FetaherLand623/FeatherLandNew/Assets/Scripts/New/Utility/FullScreenUtility.cs:399)
BirdGame.SettingPopup:SwitchScreenMode(Int32) (at D:/unity/FetaherLand623/FeatherLandNew/Assets/Scripts/New/ViewController/UI/Popups/SettingPopup.cs:374)
UnityEngine.Timeline.IntervalTree`1:get_dirty() (at ./Library/PackageCache/com.unity.timeline@6b9e48457ddb/Runtime/Evaluation/IntervalTree.cs:40)
Cysharp.Threading.Tasks.UniTask`1:ToString() (at D:/unity/FetaherLand623/FeatherLandNew/Assets/Plugins/UniTask/Runtime/UniTask.cs:481)
TMPro.TMP_Dropdown:SetValue(Int32, Boolean) (at ./Library/PackageCache/com.unity.ugui@aa507f3228f0/Runtime/TMP/TMP_Dropdown.cs:451)
TMPro.TMP_Dropdown:OnSelectItem(Toggle) (at ./Library/PackageCache/com.unity.ugui@aa507f3228f0/Runtime/TMP/TMP_Dropdown.cs:1309)
UnityEngine.Timeline.IntervalTree`1:get_dirty() (at ./Library/PackageCache/com.unity.timeline@6b9e48457ddb/Runtime/Evaluation/IntervalTree.cs:40)
Cysharp.Threading.Tasks.UniTask`1:ToString() (at D:/unity/FetaherLand623/FeatherLandNew/Assets/Plugins/UniTask/Runtime/UniTask.cs:481)
UnityEngine.UI.Toggle:Set(Boolean, Boolean) (at ./Library/PackageCache/com.unity.ugui@aa507f3228f0/Runtime/UGUI/UI/Core/Toggle.cs:284)
Unity.Collections.LowLevel.Unsafe.UnsafeText:get_Length() (at ./Library/PackageCache/com.unity.collections@56bff8827a7e/Unity.Collections/UnsafeText.cs:210)
UnityEngine.InputSystem.UI.InputSystemUIInputModule:ProcessPointerButton(ButtonState&, PointerEventData) (at ./Library/PackageCache/com.unity.inputsystem@be6c4fd0abf5/InputSystem/Plugins/UI/InputSystemUIInputModule.cs:744)
UnityEngine.InputSystem.UI.InputSystemUIInputModule:ProcessPointer(PointerModel&) (at ./Library/PackageCache/com.unity.inputsystem@be6c4fd0abf5/InputSystem/Plugins/UI/InputSystemUIInputModule.cs:489)
UnityEngine.InputSystem.UI.InputSystemUIInputModule:Process() (at ./Library/PackageCache/com.unity.inputsystem@be6c4fd0abf5/InputSystem/Plugins/UI/InputSystemUIInputModule.cs:2438)
UnityEngine.EventSystems.EventSystem:Update() (at ./Library/PackageCache/com.unity.ugui@aa507f3228f0/Runtime/UGUI/EventSystem/EventSystem.cs:530)

[WallpaperMode] SimpleMouseForwarder 已启用
UnityEngine.DebugLogHandler:Internal_Log(LogType, LogOption, String, Object)
UnityEngine.Logger:Log(LogType, Object)
UnityEngine.Debug:Log(Object)
BirdGame.FullScreenUtility:WallpaperMode() (at D:/unity/FetaherLand623/FeatherLandNew/Assets/Scripts/New/Utility/FullScreenUtility.cs:400)
BirdGame.SettingPopup:SwitchScreenMode(Int32) (at D:/unity/FetaherLand623/FeatherLandNew/Assets/Scripts/New/ViewController/UI/Popups/SettingPopup.cs:374)
UnityEngine.Timeline.IntervalTree`1:get_dirty() (at ./Library/PackageCache/com.unity.timeline@6b9e48457ddb/Runtime/Evaluation/IntervalTree.cs:40)
Cysharp.Threading.Tasks.UniTask`1:ToString() (at D:/unity/FetaherLand623/FeatherLandNew/Assets/Plugins/UniTask/Runtime/UniTask.cs:481)
TMPro.TMP_Dropdown:SetValue(Int32, Boolean) (at ./Library/PackageCache/com.unity.ugui@aa507f3228f0/Runtime/TMP/TMP_Dropdown.cs:451)
TMPro.TMP_Dropdown:OnSelectItem(Toggle) (at ./Library/PackageCache/com.unity.ugui@aa507f3228f0/Runtime/TMP/TMP_Dropdown.cs:1309)
UnityEngine.Timeline.IntervalTree`1:get_dirty() (at ./Library/PackageCache/com.unity.timeline@6b9e48457ddb/Runtime/Evaluation/IntervalTree.cs:40)
Cysharp.Threading.Tasks.UniTask`1:ToString() (at D:/unity/FetaherLand623/FeatherLandNew/Assets/Plugins/UniTask/Runtime/UniTask.cs:481)
UnityEngine.UI.Toggle:Set(Boolean, Boolean) (at ./Library/PackageCache/com.unity.ugui@aa507f3228f0/Runtime/UGUI/UI/Core/Toggle.cs:284)
Unity.Collections.LowLevel.Unsafe.UnsafeText:get_Length() (at ./Library/PackageCache/com.unity.collections@56bff8827a7e/Unity.Collections/UnsafeText.cs:210)
UnityEngine.InputSystem.UI.InputSystemUIInputModule:ProcessPointerButton(ButtonState&, PointerEventData) (at ./Library/PackageCache/com.unity.inputsystem@be6c4fd0abf5/InputSystem/Plugins/UI/InputSystemUIInputModule.cs:744)
UnityEngine.InputSystem.UI.InputSystemUIInputModule:ProcessPointer(PointerModel&) (at ./Library/PackageCache/com.unity.inputsystem@be6c4fd0abf5/InputSystem/Plugins/UI/InputSystemUIInputModule.cs:489)
UnityEngine.InputSystem.UI.InputSystemUIInputModule:Process() (at ./Library/PackageCache/com.unity.inputsystem@be6c4fd0abf5/InputSystem/Plugins/UI/InputSystemUIInputModule.cs:2438)
UnityEngine.EventSystems.EventSystem:Update() (at ./Library/PackageCache/com.unity.ugui@aa507f3228f0/Runtime/UGUI/EventSystem/EventSystem.cs:530)

[ActivateWindow] 结果 - Foreground: True, BringToTop: True, Focus: True
UnityEngine.DebugLogHandler:Internal_Log(LogType, LogOption, String, Object)
UnityEngine.Logger:Log(LogType, Object)
UnityEngine.Debug:Log(Object)
BirdGame.FullScreenUtility:ActivateWindow() (at D:/unity/FetaherLand623/FeatherLandNew/Assets/Scripts/New/Utility/FullScreenUtility.cs:303)
BirdGame.FullScreenUtility:WallpaperMode() (at D:/unity/FetaherLand623/FeatherLandNew/Assets/Scripts/New/Utility/FullScreenUtility.cs:410)
BirdGame.SettingPopup:SwitchScreenMode(Int32) (at D:/unity/FetaherLand623/FeatherLandNew/Assets/Scripts/New/ViewController/UI/Popups/SettingPopup.cs:374)
UnityEngine.Timeline.IntervalTree`1:get_dirty() (at ./Library/PackageCache/com.unity.timeline@6b9e48457ddb/Runtime/Evaluation/IntervalTree.cs:40)
Cysharp.Threading.Tasks.UniTask`1:ToString() (at D:/unity/FetaherLand623/FeatherLandNew/Assets/Plugins/UniTask/Runtime/UniTask.cs:481)
TMPro.TMP_Dropdown:SetValue(Int32, Boolean) (at ./Library/PackageCache/com.unity.ugui@aa507f3228f0/Runtime/TMP/TMP_Dropdown.cs:451)
TMPro.TMP_Dropdown:OnSelectItem(Toggle) (at ./Library/PackageCache/com.unity.ugui@aa507f3228f0/Runtime/TMP/TMP_Dropdown.cs:1309)
UnityEngine.Timeline.IntervalTree`1:get_dirty() (at ./Library/PackageCache/com.unity.timeline@6b9e48457ddb/Runtime/Evaluation/IntervalTree.cs:40)
Cysharp.Threading.Tasks.UniTask`1:ToString() (at D:/unity/FetaherLand623/FeatherLandNew/Assets/Plugins/UniTask/Runtime/UniTask.cs:481)
UnityEngine.UI.Toggle:Set(Boolean, Boolean) (at ./Library/PackageCache/com.unity.ugui@aa507f3228f0/Runtime/UGUI/UI/Core/Toggle.cs:284)
Unity.Collections.LowLevel.Unsafe.UnsafeText:get_Length() (at ./Library/PackageCache/com.unity.collections@56bff8827a7e/Unity.Collections/UnsafeText.cs:210)
UnityEngine.InputSystem.UI.InputSystemUIInputModule:ProcessPointerButton(ButtonState&, PointerEventData) (at ./Library/PackageCache/com.unity.inputsystem@be6c4fd0abf5/InputSystem/Plugins/UI/InputSystemUIInputModule.cs:744)
UnityEngine.InputSystem.UI.InputSystemUIInputModule:ProcessPointer(PointerModel&) (at ./Library/PackageCache/com.unity.inputsystem@be6c4fd0abf5/InputSystem/Plugins/UI/InputSystemUIInputModule.cs:489)
UnityEngine.InputSystem.UI.InputSystemUIInputModule:Process() (at ./Library/PackageCache/com.unity.inputsystem@be6c4fd0abf5/InputSystem/Plugins/UI/InputSystemUIInputModule.cs:2438)
UnityEngine.EventSystems.EventSystem:Update() (at ./Library/PackageCache/com.unity.ugui@aa507f3228f0/Runtime/UGUI/EventSystem/EventSystem.cs:530)

WallpaperMode (60 FPS - 流畅光标)
UnityEngine.DebugLogHandler:Internal_Log(LogType, LogOption, String, Object)
UnityEngine.Logger:Log(LogType, Object)
UnityEngine.Debug:Log(Object)
BirdGame.SettingPopup:SwitchScreenMode(Int32) (at D:/unity/FetaherLand623/FeatherLandNew/Assets/Scripts/New/ViewController/UI/Popups/SettingPopup.cs:390)
UnityEngine.Timeline.IntervalTree`1:get_dirty() (at ./Library/PackageCache/com.unity.timeline@6b9e48457ddb/Runtime/Evaluation/IntervalTree.cs:40)
Cysharp.Threading.Tasks.UniTask`1:ToString() (at D:/unity/FetaherLand623/FeatherLandNew/Assets/Plugins/UniTask/Runtime/UniTask.cs:481)
TMPro.TMP_Dropdown:SetValue(Int32, Boolean) (at ./Library/PackageCache/com.unity.ugui@aa507f3228f0/Runtime/TMP/TMP_Dropdown.cs:451)
TMPro.TMP_Dropdown:OnSelectItem(Toggle) (at ./Library/PackageCache/com.unity.ugui@aa507f3228f0/Runtime/TMP/TMP_Dropdown.cs:1309)
UnityEngine.Timeline.IntervalTree`1:get_dirty() (at ./Library/PackageCache/com.unity.timeline@6b9e48457ddb/Runtime/Evaluation/IntervalTree.cs:40)
Cysharp.Threading.Tasks.UniTask`1:ToString() (at D:/unity/FetaherLand623/FeatherLandNew/Assets/Plugins/UniTask/Runtime/UniTask.cs:481)
UnityEngine.UI.Toggle:Set(Boolean, Boolean) (at ./Library/PackageCache/com.unity.ugui@aa507f3228f0/Runtime/UGUI/UI/Core/Toggle.cs:284)
Unity.Collections.LowLevel.Unsafe.UnsafeText:get_Length() (at ./Library/PackageCache/com.unity.collections@56bff8827a7e/Unity.Collections/UnsafeText.cs:210)
UnityEngine.InputSystem.UI.InputSystemUIInputModule:ProcessPointerButton(ButtonState&, PointerEventData) (at ./Library/PackageCache/com.unity.inputsystem@be6c4fd0abf5/InputSystem/Plugins/UI/InputSystemUIInputModule.cs:744)
UnityEngine.InputSystem.UI.InputSystemUIInputModule:ProcessPointer(PointerModel&) (at ./Library/PackageCache/com.unity.inputsystem@be6c4fd0abf5/InputSystem/Plugins/UI/InputSystemUIInputModule.cs:489)
UnityEngine.InputSystem.UI.InputSystemUIInputModule:Process() (at ./Library/PackageCache/com.unity.inputsystem@be6c4fd0abf5/InputSystem/Plugins/UI/InputSystemUIInputModule.cs:2438)
UnityEngine.EventSystems.EventSystem:Update() (at ./Library/PackageCache/com.unity.ugui@aa507f3228f0/Runtime/UGUI/EventSystem/EventSystem.cs:530)

[ShopButton] 鼠标在按钮区域内: (6.35, -51.65), 按钮区域: (x:-40.25, y:-57.25, width:80.50, height:114.50)
UnityEngine.DebugLogHandler:Internal_Log(LogType, LogOption, String, Object)
UnityEngine.Logger:Log(LogType, Object)
UnityEngine.Debug:Log(Object)
UIButtonHoverScale:IsMouseOverButton() (at D:/unity/FetaherLand623/FeatherLandNew/Assets/Scripts/UIButtonHoverScale.cs:458)
UIButtonHoverScale:Update() (at D:/unity/FetaherLand623/FeatherLandNew/Assets/Scripts/UIButtonHoverScale.cs:236)

[IllustratedButton] 鼠标在按钮区域内: (-7.93, -49.50), 按钮区域: (x:-46.75, y:-57.75, width:93.50, height:115.50)
UnityEngine.DebugLogHandler:Internal_Log(LogType, LogOption, String, Object)
UnityEngine.Logger:Log(LogType, Object)
UnityEngine.Debug:Log(Object)
UIButtonHoverScale:IsMouseOverButton() (at D:/unity/FetaherLand623/FeatherLandNew/Assets/Scripts/UIButtonHoverScale.cs:458)
UIButtonHoverScale:Update() (at D:/unity/FetaherLand623/FeatherLandNew/Assets/Scripts/UIButtonHoverScale.cs:236)

[IllustratedButton] 鼠标在按钮区域内: (44.07, -56.17), 按钮区域: (x:-46.75, y:-57.75, width:93.50, height:115.50)
UnityEngine.DebugLogHandler:Internal_Log(LogType, LogOption, String, Object)
UnityEngine.Logger:Log(LogType, Object)
UnityEngine.Debug:Log(Object)
UIButtonHoverScale:IsMouseOverButton() (at D:/unity/FetaherLand623/FeatherLandNew/Assets/Scripts/UIButtonHoverScale.cs:458)
UIButtonHoverScale:Update() (at D:/unity/FetaherLand623/FeatherLandNew/Assets/Scripts/UIButtonHoverScale.cs:236)

[IllustratedButton] 鼠标在按钮区域内: (-43.93, 38.50), 按钮区域: (x:-46.75, y:-57.75, width:93.50, height:115.50)
UnityEngine.DebugLogHandler:Internal_Log(LogType, LogOption, String, Object)
UnityEngine.Logger:Log(LogType, Object)
UnityEngine.Debug:Log(Object)
UIButtonHoverScale:IsMouseOverButton() (at D:/unity/FetaherLand623/FeatherLandNew/Assets/Scripts/UIButtonHoverScale.cs:458)
UIButtonHoverScale:Update() (at D:/unity/FetaherLand623/FeatherLandNew/Assets/Scripts/UIButtonHoverScale.cs:236)

[IllustratedButton] 鼠标在按钮区域内: (-31.45, 31.36), 按钮区域: (x:-46.75, y:-57.75, width:93.50, height:115.50)
UnityEngine.DebugLogHandler:Internal_Log(LogType, LogOption, String, Object)
UnityEngine.Logger:Log(LogType, Object)
UnityEngine.Debug:Log(Object)
UIButtonHoverScale:IsMouseOverButton() (at D:/unity/FetaherLand623/FeatherLandNew/Assets/Scripts/UIButtonHoverScale.cs:458)
UIButtonHoverScale:Update() (at D:/unity/FetaherLand623/FeatherLandNew/Assets/Scripts/UIButtonHoverScale.cs:236)

[IllustratedButton] 鼠标在按钮区域内: (-22.97, 24.09), 按钮区域: (x:-46.75, y:-57.75, width:93.50, height:115.50)
UnityEngine.DebugLogHandler:Internal_Log(LogType, LogOption, String, Object)
UnityEngine.Logger:Log(LogType, Object)
UnityEngine.Debug:Log(Object)
UIButtonHoverScale:IsMouseOverButton() (at D:/unity/FetaherLand623/FeatherLandNew/Assets/Scripts/UIButtonHoverScale.cs:458)
UIButtonHoverScale:Update() (at D:/unity/FetaherLand623/FeatherLandNew/Assets/Scripts/UIButtonHoverScale.cs:236)

[IllustratedButton] 鼠标在按钮区域内: (-4.79, 15.61), 按钮区域: (x:-46.75, y:-57.75, width:93.50, height:115.50)
UnityEngine.DebugLogHandler:Internal_Log(LogType, LogOption, String, Object)
UnityEngine.Logger:Log(LogType, Object)
UnityEngine.Debug:Log(Object)
UIButtonHoverScale:IsMouseOverButton() (at D:/unity/FetaherLand623/FeatherLandNew/Assets/Scripts/UIButtonHoverScale.cs:458)
UIButtonHoverScale:Update() (at D:/unity/FetaherLand623/FeatherLandNew/Assets/Scripts/UIButtonHoverScale.cs:236)

[IllustratedButton] 鼠标在按钮区域内: (1.27, 14.39), 按钮区域: (x:-46.75, y:-57.75, width:93.50, height:115.50)
UnityEngine.DebugLogHandler:Internal_Log(LogType, LogOption, String, Object)
UnityEngine.Logger:Log(LogType, Object)
UnityEngine.Debug:Log(Object)
UIButtonHoverScale:IsMouseOverButton() (at D:/unity/FetaherLand623/FeatherLandNew/Assets/Scripts/UIButtonHoverScale.cs:458)
UIButtonHoverScale:Update() (at D:/unity/FetaherLand623/FeatherLandNew/Assets/Scripts/UIButtonHoverScale.cs:236)

[IllustratedButton] 鼠标在按钮区域内: (6.12, 11.97), 按钮区域: (x:-46.75, y:-57.75, width:93.50, height:115.50)
UnityEngine.DebugLogHandler:Internal_Log(LogType, LogOption, String, Object)
UnityEngine.Logger:Log(LogType, Object)
UnityEngine.Debug:Log(Object)
UIButtonHoverScale:IsMouseOverButton() (at D:/unity/FetaherLand623/FeatherLandNew/Assets/Scripts/UIButtonHoverScale.cs:458)
UIButtonHoverScale:Update() (at D:/unity/FetaherLand623/FeatherLandNew/Assets/Scripts/UIButtonHoverScale.cs:236)

[IllustratedButton] 鼠标在按钮区域内: (10.97, 10.76), 按钮区域: (x:-46.75, y:-57.75, width:93.50, height:115.50)
UnityEngine.DebugLogHandler:Internal_Log(LogType, LogOption, String, Object)
UnityEngine.Logger:Log(LogType, Object)
UnityEngine.Debug:Log(Object)
UIButtonHoverScale:IsMouseOverButton() (at D:/unity/FetaherLand623/FeatherLandNew/Assets/Scripts/UIButtonHoverScale.cs:458)
UIButtonHoverScale:Update() (at D:/unity/FetaherLand623/FeatherLandNew/Assets/Scripts/UIButtonHoverScale.cs:236)

[IllustratedButton] 鼠标在按钮区域内: (14.61, 7.12), 按钮区域: (x:-46.75, y:-57.75, width:93.50, height:115.50)
UnityEngine.DebugLogHandler:Internal_Log(LogType, LogOption, String, Object)
UnityEngine.Logger:Log(LogType, Object)
UnityEngine.Debug:Log(Object)
UIButtonHoverScale:IsMouseOverButton() (at D:/unity/FetaherLand623/FeatherLandNew/Assets/Scripts/UIButtonHoverScale.cs:458)
UIButtonHoverScale:Update() (at D:/unity/FetaherLand623/FeatherLandNew/Assets/Scripts/UIButtonHoverScale.cs:236)

[IllustratedButton] 鼠标在按钮区域内: (20.67, 4.70), 按钮区域: (x:-46.75, y:-57.75, width:93.50, height:115.50)
UnityEngine.DebugLogHandler:Internal_Log(LogType, LogOption, String, Object)
UnityEngine.Logger:Log(LogType, Object)
UnityEngine.Debug:Log(Object)
UIButtonHoverScale:IsMouseOverButton() (at D:/unity/FetaherLand623/FeatherLandNew/Assets/Scripts/UIButtonHoverScale.cs:458)
UIButtonHoverScale:Update() (at D:/unity/FetaherLand623/FeatherLandNew/Assets/Scripts/UIButtonHoverScale.cs:236)

[IllustratedButton] 鼠标在按钮区域内: (23.09, 3.48), 按钮区域: (x:-46.75, y:-57.75, width:93.50, height:115.50)
UnityEngine.DebugLogHandler:Internal_Log(LogType, LogOption, String, Object)
UnityEngine.Logger:Log(LogType, Object)
UnityEngine.Debug:Log(Object)
UIButtonHoverScale:IsMouseOverButton() (at D:/unity/FetaherLand623/FeatherLandNew/Assets/Scripts/UIButtonHoverScale.cs:458)
UIButtonHoverScale:Update() (at D:/unity/FetaherLand623/FeatherLandNew/Assets/Scripts/UIButtonHoverScale.cs:236)

[IllustratedButton] 鼠标在按钮区域内: (27.94, 2.27), 按钮区域: (x:-46.75, y:-57.75, width:93.50, height:115.50)
UnityEngine.DebugLogHandler:Internal_Log(LogType, LogOption, String, Object)
UnityEngine.Logger:Log(LogType, Object)
UnityEngine.Debug:Log(Object)
UIButtonHoverScale:IsMouseOverButton() (at D:/unity/FetaherLand623/FeatherLandNew/Assets/Scripts/UIButtonHoverScale.cs:458)
UIButtonHoverScale:Update() (at D:/unity/FetaherLand623/FeatherLandNew/Assets/Scripts/UIButtonHoverScale.cs:236)

[IllustratedButton] 鼠标在按钮区域内: (29.15, 2.27), 按钮区域: (x:-46.75, y:-57.75, width:93.50, height:115.50)
UnityEngine.DebugLogHandler:Internal_Log(LogType, LogOption, String, Object)
UnityEngine.Logger:Log(LogType, Object)
UnityEngine.Debug:Log(Object)
UIButtonHoverScale:IsMouseOverButton() (at D:/unity/FetaherLand623/FeatherLandNew/Assets/Scripts/UIButtonHoverScale.cs:458)
UIButtonHoverScale:Update() (at D:/unity/FetaherLand623/FeatherLandNew/Assets/Scripts/UIButtonHoverScale.cs:236)

[IllustratedButton] 鼠标在按钮区域内: (32.79, -1.36), 按钮区域: (x:-46.75, y:-57.75, width:93.50, height:115.50)
UnityEngine.DebugLogHandler:Internal_Log(LogType, LogOption, String, Object)
UnityEngine.Logger:Log(LogType, Object)
UnityEngine.Debug:Log(Object)
UIButtonHoverScale:IsMouseOverButton() (at D:/unity/FetaherLand623/FeatherLandNew/Assets/Scripts/UIButtonHoverScale.cs:458)
UIButtonHoverScale:Update() (at D:/unity/FetaherLand623/FeatherLandNew/Assets/Scripts/UIButtonHoverScale.cs:236)

[IllustratedButton] 鼠标在按钮区域内: (35.21, -1.36), 按钮区域: (x:-46.75, y:-57.75, width:93.50, height:115.50)
UnityEngine.DebugLogHandler:Internal_Log(LogType, LogOption, String, Object)
UnityEngine.Logger:Log(LogType, Object)
UnityEngine.Debug:Log(Object)
UIButtonHoverScale:IsMouseOverButton() (at D:/unity/FetaherLand623/FeatherLandNew/Assets/Scripts/UIButtonHoverScale.cs:458)
UIButtonHoverScale:Update() (at D:/unity/FetaherLand623/FeatherLandNew/Assets/Scripts/UIButtonHoverScale.cs:236)

[IllustratedButton] 鼠标在按钮区域内: (43.70, -2.58), 按钮区域: (x:-46.75, y:-57.75, width:93.50, height:115.50)
UnityEngine.DebugLogHandler:Internal_Log(LogType, LogOption, String, Object)
UnityEngine.Logger:Log(LogType, Object)
UnityEngine.Debug:Log(Object)
UIButtonHoverScale:IsMouseOverButton() (at D:/unity/FetaherLand623/FeatherLandNew/Assets/Scripts/UIButtonHoverScale.cs:458)
UIButtonHoverScale:Update() (at D:/unity/FetaherLand623/FeatherLandNew/Assets/Scripts/UIButtonHoverScale.cs:236)

[WeatherIcon] 鼠标在按钮区域内: (-43.83, -5.23), 按钮区域: (x:-44.25, y:-55.50, width:88.50, height:111.00)
UnityEngine.DebugLogHandler:Internal_Log(LogType, LogOption, String, Object)
UnityEngine.Logger:Log(LogType, Object)
UnityEngine.Debug:Log(Object)
UIButtonHoverScale:IsMouseOverButton() (at D:/unity/FetaherLand623/FeatherLandNew/Assets/Scripts/UIButtonHoverScale.cs:458)
UIButtonHoverScale:Update() (at D:/unity/FetaherLand623/FeatherLandNew/Assets/Scripts/UIButtonHoverScale.cs:236)

[WeatherIcon] 鼠标在按钮区域内: (-22.88, -12.02), 按钮区域: (x:-44.25, y:-55.50, width:88.50, height:111.00)
UnityEngine.DebugLogHandler:Internal_Log(LogType, LogOption, String, Object)
UnityEngine.Logger:Log(LogType, Object)
UnityEngine.Debug:Log(Object)
UIButtonHoverScale:IsMouseOverButton() (at D:/unity/FetaherLand623/FeatherLandNew/Assets/Scripts/UIButtonHoverScale.cs:458)
UIButtonHoverScale:Update() (at D:/unity/FetaherLand623/FeatherLandNew/Assets/Scripts/UIButtonHoverScale.cs:236)

[WeatherIcon] 鼠标在按钮区域内: (1.36, -25.36), 按钮区域: (x:-44.25, y:-55.50, width:88.50, height:111.00)
UnityEngine.DebugLogHandler:Internal_Log(LogType, LogOption, String, Object)
UnityEngine.Logger:Log(LogType, Object)
UnityEngine.Debug:Log(Object)
UIButtonHoverScale:IsMouseOverButton() (at D:/unity/FetaherLand623/FeatherLandNew/Assets/Scripts/UIButtonHoverScale.cs:458)
UIButtonHoverScale:Update() (at D:/unity/FetaherLand623/FeatherLandNew/Assets/Scripts/UIButtonHoverScale.cs:236)

[WeatherIcon] 鼠标在按钮区域内: (24.39, -36.27), 按钮区域: (x:-44.25, y:-55.50, width:88.50, height:111.00)
UnityEngine.DebugLogHandler:Internal_Log(LogType, LogOption, String, Object)
UnityEngine.Logger:Log(LogType, Object)
UnityEngine.Debug:Log(Object)
UIButtonHoverScale:IsMouseOverButton() (at D:/unity/FetaherLand623/FeatherLandNew/Assets/Scripts/UIButtonHoverScale.cs:458)
UIButtonHoverScale:Update() (at D:/unity/FetaherLand623/FeatherLandNew/Assets/Scripts/UIButtonHoverScale.cs:236)

