Input System module state changed to: Initialized.
[Physics::Module] Initialized fallback backend.
[Physics::Module] Id: 0xdecafbad
Loading player data from C:/Users/CY/Desktop/4.6FFF/featherlandunit_Data/data.unity3d
Initialize engine version: 6000.0.58f2 (92dee566b325)
[Subsystems] Discovering subsystems at path C:/Users/CY/Desktop/4.6FFF/featherlandunit_Data/UnitySubsystems
kGfxThreadingModeSplitJobs is not supported on Direct3D 11. Reverting to kGfxThreadingModeClientWorkerJobs instead.
GfxDevice: creating device client; kGfxThreadingModeClientWorkerJobs
Direct3D:
    Version:  Direct3D 11.0 [level 11.1]
    Renderer: NVIDIA GeForce RTX 3070 Ti Laptop GPU (ID=0x24a0)
    Vendor:   NVIDIA
    VRAM:     8016 MB
    Driver:   32.0.15.9579
<RI> Initializing input.
Using Windows.Gaming.Input
<RI> Input initialized.
UnloadTime: 0.386600 ms
Odin Serializer ArchitectureInfo initialization with defaults (all unaligned read/writes disabled).
UnityEngine.DebugLogHandler:Internal_Log(LogType, LogOption, String, Object)
UnityEngine.Logger:Log(LogType, Object)
UnityEngine.Debug:Log(Object)
Sirenix.Serialization.UnitySerializationInitializer:Initialize()

Odin Serializer detected whitelisted runtime platform WindowsPlayer and memory read test succeeded; enabling all unaligned memory read/writes.
UnityEngine.DebugLogHandler:Internal_Log(LogType, LogOption, String, Object)
UnityEngine.Logger:Log(LogType, Object)
UnityEngine.Debug:Log(Object)
Sirenix.Serialization.ArchitectureInfo:SetRuntimePlatform(RuntimePlatform)
Sirenix.Serialization.UnitySerializationInitializer:Initialize()

[Steamworks.NET] SteamAPI_Init() failed. Refer to Valve's documentation or the comment above this line for more information.
UnityEngine.DebugLogHandler:Internal_Log(LogType, LogOption, String, Object)
UnityEngine.Logger:Log(LogType, Object, Object)
UnityEngine.Debug:LogError(Object, Object)

SteamAPI.Init() failed! Make sure:
UnityEngine.DebugLogHandler:Internal_Log(LogType, LogOption, String, Object)
UnityEngine.Logger:Log(LogType, Object)
UnityEngine.Debug:LogError(Object)
BirdGame.SteamSystem:OnInit() (at E:/Unity/Projects/Work/FeatherLandNew/Assets/Scripts/New/Systems/ISteamSystem.cs:34)
QFramework.Architecture`1:MakeSureArchitecture() (at E:/Unity/Projects/Work/FeatherLandNew/Assets/QFramework/Framework/Scripts/QFramework.cs:104)
QFramework.Architecture`1:get_Interface() (at E:/Unity/Projects/Work/FeatherLandNew/Assets/QFramework/Framework/Scripts/QFramework.cs:80)
QFramework.CanRegisterEventExtension:RegisterEvent(ICanRegisterEvent, Action`1) (at E:/Unity/Projects/Work/FeatherLandNew/Assets/QFramework/Framework/Scripts/QFramework.cs:402)
BirdGame.GameEntry:Start() (at E:/Unity/Projects/Work/FeatherLandNew/Assets/Scripts/New/ViewController/Game/GameEntry.cs:50)

1. Steam client is running.
UnityEngine.DebugLogHandler:Internal_Log(LogType, LogOption, String, Object)
UnityEngine.Logger:Log(LogType, Object)
UnityEngine.Debug:LogError(Object)
BirdGame.SteamSystem:OnInit() (at E:/Unity/Projects/Work/FeatherLandNew/Assets/Scripts/New/Systems/ISteamSystem.cs:35)
QFramework.Architecture`1:MakeSureArchitecture() (at E:/Unity/Projects/Work/FeatherLandNew/Assets/QFramework/Framework/Scripts/QFramework.cs:104)
QFramework.Architecture`1:get_Interface() (at E:/Unity/Projects/Work/FeatherLandNew/Assets/QFramework/Framework/Scripts/QFramework.cs:80)
QFramework.CanRegisterEventExtension:RegisterEvent(ICanRegisterEvent, Action`1) (at E:/Unity/Projects/Work/FeatherLandNew/Assets/QFramework/Framework/Scripts/QFramework.cs:402)
BirdGame.GameEntry:Start() (at E:/Unity/Projects/Work/FeatherLandNew/Assets/Scripts/New/ViewController/Game/GameEntry.cs:50)

2. The game was launched through Steam.
UnityEngine.DebugLogHandler:Internal_Log(LogType, LogOption, String, Object)
UnityEngine.Logger:Log(LogType, Object)
UnityEngine.Debug:LogError(Object)
BirdGame.SteamSystem:OnInit() (at E:/Unity/Projects/Work/FeatherLandNew/Assets/Scripts/New/Systems/ISteamSystem.cs:36)
QFramework.Architecture`1:MakeSureArchitecture() (at E:/Unity/Projects/Work/FeatherLandNew/Assets/QFramework/Framework/Scripts/QFramework.cs:104)
QFramework.Architecture`1:get_Interface() (at E:/Unity/Projects/Work/FeatherLandNew/Assets/QFramework/Framework/Scripts/QFramework.cs:80)
QFramework.CanRegisterEventExtension:RegisterEvent(ICanRegisterEvent, Action`1) (at E:/Unity/Projects/Work/FeatherLandNew/Assets/QFramework/Framework/Scripts/QFramework.cs:402)
BirdGame.GameEntry:Start() (at E:/Unity/Projects/Work/FeatherLandNew/Assets/Scripts/New/ViewController/Game/GameEntry.cs:50)

3. You have a valid steam_appid.txt file.
UnityEngine.DebugLogHandler:Internal_Log(LogType, LogOption, String, Object)
UnityEngine.Logger:Log(LogType, Object)
UnityEngine.Debug:LogError(Object)
BirdGame.SteamSystem:OnInit() (at E:/Unity/Projects/Work/FeatherLandNew/Assets/Scripts/New/Systems/ISteamSystem.cs:37)
QFramework.Architecture`1:MakeSureArchitecture() (at E:/Unity/Projects/Work/FeatherLandNew/Assets/QFramework/Framework/Scripts/QFramework.cs:104)
QFramework.Architecture`1:get_Interface() (at E:/Unity/Projects/Work/FeatherLandNew/Assets/QFramework/Framework/Scripts/QFramework.cs:80)
QFramework.CanRegisterEventExtension:RegisterEvent(ICanRegisterEvent, Action`1) (at E:/Unity/Projects/Work/FeatherLandNew/Assets/QFramework/Framework/Scripts/QFramework.cs:402)
BirdGame.GameEntry:Start() (at E:/Unity/Projects/Work/FeatherLandNew/Assets/Scripts/New/ViewController/Game/GameEntry.cs:50)

RenderGraph is now enabled.
UnityEngine.DebugLogHandler:Internal_Log(LogType, LogOption, String, Object)
UnityEngine.Logger:Log(LogType, Object)
UnityEngine.Debug:Log(Object)
UnityEngine.Rendering.Universal.UniversalRenderPipeline:.ctor(UniversalRenderPipelineAsset) (at ./Library/PackageCache/com.unity.render-pipelines.universal@e1fa89d1f997/Runtime/UniversalRenderPipeline.cs:259)
UnityEngine.Rendering.Universal.UniversalRenderPipelineAsset:CreatePipeline() (at ./Library/PackageCache/com.unity.render-pipelines.universal@e1fa89d1f997/Runtime/Data/UniversalRenderPipelineAsset.cs:793)
UnityEngine.Rendering.RenderPipelineAsset:InternalCreatePipeline()
UnityEngine.Rendering.RenderPipelineManager:TryPrepareRenderPipeline(RenderPipelineAsset)
UnityEngine.Rendering.RenderPipelineManager:DoRenderLoop_Internal(RenderPipelineAsset, IntPtr, Object)

LocalizationConfig加载完成，包含 8 种语言:
UnityEngine.DebugLogHandler:Internal_Log(LogType, LogOption, String, Object)
UnityEngine.Logger:Log(LogType, Object)
UnityEngine.Debug:Log(Object)
BirdGame.LoadGameCommand:OnLocalizationConfigComplete(LocalizationConfig) (at E:/Unity/Projects/Work/FeatherLandNew/Assets/Scripts/New/Commands/LoadGameCommand.cs:89)
UnityEngine.UI.CoroutineTween.FloatTween:get_duration() (at ./Library/PackageCache/com.unity.ugui@aa507f3228f0/Runtime/UGUI/UI/Animation/CoroutineTween.cs:142)
System.Threading.ExecutionContext:RunInternal(ExecutionContext, ContextCallback, Object, Boolean)
System.Runtime.CompilerServices.MoveNextRunner:Run()
Cysharp.Threading.Tasks.Awaiter:GetResult() (at E:/Unity/Projects/Work/FeatherLandNew/Assets/Plugins/UniTask/Runtime/UniTask.cs:317)
Cysharp.Threading.Tasks.Internal.ContinuationQueue:RunCore() (at E:/Unity/Projects/Work/FeatherLandNew/Assets/Plugins/UniTask/Runtime/Internal/ContinuationQueue.cs:194)

  - English: 623 个翻译条目
UnityEngine.DebugLogHandler:Internal_Log(LogType, LogOption, String, Object)
UnityEngine.Logger:Log(LogType, Object)
UnityEngine.Debug:Log(Object)
BirdGame.LoadGameCommand:OnLocalizationConfigComplete(LocalizationConfig) (at E:/Unity/Projects/Work/FeatherLandNew/Assets/Scripts/New/Commands/LoadGameCommand.cs:92)
UnityEngine.UI.CoroutineTween.FloatTween:get_duration() (at ./Library/PackageCache/com.unity.ugui@aa507f3228f0/Runtime/UGUI/UI/Animation/CoroutineTween.cs:142)
System.Threading.ExecutionContext:RunInternal(ExecutionContext, ContextCallback, Object, Boolean)
System.Runtime.CompilerServices.MoveNextRunner:Run()
Cysharp.Threading.Tasks.Awaiter:GetResult() (at E:/Unity/Projects/Work/FeatherLandNew/Assets/Plugins/UniTask/Runtime/UniTask.cs:317)
Cysharp.Threading.Tasks.Internal.ContinuationQueue:RunCore() (at E:/Unity/Projects/Work/FeatherLandNew/Assets/Plugins/UniTask/Runtime/Internal/ContinuationQueue.cs:194)

  - ChineseSimplified: 623 个翻译条目
UnityEngine.DebugLogHandler:Internal_Log(LogType, LogOption, String, Object)
UnityEngine.Logger:Log(LogType, Object)
UnityEngine.Debug:Log(Object)
BirdGame.LoadGameCommand:OnLocalizationConfigComplete(LocalizationConfig) (at E:/Unity/Projects/Work/FeatherLandNew/Assets/Scripts/New/Commands/LoadGameCommand.cs:92)
UnityEngine.UI.CoroutineTween.FloatTween:get_duration() (at ./Library/PackageCache/com.unity.ugui@aa507f3228f0/Runtime/UGUI/UI/Animation/CoroutineTween.cs:142)
System.Threading.ExecutionContext:RunInternal(ExecutionContext, ContextCallback, Object, Boolean)
System.Runtime.CompilerServices.MoveNextRunner:Run()
Cysharp.Threading.Tasks.Awaiter:GetResult() (at E:/Unity/Projects/Work/FeatherLandNew/Assets/Plugins/UniTask/Runtime/UniTask.cs:317)
Cysharp.Threading.Tasks.Internal.ContinuationQueue:RunCore() (at E:/Unity/Projects/Work/FeatherLandNew/Assets/Plugins/UniTask/Runtime/Internal/ContinuationQueue.cs:194)

  - ChineseTraditional: 623 个翻译条目
UnityEngine.DebugLogHandler:Internal_Log(LogType, LogOption, String, Object)
UnityEngine.Logger:Log(LogType, Object)
UnityEngine.Debug:Log(Object)
BirdGame.LoadGameCommand:OnLocalizationConfigComplete(LocalizationConfig) (at E:/Unity/Projects/Work/FeatherLandNew/Assets/Scripts/New/Commands/LoadGameCommand.cs:92)
UnityEngine.UI.CoroutineTween.FloatTween:get_duration() (at ./Library/PackageCache/com.unity.ugui@aa507f3228f0/Runtime/UGUI/UI/Animation/CoroutineTween.cs:142)
System.Threading.ExecutionContext:RunInternal(ExecutionContext, ContextCallback, Object, Boolean)
System.Runtime.CompilerServices.MoveNextRunner:Run()
Cysharp.Threading.Tasks.Awaiter:GetResult() (at E:/Unity/Projects/Work/FeatherLandNew/Assets/Plugins/UniTask/Runtime/UniTask.cs:317)
Cysharp.Threading.Tasks.Internal.ContinuationQueue:RunCore() (at E:/Unity/Projects/Work/FeatherLandNew/Assets/Plugins/UniTask/Runtime/Internal/ContinuationQueue.cs:194)

  - Japanese: 623 个翻译条目
UnityEngine.DebugLogHandler:Internal_Log(LogType, LogOption, String, Object)
UnityEngine.Logger:Log(LogType, Object)
UnityEngine.Debug:Log(Object)
BirdGame.LoadGameCommand:OnLocalizationConfigComplete(LocalizationConfig) (at E:/Unity/Projects/Work/FeatherLandNew/Assets/Scripts/New/Commands/LoadGameCommand.cs:92)
UnityEngine.UI.CoroutineTween.FloatTween:get_duration() (at ./Library/PackageCache/com.unity.ugui@aa507f3228f0/Runtime/UGUI/UI/Animation/CoroutineTween.cs:142)
System.Threading.ExecutionContext:RunInternal(ExecutionContext, ContextCallback, Object, Boolean)
System.Runtime.CompilerServices.MoveNextRunner:Run()
Cysharp.Threading.Tasks.Awaiter:GetResult() (at E:/Unity/Projects/Work/FeatherLandNew/Assets/Plugins/UniTask/Runtime/UniTask.cs:317)
Cysharp.Threading.Tasks.Internal.ContinuationQueue:RunCore() (at E:/Unity/Projects/Work/FeatherLandNew/Assets/Plugins/UniTask/Runtime/Internal/ContinuationQueue.cs:194)

  - Korean: 623 个翻译条目
UnityEngine.DebugLogHandler:Internal_Log(LogType, LogOption, String, Object)
UnityEngine.Logger:Log(LogType, Object)
UnityEngine.Debug:Log(Object)
BirdGame.LoadGameCommand:OnLocalizationConfigComplete(LocalizationConfig) (at E:/Unity/Projects/Work/FeatherLandNew/Assets/Scripts/New/Commands/LoadGameCommand.cs:92)
UnityEngine.UI.CoroutineTween.FloatTween:get_duration() (at ./Library/PackageCache/com.unity.ugui@aa507f3228f0/Runtime/UGUI/UI/Animation/CoroutineTween.cs:142)
System.Threading.ExecutionContext:RunInternal(ExecutionContext, ContextCallback, Object, Boolean)
System.Runtime.CompilerServices.MoveNextRunner:Run()
Cysharp.Threading.Tasks.Awaiter:GetResult() (at E:/Unity/Projects/Work/FeatherLandNew/Assets/Plugins/UniTask/Runtime/UniTask.cs:317)
Cysharp.Threading.Tasks.Internal.ContinuationQueue:RunCore() (at E:/Unity/Projects/Work/FeatherLandNew/Assets/Plugins/UniTask/Runtime/Internal/ContinuationQueue.cs:194)

  - Russian: 623 个翻译条目
UnityEngine.DebugLogHandler:Internal_Log(LogType, LogOption, String, Object)
UnityEngine.Logger:Log(LogType, Object)
UnityEngine.Debug:Log(Object)
BirdGame.LoadGameCommand:OnLocalizationConfigComplete(LocalizationConfig) (at E:/Unity/Projects/Work/FeatherLandNew/Assets/Scripts/New/Commands/LoadGameCommand.cs:92)
UnityEngine.UI.CoroutineTween.FloatTween:get_duration() (at ./Library/PackageCache/com.unity.ugui@aa507f3228f0/Runtime/UGUI/UI/Animation/CoroutineTween.cs:142)
System.Threading.ExecutionContext:RunInternal(ExecutionContext, ContextCallback, Object, Boolean)
System.Runtime.CompilerServices.MoveNextRunner:Run()
Cysharp.Threading.Tasks.Awaiter:GetResult() (at E:/Unity/Projects/Work/FeatherLandNew/Assets/Plugins/UniTask/Runtime/UniTask.cs:317)
Cysharp.Threading.Tasks.Internal.ContinuationQueue:RunCore() (at E:/Unity/Projects/Work/FeatherLandNew/Assets/Plugins/UniTask/Runtime/Internal/ContinuationQueue.cs:194)

  - French: 623 个翻译条目
UnityEngine.DebugLogHandler:Internal_Log(LogType, LogOption, String, Object)
UnityEngine.Logger:Log(LogType, Object)
UnityEngine.Debug:Log(Object)
BirdGame.LoadGameCommand:OnLocalizationConfigComplete(LocalizationConfig) (at E:/Unity/Projects/Work/FeatherLandNew/Assets/Scripts/New/Commands/LoadGameCommand.cs:92)
UnityEngine.UI.CoroutineTween.FloatTween:get_duration() (at ./Library/PackageCache/com.unity.ugui@aa507f3228f0/Runtime/UGUI/UI/Animation/CoroutineTween.cs:142)
System.Threading.ExecutionContext:RunInternal(ExecutionContext, ContextCallback, Object, Boolean)
System.Runtime.CompilerServices.MoveNextRunner:Run()
Cysharp.Threading.Tasks.Awaiter:GetResult() (at E:/Unity/Projects/Work/FeatherLandNew/Assets/Plugins/UniTask/Runtime/UniTask.cs:317)
Cysharp.Threading.Tasks.Internal.ContinuationQueue:RunCore() (at E:/Unity/Projects/Work/FeatherLandNew/Assets/Plugins/UniTask/Runtime/Internal/ContinuationQueue.cs:194)

  - Spanish: 623 个翻译条目
UnityEngine.DebugLogHandler:Internal_Log(LogType, LogOption, String, Object)
UnityEngine.Logger:Log(LogType, Object)
UnityEngine.Debug:Log(Object)
BirdGame.LoadGameCommand:OnLocalizationConfigComplete(LocalizationConfig) (at E:/Unity/Projects/Work/FeatherLandNew/Assets/Scripts/New/Commands/LoadGameCommand.cs:92)
UnityEngine.UI.CoroutineTween.FloatTween:get_duration() (at ./Library/PackageCache/com.unity.ugui@aa507f3228f0/Runtime/UGUI/UI/Animation/CoroutineTween.cs:142)
System.Threading.ExecutionContext:RunInternal(ExecutionContext, ContextCallback, Object, Boolean)
System.Runtime.CompilerServices.MoveNextRunner:Run()
Cysharp.Threading.Tasks.Awaiter:GetResult() (at E:/Unity/Projects/Work/FeatherLandNew/Assets/Plugins/UniTask/Runtime/UniTask.cs:317)
Cysharp.Threading.Tasks.Internal.ContinuationQueue:RunCore() (at E:/Unity/Projects/Work/FeatherLandNew/Assets/Plugins/UniTask/Runtime/Internal/ContinuationQueue.cs:194)

当前Windows系统语言: ChineseSimplified
UnityEngine.DebugLogHandler:Internal_Log(LogType, LogOption, String, Object)
UnityEngine.Logger:Log(LogType, Object)
UnityEngine.Debug:Log(Object)
BirdGame.SettingData:.ctor() (at E:/Unity/Projects/Work/FeatherLandNew/Assets/Scripts/New/Models/ISaveModel.cs:95)
UnityEngine.JsonUtility:FromJsonInternal(String, Object, Type)
UnityEngine.JsonUtility:FromJson(String)
BirdGame.SaveSystem:GetData(String) (at E:/Unity/Projects/Work/FeatherLandNew/Assets/Scripts/New/Systems/ISaveSystem.cs:122)
BirdGame.SaveSystem:InitData() (at E:/Unity/Projects/Work/FeatherLandNew/Assets/Scripts/New/Systems/ISaveSystem.cs:269)
BirdGame.LoadGameCommand:OnMapConfigComplete(MapConfig) (at E:/Unity/Projects/Work/FeatherLandNew/Assets/Scripts/New/Commands/LoadGameCommand.cs:104)
UnityEngine.UI.CoroutineTween.FloatTween:get_duration() (at ./Library/PackageCache/com.unity.ugui@aa507f3228f0/Runtime/UGUI/UI/Animation/CoroutineTween.cs:142)
System.Threading.ExecutionContext:RunInternal(ExecutionContext, ContextCallback, Object, Boolean)
System.Runtime.CompilerServices.MoveNextRunner:Run()
Cysharp.Threading.Tasks.Awaiter:GetResult() (at E:/Unity/Projects/Work/FeatherLandNew/Assets/Plugins/UniTask/Runtime/UniTask.cs:317)
Cysharp.Threading.Tasks.Internal.ContinuationQueue:RunCore() (at E:/Unity/Projects/Work/FeatherLandNew/Assets/Plugins/UniTask/Runtime/Internal/ContinuationQueue.cs:194)

Unloading 5 Unused Serialized files (Serialized files now loaded: 45)
场景加载完成
UnityEngine.DebugLogHandler:Internal_Log(LogType, LogOption, String, Object)
UnityEngine.Logger:Log(LogType, Object)
UnityEngine.Debug:Log(Object)
BirdGame.<>c__DisplayClass3_0:<LoadScene>b__0(GameObject) (at E:/Unity/Projects/Work/FeatherLandNew/Assets/Scripts/New/Systems/ISceneSystem.cs:42)
UnityEngine.UI.CoroutineTween.FloatTween:get_duration() (at ./Library/PackageCache/com.unity.ugui@aa507f3228f0/Runtime/UGUI/UI/Animation/CoroutineTween.cs:142)
Cysharp.Threading.Tasks.CompilerServices.AsyncUniTaskMethodBuilder:Start(TStateMachine&) (at E:/Unity/Projects/Work/FeatherLandNew/Assets/Plugins/UniTask/Runtime/CompilerServices/AsyncUniTaskMethodBuilder.cs:112)
UnityEngine.AddressableAssets.AssetReference:LoadAssetAsync() (at ./Library/PackageCache/com.unity.addressables@d929cbc70804/Runtime/AssetReference.cs:558)
BirdGame.SceneSystem:LoadScene(Int32, Action`1, Action) (at E:/Unity/Projects/Work/FeatherLandNew/Assets/Scripts/New/Systems/ISceneSystem.cs:44)
BirdGame.LoadGameCommand:OnMapConfigComplete(MapConfig) (at E:/Unity/Projects/Work/FeatherLandNew/Assets/Scripts/New/Commands/LoadGameCommand.cs:142)
UnityEngine.UI.CoroutineTween.FloatTween:get_duration() (at ./Library/PackageCache/com.unity.ugui@aa507f3228f0/Runtime/UGUI/UI/Animation/CoroutineTween.cs:142)
System.Threading.ExecutionContext:RunInternal(ExecutionContext, ContextCallback, Object, Boolean)
System.Runtime.CompilerServices.MoveNextRunner:Run()
Cysharp.Threading.Tasks.Awaiter:GetResult() (at E:/Unity/Projects/Work/FeatherLandNew/Assets/Plugins/UniTask/Runtime/UniTask.cs:317)
Cysharp.Threading.Tasks.Internal.ContinuationQueue:RunCore() (at E:/Unity/Projects/Work/FeatherLandNew/Assets/Plugins/UniTask/Runtime/Internal/ContinuationQueue.cs:194)

🎮 开始预加载常用资源...
UnityEngine.DebugLogHandler:Internal_Log(LogType, LogOption, String, Object)
UnityEngine.Logger:Log(LogType, Object)
UnityEngine.Debug:Log(Object)
BirdGame.<PreloadCommonAssets>d__3:MoveNext() (at E:/Unity/Projects/Work/FeatherLandNew/Assets/Scripts/New/Systems/AssetPreloadSystem.cs:41)
Cysharp.Threading.Tasks.CompilerServices.AsyncUniTaskMethodBuilder:Start(TStateMachine&) (at E:/Unity/Projects/Work/FeatherLandNew/Assets/Plugins/UniTask/Runtime/CompilerServices/AsyncUniTaskMethodBuilder.cs:111)
BirdGame.<PreloadCommonAssetsAsync>d__15:MoveNext() (at E:/Unity/Projects/Work/FeatherLandNew/Assets/Scripts/New/Commands/LoadGameCommand.cs:383)
Cysharp.Threading.Tasks.CompilerServices.AsyncUniTaskMethodBuilder:Start(TStateMachine&) (at E:/Unity/Projects/Work/FeatherLandNew/Assets/Plugins/UniTask/Runtime/CompilerServices/AsyncUniTaskMethodBuilder.cs:112)
BirdGame.LoadGameCommand:InitializeDefaultFood() (at E:/Unity/Projects/Work/FeatherLandNew/Assets/Scripts/New/Commands/LoadGameCommand.cs:347)
BirdGame.LoadGameCommand:OnAllLoaded() (at E:/Unity/Projects/Work/FeatherLandNew/Assets/Scripts/New/Commands/LoadGameCommand.cs:152)
BirdGame.AssetSystem:get_AssetRefAtlasReferenceCounts() (at E:/Unity/Projects/Work/FeatherLandNew/Assets/Scripts/New/Systems/IAssetSystem.cs:92)
BirdGame.<>c__DisplayClass3_0:<LoadScene>b__0(GameObject) (at E:/Unity/Projects/Work/FeatherLandNew/Assets/Scripts/New/Systems/ISceneSystem.cs:43)
UnityEngine.UI.CoroutineTween.FloatTween:get_duration() (at ./Library/PackageCache/com.unity.ugui@aa507f3228f0/Runtime/UGUI/UI/Animation/CoroutineTween.cs:142)
Cysharp.Threading.Tasks.CompilerServices.AsyncUniTaskMethodBuilder:Start(TStateMachine&) (at E:/Unity/Projects/Work/FeatherLandNew/Assets/Plugins/UniTask/Runtime/CompilerServices/AsyncUniTaskMethodBuilder.cs:112)
UnityEngine.AddressableAssets.AssetReference:LoadAssetAsync() (at ./Library/PackageCache/com.unity.addressables@d929cbc70804/Runtime/AssetReference.cs:558)
BirdGame.SceneSystem:LoadScene(Int32, Action`1, Action) (at E:/Unity/Projects/Work/FeatherLandNew/Assets/Scripts/New/Systems/ISceneSystem.cs:44)
BirdGame.LoadGameCommand:OnMapConfigComplete(MapConfig) (at E:/Unity/Projects/Work/FeatherLandNew/Assets/Scripts/New/Commands/LoadGameCommand.cs:142)
UnityEngine.UI.CoroutineTween.FloatTween:get_duration() (at ./Library/PackageCache/com.unity.ugui@aa507f3228f0/Runtime/UGUI/UI/Animation/CoroutineTween.cs:142)
System.Threading.ExecutionContext:RunInternal(ExecutionContext, ContextCallback, Object, Boolean)
System.Runtime.CompilerServices.MoveNextRunner:Run()
Cysharp.Threading.Tasks.Awaiter:GetResult() (at E:/Unity/Projects/Work/FeatherLandNew/Assets/Plugins/UniTask/Runtime/UniTask.cs:317)
Cysharp.Threading.Tasks.Internal.ContinuationQueue:RunCore() (at E:/Unity/Projects/Work/FeatherLandNew/Assets/Plugins/UniTask/Runtime/Internal/ContinuationQueue.cs:194)

加载鸟
UnityEngine.DebugLogHandler:Internal_Log(LogType, LogOption, String, Object)
UnityEngine.Logger:Log(LogType, Object)
UnityEngine.Debug:Log(Object)
BirdGame.BirdSystem:GenerateBirdsFromSave() (at E:/Unity/Projects/Work/FeatherLandNew/Assets/Scripts/New/Systems/IBirdSystem.cs:185)
BirdGame.LoadGameCommand:OnAllLoaded() (at E:/Unity/Projects/Work/FeatherLandNew/Assets/Scripts/New/Commands/LoadGameCommand.cs:155)
BirdGame.AssetSystem:get_AssetRefAtlasReferenceCounts() (at E:/Unity/Projects/Work/FeatherLandNew/Assets/Scripts/New/Systems/IAssetSystem.cs:92)
BirdGame.<>c__DisplayClass3_0:<LoadScene>b__0(GameObject) (at E:/Unity/Projects/Work/FeatherLandNew/Assets/Scripts/New/Systems/ISceneSystem.cs:43)
UnityEngine.UI.CoroutineTween.FloatTween:get_duration() (at ./Library/PackageCache/com.unity.ugui@aa507f3228f0/Runtime/UGUI/UI/Animation/CoroutineTween.cs:142)
Cysharp.Threading.Tasks.CompilerServices.AsyncUniTaskMethodBuilder:Start(TStateMachine&) (at E:/Unity/Projects/Work/FeatherLandNew/Assets/Plugins/UniTask/Runtime/CompilerServices/AsyncUniTaskMethodBuilder.cs:112)
UnityEngine.AddressableAssets.AssetReference:LoadAssetAsync() (at ./Library/PackageCache/com.unity.addressables@d929cbc70804/Runtime/AssetReference.cs:558)
BirdGame.SceneSystem:LoadScene(Int32, Action`1, Action) (at E:/Unity/Projects/Work/FeatherLandNew/Assets/Scripts/New/Systems/ISceneSystem.cs:44)
BirdGame.LoadGameCommand:OnMapConfigComplete(MapConfig) (at E:/Unity/Projects/Work/FeatherLandNew/Assets/Scripts/New/Commands/LoadGameCommand.cs:142)
UnityEngine.UI.CoroutineTween.FloatTween:get_duration() (at ./Library/PackageCache/com.unity.ugui@aa507f3228f0/Runtime/UGUI/UI/Animation/CoroutineTween.cs:142)
System.Threading.ExecutionContext:RunInternal(ExecutionContext, ContextCallback, Object, Boolean)
System.Runtime.CompilerServices.MoveNextRunner:Run()
Cysharp.Threading.Tasks.Awaiter:GetResult() (at E:/Unity/Projects/Work/FeatherLandNew/Assets/Plugins/UniTask/Runtime/UniTask.cs:317)
Cysharp.Threading.Tasks.Internal.ContinuationQueue:RunCore() (at E:/Unity/Projects/Work/FeatherLandNew/Assets/Plugins/UniTask/Runtime/Internal/ContinuationQueue.cs:194)

鸟蛋数量:0
UnityEngine.DebugLogHandler:Internal_Log(LogType, LogOption, String, Object)
UnityEngine.Logger:Log(LogType, Object)
UnityEngine.Debug:Log(Object)
BirdGame.BirdSystem:GenerateBirdsFromSave() (at E:/Unity/Projects/Work/FeatherLandNew/Assets/Scripts/New/Systems/IBirdSystem.cs:211)
BirdGame.LoadGameCommand:OnAllLoaded() (at E:/Unity/Projects/Work/FeatherLandNew/Assets/Scripts/New/Commands/LoadGameCommand.cs:155)
BirdGame.AssetSystem:get_AssetRefAtlasReferenceCounts() (at E:/Unity/Projects/Work/FeatherLandNew/Assets/Scripts/New/Systems/IAssetSystem.cs:92)
BirdGame.<>c__DisplayClass3_0:<LoadScene>b__0(GameObject) (at E:/Unity/Projects/Work/FeatherLandNew/Assets/Scripts/New/Systems/ISceneSystem.cs:43)
UnityEngine.UI.CoroutineTween.FloatTween:get_duration() (at ./Library/PackageCache/com.unity.ugui@aa507f3228f0/Runtime/UGUI/UI/Animation/CoroutineTween.cs:142)
Cysharp.Threading.Tasks.CompilerServices.AsyncUniTaskMethodBuilder:Start(TStateMachine&) (at E:/Unity/Projects/Work/FeatherLandNew/Assets/Plugins/UniTask/Runtime/CompilerServices/AsyncUniTaskMethodBuilder.cs:112)
UnityEngine.AddressableAssets.AssetReference:LoadAssetAsync() (at ./Library/PackageCache/com.unity.addressables@d929cbc70804/Runtime/AssetReference.cs:558)
BirdGame.SceneSystem:LoadScene(Int32, Action`1, Action) (at E:/Unity/Projects/Work/FeatherLandNew/Assets/Scripts/New/Systems/ISceneSystem.cs:44)
BirdGame.LoadGameCommand:OnMapConfigComplete(MapConfig) (at E:/Unity/Projects/Work/FeatherLandNew/Assets/Scripts/New/Commands/LoadGameCommand.cs:142)
UnityEngine.UI.CoroutineTween.FloatTween:get_duration() (at ./Library/PackageCache/com.unity.ugui@aa507f3228f0/Runtime/UGUI/UI/Animation/CoroutineTween.cs:142)
System.Threading.ExecutionContext:RunInternal(ExecutionContext, ContextCallback, Object, Boolean)
System.Runtime.CompilerServices.MoveNextRunner:Run()
Cysharp.Threading.Tasks.Awaiter:GetResult() (at E:/Unity/Projects/Work/FeatherLandNew/Assets/Plugins/UniTask/Runtime/UniTask.cs:317)
Cysharp.Threading.Tasks.Internal.ContinuationQueue:RunCore() (at E:/Unity/Projects/Work/FeatherLandNew/Assets/Plugins/UniTask/Runtime/Internal/ContinuationQueue.cs:194)

💾 开始初始化环境音效，存档中的音量数据：1.00, 1.00, 0.00, 0.00, 0.00, 0.00, 0.00
UnityEngine.DebugLogHandler:Internal_Log(LogType, LogOption, String, Object)
UnityEngine.Logger:Log(LogType, Object)
UnityEngine.Debug:Log(Object)
BirdGame.AudioSystem:InitEnvironments() (at E:/Unity/Projects/Work/FeatherLandNew/Assets/Scripts/New/Systems/IAudioSystem.cs:458)
BirdGame.LoadGameCommand:OnAllLoaded() (at E:/Unity/Projects/Work/FeatherLandNew/Assets/Scripts/New/Commands/LoadGameCommand.cs:162)
BirdGame.AssetSystem:get_AssetRefAtlasReferenceCounts() (at E:/Unity/Projects/Work/FeatherLandNew/Assets/Scripts/New/Systems/IAssetSystem.cs:92)
BirdGame.<>c__DisplayClass3_0:<LoadScene>b__0(GameObject) (at E:/Unity/Projects/Work/FeatherLandNew/Assets/Scripts/New/Systems/ISceneSystem.cs:43)
UnityEngine.UI.CoroutineTween.FloatTween:get_duration() (at ./Library/PackageCache/com.unity.ugui@aa507f3228f0/Runtime/UGUI/UI/Animation/CoroutineTween.cs:142)
Cysharp.Threading.Tasks.CompilerServices.AsyncUniTaskMethodBuilder:Start(TStateMachine&) (at E:/Unity/Projects/Work/FeatherLandNew/Assets/Plugins/UniTask/Runtime/CompilerServices/AsyncUniTaskMethodBuilder.cs:112)
UnityEngine.AddressableAssets.AssetReference:LoadAssetAsync() (at ./Library/PackageCache/com.unity.addressables@d929cbc70804/Runtime/AssetReference.cs:558)
BirdGame.SceneSystem:LoadScene(Int32, Action`1, Action) (at E:/Unity/Projects/Work/FeatherLandNew/Assets/Scripts/New/Systems/ISceneSystem.cs:44)
BirdGame.LoadGameCommand:OnMapConfigComplete(MapConfig) (at E:/Unity/Projects/Work/FeatherLandNew/Assets/Scripts/New/Commands/LoadGameCommand.cs:142)
UnityEngine.UI.CoroutineTween.FloatTween:get_duration() (at ./Library/PackageCache/com.unity.ugui@aa507f3228f0/Runtime/UGUI/UI/Animation/CoroutineTween.cs:142)
System.Threading.ExecutionContext:RunInternal(ExecutionContext, ContextCallback, Object, Boolean)
System.Runtime.CompilerServices.MoveNextRunner:Run()
Cysharp.Threading.Tasks.Awaiter:GetResult() (at E:/Unity/Projects/Work/FeatherLandNew/Assets/Plugins/UniTask/Runtime/UniTask.cs:317)
Cysharp.Threading.Tasks.Internal.ContinuationQueue:RunCore() (at E:/Unity/Projects/Work/FeatherLandNew/Assets/Plugins/UniTask/Runtime/Internal/ContinuationQueue.cs:194)

📢 环境音 [0] Wind: 从存档加载 100%
UnityEngine.DebugLogHandler:Internal_Log(LogType, LogOption, String, Object)
UnityEngine.Logger:Log(LogType, Object)
UnityEngine.Debug:Log(Object)
BirdGame.AudioSystem:InitEnvironments() (at E:/Unity/Projects/Work/FeatherLandNew/Assets/Scripts/New/Systems/IAudioSystem.cs:499)
BirdGame.LoadGameCommand:OnAllLoaded() (at E:/Unity/Projects/Work/FeatherLandNew/Assets/Scripts/New/Commands/LoadGameCommand.cs:162)
BirdGame.AssetSystem:get_AssetRefAtlasReferenceCounts() (at E:/Unity/Projects/Work/FeatherLandNew/Assets/Scripts/New/Systems/IAssetSystem.cs:92)
BirdGame.<>c__DisplayClass3_0:<LoadScene>b__0(GameObject) (at E:/Unity/Projects/Work/FeatherLandNew/Assets/Scripts/New/Systems/ISceneSystem.cs:43)
UnityEngine.UI.CoroutineTween.FloatTween:get_duration() (at ./Library/PackageCache/com.unity.ugui@aa507f3228f0/Runtime/UGUI/UI/Animation/CoroutineTween.cs:142)
Cysharp.Threading.Tasks.CompilerServices.AsyncUniTaskMethodBuilder:Start(TStateMachine&) (at E:/Unity/Projects/Work/FeatherLandNew/Assets/Plugins/UniTask/Runtime/CompilerServices/AsyncUniTaskMethodBuilder.cs:112)
UnityEngine.AddressableAssets.AssetReference:LoadAssetAsync() (at ./Library/PackageCache/com.unity.addressables@d929cbc70804/Runtime/AssetReference.cs:558)
BirdGame.SceneSystem:LoadScene(Int32, Action`1, Action) (at E:/Unity/Projects/Work/FeatherLandNew/Assets/Scripts/New/Systems/ISceneSystem.cs:44)
BirdGame.LoadGameCommand:OnMapConfigComplete(MapConfig) (at E:/Unity/Projects/Work/FeatherLandNew/Assets/Scripts/New/Commands/LoadGameCommand.cs:142)
UnityEngine.UI.CoroutineTween.FloatTween:get_duration() (at ./Library/PackageCache/com.unity.ugui@aa507f3228f0/Runtime/UGUI/UI/Animation/CoroutineTween.cs:142)
System.Threading.ExecutionContext:RunInternal(ExecutionContext, ContextCallback, Object, Boolean)
System.Runtime.CompilerServices.MoveNextRunner:Run()
Cysharp.Threading.Tasks.Awaiter:GetResult() (at E:/Unity/Projects/Work/FeatherLandNew/Assets/Plugins/UniTask/Runtime/UniTask.cs:317)
Cysharp.Threading.Tasks.Internal.ContinuationQueue:RunCore() (at E:/Unity/Projects/Work/FeatherLandNew/Assets/Plugins/UniTask/Runtime/Internal/ContinuationQueue.cs:194)

📢 环境音 [1] Bird: 从存档加载 100%
UnityEngine.DebugLogHandler:Internal_Log(LogType, LogOption, String, Object)
UnityEngine.Logger:Log(LogType, Object)
UnityEngine.Debug:Log(Object)
BirdGame.AudioSystem:InitEnvironments() (at E:/Unity/Projects/Work/FeatherLandNew/Assets/Scripts/New/Systems/IAudioSystem.cs:499)
BirdGame.LoadGameCommand:OnAllLoaded() (at E:/Unity/Projects/Work/FeatherLandNew/Assets/Scripts/New/Commands/LoadGameCommand.cs:162)
BirdGame.AssetSystem:get_AssetRefAtlasReferenceCounts() (at E:/Unity/Projects/Work/FeatherLandNew/Assets/Scripts/New/Systems/IAssetSystem.cs:92)
BirdGame.<>c__DisplayClass3_0:<LoadScene>b__0(GameObject) (at E:/Unity/Projects/Work/FeatherLandNew/Assets/Scripts/New/Systems/ISceneSystem.cs:43)
UnityEngine.UI.CoroutineTween.FloatTween:get_duration() (at ./Library/PackageCache/com.unity.ugui@aa507f3228f0/Runtime/UGUI/UI/Animation/CoroutineTween.cs:142)
Cysharp.Threading.Tasks.CompilerServices.AsyncUniTaskMethodBuilder:Start(TStateMachine&) (at E:/Unity/Projects/Work/FeatherLandNew/Assets/Plugins/UniTask/Runtime/CompilerServices/AsyncUniTaskMethodBuilder.cs:112)
UnityEngine.AddressableAssets.AssetReference:LoadAssetAsync() (at ./Library/PackageCache/com.unity.addressables@d929cbc70804/Runtime/AssetReference.cs:558)
BirdGame.SceneSystem:LoadScene(Int32, Action`1, Action) (at E:/Unity/Projects/Work/FeatherLandNew/Assets/Scripts/New/Systems/ISceneSystem.cs:44)
BirdGame.LoadGameCommand:OnMapConfigComplete(MapConfig) (at E:/Unity/Projects/Work/FeatherLandNew/Assets/Scripts/New/Commands/LoadGameCommand.cs:142)
UnityEngine.UI.CoroutineTween.FloatTween:get_duration() (at ./Library/PackageCache/com.unity.ugui@aa507f3228f0/Runtime/UGUI/UI/Animation/CoroutineTween.cs:142)
System.Threading.ExecutionContext:RunInternal(ExecutionContext, ContextCallback, Object, Boolean)
System.Runtime.CompilerServices.MoveNextRunner:Run()
Cysharp.Threading.Tasks.Awaiter:GetResult() (at E:/Unity/Projects/Work/FeatherLandNew/Assets/Plugins/UniTask/Runtime/UniTask.cs:317)
Cysharp.Threading.Tasks.Internal.ContinuationQueue:RunCore() (at E:/Unity/Projects/Work/FeatherLandNew/Assets/Plugins/UniTask/Runtime/Internal/ContinuationQueue.cs:194)

📢 环境音 [2] Rain: 从存档加载 0%
UnityEngine.DebugLogHandler:Internal_Log(LogType, LogOption, String, Object)
UnityEngine.Logger:Log(LogType, Object)
UnityEngine.Debug:Log(Object)
BirdGame.AudioSystem:InitEnvironments() (at E:/Unity/Projects/Work/FeatherLandNew/Assets/Scripts/New/Systems/IAudioSystem.cs:499)
BirdGame.LoadGameCommand:OnAllLoaded() (at E:/Unity/Projects/Work/FeatherLandNew/Assets/Scripts/New/Commands/LoadGameCommand.cs:162)
BirdGame.AssetSystem:get_AssetRefAtlasReferenceCounts() (at E:/Unity/Projects/Work/FeatherLandNew/Assets/Scripts/New/Systems/IAssetSystem.cs:92)
BirdGame.<>c__DisplayClass3_0:<LoadScene>b__0(GameObject) (at E:/Unity/Projects/Work/FeatherLandNew/Assets/Scripts/New/Systems/ISceneSystem.cs:43)
UnityEngine.UI.CoroutineTween.FloatTween:get_duration() (at ./Library/PackageCache/com.unity.ugui@aa507f3228f0/Runtime/UGUI/UI/Animation/CoroutineTween.cs:142)
Cysharp.Threading.Tasks.CompilerServices.AsyncUniTaskMethodBuilder:Start(TStateMachine&) (at E:/Unity/Projects/Work/FeatherLandNew/Assets/Plugins/UniTask/Runtime/CompilerServices/AsyncUniTaskMethodBuilder.cs:112)
UnityEngine.AddressableAssets.AssetReference:LoadAssetAsync() (at ./Library/PackageCache/com.unity.addressables@d929cbc70804/Runtime/AssetReference.cs:558)
BirdGame.SceneSystem:LoadScene(Int32, Action`1, Action) (at E:/Unity/Projects/Work/FeatherLandNew/Assets/Scripts/New/Systems/ISceneSystem.cs:44)
BirdGame.LoadGameCommand:OnMapConfigComplete(MapConfig) (at E:/Unity/Projects/Work/FeatherLandNew/Assets/Scripts/New/Commands/LoadGameCommand.cs:142)
UnityEngine.UI.CoroutineTween.FloatTween:get_duration() (at ./Library/PackageCache/com.unity.ugui@aa507f3228f0/Runtime/UGUI/UI/Animation/CoroutineTween.cs:142)
System.Threading.ExecutionContext:RunInternal(ExecutionContext, ContextCallback, Object, Boolean)
System.Runtime.CompilerServices.MoveNextRunner:Run()
Cysharp.Threading.Tasks.Awaiter:GetResult() (at E:/Unity/Projects/Work/FeatherLandNew/Assets/Plugins/UniTask/Runtime/UniTask.cs:317)
Cysharp.Threading.Tasks.Internal.ContinuationQueue:RunCore() (at E:/Unity/Projects/Work/FeatherLandNew/Assets/Plugins/UniTask/Runtime/Internal/ContinuationQueue.cs:194)

📢 环境音 [3] Fire: 从存档加载 0%
UnityEngine.DebugLogHandler:Internal_Log(LogType, LogOption, String, Object)
UnityEngine.Logger:Log(LogType, Object)
UnityEngine.Debug:Log(Object)
BirdGame.AudioSystem:InitEnvironments() (at E:/Unity/Projects/Work/FeatherLandNew/Assets/Scripts/New/Systems/IAudioSystem.cs:499)
BirdGame.LoadGameCommand:OnAllLoaded() (at E:/Unity/Projects/Work/FeatherLandNew/Assets/Scripts/New/Commands/LoadGameCommand.cs:162)
BirdGame.AssetSystem:get_AssetRefAtlasReferenceCounts() (at E:/Unity/Projects/Work/FeatherLandNew/Assets/Scripts/New/Systems/IAssetSystem.cs:92)
BirdGame.<>c__DisplayClass3_0:<LoadScene>b__0(GameObject) (at E:/Unity/Projects/Work/FeatherLandNew/Assets/Scripts/New/Systems/ISceneSystem.cs:43)
UnityEngine.UI.CoroutineTween.FloatTween:get_duration() (at ./Library/PackageCache/com.unity.ugui@aa507f3228f0/Runtime/UGUI/UI/Animation/CoroutineTween.cs:142)
Cysharp.Threading.Tasks.CompilerServices.AsyncUniTaskMethodBuilder:Start(TStateMachine&) (at E:/Unity/Projects/Work/FeatherLandNew/Assets/Plugins/UniTask/Runtime/CompilerServices/AsyncUniTaskMethodBuilder.cs:112)
UnityEngine.AddressableAssets.AssetReference:LoadAssetAsync() (at ./Library/PackageCache/com.unity.addressables@d929cbc70804/Runtime/AssetReference.cs:558)
BirdGame.SceneSystem:LoadScene(Int32, Action`1, Action) (at E:/Unity/Projects/Work/FeatherLandNew/Assets/Scripts/New/Systems/ISceneSystem.cs:44)
BirdGame.LoadGameCommand:OnMapConfigComplete(MapConfig) (at E:/Unity/Projects/Work/FeatherLandNew/Assets/Scripts/New/Commands/LoadGameCommand.cs:142)
UnityEngine.UI.CoroutineTween.FloatTween:get_duration() (at ./Library/PackageCache/com.unity.ugui@aa507f3228f0/Runtime/UGUI/UI/Animation/CoroutineTween.cs:142)
System.Threading.ExecutionContext:RunInternal(ExecutionContext, ContextCallback, Object, Boolean)
System.Runtime.CompilerServices.MoveNextRunner:Run()
Cysharp.Threading.Tasks.Awaiter:GetResult() (at E:/Unity/Projects/Work/FeatherLandNew/Assets/Plugins/UniTask/Runtime/UniTask.cs:317)
Cysharp.Threading.Tasks.Internal.ContinuationQueue:RunCore() (at E:/Unity/Projects/Work/FeatherLandNew/Assets/Plugins/UniTask/Runtime/Internal/ContinuationQueue.cs:194)

📢 环境音 [4] Lightning: 从存档加载 0%
UnityEngine.DebugLogHandler:Internal_Log(LogType, LogOption, String, Object)
UnityEngine.Logger:Log(LogType, Object)
UnityEngine.Debug:Log(Object)
BirdGame.AudioSystem:InitEnvironments() (at E:/Unity/Projects/Work/FeatherLandNew/Assets/Scripts/New/Systems/IAudioSystem.cs:499)
BirdGame.LoadGameCommand:OnAllLoaded() (at E:/Unity/Projects/Work/FeatherLandNew/Assets/Scripts/New/Commands/LoadGameCommand.cs:162)
BirdGame.AssetSystem:get_AssetRefAtlasReferenceCounts() (at E:/Unity/Projects/Work/FeatherLandNew/Assets/Scripts/New/Systems/IAssetSystem.cs:92)
BirdGame.<>c__DisplayClass3_0:<LoadScene>b__0(GameObject) (at E:/Unity/Projects/Work/FeatherLandNew/Assets/Scripts/New/Systems/ISceneSystem.cs:43)
UnityEngine.UI.CoroutineTween.FloatTween:get_duration() (at ./Library/PackageCache/com.unity.ugui@aa507f3228f0/Runtime/UGUI/UI/Animation/CoroutineTween.cs:142)
Cysharp.Threading.Tasks.CompilerServices.AsyncUniTaskMethodBuilder:Start(TStateMachine&) (at E:/Unity/Projects/Work/FeatherLandNew/Assets/Plugins/UniTask/Runtime/CompilerServices/AsyncUniTaskMethodBuilder.cs:112)
UnityEngine.AddressableAssets.AssetReference:LoadAssetAsync() (at ./Library/PackageCache/com.unity.addressables@d929cbc70804/Runtime/AssetReference.cs:558)
BirdGame.SceneSystem:LoadScene(Int32, Action`1, Action) (at E:/Unity/Projects/Work/FeatherLandNew/Assets/Scripts/New/Systems/ISceneSystem.cs:44)
BirdGame.LoadGameCommand:OnMapConfigComplete(MapConfig) (at E:/Unity/Projects/Work/FeatherLandNew/Assets/Scripts/New/Commands/LoadGameCommand.cs:142)
UnityEngine.UI.CoroutineTween.FloatTween:get_duration() (at ./Library/PackageCache/com.unity.ugui@aa507f3228f0/Runtime/UGUI/UI/Animation/CoroutineTween.cs:142)
System.Threading.ExecutionContext:RunInternal(ExecutionContext, ContextCallback, Object, Boolean)
System.Runtime.CompilerServices.MoveNextRunner:Run()
Cysharp.Threading.Tasks.Awaiter:GetResult() (at E:/Unity/Projects/Work/FeatherLandNew/Assets/Plugins/UniTask/Runtime/UniTask.cs:317)
Cysharp.Threading.Tasks.Internal.ContinuationQueue:RunCore() (at E:/Unity/Projects/Work/FeatherLandNew/Assets/Plugins/UniTask/Runtime/Internal/ContinuationQueue.cs:194)

📢 环境音 [5] River: 从存档加载 0%
UnityEngine.DebugLogHandler:Internal_Log(LogType, LogOption, String, Object)
UnityEngine.Logger:Log(LogType, Object)
UnityEngine.Debug:Log(Object)
BirdGame.AudioSystem:InitEnvironments() (at E:/Unity/Projects/Work/FeatherLandNew/Assets/Scripts/New/Systems/IAudioSystem.cs:499)
BirdGame.LoadGameCommand:OnAllLoaded() (at E:/Unity/Projects/Work/FeatherLandNew/Assets/Scripts/New/Commands/LoadGameCommand.cs:162)
BirdGame.AssetSystem:get_AssetRefAtlasReferenceCounts() (at E:/Unity/Projects/Work/FeatherLandNew/Assets/Scripts/New/Systems/IAssetSystem.cs:92)
BirdGame.<>c__DisplayClass3_0:<LoadScene>b__0(GameObject) (at E:/Unity/Projects/Work/FeatherLandNew/Assets/Scripts/New/Systems/ISceneSystem.cs:43)
UnityEngine.UI.CoroutineTween.FloatTween:get_duration() (at ./Library/PackageCache/com.unity.ugui@aa507f3228f0/Runtime/UGUI/UI/Animation/CoroutineTween.cs:142)
Cysharp.Threading.Tasks.CompilerServices.AsyncUniTaskMethodBuilder:Start(TStateMachine&) (at E:/Unity/Projects/Work/FeatherLandNew/Assets/Plugins/UniTask/Runtime/CompilerServices/AsyncUniTaskMethodBuilder.cs:112)
UnityEngine.AddressableAssets.AssetReference:LoadAssetAsync() (at ./Library/PackageCache/com.unity.addressables@d929cbc70804/Runtime/AssetReference.cs:558)
BirdGame.SceneSystem:LoadScene(Int32, Action`1, Action) (at E:/Unity/Projects/Work/FeatherLandNew/Assets/Scripts/New/Systems/ISceneSystem.cs:44)
BirdGame.LoadGameCommand:OnMapConfigComplete(MapConfig) (at E:/Unity/Projects/Work/FeatherLandNew/Assets/Scripts/New/Commands/LoadGameCommand.cs:142)
UnityEngine.UI.CoroutineTween.FloatTween:get_duration() (at ./Library/PackageCache/com.unity.ugui@aa507f3228f0/Runtime/UGUI/UI/Animation/CoroutineTween.cs:142)
System.Threading.ExecutionContext:RunInternal(ExecutionContext, ContextCallback, Object, Boolean)
System.Runtime.CompilerServices.MoveNextRunner:Run()
Cysharp.Threading.Tasks.Awaiter:GetResult() (at E:/Unity/Projects/Work/FeatherLandNew/Assets/Plugins/UniTask/Runtime/UniTask.cs:317)
Cysharp.Threading.Tasks.Internal.ContinuationQueue:RunCore() (at E:/Unity/Projects/Work/FeatherLandNew/Assets/Plugins/UniTask/Runtime/Internal/ContinuationQueue.cs:194)

📢 环境音 [6] Snow: 从存档加载 0%
UnityEngine.DebugLogHandler:Internal_Log(LogType, LogOption, String, Object)
UnityEngine.Logger:Log(LogType, Object)
UnityEngine.Debug:Log(Object)
BirdGame.AudioSystem:InitEnvironments() (at E:/Unity/Projects/Work/FeatherLandNew/Assets/Scripts/New/Systems/IAudioSystem.cs:499)
BirdGame.LoadGameCommand:OnAllLoaded() (at E:/Unity/Projects/Work/FeatherLandNew/Assets/Scripts/New/Commands/LoadGameCommand.cs:162)
BirdGame.AssetSystem:get_AssetRefAtlasReferenceCounts() (at E:/Unity/Projects/Work/FeatherLandNew/Assets/Scripts/New/Systems/IAssetSystem.cs:92)
BirdGame.<>c__DisplayClass3_0:<LoadScene>b__0(GameObject) (at E:/Unity/Projects/Work/FeatherLandNew/Assets/Scripts/New/Systems/ISceneSystem.cs:43)
UnityEngine.UI.CoroutineTween.FloatTween:get_duration() (at ./Library/PackageCache/com.unity.ugui@aa507f3228f0/Runtime/UGUI/UI/Animation/CoroutineTween.cs:142)
Cysharp.Threading.Tasks.CompilerServices.AsyncUniTaskMethodBuilder:Start(TStateMachine&) (at E:/Unity/Projects/Work/FeatherLandNew/Assets/Plugins/UniTask/Runtime/CompilerServices/AsyncUniTaskMethodBuilder.cs:112)
UnityEngine.AddressableAssets.AssetReference:LoadAssetAsync() (at ./Library/PackageCache/com.unity.addressables@d929cbc70804/Runtime/AssetReference.cs:558)
BirdGame.SceneSystem:LoadScene(Int32, Action`1, Action) (at E:/Unity/Projects/Work/FeatherLandNew/Assets/Scripts/New/Systems/ISceneSystem.cs:44)
BirdGame.LoadGameCommand:OnMapConfigComplete(MapConfig) (at E:/Unity/Projects/Work/FeatherLandNew/Assets/Scripts/New/Commands/LoadGameCommand.cs:142)
UnityEngine.UI.CoroutineTween.FloatTween:get_duration() (at ./Library/PackageCache/com.unity.ugui@aa507f3228f0/Runtime/UGUI/UI/Animation/CoroutineTween.cs:142)
System.Threading.ExecutionContext:RunInternal(ExecutionContext, ContextCallback, Object, Boolean)
System.Runtime.CompilerServices.MoveNextRunner:Run()
Cysharp.Threading.Tasks.Awaiter:GetResult() (at E:/Unity/Projects/Work/FeatherLandNew/Assets/Plugins/UniTask/Runtime/UniTask.cs:317)
Cysharp.Threading.Tasks.Internal.ContinuationQueue:RunCore() (at E:/Unity/Projects/Work/FeatherLandNew/Assets/Plugins/UniTask/Runtime/Internal/ContinuationQueue.cs:194)

✅ 环境音效初始化完成！
UnityEngine.DebugLogHandler:Internal_Log(LogType, LogOption, String, Object)
UnityEngine.Logger:Log(LogType, Object)
UnityEngine.Debug:Log(Object)
BirdGame.AudioSystem:InitEnvironments() (at E:/Unity/Projects/Work/FeatherLandNew/Assets/Scripts/New/Systems/IAudioSystem.cs:542)
BirdGame.LoadGameCommand:OnAllLoaded() (at E:/Unity/Projects/Work/FeatherLandNew/Assets/Scripts/New/Commands/LoadGameCommand.cs:162)
BirdGame.AssetSystem:get_AssetRefAtlasReferenceCounts() (at E:/Unity/Projects/Work/FeatherLandNew/Assets/Scripts/New/Systems/IAssetSystem.cs:92)
BirdGame.<>c__DisplayClass3_0:<LoadScene>b__0(GameObject) (at E:/Unity/Projects/Work/FeatherLandNew/Assets/Scripts/New/Systems/ISceneSystem.cs:43)
UnityEngine.UI.CoroutineTween.FloatTween:get_duration() (at ./Library/PackageCache/com.unity.ugui@aa507f3228f0/Runtime/UGUI/UI/Animation/CoroutineTween.cs:142)
Cysharp.Threading.Tasks.CompilerServices.AsyncUniTaskMethodBuilder:Start(TStateMachine&) (at E:/Unity/Projects/Work/FeatherLandNew/Assets/Plugins/UniTask/Runtime/CompilerServices/AsyncUniTaskMethodBuilder.cs:112)
UnityEngine.AddressableAssets.AssetReference:LoadAssetAsync() (at ./Library/PackageCache/com.unity.addressables@d929cbc70804/Runtime/AssetReference.cs:558)
BirdGame.SceneSystem:LoadScene(Int32, Action`1, Action) (at E:/Unity/Projects/Work/FeatherLandNew/Assets/Scripts/New/Systems/ISceneSystem.cs:44)
BirdGame.LoadGameCommand:OnMapConfigComplete(MapConfig) (at E:/Unity/Projects/Work/FeatherLandNew/Assets/Scripts/New/Commands/LoadGameCommand.cs:142)
UnityEngine.UI.CoroutineTween.FloatTween:get_duration() (at ./Library/PackageCache/com.unity.ugui@aa507f3228f0/Runtime/UGUI/UI/Animation/CoroutineTween.cs:142)
System.Threading.ExecutionContext:RunInternal(ExecutionContext, ContextCallback, Object, Boolean)
System.Runtime.CompilerServices.MoveNextRunner:Run()
Cysharp.Threading.Tasks.Awaiter:GetResult() (at E:/Unity/Projects/Work/FeatherLandNew/Assets/Plugins/UniTask/Runtime/UniTask.cs:317)
Cysharp.Threading.Tasks.Internal.ContinuationQueue:RunCore() (at E:/Unity/Projects/Work/FeatherLandNew/Assets/Plugins/UniTask/Runtime/Internal/ContinuationQueue.cs:194)

已释放非当前场景(保留Scene0)、装饰容器、开蛋动画和16个Popup的预加载资源
UnityEngine.DebugLogHandler:Internal_Log(LogType, LogOption, String, Object)
UnityEngine.Logger:Log(LogType, Object)
UnityEngine.Debug:Log(Object)
BirdGame.LoadGameCommand:ReleaseUnusedPreloadedAssets() (at E:/Unity/Projects/Work/FeatherLandNew/Assets/Scripts/New/Commands/LoadGameCommand.cs:253)
BirdGame.LoadGameCommand:OnAllLoaded() (at E:/Unity/Projects/Work/FeatherLandNew/Assets/Scripts/New/Commands/LoadGameCommand.cs:189)
BirdGame.AssetSystem:get_AssetRefAtlasReferenceCounts() (at E:/Unity/Projects/Work/FeatherLandNew/Assets/Scripts/New/Systems/IAssetSystem.cs:92)
BirdGame.<>c__DisplayClass3_0:<LoadScene>b__0(GameObject) (at E:/Unity/Projects/Work/FeatherLandNew/Assets/Scripts/New/Systems/ISceneSystem.cs:43)
UnityEngine.UI.CoroutineTween.FloatTween:get_duration() (at ./Library/PackageCache/com.unity.ugui@aa507f3228f0/Runtime/UGUI/UI/Animation/CoroutineTween.cs:142)
Cysharp.Threading.Tasks.CompilerServices.AsyncUniTaskMethodBuilder:Start(TStateMachine&) (at E:/Unity/Projects/Work/FeatherLandNew/Assets/Plugins/UniTask/Runtime/CompilerServices/AsyncUniTaskMethodBuilder.cs:112)
UnityEngine.AddressableAssets.AssetReference:LoadAssetAsync() (at ./Library/PackageCache/com.unity.addressables@d929cbc70804/Runtime/AssetReference.cs:558)
BirdGame.SceneSystem:LoadScene(Int32, Action`1, Action) (at E:/Unity/Projects/Work/FeatherLandNew/Assets/Scripts/New/Systems/ISceneSystem.cs:44)
BirdGame.LoadGameCommand:OnMapConfigComplete(MapConfig) (at E:/Unity/Projects/Work/FeatherLandNew/Assets/Scripts/New/Commands/LoadGameCommand.cs:142)
UnityEngine.UI.CoroutineTween.FloatTween:get_duration() (at ./Library/PackageCache/com.unity.ugui@aa507f3228f0/Runtime/UGUI/UI/Animation/CoroutineTween.cs:142)
System.Threading.ExecutionContext:RunInternal(ExecutionContext, ContextCallback, Object, Boolean)
System.Runtime.CompilerServices.MoveNextRunner:Run()
Cysharp.Threading.Tasks.Awaiter:GetResult() (at E:/Unity/Projects/Work/FeatherLandNew/Assets/Plugins/UniTask/Runtime/UniTask.cs:317)
Cysharp.Threading.Tasks.Internal.ContinuationQueue:RunCore() (at E:/Unity/Projects/Work/FeatherLandNew/Assets/Plugins/UniTask/Runtime/Internal/ContinuationQueue.cs:194)

已清空非当前地图(map0)鸟的clickAudio和scenePreview引用
UnityEngine.DebugLogHandler:Internal_Log(LogType, LogOption, String, Object)
UnityEngine.Logger:Log(LogType, Object)
UnityEngine.Debug:Log(Object)
BirdGame.LoadGameCommand:StripNonCurrentMapBirdAssets() (at E:/Unity/Projects/Work/FeatherLandNew/Assets/Scripts/New/Commands/LoadGameCommand.cs:284)
BirdGame.LoadGameCommand:OnAllLoaded() (at E:/Unity/Projects/Work/FeatherLandNew/Assets/Scripts/New/Commands/LoadGameCommand.cs:191)
BirdGame.AssetSystem:get_AssetRefAtlasReferenceCounts() (at E:/Unity/Projects/Work/FeatherLandNew/Assets/Scripts/New/Systems/IAssetSystem.cs:92)
BirdGame.<>c__DisplayClass3_0:<LoadScene>b__0(GameObject) (at E:/Unity/Projects/Work/FeatherLandNew/Assets/Scripts/New/Systems/ISceneSystem.cs:43)
UnityEngine.UI.CoroutineTween.FloatTween:get_duration() (at ./Library/PackageCache/com.unity.ugui@aa507f3228f0/Runtime/UGUI/UI/Animation/CoroutineTween.cs:142)
Cysharp.Threading.Tasks.CompilerServices.AsyncUniTaskMethodBuilder:Start(TStateMachine&) (at E:/Unity/Projects/Work/FeatherLandNew/Assets/Plugins/UniTask/Runtime/CompilerServices/AsyncUniTaskMethodBuilder.cs:112)
UnityEngine.AddressableAssets.AssetReference:LoadAssetAsync() (at ./Library/PackageCache/com.unity.addressables@d929cbc70804/Runtime/AssetReference.cs:558)
BirdGame.SceneSystem:LoadScene(Int32, Action`1, Action) (at E:/Unity/Projects/Work/FeatherLandNew/Assets/Scripts/New/Systems/ISceneSystem.cs:44)
BirdGame.LoadGameCommand:OnMapConfigComplete(MapConfig) (at E:/Unity/Projects/Work/FeatherLandNew/Assets/Scripts/New/Commands/LoadGameCommand.cs:142)
UnityEngine.UI.CoroutineTween.FloatTween:get_duration() (at ./Library/PackageCache/com.unity.ugui@aa507f3228f0/Runtime/UGUI/UI/Animation/CoroutineTween.cs:142)
System.Threading.ExecutionContext:RunInternal(ExecutionContext, ContextCallback, Object, Boolean)
System.Runtime.CompilerServices.MoveNextRunner:Run()
Cysharp.Threading.Tasks.Awaiter:GetResult() (at E:/Unity/Projects/Work/FeatherLandNew/Assets/Plugins/UniTask/Runtime/UniTask.cs:317)
Cysharp.Threading.Tasks.Internal.ContinuationQueue:RunCore() (at E:/Unity/Projects/Work/FeatherLandNew/Assets/Plugins/UniTask/Runtime/Internal/ContinuationQueue.cs:194)

Sources 5
UnityEngine.DebugLogHandler:Internal_Log(LogType, LogOption, String, Object)
UnityEngine.Logger:Log(LogType, Object)
UnityEngine.Debug:Log(Object)
NavMeshPlus.Extensions.NavMeshBuilder2d:CollectSources(List`1, NavMeshBuilder2dState) (at ./Library/PackageCache/com.h8man.2d.navmeshplus@3fdf1984803c/NavMeshComponents/Scripts/NavMeshBuilder2d.cs:156)
NavMeshPlus.Components.NavMeshSurface:CollectSources(NavMeshBuilderState) (at ./Library/PackageCache/com.h8man.2d.navmeshplus@3fdf1984803c/NavMeshComponents/Scripts/NavMeshSurface.cs:396)
NavMeshPlus.Components.NavMeshSurface:BuildNavMesh() (at ./Library/PackageCache/com.h8man.2d.navmeshplus@3fdf1984803c/NavMeshComponents/Scripts/NavMeshSurface.cs:179)
NavigationManager:RefreshArea() (at E:/Unity/Projects/Work/FeatherLandNew/Assets/Scripts/Managers/NavigationManager.cs:77)

Build
UnityEngine.DebugLogHandler:Internal_Log(LogType, LogOption, String, Object)
UnityEngine.Logger:Log(LogType, Object)
UnityEngine.Debug:Log(Object)

从存档加载的屏幕模式: 2
UnityEngine.DebugLogHandler:Internal_Log(LogType, LogOption, String, Object)
UnityEngine.Logger:Log(LogType, Object)
UnityEngine.Debug:Log(Object)
BirdGame.<InitializeAfterSystems>d__20:MoveNext() (at E:/Unity/Projects/Work/FeatherLandNew/Assets/Scripts/New/ViewController/Game/GameEntry.cs:81)
UnityEngine.SetupCoroutine:InvokeMoveNext(IEnumerator, IntPtr)

SetScreenMode 被调用，模式: 2
UnityEngine.DebugLogHandler:Internal_Log(LogType, LogOption, String, Object)
UnityEngine.Logger:Log(LogType, Object)
UnityEngine.Debug:Log(Object)
BirdGame.GameEntry:SetScreenMode(Int32, Boolean) (at E:/Unity/Projects/Work/FeatherLandNew/Assets/Scripts/New/ViewController/Game/GameEntry.cs:109)
BirdGame.<InitializeAfterSystems>d__20:MoveNext() (at E:/Unity/Projects/Work/FeatherLandNew/Assets/Scripts/New/ViewController/Game/GameEntry.cs:82)
UnityEngine.SetupCoroutine:InvokeMoveNext(IEnumerator, IntPtr)

Init hWnd=1246754, style=349110272, exStyle=256
UnityEngine.DebugLogHandler:Internal_Log(LogType, LogOption, String, Object)
UnityEngine.Logger:Log(LogType, Object)
UnityEngine.Debug:Log(Object)
BirdGame.FullScreenUtility:InitializeWindowHandle() (at E:/Unity/Projects/Work/FeatherLandNew/Assets/Scripts/New/Utility/FullScreenUtility.cs:294)
BirdGame.FullScreenUtility:FullscreenMode() (at E:/Unity/Projects/Work/FeatherLandNew/Assets/Scripts/New/Utility/FullScreenUtility.cs:793)
BirdGame.GameEntry:SetScreenMode(Int32, Boolean) (at E:/Unity/Projects/Work/FeatherLandNew/Assets/Scripts/New/ViewController/Game/GameEntry.cs:141)
BirdGame.<InitializeAfterSystems>d__20:MoveNext() (at E:/Unity/Projects/Work/FeatherLandNew/Assets/Scripts/New/ViewController/Game/GameEntry.cs:82)
UnityEngine.SetupCoroutine:InvokeMoveNext(IEnumerator, IntPtr)

[FullscreenMode] 激活 - 1920x1080
UnityEngine.DebugLogHandler:Internal_Log(LogType, LogOption, String, Object)
UnityEngine.Logger:Log(LogType, Object)
UnityEngine.Debug:Log(Object)
BirdGame.FullScreenUtility:FullscreenMode() (at E:/Unity/Projects/Work/FeatherLandNew/Assets/Scripts/New/Utility/FullScreenUtility.cs:827)
BirdGame.GameEntry:SetScreenMode(Int32, Boolean) (at E:/Unity/Projects/Work/FeatherLandNew/Assets/Scripts/New/ViewController/Game/GameEntry.cs:141)
BirdGame.<InitializeAfterSystems>d__20:MoveNext() (at E:/Unity/Projects/Work/FeatherLandNew/Assets/Scripts/New/ViewController/Game/GameEntry.cs:82)
UnityEngine.SetupCoroutine:InvokeMoveNext(IEnumerator, IntPtr)

[FullscreenMode] SimpleMouseForwarder 已禁用
UnityEngine.DebugLogHandler:Internal_Log(LogType, LogOption, String, Object)
UnityEngine.Logger:Log(LogType, Object)
UnityEngine.Debug:Log(Object)
BirdGame.FullScreenUtility:FullscreenMode() (at E:/Unity/Projects/Work/FeatherLandNew/Assets/Scripts/New/Utility/FullScreenUtility.cs:834)
BirdGame.GameEntry:SetScreenMode(Int32, Boolean) (at E:/Unity/Projects/Work/FeatherLandNew/Assets/Scripts/New/ViewController/Game/GameEntry.cs:141)
BirdGame.<InitializeAfterSystems>d__20:MoveNext() (at E:/Unity/Projects/Work/FeatherLandNew/Assets/Scripts/New/ViewController/Game/GameEntry.cs:82)
UnityEngine.SetupCoroutine:InvokeMoveNext(IEnumerator, IntPtr)

[ActivateWindow] 结果 - Foreground: True, BringToTop: True, Focus: True
UnityEngine.DebugLogHandler:Internal_Log(LogType, LogOption, String, Object)
UnityEngine.Logger:Log(LogType, Object)
UnityEngine.Debug:Log(Object)
BirdGame.FullScreenUtility:ActivateWindow() (at E:/Unity/Projects/Work/FeatherLandNew/Assets/Scripts/New/Utility/FullScreenUtility.cs:323)
BirdGame.GameEntry:SetScreenMode(Int32, Boolean) (at E:/Unity/Projects/Work/FeatherLandNew/Assets/Scripts/New/ViewController/Game/GameEntry.cs:141)
BirdGame.<InitializeAfterSystems>d__20:MoveNext() (at E:/Unity/Projects/Work/FeatherLandNew/Assets/Scripts/New/ViewController/Game/GameEntry.cs:82)
UnityEngine.SetupCoroutine:InvokeMoveNext(IEnumerator, IntPtr)

设置为全屏模式 (45 FPS)
UnityEngine.DebugLogHandler:Internal_Log(LogType, LogOption, String, Object)
UnityEngine.Logger:Log(LogType, Object)
UnityEngine.Debug:Log(Object)
BirdGame.GameEntry:SetScreenMode(Int32, Boolean) (at E:/Unity/Projects/Work/FeatherLandNew/Assets/Scripts/New/ViewController/Game/GameEntry.cs:150)
BirdGame.<InitializeAfterSystems>d__20:MoveNext() (at E:/Unity/Projects/Work/FeatherLandNew/Assets/Scripts/New/ViewController/Game/GameEntry.cs:82)
UnityEngine.SetupCoroutine:InvokeMoveNext(IEnumerator, IntPtr)

Unloading 9369 unused Assets to reduce memory usage. Loaded Objects now: 5764.
Total: 17.589700 ms (FindLiveObjects: 0.605300 ms CreateObjectMapping: 0.771000 ms MarkObjects: 7.567400 ms  DeleteObjects: 8.645500 ms)

Sources 5
UnityEngine.DebugLogHandler:Internal_Log(LogType, LogOption, String, Object)
UnityEngine.Logger:Log(LogType, Object)
UnityEngine.Debug:Log(Object)
NavMeshPlus.Extensions.NavMeshBuilder2d:CollectSources(List`1, NavMeshBuilder2dState) (at ./Library/PackageCache/com.h8man.2d.navmeshplus@3fdf1984803c/NavMeshComponents/Scripts/NavMeshBuilder2d.cs:156)
NavMeshPlus.Components.NavMeshSurface:CollectSources(NavMeshBuilderState) (at ./Library/PackageCache/com.h8man.2d.navmeshplus@3fdf1984803c/NavMeshComponents/Scripts/NavMeshSurface.cs:396)
NavMeshPlus.Components.NavMeshSurface:BuildNavMesh() (at ./Library/PackageCache/com.h8man.2d.navmeshplus@3fdf1984803c/NavMeshComponents/Scripts/NavMeshSurface.cs:179)
NavigationManager:RefreshArea() (at E:/Unity/Projects/Work/FeatherLandNew/Assets/Scripts/Managers/NavigationManager.cs:77)
DG.Tweening.Tween:OnTweenCallback(TweenCallback, Tween)
DG.Tweening.Sequence:ApplyInternalCycle(Sequence, Single, Single, UpdateMode, Boolean, Boolean, Boolean)
DG.Tweening.Sequence:DoApplyTween(Sequence, Single, Int32, Int32, Boolean, UpdateMode)
DG.Tweening.Tween:DoGoto(Tween, Single, Int32, UpdateMode)
DG.Tweening.Core.TweenManager:Update(Tween, Single, Single, Boolean)
DG.Tweening.Core.TweenManager:Update(UpdateType, Single, Single)
DG.Tweening.Core.DOTweenComponent:Update()

Build
UnityEngine.DebugLogHandler:Internal_Log(LogType, LogOption, String, Object)
UnityEngine.Logger:Log(LogType, Object)
UnityEngine.Debug:Log(Object)
DG.Tweening.Tween:OnTweenCallback(TweenCallback, Tween)
DG.Tweening.Sequence:ApplyInternalCycle(Sequence, Single, Single, UpdateMode, Boolean, Boolean, Boolean)
DG.Tweening.Sequence:DoApplyTween(Sequence, Single, Int32, Int32, Boolean, UpdateMode)
DG.Tweening.Tween:DoGoto(Tween, Single, Int32, UpdateMode)
DG.Tweening.Core.TweenManager:Update(Tween, Single, Single, Boolean)
DG.Tweening.Core.TweenManager:Update(UpdateType, Single, Single)
DG.Tweening.Core.DOTweenComponent:Update()

<color=#0099bc><b>DOTWEEN ► </b></color>Tween startup failed (NULL target/property - UnityEngine.Color <DOColor>b__0()): the tween will now be killed ► Object reference not set to an instance of an object.
UnityEngine.DebugLogHandler:Internal_Log(LogType, LogOption, String, Object)
UnityEngine.Logger:Log(LogType, Object)
UnityEngine.Debug:LogWarning(Object)
UnityEngine.U2D.Animation.TransformAccessJob:ArrayRemoveAt(T[]&, Int32) (at ./Library/PackageCache/com.unity.2d.animation@81ad133dbdf1/Runtime/BatchedDeformation/TransformAccessJob.cs:111)
DG.Tweening.Tween:DoGoto(Tween, Single, Int32, UpdateMode)
DG.Tweening.Core.TweenManager:Goto(Tween, Single, Boolean, UpdateMode)
DG.Tweening.Sequence:ApplyInternalCycle(Sequence, Single, Single, UpdateMode, Boolean, Boolean, Boolean)
DG.Tweening.Sequence:DoApplyTween(Sequence, Single, Int32, Int32, Boolean, UpdateMode)
DG.Tweening.Tween:DoGoto(Tween, Single, Int32, UpdateMode)
DG.Tweening.Core.TweenManager:Goto(Tween, Single, Boolean, UpdateMode)
DG.Tweening.Sequence:ApplyInternalCycle(Sequence, Single, Single, UpdateMode, Boolean, Boolean, Boolean)
DG.Tweening.Sequence:DoApplyTween(Sequence, Single, Int32, Int32, Boolean, UpdateMode)
DG.Tweening.Tween:DoGoto(Tween, Single, Int32, UpdateMode)
DG.Tweening.Core.TweenManager:Update(Tween, Single, Single, Boolean)
DG.Tweening.Core.TweenManager:Update(UpdateType, Single, Single)
DG.Tweening.Core.DOTweenComponent:Update()

<color=#0099bc><b>DOTWEEN ► </b></color>Tween startup failed (NULL target/property - UnityEngine.Color <DOColor>b__0()): the tween will now be killed ► Object reference not set to an instance of an object.
UnityEngine.DebugLogHandler:Internal_Log(LogType, LogOption, String, Object)
UnityEngine.Logger:Log(LogType, Object)
UnityEngine.Debug:LogWarning(Object)
UnityEngine.U2D.Animation.TransformAccessJob:ArrayRemoveAt(T[]&, Int32) (at ./Library/PackageCache/com.unity.2d.animation@81ad133dbdf1/Runtime/BatchedDeformation/TransformAccessJob.cs:111)
DG.Tweening.Tween:DoGoto(Tween, Single, Int32, UpdateMode)
DG.Tweening.Core.TweenManager:Goto(Tween, Single, Boolean, UpdateMode)
DG.Tweening.Sequence:ApplyInternalCycle(Sequence, Single, Single, UpdateMode, Boolean, Boolean, Boolean)
DG.Tweening.Sequence:DoApplyTween(Sequence, Single, Int32, Int32, Boolean, UpdateMode)
DG.Tweening.Tween:DoGoto(Tween, Single, Int32, UpdateMode)
DG.Tweening.Core.TweenManager:Goto(Tween, Single, Boolean, UpdateMode)
DG.Tweening.Sequence:ApplyInternalCycle(Sequence, Single, Single, UpdateMode, Boolean, Boolean, Boolean)
DG.Tweening.Sequence:DoApplyTween(Sequence, Single, Int32, Int32, Boolean, UpdateMode)
DG.Tweening.Tween:DoGoto(Tween, Single, Int32, UpdateMode)
DG.Tweening.Core.TweenManager:Update(Tween, Single, Single, Boolean)
DG.Tweening.Core.TweenManager:Update(UpdateType, Single, Single)
DG.Tweening.Core.DOTweenComponent:Update()

<color=#0099bc><b>DOTWEEN ► </b></color>Tween startup failed (NULL target/property - UnityEngine.Color <DOColor>b__0()): the tween will now be killed ► Object reference not set to an instance of an object.
UnityEngine.DebugLogHandler:Internal_Log(LogType, LogOption, String, Object)
UnityEngine.Logger:Log(LogType, Object)
UnityEngine.Debug:LogWarning(Object)
UnityEngine.U2D.Animation.TransformAccessJob:ArrayRemoveAt(T[]&, Int32) (at ./Library/PackageCache/com.unity.2d.animation@81ad133dbdf1/Runtime/BatchedDeformation/TransformAccessJob.cs:111)
DG.Tweening.Tween:DoGoto(Tween, Single, Int32, UpdateMode)
DG.Tweening.Core.TweenManager:Goto(Tween, Single, Boolean, UpdateMode)
DG.Tweening.Sequence:ApplyInternalCycle(Sequence, Single, Single, UpdateMode, Boolean, Boolean, Boolean)
DG.Tweening.Sequence:DoApplyTween(Sequence, Single, Int32, Int32, Boolean, UpdateMode)
DG.Tweening.Tween:DoGoto(Tween, Single, Int32, UpdateMode)
DG.Tweening.Core.TweenManager:Goto(Tween, Single, Boolean, UpdateMode)
DG.Tweening.Sequence:ApplyInternalCycle(Sequence, Single, Single, UpdateMode, Boolean, Boolean, Boolean)
DG.Tweening.Sequence:DoApplyTween(Sequence, Single, Int32, Int32, Boolean, UpdateMode)
DG.Tweening.Tween:DoGoto(Tween, Single, Int32, UpdateMode)
DG.Tweening.Core.TweenManager:Update(Tween, Single, Single, Boolean)
DG.Tweening.Core.TweenManager:Update(UpdateType, Single, Single)
DG.Tweening.Core.DOTweenComponent:Update()

<color=#0099bc><b>DOTWEEN ► </b></color>Tween startup failed (NULL target/property - UnityEngine.Color <DOColor>b__0()): the tween will now be killed ► Object reference not set to an instance of an object.
UnityEngine.DebugLogHandler:Internal_Log(LogType, LogOption, String, Object)
UnityEngine.Logger:Log(LogType, Object)
UnityEngine.Debug:LogWarning(Object)
UnityEngine.U2D.Animation.TransformAccessJob:ArrayRemoveAt(T[]&, Int32) (at ./Library/PackageCache/com.unity.2d.animation@81ad133dbdf1/Runtime/BatchedDeformation/TransformAccessJob.cs:111)
DG.Tweening.Tween:DoGoto(Tween, Single, Int32, UpdateMode)
DG.Tweening.Core.TweenManager:Goto(Tween, Single, Boolean, UpdateMode)
DG.Tweening.Sequence:ApplyInternalCycle(Sequence, Single, Single, UpdateMode, Boolean, Boolean, Boolean)
DG.Tweening.Sequence:DoApplyTween(Sequence, Single, Int32, Int32, Boolean, UpdateMode)
DG.Tweening.Tween:DoGoto(Tween, Single, Int32, UpdateMode)
DG.Tweening.Core.TweenManager:Goto(Tween, Single, Boolean, UpdateMode)
DG.Tweening.Sequence:ApplyInternalCycle(Sequence, Single, Single, UpdateMode, Boolean, Boolean, Boolean)
DG.Tweening.Sequence:DoApplyTween(Sequence, Single, Int32, Int32, Boolean, UpdateMode)
DG.Tweening.Tween:DoGoto(Tween, Single, Int32, UpdateMode)
DG.Tweening.Core.TweenManager:Update(Tween, Single, Single, Boolean)
DG.Tweening.Core.TweenManager:Update(UpdateType, Single, Single)
DG.Tweening.Core.DOTweenComponent:Update()

<color=#0099bc><b>DOTWEEN ► </b></color>Tween startup failed (NULL target/property - UnityEngine.Color <DOColor>b__0()): the tween will now be killed ► Object reference not set to an instance of an object.
UnityEngine.DebugLogHandler:Internal_Log(LogType, LogOption, String, Object)
UnityEngine.Logger:Log(LogType, Object)
UnityEngine.Debug:LogWarning(Object)
UnityEngine.U2D.Animation.TransformAccessJob:ArrayRemoveAt(T[]&, Int32) (at ./Library/PackageCache/com.unity.2d.animation@81ad133dbdf1/Runtime/BatchedDeformation/TransformAccessJob.cs:111)
DG.Tweening.Tween:DoGoto(Tween, Single, Int32, UpdateMode)
DG.Tweening.Core.TweenManager:Goto(Tween, Single, Boolean, UpdateMode)
DG.Tweening.Sequence:ApplyInternalCycle(Sequence, Single, Single, UpdateMode, Boolean, Boolean, Boolean)
DG.Tweening.Sequence:DoApplyTween(Sequence, Single, Int32, Int32, Boolean, UpdateMode)
DG.Tweening.Tween:DoGoto(Tween, Single, Int32, UpdateMode)
DG.Tweening.Core.TweenManager:Goto(Tween, Single, Boolean, UpdateMode)
DG.Tweening.Sequence:ApplyInternalCycle(Sequence, Single, Single, UpdateMode, Boolean, Boolean, Boolean)
DG.Tweening.Sequence:DoApplyTween(Sequence, Single, Int32, Int32, Boolean, UpdateMode)
DG.Tweening.Tween:DoGoto(Tween, Single, Int32, UpdateMode)
DG.Tweening.Core.TweenManager:Update(Tween, Single, Single, Boolean)
DG.Tweening.Core.TweenManager:Update(UpdateType, Single, Single)
DG.Tweening.Core.DOTweenComponent:Update()

<color=#0099bc><b>DOTWEEN ► </b></color>Tween startup failed (NULL target/property - UnityEngine.Color <DOColor>b__0()): the tween will now be killed ► Object reference not set to an instance of an object.
UnityEngine.DebugLogHandler:Internal_Log(LogType, LogOption, String, Object)
UnityEngine.Logger:Log(LogType, Object)
UnityEngine.Debug:LogWarning(Object)
UnityEngine.U2D.Animation.TransformAccessJob:ArrayRemoveAt(T[]&, Int32) (at ./Library/PackageCache/com.unity.2d.animation@81ad133dbdf1/Runtime/BatchedDeformation/TransformAccessJob.cs:111)
DG.Tweening.Tween:DoGoto(Tween, Single, Int32, UpdateMode)
DG.Tweening.Core.TweenManager:Goto(Tween, Single, Boolean, UpdateMode)
DG.Tweening.Sequence:ApplyInternalCycle(Sequence, Single, Single, UpdateMode, Boolean, Boolean, Boolean)
DG.Tweening.Sequence:DoApplyTween(Sequence, Single, Int32, Int32, Boolean, UpdateMode)
DG.Tweening.Tween:DoGoto(Tween, Single, Int32, UpdateMode)
DG.Tweening.Core.TweenManager:Goto(Tween, Single, Boolean, UpdateMode)
DG.Tweening.Sequence:ApplyInternalCycle(Sequence, Single, Single, UpdateMode, Boolean, Boolean, Boolean)
DG.Tweening.Sequence:DoApplyTween(Sequence, Single, Int32, Int32, Boolean, UpdateMode)
DG.Tweening.Tween:DoGoto(Tween, Single, Int32, UpdateMode)
DG.Tweening.Core.TweenManager:Update(Tween, Single, Single, Boolean)
DG.Tweening.Core.TweenManager:Update(UpdateType, Single, Single)
DG.Tweening.Core.DOTweenComponent:Update()

<color=#0099bc><b>DOTWEEN ► </b></color>Tween startup failed (NULL target/property - UnityEngine.Color <DOColor>b__0()): the tween will now be killed ► Object reference not set to an instance of an object.
UnityEngine.DebugLogHandler:Internal_Log(LogType, LogOption, String, Object)
UnityEngine.Logger:Log(LogType, Object)
UnityEngine.Debug:LogWarning(Object)
UnityEngine.U2D.Animation.TransformAccessJob:ArrayRemoveAt(T[]&, Int32) (at ./Library/PackageCache/com.unity.2d.animation@81ad133dbdf1/Runtime/BatchedDeformation/TransformAccessJob.cs:111)
DG.Tweening.Tween:DoGoto(Tween, Single, Int32, UpdateMode)
DG.Tweening.Core.TweenManager:Goto(Tween, Single, Boolean, UpdateMode)
DG.Tweening.Sequence:ApplyInternalCycle(Sequence, Single, Single, UpdateMode, Boolean, Boolean, Boolean)
DG.Tweening.Sequence:DoApplyTween(Sequence, Single, Int32, Int32, Boolean, UpdateMode)
DG.Tweening.Tween:DoGoto(Tween, Single, Int32, UpdateMode)
DG.Tweening.Core.TweenManager:Goto(Tween, Single, Boolean, UpdateMode)
DG.Tweening.Sequence:ApplyInternalCycle(Sequence, Single, Single, UpdateMode, Boolean, Boolean, Boolean)
DG.Tweening.Sequence:DoApplyTween(Sequence, Single, Int32, Int32, Boolean, UpdateMode)
DG.Tweening.Tween:DoGoto(Tween, Single, Int32, UpdateMode)
DG.Tweening.Core.TweenManager:Update(Tween, Single, Single, Boolean)
DG.Tweening.Core.TweenManager:Update(UpdateType, Single, Single)
DG.Tweening.Core.DOTweenComponent:Update()

<color=#0099bc><b>DOTWEEN ► </b></color>Tween startup failed (NULL target/property - UnityEngine.Color <DOColor>b__0()): the tween will now be killed ► Object reference not set to an instance of an object.
UnityEngine.DebugLogHandler:Internal_Log(LogType, LogOption, String, Object)
UnityEngine.Logger:Log(LogType, Object)
UnityEngine.Debug:LogWarning(Object)
UnityEngine.U2D.Animation.TransformAccessJob:ArrayRemoveAt(T[]&, Int32) (at ./Library/PackageCache/com.unity.2d.animation@81ad133dbdf1/Runtime/BatchedDeformation/TransformAccessJob.cs:111)
DG.Tweening.Tween:DoGoto(Tween, Single, Int32, UpdateMode)
DG.Tweening.Core.TweenManager:Goto(Tween, Single, Boolean, UpdateMode)
DG.Tweening.Sequence:ApplyInternalCycle(Sequence, Single, Single, UpdateMode, Boolean, Boolean, Boolean)
DG.Tweening.Sequence:DoApplyTween(Sequence, Single, Int32, Int32, Boolean, UpdateMode)
DG.Tweening.Tween:DoGoto(Tween, Single, Int32, UpdateMode)
DG.Tweening.Core.TweenManager:Goto(Tween, Single, Boolean, UpdateMode)
DG.Tweening.Sequence:ApplyInternalCycle(Sequence, Single, Single, UpdateMode, Boolean, Boolean, Boolean)
DG.Tweening.Sequence:DoApplyTween(Sequence, Single, Int32, Int32, Boolean, UpdateMode)
DG.Tweening.Tween:DoGoto(Tween, Single, Int32, UpdateMode)
DG.Tweening.Core.TweenManager:Update(Tween, Single, Single, Boolean)
DG.Tweening.Core.TweenManager:Update(UpdateType, Single, Single)
DG.Tweening.Core.DOTweenComponent:Update()

<color=#0099bc><b>DOTWEEN ► </b></color>Tween startup failed (NULL target/property - UnityEngine.Color <DOColor>b__0()): the tween will now be killed ► Object reference not set to an instance of an object.
UnityEngine.DebugLogHandler:Internal_Log(LogType, LogOption, String, Object)
UnityEngine.Logger:Log(LogType, Object)
UnityEngine.Debug:LogWarning(Object)
UnityEngine.U2D.Animation.TransformAccessJob:ArrayRemoveAt(T[]&, Int32) (at ./Library/PackageCache/com.unity.2d.animation@81ad133dbdf1/Runtime/BatchedDeformation/TransformAccessJob.cs:111)
DG.Tweening.Tween:DoGoto(Tween, Single, Int32, UpdateMode)
DG.Tweening.Core.TweenManager:Goto(Tween, Single, Boolean, UpdateMode)
DG.Tweening.Sequence:ApplyInternalCycle(Sequence, Single, Single, UpdateMode, Boolean, Boolean, Boolean)
DG.Tweening.Sequence:DoApplyTween(Sequence, Single, Int32, Int32, Boolean, UpdateMode)
DG.Tweening.Tween:DoGoto(Tween, Single, Int32, UpdateMode)
DG.Tweening.Core.TweenManager:Goto(Tween, Single, Boolean, UpdateMode)
DG.Tweening.Sequence:ApplyInternalCycle(Sequence, Single, Single, UpdateMode, Boolean, Boolean, Boolean)
DG.Tweening.Sequence:DoApplyTween(Sequence, Single, Int32, Int32, Boolean, UpdateMode)
DG.Tweening.Tween:DoGoto(Tween, Single, Int32, UpdateMode)
DG.Tweening.Core.TweenManager:Update(Tween, Single, Single, Boolean)
DG.Tweening.Core.TweenManager:Update(UpdateType, Single, Single)
DG.Tweening.Core.DOTweenComponent:Update()

Unloading 1 Unused Serialized files (Serialized files now loaded: 23)
Unloading 8 unused Assets to reduce memory usage. Loaded Objects now: 5671.
Total: 7.656400 ms (FindLiveObjects: 0.229000 ms CreateObjectMapping: 0.248400 ms MarkObjects: 7.130300 ms  DeleteObjects: 0.048300 ms)

延迟内存清理完成
UnityEngine.DebugLogHandler:Internal_Log(LogType, LogOption, String, Object)
UnityEngine.Logger:Log(LogType, Object)
UnityEngine.Debug:Log(Object)
BirdGame.<DeferredMemoryCleanup>d__12:MoveNext() (at E:/Unity/Projects/Work/FeatherLandNew/Assets/Scripts/New/Commands/LoadGameCommand.cs:301)
UnityEngine.SetupCoroutine:InvokeMoveNext(IEnumerator, IntPtr)

  ✓ 预加载: Heart
UnityEngine.DebugLogHandler:Internal_Log(LogType, LogOption, String, Object)
UnityEngine.Logger:Log(LogType, Object)
UnityEngine.Debug:Log(Object)
BirdGame.<>c__DisplayClass4_0`1:<PreloadAsset>b__0(T) (at E:/Unity/Projects/Work/FeatherLandNew/Assets/Scripts/New/Systems/AssetPreloadSystem.cs:72)
UnityEngine.UI.CoroutineTween.FloatTween:get_duration() (at ./Library/PackageCache/com.unity.ugui@aa507f3228f0/Runtime/UGUI/UI/Animation/CoroutineTween.cs:142)
System.Threading.ExecutionContext:RunInternal(ExecutionContext, ContextCallback, Object, Boolean)
System.Runtime.CompilerServices.MoveNextRunner:Run()
Cysharp.Threading.Tasks.Awaiter:GetResult() (at E:/Unity/Projects/Work/FeatherLandNew/Assets/Plugins/UniTask/Runtime/UniTask.cs:317)
Cysharp.Threading.Tasks.Internal.ContinuationQueue:RunCore() (at E:/Unity/Projects/Work/FeatherLandNew/Assets/Plugins/UniTask/Runtime/Internal/ContinuationQueue.cs:194)

  ✓ 预加载: Num
UnityEngine.DebugLogHandler:Internal_Log(LogType, LogOption, String, Object)
UnityEngine.Logger:Log(LogType, Object)
UnityEngine.Debug:Log(Object)
BirdGame.<>c__DisplayClass4_0`1:<PreloadAsset>b__0(T) (at E:/Unity/Projects/Work/FeatherLandNew/Assets/Scripts/New/Systems/AssetPreloadSystem.cs:72)
UnityEngine.UI.CoroutineTween.FloatTween:get_duration() (at ./Library/PackageCache/com.unity.ugui@aa507f3228f0/Runtime/UGUI/UI/Animation/CoroutineTween.cs:142)
Cysharp.Threading.Tasks.CompilerServices.AsyncUniTaskMethodBuilder:Start(TStateMachine&) (at E:/Unity/Projects/Work/FeatherLandNew/Assets/Plugins/UniTask/Runtime/CompilerServices/AsyncUniTaskMethodBuilder.cs:112)
UnityEngine.AddressableAssets.AssetReference:LoadAssetAsync() (at ./Library/PackageCache/com.unity.addressables@d929cbc70804/Runtime/AssetReference.cs:558)
BirdGame.<PreloadAsset>d__4`1:MoveNext() (at E:/Unity/Projects/Work/FeatherLandNew/Assets/Scripts/New/Systems/AssetPreloadSystem.cs:80)
Cysharp.Threading.Tasks.CompilerServices.AsyncUniTaskMethodBuilder:Start(TStateMachine&) (at E:/Unity/Projects/Work/FeatherLandNew/Assets/Plugins/UniTask/Runtime/CompilerServices/AsyncUniTaskMethodBuilder.cs:111)
BirdGame.<PreloadCommonAssets>d__3:MoveNext() (at E:/Unity/Projects/Work/FeatherLandNew/Assets/Scripts/New/Systems/AssetPreloadSystem.cs:45)
Coffee.UIEffects.Timeline.UIEffectMixerBehaviour`2:set_effect(UIEffect) (at ./UIEffect-5.10.7/Packages/src/Runtime/Timeline/Base/UIEffectTimelineUtils.cs:111)
Cysharp.Threading.Tasks.CompilerServices.AsyncUniTaskMethodBuilder:SetResult() (at E:/Unity/Projects/Work/FeatherLandNew/Assets/Plugins/UniTask/Runtime/CompilerServices/AsyncUniTaskMethodBuilder.cs:70)
BirdGame.<PreloadAsset>d__4`1:MoveNext() (at E:/Unity/Projects/Work/FeatherLandNew/Assets/Scripts/New/Systems/AssetPreloadSystem.cs:88)
Unity.Mathematics.math:max(Int32, Int32) (at ./Library/PackageCache/com.unity.mathematics@8017b507cc74/Unity.Mathematics/math.cs:987)
UnityEngine.UI.CoroutineTween.FloatTween:get_duration() (at ./Library/PackageCache/com.unity.ugui@aa507f3228f0/Runtime/UGUI/UI/Animation/CoroutineTween.cs:142)
System.Threading.ExecutionContext:RunInternal(ExecutionContext, ContextCallback, Object, Boolean)
System.Runtime.CompilerServices.MoveNextRunner:Run()
Cysharp.Threading.Tasks.Awaiter:GetResult() (at E:/Unity/Projects/Work/FeatherLandNew/Assets/Plugins/UniTask/Runtime/UniTask.cs:317)
Cysharp.Threading.Tasks.Internal.ContinuationQueue:RunCore() (at E:/Unity/Projects/Work/FeatherLandNew/Assets/Plugins/UniTask/Runtime/Internal/ContinuationQueue.cs:194)

✅ 预加载完成！共加载 2 个资源
UnityEngine.DebugLogHandler:Internal_Log(LogType, LogOption, String, Object)
UnityEngine.Logger:Log(LogType, Object)
UnityEngine.Debug:Log(Object)
BirdGame.<PreloadCommonAssets>d__3:MoveNext() (at E:/Unity/Projects/Work/FeatherLandNew/Assets/Scripts/New/Systems/AssetPreloadSystem.cs:54)
Coffee.UIEffects.Timeline.UIEffectMixerBehaviour`2:set_effect(UIEffect) (at ./UIEffect-5.10.7/Packages/src/Runtime/Timeline/Base/UIEffectTimelineUtils.cs:111)
Cysharp.Threading.Tasks.CompilerServices.AsyncUniTaskMethodBuilder:SetResult() (at E:/Unity/Projects/Work/FeatherLandNew/Assets/Plugins/UniTask/Runtime/CompilerServices/AsyncUniTaskMethodBuilder.cs:70)
BirdGame.<PreloadAsset>d__4`1:MoveNext() (at E:/Unity/Projects/Work/FeatherLandNew/Assets/Scripts/New/Systems/AssetPreloadSystem.cs:88)
Unity.Mathematics.math:max(Int32, Int32) (at ./Library/PackageCache/com.unity.mathematics@8017b507cc74/Unity.Mathematics/math.cs:987)
UnityEngine.UI.CoroutineTween.FloatTween:get_duration() (at ./Library/PackageCache/com.unity.ugui@aa507f3228f0/Runtime/UGUI/UI/Animation/CoroutineTween.cs:142)
System.Threading.ExecutionContext:RunInternal(ExecutionContext, ContextCallback, Object, Boolean)
System.Runtime.CompilerServices.MoveNextRunner:Run()
Cysharp.Threading.Tasks.Awaiter:GetResult() (at E:/Unity/Projects/Work/FeatherLandNew/Assets/Plugins/UniTask/Runtime/UniTask.cs:317)
Cysharp.Threading.Tasks.Internal.ContinuationQueue:RunCore() (at E:/Unity/Projects/Work/FeatherLandNew/Assets/Plugins/UniTask/Runtime/Internal/ContinuationQueue.cs:194)

✅ 常用资源预加载完成
UnityEngine.DebugLogHandler:Internal_Log(LogType, LogOption, String, Object)
UnityEngine.Logger:Log(LogType, Object)
UnityEngine.Debug:Log(Object)
BirdGame.<PreloadCommonAssetsAsync>d__15:MoveNext() (at E:/Unity/Projects/Work/FeatherLandNew/Assets/Scripts/New/Commands/LoadGameCommand.cs:384)
System.Threading.ExecutionContext:RunInternal(ExecutionContext, ContextCallback, Object, Boolean)
System.Runtime.CompilerServices.MoveNextRunner:Run()
Coffee.UIEffects.Timeline.UIEffectMixerBehaviour`2:set_effect(UIEffect) (at ./UIEffect-5.10.7/Packages/src/Runtime/Timeline/Base/UIEffectTimelineUtils.cs:111)
Cysharp.Threading.Tasks.CompilerServices.AsyncUniTaskMethodBuilder:SetResult() (at E:/Unity/Projects/Work/FeatherLandNew/Assets/Plugins/UniTask/Runtime/CompilerServices/AsyncUniTaskMethodBuilder.cs:70)
BirdGame.<PreloadCommonAssets>d__3:MoveNext() (at E:/Unity/Projects/Work/FeatherLandNew/Assets/Scripts/New/Systems/AssetPreloadSystem.cs:55)
Coffee.UIEffects.Timeline.UIEffectMixerBehaviour`2:set_effect(UIEffect) (at ./UIEffect-5.10.7/Packages/src/Runtime/Timeline/Base/UIEffectTimelineUtils.cs:111)
Cysharp.Threading.Tasks.CompilerServices.AsyncUniTaskMethodBuilder:SetResult() (at E:/Unity/Projects/Work/FeatherLandNew/Assets/Plugins/UniTask/Runtime/CompilerServices/AsyncUniTaskMethodBuilder.cs:70)
BirdGame.<PreloadAsset>d__4`1:MoveNext() (at E:/Unity/Projects/Work/FeatherLandNew/Assets/Scripts/New/Systems/AssetPreloadSystem.cs:88)
Unity.Mathematics.math:max(Int32, Int32) (at ./Library/PackageCache/com.unity.mathematics@8017b507cc74/Unity.Mathematics/math.cs:987)
UnityEngine.UI.CoroutineTween.FloatTween:get_duration() (at ./Library/PackageCache/com.unity.ugui@aa507f3228f0/Runtime/UGUI/UI/Animation/CoroutineTween.cs:142)
System.Threading.ExecutionContext:RunInternal(ExecutionContext, ContextCallback, Object, Boolean)
System.Runtime.CompilerServices.MoveNextRunner:Run()
Cysharp.Threading.Tasks.Awaiter:GetResult() (at E:/Unity/Projects/Work/FeatherLandNew/Assets/Plugins/UniTask/Runtime/UniTask.cs:317)
Cysharp.Threading.Tasks.Internal.ContinuationQueue:RunCore() (at E:/Unity/Projects/Work/FeatherLandNew/Assets/Plugins/UniTask/Runtime/Internal/ContinuationQueue.cs:194)

本地化文本加载成功，Key: Questionaire，Text: Feedback
UnityEngine.DebugLogHandler:Internal_Log(LogType, LogOption, String, Object)
UnityEngine.Logger:Log(LogType, Object)
UnityEngine.Debug:Log(Object)
UnityEngine.Object:Instantiate(Object, Transform, Boolean)
NavMeshPlus.Extensions.NavMeshBuilderState:GetExtraState(Boolean) (at ./Library/PackageCache/com.h8man.2d.navmeshplus@3fdf1984803c/NavMeshComponents/Scripts/NavMeshBuilderState.cs:32)
BirdGame.<>c__DisplayClass10_0:<ShowPanel>b__0(GameObject) (at E:/Unity/Projects/Work/FeatherLandNew/Assets/Scripts/New/Systems/IUISystem.cs:175)
UnityEngine.UI.CoroutineTween.FloatTween:get_duration() (at ./Library/PackageCache/com.unity.ugui@aa507f3228f0/Runtime/UGUI/UI/Animation/CoroutineTween.cs:142)
System.Threading.ExecutionContext:RunInternal(ExecutionContext, ContextCallback, Object, Boolean)
System.Runtime.CompilerServices.MoveNextRunner:Run()
Cysharp.Threading.Tasks.Awaiter:GetResult() (at E:/Unity/Projects/Work/FeatherLandNew/Assets/Plugins/UniTask/Runtime/UniTask.cs:317)
Cysharp.Threading.Tasks.Internal.ContinuationQueue:RunCore() (at E:/Unity/Projects/Work/FeatherLandNew/Assets/Plugins/UniTask/Runtime/Internal/ContinuationQueue.cs:194)

本地化文本加载成功，Key: SteamButton，Text: Join the wishlist
UnityEngine.DebugLogHandler:Internal_Log(LogType, LogOption, String, Object)
UnityEngine.Logger:Log(LogType, Object)
UnityEngine.Debug:Log(Object)
UnityEngine.Object:Instantiate(Object, Transform, Boolean)
NavMeshPlus.Extensions.NavMeshBuilderState:GetExtraState(Boolean) (at ./Library/PackageCache/com.h8man.2d.navmeshplus@3fdf1984803c/NavMeshComponents/Scripts/NavMeshBuilderState.cs:32)
BirdGame.<>c__DisplayClass10_0:<ShowPanel>b__0(GameObject) (at E:/Unity/Projects/Work/FeatherLandNew/Assets/Scripts/New/Systems/IUISystem.cs:175)
UnityEngine.UI.CoroutineTween.FloatTween:get_duration() (at ./Library/PackageCache/com.unity.ugui@aa507f3228f0/Runtime/UGUI/UI/Animation/CoroutineTween.cs:142)
System.Threading.ExecutionContext:RunInternal(ExecutionContext, ContextCallback, Object, Boolean)
System.Runtime.CompilerServices.MoveNextRunner:Run()
Cysharp.Threading.Tasks.Awaiter:GetResult() (at E:/Unity/Projects/Work/FeatherLandNew/Assets/Plugins/UniTask/Runtime/UniTask.cs:317)
Cysharp.Threading.Tasks.Internal.ContinuationQueue:RunCore() (at E:/Unity/Projects/Work/FeatherLandNew/Assets/Plugins/UniTask/Runtime/Internal/ContinuationQueue.cs:194)

MenuPanel Start方法开始执行
UnityEngine.DebugLogHandler:Internal_Log(LogType, LogOption, String, Object)
UnityEngine.Logger:Log(LogType, Object)
UnityEngine.Debug:Log(Object)
BirdGame.MenuPanel:Start() (at E:/Unity/Projects/Work/FeatherLandNew/Assets/Scripts/New/ViewController/UI/Panels/MenuPanel.cs:94)

MenuPanel GameObject名称: MenuPanel(Clone)
UnityEngine.DebugLogHandler:Internal_Log(LogType, LogOption, String, Object)
UnityEngine.Logger:Log(LogType, Object)
UnityEngine.Debug:Log(Object)
BirdGame.MenuPanel:Start() (at E:/Unity/Projects/Work/FeatherLandNew/Assets/Scripts/New/ViewController/UI/Panels/MenuPanel.cs:95)

MenuPanel 激活状态: True
UnityEngine.DebugLogHandler:Internal_Log(LogType, LogOption, String, Object)
UnityEngine.Logger:Log(LogType, Object)
UnityEngine.Debug:Log(Object)
BirdGame.MenuPanel:Start() (at E:/Unity/Projects/Work/FeatherLandNew/Assets/Scripts/New/ViewController/UI/Panels/MenuPanel.cs:96)

IUISystem获取成功
UnityEngine.DebugLogHandler:Internal_Log(LogType, LogOption, String, Object)
UnityEngine.Logger:Log(LogType, Object)
UnityEngine.Debug:Log(Object)
BirdGame.MenuPanel:Start() (at E:/Unity/Projects/Work/FeatherLandNew/Assets/Scripts/New/ViewController/UI/Panels/MenuPanel.cs:109)

<color=#0099bc><b>DOTWEEN ► </b></color>Tween startup failed (NULL target/property - UnityEngine.Color <DOColor>b__0()): the tween will now be killed ► Object reference not set to an instance of an object.
UnityEngine.DebugLogHandler:Internal_Log(LogType, LogOption, String, Object)
UnityEngine.Logger:Log(LogType, Object)
UnityEngine.Debug:LogWarning(Object)
UnityEngine.U2D.Animation.TransformAccessJob:ArrayRemoveAt(T[]&, Int32) (at ./Library/PackageCache/com.unity.2d.animation@81ad133dbdf1/Runtime/BatchedDeformation/TransformAccessJob.cs:111)
DG.Tweening.Tween:DoGoto(Tween, Single, Int32, UpdateMode)
DG.Tweening.Core.TweenManager:Goto(Tween, Single, Boolean, UpdateMode)
DG.Tweening.Sequence:ApplyInternalCycle(Sequence, Single, Single, UpdateMode, Boolean, Boolean, Boolean)
DG.Tweening.Sequence:DoApplyTween(Sequence, Single, Int32, Int32, Boolean, UpdateMode)
DG.Tweening.Tween:DoGoto(Tween, Single, Int32, UpdateMode)
DG.Tweening.Core.TweenManager:Goto(Tween, Single, Boolean, UpdateMode)
DG.Tweening.Sequence:ApplyInternalCycle(Sequence, Single, Single, UpdateMode, Boolean, Boolean, Boolean)
DG.Tweening.Sequence:DoApplyTween(Sequence, Single, Int32, Int32, Boolean, UpdateMode)
DG.Tweening.Tween:DoGoto(Tween, Single, Int32, UpdateMode)
DG.Tweening.Core.TweenManager:Update(Tween, Single, Single, Boolean)
DG.Tweening.Core.TweenManager:Update(UpdateType, Single, Single)
DG.Tweening.Core.DOTweenComponent:Update()

<color=#0099bc><b>DOTWEEN ► </b></color>Tween startup failed (NULL target/property - UnityEngine.Color <DOColor>b__0()): the tween will now be killed ► Object reference not set to an instance of an object.
UnityEngine.DebugLogHandler:Internal_Log(LogType, LogOption, String, Object)
UnityEngine.Logger:Log(LogType, Object)
UnityEngine.Debug:LogWarning(Object)
UnityEngine.U2D.Animation.TransformAccessJob:ArrayRemoveAt(T[]&, Int32) (at ./Library/PackageCache/com.unity.2d.animation@81ad133dbdf1/Runtime/BatchedDeformation/TransformAccessJob.cs:111)
DG.Tweening.Tween:DoGoto(Tween, Single, Int32, UpdateMode)
DG.Tweening.Core.TweenManager:Goto(Tween, Single, Boolean, UpdateMode)
DG.Tweening.Sequence:ApplyInternalCycle(Sequence, Single, Single, UpdateMode, Boolean, Boolean, Boolean)
DG.Tweening.Sequence:DoApplyTween(Sequence, Single, Int32, Int32, Boolean, UpdateMode)
DG.Tweening.Tween:DoGoto(Tween, Single, Int32, UpdateMode)
DG.Tweening.Core.TweenManager:Goto(Tween, Single, Boolean, UpdateMode)
DG.Tweening.Sequence:ApplyInternalCycle(Sequence, Single, Single, UpdateMode, Boolean, Boolean, Boolean)
DG.Tweening.Sequence:DoApplyTween(Sequence, Single, Int32, Int32, Boolean, UpdateMode)
DG.Tweening.Tween:DoGoto(Tween, Single, Int32, UpdateMode)
DG.Tweening.Core.TweenManager:Update(Tween, Single, Single, Boolean)
DG.Tweening.Core.TweenManager:Update(UpdateType, Single, Single)
DG.Tweening.Core.DOTweenComponent:Update()

<color=#0099bc><b>DOTWEEN ► </b></color>Tween startup failed (NULL target/property - UnityEngine.Color <DOColor>b__0()): the tween will now be killed ► Object reference not set to an instance of an object.
UnityEngine.DebugLogHandler:Internal_Log(LogType, LogOption, String, Object)
UnityEngine.Logger:Log(LogType, Object)
UnityEngine.Debug:LogWarning(Object)
UnityEngine.U2D.Animation.TransformAccessJob:ArrayRemoveAt(T[]&, Int32) (at ./Library/PackageCache/com.unity.2d.animation@81ad133dbdf1/Runtime/BatchedDeformation/TransformAccessJob.cs:111)
DG.Tweening.Tween:DoGoto(Tween, Single, Int32, UpdateMode)
DG.Tweening.Core.TweenManager:Goto(Tween, Single, Boolean, UpdateMode)
DG.Tweening.Sequence:ApplyInternalCycle(Sequence, Single, Single, UpdateMode, Boolean, Boolean, Boolean)
DG.Tweening.Sequence:DoApplyTween(Sequence, Single, Int32, Int32, Boolean, UpdateMode)
DG.Tweening.Tween:DoGoto(Tween, Single, Int32, UpdateMode)
DG.Tweening.Core.TweenManager:Goto(Tween, Single, Boolean, UpdateMode)
DG.Tweening.Sequence:ApplyInternalCycle(Sequence, Single, Single, UpdateMode, Boolean, Boolean, Boolean)
DG.Tweening.Sequence:DoApplyTween(Sequence, Single, Int32, Int32, Boolean, UpdateMode)
DG.Tweening.Tween:DoGoto(Tween, Single, Int32, UpdateMode)
DG.Tweening.Core.TweenManager:Update(Tween, Single, Single, Boolean)
DG.Tweening.Core.TweenManager:Update(UpdateType, Single, Single)
DG.Tweening.Core.DOTweenComponent:Update()

<color=#0099bc><b>DOTWEEN ► </b></color>Tween startup failed (NULL target/property - UnityEngine.Color <DOColor>b__0()): the tween will now be killed ► Object reference not set to an instance of an object.
UnityEngine.DebugLogHandler:Internal_Log(LogType, LogOption, String, Object)
UnityEngine.Logger:Log(LogType, Object)
UnityEngine.Debug:LogWarning(Object)
UnityEngine.U2D.Animation.TransformAccessJob:ArrayRemoveAt(T[]&, Int32) (at ./Library/PackageCache/com.unity.2d.animation@81ad133dbdf1/Runtime/BatchedDeformation/TransformAccessJob.cs:111)
DG.Tweening.Tween:DoGoto(Tween, Single, Int32, UpdateMode)
DG.Tweening.Core.TweenManager:Goto(Tween, Single, Boolean, UpdateMode)
DG.Tweening.Sequence:ApplyInternalCycle(Sequence, Single, Single, UpdateMode, Boolean, Boolean, Boolean)
DG.Tweening.Sequence:DoApplyTween(Sequence, Single, Int32, Int32, Boolean, UpdateMode)
DG.Tweening.Tween:DoGoto(Tween, Single, Int32, UpdateMode)
DG.Tweening.Core.TweenManager:Goto(Tween, Single, Boolean, UpdateMode)
DG.Tweening.Sequence:ApplyInternalCycle(Sequence, Single, Single, UpdateMode, Boolean, Boolean, Boolean)
DG.Tweening.Sequence:DoApplyTween(Sequence, Single, Int32, Int32, Boolean, UpdateMode)
DG.Tweening.Tween:DoGoto(Tween, Single, Int32, UpdateMode)
DG.Tweening.Core.TweenManager:Update(Tween, Single, Single, Boolean)
DG.Tweening.Core.TweenManager:Update(UpdateType, Single, Single)
DG.Tweening.Core.DOTweenComponent:Update()

<color=#0099bc><b>DOTWEEN ► </b></color>Tween startup failed (NULL target/property - UnityEngine.Color <DOColor>b__0()): the tween will now be killed ► Object reference not set to an instance of an object.
UnityEngine.DebugLogHandler:Internal_Log(LogType, LogOption, String, Object)
UnityEngine.Logger:Log(LogType, Object)
UnityEngine.Debug:LogWarning(Object)
UnityEngine.U2D.Animation.TransformAccessJob:ArrayRemoveAt(T[]&, Int32) (at ./Library/PackageCache/com.unity.2d.animation@81ad133dbdf1/Runtime/BatchedDeformation/TransformAccessJob.cs:111)
DG.Tweening.Tween:DoGoto(Tween, Single, Int32, UpdateMode)
DG.Tweening.Core.TweenManager:Goto(Tween, Single, Boolean, UpdateMode)
DG.Tweening.Sequence:ApplyInternalCycle(Sequence, Single, Single, UpdateMode, Boolean, Boolean, Boolean)
DG.Tweening.Sequence:DoApplyTween(Sequence, Single, Int32, Int32, Boolean, UpdateMode)
DG.Tweening.Tween:DoGoto(Tween, Single, Int32, UpdateMode)
DG.Tweening.Core.TweenManager:Goto(Tween, Single, Boolean, UpdateMode)
DG.Tweening.Sequence:ApplyInternalCycle(Sequence, Single, Single, UpdateMode, Boolean, Boolean, Boolean)
DG.Tweening.Sequence:DoApplyTween(Sequence, Single, Int32, Int32, Boolean, UpdateMode)
DG.Tweening.Tween:DoGoto(Tween, Single, Int32, UpdateMode)
DG.Tweening.Core.TweenManager:Update(Tween, Single, Single, Boolean)
DG.Tweening.Core.TweenManager:Update(UpdateType, Single, Single)
DG.Tweening.Core.DOTweenComponent:Update()

<color=#0099bc><b>DOTWEEN ► </b></color>Tween startup failed (NULL target/property - UnityEngine.Color <DOColor>b__0()): the tween will now be killed ► Object reference not set to an instance of an object.
UnityEngine.DebugLogHandler:Internal_Log(LogType, LogOption, String, Object)
UnityEngine.Logger:Log(LogType, Object)
UnityEngine.Debug:LogWarning(Object)
UnityEngine.U2D.Animation.TransformAccessJob:ArrayRemoveAt(T[]&, Int32) (at ./Library/PackageCache/com.unity.2d.animation@81ad133dbdf1/Runtime/BatchedDeformation/TransformAccessJob.cs:111)
DG.Tweening.Tween:DoGoto(Tween, Single, Int32, UpdateMode)
DG.Tweening.Core.TweenManager:Goto(Tween, Single, Boolean, UpdateMode)
DG.Tweening.Sequence:ApplyInternalCycle(Sequence, Single, Single, UpdateMode, Boolean, Boolean, Boolean)
DG.Tweening.Sequence:DoApplyTween(Sequence, Single, Int32, Int32, Boolean, UpdateMode)
DG.Tweening.Tween:DoGoto(Tween, Single, Int32, UpdateMode)
DG.Tweening.Core.TweenManager:Goto(Tween, Single, Boolean, UpdateMode)
DG.Tweening.Sequence:ApplyInternalCycle(Sequence, Single, Single, UpdateMode, Boolean, Boolean, Boolean)
DG.Tweening.Sequence:DoApplyTween(Sequence, Single, Int32, Int32, Boolean, UpdateMode)
DG.Tweening.Tween:DoGoto(Tween, Single, Int32, UpdateMode)
DG.Tweening.Core.TweenManager:Update(Tween, Single, Single, Boolean)
DG.Tweening.Core.TweenManager:Update(UpdateType, Single, Single)
DG.Tweening.Core.DOTweenComponent:Update()

<color=#0099bc><b>DOTWEEN ► </b></color>Tween startup failed (NULL target/property - UnityEngine.Color <DOColor>b__0()): the tween will now be killed ► Object reference not set to an instance of an object.
UnityEngine.DebugLogHandler:Internal_Log(LogType, LogOption, String, Object)
UnityEngine.Logger:Log(LogType, Object)
UnityEngine.Debug:LogWarning(Object)
UnityEngine.U2D.Animation.TransformAccessJob:ArrayRemoveAt(T[]&, Int32) (at ./Library/PackageCache/com.unity.2d.animation@81ad133dbdf1/Runtime/BatchedDeformation/TransformAccessJob.cs:111)
DG.Tweening.Tween:DoGoto(Tween, Single, Int32, UpdateMode)
DG.Tweening.Core.TweenManager:Goto(Tween, Single, Boolean, UpdateMode)
DG.Tweening.Sequence:ApplyInternalCycle(Sequence, Single, Single, UpdateMode, Boolean, Boolean, Boolean)
DG.Tweening.Sequence:DoApplyTween(Sequence, Single, Int32, Int32, Boolean, UpdateMode)
DG.Tweening.Tween:DoGoto(Tween, Single, Int32, UpdateMode)
DG.Tweening.Core.TweenManager:Goto(Tween, Single, Boolean, UpdateMode)
DG.Tweening.Sequence:ApplyInternalCycle(Sequence, Single, Single, UpdateMode, Boolean, Boolean, Boolean)
DG.Tweening.Sequence:DoApplyTween(Sequence, Single, Int32, Int32, Boolean, UpdateMode)
DG.Tweening.Tween:DoGoto(Tween, Single, Int32, UpdateMode)
DG.Tweening.Core.TweenManager:Update(Tween, Single, Single, Boolean)
DG.Tweening.Core.TweenManager:Update(UpdateType, Single, Single)
DG.Tweening.Core.DOTweenComponent:Update()

<color=#0099bc><b>DOTWEEN ► </b></color>Tween startup failed (NULL target/property - UnityEngine.Color <DOColor>b__0()): the tween will now be killed ► Object reference not set to an instance of an object.
UnityEngine.DebugLogHandler:Internal_Log(LogType, LogOption, String, Object)
UnityEngine.Logger:Log(LogType, Object)
UnityEngine.Debug:LogWarning(Object)
UnityEngine.U2D.Animation.TransformAccessJob:ArrayRemoveAt(T[]&, Int32) (at ./Library/PackageCache/com.unity.2d.animation@81ad133dbdf1/Runtime/BatchedDeformation/TransformAccessJob.cs:111)
DG.Tweening.Tween:DoGoto(Tween, Single, Int32, UpdateMode)
DG.Tweening.Core.TweenManager:Goto(Tween, Single, Boolean, UpdateMode)
DG.Tweening.Sequence:ApplyInternalCycle(Sequence, Single, Single, UpdateMode, Boolean, Boolean, Boolean)
DG.Tweening.Sequence:DoApplyTween(Sequence, Single, Int32, Int32, Boolean, UpdateMode)
DG.Tweening.Tween:DoGoto(Tween, Single, Int32, UpdateMode)
DG.Tweening.Core.TweenManager:Goto(Tween, Single, Boolean, UpdateMode)
DG.Tweening.Sequence:ApplyInternalCycle(Sequence, Single, Single, UpdateMode, Boolean, Boolean, Boolean)
DG.Tweening.Sequence:DoApplyTween(Sequence, Single, Int32, Int32, Boolean, UpdateMode)
DG.Tweening.Tween:DoGoto(Tween, Single, Int32, UpdateMode)
DG.Tweening.Core.TweenManager:Update(Tween, Single, Single, Boolean)
DG.Tweening.Core.TweenManager:Update(UpdateType, Single, Single)
DG.Tweening.Core.DOTweenComponent:Update()

<color=#0099bc><b>DOTWEEN ► </b></color>Tween startup failed (NULL target/property - UnityEngine.Color <DOColor>b__0()): the tween will now be killed ► Object reference not set to an instance of an object.
UnityEngine.DebugLogHandler:Internal_Log(LogType, LogOption, String, Object)
UnityEngine.Logger:Log(LogType, Object)
UnityEngine.Debug:LogWarning(Object)
UnityEngine.U2D.Animation.TransformAccessJob:ArrayRemoveAt(T[]&, Int32) (at ./Library/PackageCache/com.unity.2d.animation@81ad133dbdf1/Runtime/BatchedDeformation/TransformAccessJob.cs:111)
DG.Tweening.Tween:DoGoto(Tween, Single, Int32, UpdateMode)
DG.Tweening.Core.TweenManager:Goto(Tween, Single, Boolean, UpdateMode)
DG.Tweening.Sequence:ApplyInternalCycle(Sequence, Single, Single, UpdateMode, Boolean, Boolean, Boolean)
DG.Tweening.Sequence:DoApplyTween(Sequence, Single, Int32, Int32, Boolean, UpdateMode)
DG.Tweening.Tween:DoGoto(Tween, Single, Int32, UpdateMode)
DG.Tweening.Core.TweenManager:Goto(Tween, Single, Boolean, UpdateMode)
DG.Tweening.Sequence:ApplyInternalCycle(Sequence, Single, Single, UpdateMode, Boolean, Boolean, Boolean)
DG.Tweening.Sequence:DoApplyTween(Sequence, Single, Int32, Int32, Boolean, UpdateMode)
DG.Tweening.Tween:DoGoto(Tween, Single, Int32, UpdateMode)
DG.Tweening.Core.TweenManager:Update(Tween, Single, Single, Boolean)
DG.Tweening.Core.TweenManager:Update(UpdateType, Single, Single)
DG.Tweening.Core.DOTweenComponent:Update()

🔊 环境音效已初始化，跳过重复初始化
UnityEngine.DebugLogHandler:Internal_Log(LogType, LogOption, String, Object)
UnityEngine.Logger:Log(LogType, Object)
UnityEngine.Debug:Log(Object)
BirdGame.AudioSystem:InitEnvironments() (at E:/Unity/Projects/Work/FeatherLandNew/Assets/Scripts/New/Systems/IAudioSystem.cs:542)
BirdGame.<TriggerEnvironmentAudioAfterConfigLoad>d__14:MoveNext() (at E:/Unity/Projects/Work/FeatherLandNew/Assets/Scripts/New/Commands/LoadGameCommand.cs:366)
UnityEngine.SetupCoroutine:InvokeMoveNext(IEnumerator, IntPtr)

🌍 环境音效初始化完成！
UnityEngine.DebugLogHandler:Internal_Log(LogType, LogOption, String, Object)
UnityEngine.Logger:Log(LogType, Object)
UnityEngine.Debug:Log(Object)
BirdGame.<TriggerEnvironmentAudioAfterConfigLoad>d__14:MoveNext() (at E:/Unity/Projects/Work/FeatherLandNew/Assets/Scripts/New/Commands/LoadGameCommand.cs:367)
UnityEngine.SetupCoroutine:InvokeMoveNext(IEnumerator, IntPtr)

天气切换完成
UnityEngine.DebugLogHandler:Internal_Log(LogType, LogOption, String, Object)
UnityEngine.Logger:Log(LogType, Object)
UnityEngine.Debug:Log(Object)
BirdGame.<>c__DisplayClass17_0:<SwitchWeather>b__9() (at E:/Unity/Projects/Work/FeatherLandNew/Assets/Scripts/New/ViewController/Game/WeatherManager.cs:246)
DG.Tweening.Tween:OnTweenCallback(TweenCallback, Tween)
DG.Tweening.Tween:DoGoto(Tween, Single, Int32, UpdateMode)
DG.Tweening.Core.TweenManager:Update(Tween, Single, Single, Boolean)
DG.Tweening.Core.TweenManager:Update(UpdateType, Single, Single)
DG.Tweening.Core.DOTweenComponent:Update()

游戏启动时的初始天气，不应用天气音量，保留用户设置
UnityEngine.DebugLogHandler:Internal_Log(LogType, LogOption, String, Object)
UnityEngine.Logger:Log(LogType, Object)
UnityEngine.Debug:Log(Object)
BirdGame.<>c__DisplayClass17_0:<SwitchWeather>b__9() (at E:/Unity/Projects/Work/FeatherLandNew/Assets/Scripts/New/ViewController/Game/WeatherManager.cs:253)
DG.Tweening.Tween:OnTweenCallback(TweenCallback, Tween)
DG.Tweening.Tween:DoGoto(Tween, Single, Int32, UpdateMode)
DG.Tweening.Core.TweenManager:Update(Tween, Single, Single, Boolean)
DG.Tweening.Core.TweenManager:Update(UpdateType, Single, Single)
DG.Tweening.Core.DOTweenComponent:Update()

SetScreenMode 被调用，模式: 1
UnityEngine.DebugLogHandler:Internal_Log(LogType, LogOption, String, Object)
UnityEngine.Logger:Log(LogType, Object)
UnityEngine.Debug:Log(Object)
BirdGame.GameEntry:SetScreenMode(Int32, Boolean) (at E:/Unity/Projects/Work/FeatherLandNew/Assets/Scripts/New/ViewController/Game/GameEntry.cs:109)
BirdGame.GameEntry:HandleKeyboardShortcuts() (at E:/Unity/Projects/Work/FeatherLandNew/Assets/Scripts/New/ViewController/Game/GameEntry.cs:562)
BirdGame.GameEntry:Update() (at E:/Unity/Projects/Work/FeatherLandNew/Assets/Scripts/New/ViewController/Game/GameEntry.cs:172)

[BuildCandidates] Progman子窗口搜索: defViewHost=0, workerBefore=67390
UnityEngine.DebugLogHandler:Internal_Log(LogType, LogOption, String, Object)
UnityEngine.Logger:Log(LogType, Object)
UnityEngine.Debug:Log(Object)
BirdGame.FullScreenUtility:BuildDesktopParentCandidates(IntPtr, List`1) (at E:/Unity/Projects/Work/FeatherLandNew/Assets/Scripts/New/Utility/FullScreenUtility.cs:714)
BirdGame.FullScreenUtility:WallpaperMode() (at E:/Unity/Projects/Work/FeatherLandNew/Assets/Scripts/New/Utility/FullScreenUtility.cs:447)
BirdGame.GameEntry:SetScreenMode(Int32, Boolean) (at E:/Unity/Projects/Work/FeatherLandNew/Assets/Scripts/New/ViewController/Game/GameEntry.cs:125)
BirdGame.GameEntry:HandleKeyboardShortcuts() (at E:/Unity/Projects/Work/FeatherLandNew/Assets/Scripts/New/ViewController/Game/GameEntry.cs:562)
BirdGame.GameEntry:Update() (at E:/Unity/Projects/Work/FeatherLandNew/Assets/Scripts/New/ViewController/Game/GameEntry.cs:172)

[BuildCandidates] 顶级窗口搜索: defViewHost=0, workerBefore=65910
UnityEngine.DebugLogHandler:Internal_Log(LogType, LogOption, String, Object)
UnityEngine.Logger:Log(LogType, Object)
UnityEngine.Debug:Log(Object)
BirdGame.FullScreenUtility:BuildDesktopParentCandidates(IntPtr, List`1) (at E:/Unity/Projects/Work/FeatherLandNew/Assets/Scripts/New/Utility/FullScreenUtility.cs:734)
BirdGame.FullScreenUtility:WallpaperMode() (at E:/Unity/Projects/Work/FeatherLandNew/Assets/Scripts/New/Utility/FullScreenUtility.cs:447)
BirdGame.GameEntry:SetScreenMode(Int32, Boolean) (at E:/Unity/Projects/Work/FeatherLandNew/Assets/Scripts/New/ViewController/Game/GameEntry.cs:125)
BirdGame.GameEntry:HandleKeyboardShortcuts() (at E:/Unity/Projects/Work/FeatherLandNew/Assets/Scripts/New/ViewController/Game/GameEntry.cs:562)
BirdGame.GameEntry:Update() (at E:/Unity/Projects/Work/FeatherLandNew/Assets/Scripts/New/ViewController/Game/GameEntry.cs:172)

[BuildCandidates] 最终候选数量: 20
UnityEngine.DebugLogHandler:Internal_Log(LogType, LogOption, String, Object)
UnityEngine.Logger:Log(LogType, Object)
UnityEngine.Debug:Log(Object)
BirdGame.FullScreenUtility:BuildDesktopParentCandidates(IntPtr, List`1) (at E:/Unity/Projects/Work/FeatherLandNew/Assets/Scripts/New/Utility/FullScreenUtility.cs:788)
BirdGame.FullScreenUtility:WallpaperMode() (at E:/Unity/Projects/Work/FeatherLandNew/Assets/Scripts/New/Utility/FullScreenUtility.cs:447)
BirdGame.GameEntry:SetScreenMode(Int32, Boolean) (at E:/Unity/Projects/Work/FeatherLandNew/Assets/Scripts/New/ViewController/Game/GameEntry.cs:125)
BirdGame.GameEntry:HandleKeyboardShortcuts() (at E:/Unity/Projects/Work/FeatherLandNew/Assets/Scripts/New/ViewController/Game/GameEntry.cs:562)
BirdGame.GameEntry:Update() (at E:/Unity/Projects/Work/FeatherLandNew/Assets/Scripts/New/ViewController/Game/GameEntry.cs:172)

[WallpaperMode] 宽松挂载启用: round=1, candidate=67390, actual=0
UnityEngine.DebugLogHandler:Internal_Log(LogType, LogOption, String, Object)
UnityEngine.Logger:Log(LogType, Object)
UnityEngine.Debug:LogWarning(Object)
BirdGame.FullScreenUtility:WallpaperMode() (at E:/Unity/Projects/Work/FeatherLandNew/Assets/Scripts/New/Utility/FullScreenUtility.cs:467)
BirdGame.GameEntry:SetScreenMode(Int32, Boolean) (at E:/Unity/Projects/Work/FeatherLandNew/Assets/Scripts/New/ViewController/Game/GameEntry.cs:125)
BirdGame.GameEntry:HandleKeyboardShortcuts() (at E:/Unity/Projects/Work/FeatherLandNew/Assets/Scripts/New/ViewController/Game/GameEntry.cs:562)
BirdGame.GameEntry:Update() (at E:/Unity/Projects/Work/FeatherLandNew/Assets/Scripts/New/ViewController/Game/GameEntry.cs:172)

[WallpaperMode] 激活 - 1920x1020, OS=Windows 11  (10.0.26200) 64bit, parent=67390, lenient=True, actualParent=0
UnityEngine.DebugLogHandler:Internal_Log(LogType, LogOption, String, Object)
UnityEngine.Logger:Log(LogType, Object)
UnityEngine.Debug:Log(Object)
BirdGame.FullScreenUtility:WallpaperMode() (at E:/Unity/Projects/Work/FeatherLandNew/Assets/Scripts/New/Utility/FullScreenUtility.cs:535)
BirdGame.GameEntry:SetScreenMode(Int32, Boolean) (at E:/Unity/Projects/Work/FeatherLandNew/Assets/Scripts/New/ViewController/Game/GameEntry.cs:125)
BirdGame.GameEntry:HandleKeyboardShortcuts() (at E:/Unity/Projects/Work/FeatherLandNew/Assets/Scripts/New/ViewController/Game/GameEntry.cs:562)
BirdGame.GameEntry:Update() (at E:/Unity/Projects/Work/FeatherLandNew/Assets/Scripts/New/ViewController/Game/GameEntry.cs:172)

[SimpleMouseForwarder] 鼠标钩子: 52694459, 键盘钩子: 7214971
UnityEngine.DebugLogHandler:Internal_Log(LogType, LogOption, String, Object)
UnityEngine.Logger:Log(LogType, Object)
UnityEngine.Debug:Log(Object)
BirdGame.SimpleMouseForwarder:OnEnable() (at E:/Unity/Projects/Work/FeatherLandNew/Assets/Scripts/New/SimpleMouseForwarder.cs:205)
BirdGame.FullScreenUtility:WallpaperMode() (at E:/Unity/Projects/Work/FeatherLandNew/Assets/Scripts/New/Utility/FullScreenUtility.cs:541)
BirdGame.GameEntry:SetScreenMode(Int32, Boolean) (at E:/Unity/Projects/Work/FeatherLandNew/Assets/Scripts/New/ViewController/Game/GameEntry.cs:125)
BirdGame.GameEntry:HandleKeyboardShortcuts() (at E:/Unity/Projects/Work/FeatherLandNew/Assets/Scripts/New/ViewController/Game/GameEntry.cs:562)
BirdGame.GameEntry:Update() (at E:/Unity/Projects/Work/FeatherLandNew/Assets/Scripts/New/ViewController/Game/GameEntry.cs:172)

[SimpleMouseForwarder] 鼠标和键盘钩子安装成功
UnityEngine.DebugLogHandler:Internal_Log(LogType, LogOption, String, Object)
UnityEngine.Logger:Log(LogType, Object)
UnityEngine.Debug:Log(Object)
BirdGame.SimpleMouseForwarder:OnEnable() (at E:/Unity/Projects/Work/FeatherLandNew/Assets/Scripts/New/SimpleMouseForwarder.cs:212)
BirdGame.FullScreenUtility:WallpaperMode() (at E:/Unity/Projects/Work/FeatherLandNew/Assets/Scripts/New/Utility/FullScreenUtility.cs:541)
BirdGame.GameEntry:SetScreenMode(Int32, Boolean) (at E:/Unity/Projects/Work/FeatherLandNew/Assets/Scripts/New/ViewController/Game/GameEntry.cs:125)
BirdGame.GameEntry:HandleKeyboardShortcuts() (at E:/Unity/Projects/Work/FeatherLandNew/Assets/Scripts/New/ViewController/Game/GameEntry.cs:562)
BirdGame.GameEntry:Update() (at E:/Unity/Projects/Work/FeatherLandNew/Assets/Scripts/New/ViewController/Game/GameEntry.cs:172)

[WallpaperMode] SimpleMouseForwarder 已启用
UnityEngine.DebugLogHandler:Internal_Log(LogType, LogOption, String, Object)
UnityEngine.Logger:Log(LogType, Object)
UnityEngine.Debug:Log(Object)
BirdGame.FullScreenUtility:WallpaperMode() (at E:/Unity/Projects/Work/FeatherLandNew/Assets/Scripts/New/Utility/FullScreenUtility.cs:542)
BirdGame.GameEntry:SetScreenMode(Int32, Boolean) (at E:/Unity/Projects/Work/FeatherLandNew/Assets/Scripts/New/ViewController/Game/GameEntry.cs:125)
BirdGame.GameEntry:HandleKeyboardShortcuts() (at E:/Unity/Projects/Work/FeatherLandNew/Assets/Scripts/New/ViewController/Game/GameEntry.cs:562)
BirdGame.GameEntry:Update() (at E:/Unity/Projects/Work/FeatherLandNew/Assets/Scripts/New/ViewController/Game/GameEntry.cs:172)

[WallpaperMode] 宽松挂载路径：跳过 ActivateWindow 以避免遮挡桌面图标
UnityEngine.DebugLogHandler:Internal_Log(LogType, LogOption, String, Object)
UnityEngine.Logger:Log(LogType, Object)
UnityEngine.Debug:Log(Object)
BirdGame.FullScreenUtility:WallpaperMode() (at E:/Unity/Projects/Work/FeatherLandNew/Assets/Scripts/New/Utility/FullScreenUtility.cs:558)
BirdGame.GameEntry:SetScreenMode(Int32, Boolean) (at E:/Unity/Projects/Work/FeatherLandNew/Assets/Scripts/New/ViewController/Game/GameEntry.cs:125)
BirdGame.GameEntry:HandleKeyboardShortcuts() (at E:/Unity/Projects/Work/FeatherLandNew/Assets/Scripts/New/ViewController/Game/GameEntry.cs:562)
BirdGame.GameEntry:Update() (at E:/Unity/Projects/Work/FeatherLandNew/Assets/Scripts/New/ViewController/Game/GameEntry.cs:172)

设置为壁纸模式 (60 FPS - 流畅光标)
UnityEngine.DebugLogHandler:Internal_Log(LogType, LogOption, String, Object)
UnityEngine.Logger:Log(LogType, Object)
UnityEngine.Debug:Log(Object)
BirdGame.GameEntry:SetScreenMode(Int32, Boolean) (at E:/Unity/Projects/Work/FeatherLandNew/Assets/Scripts/New/ViewController/Game/GameEntry.cs:150)
BirdGame.GameEntry:HandleKeyboardShortcuts() (at E:/Unity/Projects/Work/FeatherLandNew/Assets/Scripts/New/ViewController/Game/GameEntry.cs:562)
BirdGame.GameEntry:Update() (at E:/Unity/Projects/Work/FeatherLandNew/Assets/Scripts/New/ViewController/Game/GameEntry.cs:172)

SetScreenMode 被调用，模式: 2
UnityEngine.DebugLogHandler:Internal_Log(LogType, LogOption, String, Object)
UnityEngine.Logger:Log(LogType, Object)
UnityEngine.Debug:Log(Object)
BirdGame.GameEntry:SetScreenMode(Int32, Boolean) (at E:/Unity/Projects/Work/FeatherLandNew/Assets/Scripts/New/ViewController/Game/GameEntry.cs:109)
BirdGame.GameEntry:HandleKeyboardShortcuts() (at E:/Unity/Projects/Work/FeatherLandNew/Assets/Scripts/New/ViewController/Game/GameEntry.cs:568)
BirdGame.GameEntry:Update() (at E:/Unity/Projects/Work/FeatherLandNew/Assets/Scripts/New/ViewController/Game/GameEntry.cs:172)

[FullscreenMode] 从壁纸模式退出
UnityEngine.DebugLogHandler:Internal_Log(LogType, LogOption, String, Object)
UnityEngine.Logger:Log(LogType, Object)
UnityEngine.Debug:Log(Object)
BirdGame.FullScreenUtility:FullscreenMode() (at E:/Unity/Projects/Work/FeatherLandNew/Assets/Scripts/New/Utility/FullScreenUtility.cs:807)
BirdGame.GameEntry:SetScreenMode(Int32, Boolean) (at E:/Unity/Projects/Work/FeatherLandNew/Assets/Scripts/New/ViewController/Game/GameEntry.cs:141)
BirdGame.GameEntry:HandleKeyboardShortcuts() (at E:/Unity/Projects/Work/FeatherLandNew/Assets/Scripts/New/ViewController/Game/GameEntry.cs:568)
BirdGame.GameEntry:Update() (at E:/Unity/Projects/Work/FeatherLandNew/Assets/Scripts/New/ViewController/Game/GameEntry.cs:172)

[FullscreenMode] 激活 - 1920x1080
UnityEngine.DebugLogHandler:Internal_Log(LogType, LogOption, String, Object)
UnityEngine.Logger:Log(LogType, Object)
UnityEngine.Debug:Log(Object)
BirdGame.FullScreenUtility:FullscreenMode() (at E:/Unity/Projects/Work/FeatherLandNew/Assets/Scripts/New/Utility/FullScreenUtility.cs:827)
BirdGame.GameEntry:SetScreenMode(Int32, Boolean) (at E:/Unity/Projects/Work/FeatherLandNew/Assets/Scripts/New/ViewController/Game/GameEntry.cs:141)
BirdGame.GameEntry:HandleKeyboardShortcuts() (at E:/Unity/Projects/Work/FeatherLandNew/Assets/Scripts/New/ViewController/Game/GameEntry.cs:568)
BirdGame.GameEntry:Update() (at E:/Unity/Projects/Work/FeatherLandNew/Assets/Scripts/New/ViewController/Game/GameEntry.cs:172)

[SimpleMouseForwarder] OnDisable
UnityEngine.DebugLogHandler:Internal_Log(LogType, LogOption, String, Object)
UnityEngine.Logger:Log(LogType, Object)
UnityEngine.Debug:Log(Object)
BirdGame.SimpleMouseForwarder:OnDisable() (at E:/Unity/Projects/Work/FeatherLandNew/Assets/Scripts/New/SimpleMouseForwarder.cs:2001)
BirdGame.FullScreenUtility:FullscreenMode() (at E:/Unity/Projects/Work/FeatherLandNew/Assets/Scripts/New/Utility/FullScreenUtility.cs:833)
BirdGame.GameEntry:SetScreenMode(Int32, Boolean) (at E:/Unity/Projects/Work/FeatherLandNew/Assets/Scripts/New/ViewController/Game/GameEntry.cs:141)
BirdGame.GameEntry:HandleKeyboardShortcuts() (at E:/Unity/Projects/Work/FeatherLandNew/Assets/Scripts/New/ViewController/Game/GameEntry.cs:568)
BirdGame.GameEntry:Update() (at E:/Unity/Projects/Work/FeatherLandNew/Assets/Scripts/New/ViewController/Game/GameEntry.cs:172)

[SimpleMouseForwarder] 鼠标钩子已卸载 (OnDisable)
UnityEngine.DebugLogHandler:Internal_Log(LogType, LogOption, String, Object)
UnityEngine.Logger:Log(LogType, Object)
UnityEngine.Debug:Log(Object)
BirdGame.SimpleMouseForwarder:OnDisable() (at E:/Unity/Projects/Work/FeatherLandNew/Assets/Scripts/New/SimpleMouseForwarder.cs:2007)
BirdGame.FullScreenUtility:FullscreenMode() (at E:/Unity/Projects/Work/FeatherLandNew/Assets/Scripts/New/Utility/FullScreenUtility.cs:833)
BirdGame.GameEntry:SetScreenMode(Int32, Boolean) (at E:/Unity/Projects/Work/FeatherLandNew/Assets/Scripts/New/ViewController/Game/GameEntry.cs:141)
BirdGame.GameEntry:HandleKeyboardShortcuts() (at E:/Unity/Projects/Work/FeatherLandNew/Assets/Scripts/New/ViewController/Game/GameEntry.cs:568)
BirdGame.GameEntry:Update() (at E:/Unity/Projects/Work/FeatherLandNew/Assets/Scripts/New/ViewController/Game/GameEntry.cs:172)

[SimpleMouseForwarder] 键盘钩子已卸载 (OnDisable)
UnityEngine.DebugLogHandler:Internal_Log(LogType, LogOption, String, Object)
UnityEngine.Logger:Log(LogType, Object)
UnityEngine.Debug:Log(Object)
BirdGame.SimpleMouseForwarder:OnDisable() (at E:/Unity/Projects/Work/FeatherLandNew/Assets/Scripts/New/SimpleMouseForwarder.cs:2014)
BirdGame.FullScreenUtility:FullscreenMode() (at E:/Unity/Projects/Work/FeatherLandNew/Assets/Scripts/New/Utility/FullScreenUtility.cs:833)
BirdGame.GameEntry:SetScreenMode(Int32, Boolean) (at E:/Unity/Projects/Work/FeatherLandNew/Assets/Scripts/New/ViewController/Game/GameEntry.cs:141)
BirdGame.GameEntry:HandleKeyboardShortcuts() (at E:/Unity/Projects/Work/FeatherLandNew/Assets/Scripts/New/ViewController/Game/GameEntry.cs:568)
BirdGame.GameEntry:Update() (at E:/Unity/Projects/Work/FeatherLandNew/Assets/Scripts/New/ViewController/Game/GameEntry.cs:172)

[FullscreenMode] SimpleMouseForwarder 已禁用
UnityEngine.DebugLogHandler:Internal_Log(LogType, LogOption, String, Object)
UnityEngine.Logger:Log(LogType, Object)
UnityEngine.Debug:Log(Object)
BirdGame.FullScreenUtility:FullscreenMode() (at E:/Unity/Projects/Work/FeatherLandNew/Assets/Scripts/New/Utility/FullScreenUtility.cs:834)
BirdGame.GameEntry:SetScreenMode(Int32, Boolean) (at E:/Unity/Projects/Work/FeatherLandNew/Assets/Scripts/New/ViewController/Game/GameEntry.cs:141)
BirdGame.GameEntry:HandleKeyboardShortcuts() (at E:/Unity/Projects/Work/FeatherLandNew/Assets/Scripts/New/ViewController/Game/GameEntry.cs:568)
BirdGame.GameEntry:Update() (at E:/Unity/Projects/Work/FeatherLandNew/Assets/Scripts/New/ViewController/Game/GameEntry.cs:172)

[ActivateWindow] 结果 - Foreground: False, BringToTop: True, Focus: True
UnityEngine.DebugLogHandler:Internal_Log(LogType, LogOption, String, Object)
UnityEngine.Logger:Log(LogType, Object)
UnityEngine.Debug:Log(Object)
BirdGame.FullScreenUtility:ActivateWindow() (at E:/Unity/Projects/Work/FeatherLandNew/Assets/Scripts/New/Utility/FullScreenUtility.cs:323)
BirdGame.GameEntry:SetScreenMode(Int32, Boolean) (at E:/Unity/Projects/Work/FeatherLandNew/Assets/Scripts/New/ViewController/Game/GameEntry.cs:141)
BirdGame.GameEntry:HandleKeyboardShortcuts() (at E:/Unity/Projects/Work/FeatherLandNew/Assets/Scripts/New/ViewController/Game/GameEntry.cs:568)
BirdGame.GameEntry:Update() (at E:/Unity/Projects/Work/FeatherLandNew/Assets/Scripts/New/ViewController/Game/GameEntry.cs:172)

设置为全屏模式 (45 FPS)
UnityEngine.DebugLogHandler:Internal_Log(LogType, LogOption, String, Object)
UnityEngine.Logger:Log(LogType, Object)
UnityEngine.Debug:Log(Object)
BirdGame.GameEntry:SetScreenMode(Int32, Boolean) (at E:/Unity/Projects/Work/FeatherLandNew/Assets/Scripts/New/ViewController/Game/GameEntry.cs:150)
BirdGame.GameEntry:HandleKeyboardShortcuts() (at E:/Unity/Projects/Work/FeatherLandNew/Assets/Scripts/New/ViewController/Game/GameEntry.cs:568)
BirdGame.GameEntry:Update() (at E:/Unity/Projects/Work/FeatherLandNew/Assets/Scripts/New/ViewController/Game/GameEntry.cs:172)

不存在ShopPopup，无法关闭！
UnityEngine.DebugLogHandler:Internal_Log(LogType, LogOption, String, Object)
UnityEngine.Logger:Log(LogType, Object)
UnityEngine.Debug:Log(Object)
BirdGame.UISystem:HidePopup(UIPopup) (at E:/Unity/Projects/Work/FeatherLandNew/Assets/Scripts/New/Systems/IUISystem.cs:229)
BirdGame.<>c__DisplayClass35_0:<Start>b__4(Boolean) (at E:/Unity/Projects/Work/FeatherLandNew/Assets/Scripts/New/ViewController/UI/Panels/MenuPanel.cs:152)
UnityEngine.Timeline.IntervalTree`1:get_dirty() (at ./Library/PackageCache/com.unity.timeline@6b9e48457ddb/Runtime/Evaluation/IntervalTree.cs:40)
Cysharp.Threading.Tasks.UniTask`1:ToString() (at E:/Unity/Projects/Work/FeatherLandNew/Assets/Plugins/UniTask/Runtime/UniTask.cs:481)
UnityEngine.UI.Toggle:Set(Boolean, Boolean) (at ./Library/PackageCache/com.unity.ugui@aa507f3228f0/Runtime/UGUI/UI/Core/Toggle.cs:284)
BirdGame.GameEntry:HandleKeyboardShortcuts() (at E:/Unity/Projects/Work/FeatherLandNew/Assets/Scripts/New/ViewController/Game/GameEntry.cs:628)
BirdGame.GameEntry:Update() (at E:/Unity/Projects/Work/FeatherLandNew/Assets/Scripts/New/ViewController/Game/GameEntry.cs:172)

不存在IllustratedPopup，无法关闭！
UnityEngine.DebugLogHandler:Internal_Log(LogType, LogOption, String, Object)
UnityEngine.Logger:Log(LogType, Object)
UnityEngine.Debug:Log(Object)
BirdGame.UISystem:HidePopup(UIPopup) (at E:/Unity/Projects/Work/FeatherLandNew/Assets/Scripts/New/Systems/IUISystem.cs:229)
BirdGame.<>c__DisplayClass35_0:<Start>b__4(Boolean) (at E:/Unity/Projects/Work/FeatherLandNew/Assets/Scripts/New/ViewController/UI/Panels/MenuPanel.cs:153)
UnityEngine.Timeline.IntervalTree`1:get_dirty() (at ./Library/PackageCache/com.unity.timeline@6b9e48457ddb/Runtime/Evaluation/IntervalTree.cs:40)
Cysharp.Threading.Tasks.UniTask`1:ToString() (at E:/Unity/Projects/Work/FeatherLandNew/Assets/Plugins/UniTask/Runtime/UniTask.cs:481)
UnityEngine.UI.Toggle:Set(Boolean, Boolean) (at ./Library/PackageCache/com.unity.ugui@aa507f3228f0/Runtime/UGUI/UI/Core/Toggle.cs:284)
BirdGame.GameEntry:HandleKeyboardShortcuts() (at E:/Unity/Projects/Work/FeatherLandNew/Assets/Scripts/New/ViewController/Game/GameEntry.cs:628)
BirdGame.GameEntry:Update() (at E:/Unity/Projects/Work/FeatherLandNew/Assets/Scripts/New/ViewController/Game/GameEntry.cs:172)

不存在MapPopup，无法关闭！
UnityEngine.DebugLogHandler:Internal_Log(LogType, LogOption, String, Object)
UnityEngine.Logger:Log(LogType, Object)
UnityEngine.Debug:Log(Object)
BirdGame.UISystem:HidePopup(UIPopup) (at E:/Unity/Projects/Work/FeatherLandNew/Assets/Scripts/New/Systems/IUISystem.cs:229)
BirdGame.<>c__DisplayClass35_0:<Start>b__4(Boolean) (at E:/Unity/Projects/Work/FeatherLandNew/Assets/Scripts/New/ViewController/UI/Panels/MenuPanel.cs:154)
UnityEngine.Timeline.IntervalTree`1:get_dirty() (at ./Library/PackageCache/com.unity.timeline@6b9e48457ddb/Runtime/Evaluation/IntervalTree.cs:40)
Cysharp.Threading.Tasks.UniTask`1:ToString() (at E:/Unity/Projects/Work/FeatherLandNew/Assets/Plugins/UniTask/Runtime/UniTask.cs:481)
UnityEngine.UI.Toggle:Set(Boolean, Boolean) (at ./Library/PackageCache/com.unity.ugui@aa507f3228f0/Runtime/UGUI/UI/Core/Toggle.cs:284)
BirdGame.GameEntry:HandleKeyboardShortcuts() (at E:/Unity/Projects/Work/FeatherLandNew/Assets/Scripts/New/ViewController/Game/GameEntry.cs:628)
BirdGame.GameEntry:Update() (at E:/Unity/Projects/Work/FeatherLandNew/Assets/Scripts/New/ViewController/Game/GameEntry.cs:172)

不存在TutorialPopup，无法关闭！
UnityEngine.DebugLogHandler:Internal_Log(LogType, LogOption, String, Object)
UnityEngine.Logger:Log(LogType, Object)
UnityEngine.Debug:Log(Object)
BirdGame.UISystem:HidePopup(UIPopup) (at E:/Unity/Projects/Work/FeatherLandNew/Assets/Scripts/New/Systems/IUISystem.cs:229)
BirdGame.<>c__DisplayClass35_0:<Start>b__4(Boolean) (at E:/Unity/Projects/Work/FeatherLandNew/Assets/Scripts/New/ViewController/UI/Panels/MenuPanel.cs:155)
UnityEngine.Timeline.IntervalTree`1:get_dirty() (at ./Library/PackageCache/com.unity.timeline@6b9e48457ddb/Runtime/Evaluation/IntervalTree.cs:40)
Cysharp.Threading.Tasks.UniTask`1:ToString() (at E:/Unity/Projects/Work/FeatherLandNew/Assets/Plugins/UniTask/Runtime/UniTask.cs:481)
UnityEngine.UI.Toggle:Set(Boolean, Boolean) (at ./Library/PackageCache/com.unity.ugui@aa507f3228f0/Runtime/UGUI/UI/Core/Toggle.cs:284)
BirdGame.GameEntry:HandleKeyboardShortcuts() (at E:/Unity/Projects/Work/FeatherLandNew/Assets/Scripts/New/ViewController/Game/GameEntry.cs:628)
BirdGame.GameEntry:Update() (at E:/Unity/Projects/Work/FeatherLandNew/Assets/Scripts/New/ViewController/Game/GameEntry.cs:172)

本地化文本加载成功，Key: Volume，Text: Volume
UnityEngine.DebugLogHandler:Internal_Log(LogType, LogOption, String, Object)
UnityEngine.Logger:Log(LogType, Object)
UnityEngine.Debug:Log(Object)
UnityEngine.Object:Instantiate(Object, Transform, Boolean)
NavMeshPlus.Extensions.NavMeshBuilderState:GetExtraState(Boolean) (at ./Library/PackageCache/com.h8man.2d.navmeshplus@3fdf1984803c/NavMeshComponents/Scripts/NavMeshBuilderState.cs:32)
BirdGame.<>c__DisplayClass12_0:<ShowPopup>b__0(GameObject) (at E:/Unity/Projects/Work/FeatherLandNew/Assets/Scripts/New/Systems/IUISystem.cs:213)
UnityEngine.UI.CoroutineTween.FloatTween:get_duration() (at ./Library/PackageCache/com.unity.ugui@aa507f3228f0/Runtime/UGUI/UI/Animation/CoroutineTween.cs:142)
System.Threading.ExecutionContext:RunInternal(ExecutionContext, ContextCallback, Object, Boolean)
System.Runtime.CompilerServices.MoveNextRunner:Run()
Cysharp.Threading.Tasks.Awaiter:GetResult() (at E:/Unity/Projects/Work/FeatherLandNew/Assets/Plugins/UniTask/Runtime/UniTask.cs:317)
Cysharp.Threading.Tasks.Internal.ContinuationQueue:RunCore() (at E:/Unity/Projects/Work/FeatherLandNew/Assets/Plugins/UniTask/Runtime/Internal/ContinuationQueue.cs:194)

本地化文本加载成功，Key: Language，Text: Language
UnityEngine.DebugLogHandler:Internal_Log(LogType, LogOption, String, Object)
UnityEngine.Logger:Log(LogType, Object)
UnityEngine.Debug:Log(Object)
UnityEngine.Object:Instantiate(Object, Transform, Boolean)
NavMeshPlus.Extensions.NavMeshBuilderState:GetExtraState(Boolean) (at ./Library/PackageCache/com.h8man.2d.navmeshplus@3fdf1984803c/NavMeshComponents/Scripts/NavMeshBuilderState.cs:32)
BirdGame.<>c__DisplayClass12_0:<ShowPopup>b__0(GameObject) (at E:/Unity/Projects/Work/FeatherLandNew/Assets/Scripts/New/Systems/IUISystem.cs:213)
UnityEngine.UI.CoroutineTween.FloatTween:get_duration() (at ./Library/PackageCache/com.unity.ugui@aa507f3228f0/Runtime/UGUI/UI/Animation/CoroutineTween.cs:142)
System.Threading.ExecutionContext:RunInternal(ExecutionContext, ContextCallback, Object, Boolean)
System.Runtime.CompilerServices.MoveNextRunner:Run()
Cysharp.Threading.Tasks.Awaiter:GetResult() (at E:/Unity/Projects/Work/FeatherLandNew/Assets/Plugins/UniTask/Runtime/UniTask.cs:317)
Cysharp.Threading.Tasks.Internal.ContinuationQueue:RunCore() (at E:/Unity/Projects/Work/FeatherLandNew/Assets/Plugins/UniTask/Runtime/Internal/ContinuationQueue.cs:194)

本地化文本加载成功，Key: AutoFeeding，Text: Turn Off Auto Feeding
UnityEngine.DebugLogHandler:Internal_Log(LogType, LogOption, String, Object)
UnityEngine.Logger:Log(LogType, Object)
UnityEngine.Debug:Log(Object)
UnityEngine.Object:Instantiate(Object, Transform, Boolean)
NavMeshPlus.Extensions.NavMeshBuilderState:GetExtraState(Boolean) (at ./Library/PackageCache/com.h8man.2d.navmeshplus@3fdf1984803c/NavMeshComponents/Scripts/NavMeshBuilderState.cs:32)
BirdGame.<>c__DisplayClass12_0:<ShowPopup>b__0(GameObject) (at E:/Unity/Projects/Work/FeatherLandNew/Assets/Scripts/New/Systems/IUISystem.cs:213)
UnityEngine.UI.CoroutineTween.FloatTween:get_duration() (at ./Library/PackageCache/com.unity.ugui@aa507f3228f0/Runtime/UGUI/UI/Animation/CoroutineTween.cs:142)
System.Threading.ExecutionContext:RunInternal(ExecutionContext, ContextCallback, Object, Boolean)
System.Runtime.CompilerServices.MoveNextRunner:Run()
Cysharp.Threading.Tasks.Awaiter:GetResult() (at E:/Unity/Projects/Work/FeatherLandNew/Assets/Plugins/UniTask/Runtime/UniTask.cs:317)
Cysharp.Threading.Tasks.Internal.ContinuationQueue:RunCore() (at E:/Unity/Projects/Work/FeatherLandNew/Assets/Plugins/UniTask/Runtime/Internal/ContinuationQueue.cs:194)

本地化文本加载成功，Key: Delete Save，Text: Delete Save
UnityEngine.DebugLogHandler:Internal_Log(LogType, LogOption, String, Object)
UnityEngine.Logger:Log(LogType, Object)
UnityEngine.Debug:Log(Object)
UnityEngine.Object:Instantiate(Object, Transform, Boolean)
NavMeshPlus.Extensions.NavMeshBuilderState:GetExtraState(Boolean) (at ./Library/PackageCache/com.h8man.2d.navmeshplus@3fdf1984803c/NavMeshComponents/Scripts/NavMeshBuilderState.cs:32)
BirdGame.<>c__DisplayClass12_0:<ShowPopup>b__0(GameObject) (at E:/Unity/Projects/Work/FeatherLandNew/Assets/Scripts/New/Systems/IUISystem.cs:213)
UnityEngine.UI.CoroutineTween.FloatTween:get_duration() (at ./Library/PackageCache/com.unity.ugui@aa507f3228f0/Runtime/UGUI/UI/Animation/CoroutineTween.cs:142)
System.Threading.ExecutionContext:RunInternal(ExecutionContext, ContextCallback, Object, Boolean)
System.Runtime.CompilerServices.MoveNextRunner:Run()
Cysharp.Threading.Tasks.Awaiter:GetResult() (at E:/Unity/Projects/Work/FeatherLandNew/Assets/Plugins/UniTask/Runtime/UniTask.cs:317)
Cysharp.Threading.Tasks.Internal.ContinuationQueue:RunCore() (at E:/Unity/Projects/Work/FeatherLandNew/Assets/Plugins/UniTask/Runtime/Internal/ContinuationQueue.cs:194)

本地化文本加载成功，Key: Tutorial，Text: Tutorial(T)
UnityEngine.DebugLogHandler:Internal_Log(LogType, LogOption, String, Object)
UnityEngine.Logger:Log(LogType, Object)
UnityEngine.Debug:Log(Object)
UnityEngine.Object:Instantiate(Object, Transform, Boolean)
NavMeshPlus.Extensions.NavMeshBuilderState:GetExtraState(Boolean) (at ./Library/PackageCache/com.h8man.2d.navmeshplus@3fdf1984803c/NavMeshComponents/Scripts/NavMeshBuilderState.cs:32)
BirdGame.<>c__DisplayClass12_0:<ShowPopup>b__0(GameObject) (at E:/Unity/Projects/Work/FeatherLandNew/Assets/Scripts/New/Systems/IUISystem.cs:213)
UnityEngine.UI.CoroutineTween.FloatTween:get_duration() (at ./Library/PackageCache/com.unity.ugui@aa507f3228f0/Runtime/UGUI/UI/Animation/CoroutineTween.cs:142)
System.Threading.ExecutionContext:RunInternal(ExecutionContext, ContextCallback, Object, Boolean)
System.Runtime.CompilerServices.MoveNextRunner:Run()
Cysharp.Threading.Tasks.Awaiter:GetResult() (at E:/Unity/Projects/Work/FeatherLandNew/Assets/Plugins/UniTask/Runtime/UniTask.cs:317)
Cysharp.Threading.Tasks.Internal.ContinuationQueue:RunCore() (at E:/Unity/Projects/Work/FeatherLandNew/Assets/Plugins/UniTask/Runtime/Internal/ContinuationQueue.cs:194)

本地化文本加载成功，Key: Quit Game，Text: Quit Game
UnityEngine.DebugLogHandler:Internal_Log(LogType, LogOption, String, Object)
UnityEngine.Logger:Log(LogType, Object)
UnityEngine.Debug:Log(Object)
UnityEngine.Object:Instantiate(Object, Transform, Boolean)
NavMeshPlus.Extensions.NavMeshBuilderState:GetExtraState(Boolean) (at ./Library/PackageCache/com.h8man.2d.navmeshplus@3fdf1984803c/NavMeshComponents/Scripts/NavMeshBuilderState.cs:32)
BirdGame.<>c__DisplayClass12_0:<ShowPopup>b__0(GameObject) (at E:/Unity/Projects/Work/FeatherLandNew/Assets/Scripts/New/Systems/IUISystem.cs:213)
UnityEngine.UI.CoroutineTween.FloatTween:get_duration() (at ./Library/PackageCache/com.unity.ugui@aa507f3228f0/Runtime/UGUI/UI/Animation/CoroutineTween.cs:142)
System.Threading.ExecutionContext:RunInternal(ExecutionContext, ContextCallback, Object, Boolean)
System.Runtime.CompilerServices.MoveNextRunner:Run()
Cysharp.Threading.Tasks.Awaiter:GetResult() (at E:/Unity/Projects/Work/FeatherLandNew/Assets/Plugins/UniTask/Runtime/UniTask.cs:317)
Cysharp.Threading.Tasks.Internal.ContinuationQueue:RunCore() (at E:/Unity/Projects/Work/FeatherLandNew/Assets/Plugins/UniTask/Runtime/Internal/ContinuationQueue.cs:194)

不存在key[Chinese]对应的翻译，请在本地化配置中增加！
UnityEngine.DebugLogHandler:Internal_Log(LogType, LogOption, String, Object)
UnityEngine.Logger:Log(LogType, Object)
UnityEngine.Debug:LogWarning(Object)
BirdGame.LocalizationSystem:GetString(String) (at E:/Unity/Projects/Work/FeatherLandNew/Assets/Scripts/New/Systems/ILocalizationSystem.cs:85)
BirdGame.SettingPopup:InitializeLanguageDropdown() (at E:/Unity/Projects/Work/FeatherLandNew/Assets/Scripts/New/ViewController/UI/Popups/SettingPopup.cs:529)
BirdGame.SettingPopup:Start() (at E:/Unity/Projects/Work/FeatherLandNew/Assets/Scripts/New/ViewController/UI/Popups/SettingPopup.cs:278)

存档中的语言设置: English
UnityEngine.DebugLogHandler:Internal_Log(LogType, LogOption, String, Object)
UnityEngine.Logger:Log(LogType, Object)
UnityEngine.Debug:Log(Object)
BirdGame.SettingPopup:InitializeLanguageDropdown() (at E:/Unity/Projects/Work/FeatherLandNew/Assets/Scripts/New/ViewController/UI/Popups/SettingPopup.cs:537)
BirdGame.SettingPopup:Start() (at E:/Unity/Projects/Work/FeatherLandNew/Assets/Scripts/New/ViewController/UI/Popups/SettingPopup.cs:278)

本地化配置支持的语言: English, ChineseSimplified
UnityEngine.DebugLogHandler:Internal_Log(LogType, LogOption, String, Object)
UnityEngine.Logger:Log(LogType, Object)
UnityEngine.Debug:Log(Object)
BirdGame.SettingPopup:InitializeLanguageDropdown() (at E:/Unity/Projects/Work/FeatherLandNew/Assets/Scripts/New/ViewController/UI/Popups/SettingPopup.cs:538)
BirdGame.SettingPopup:Start() (at E:/Unity/Projects/Work/FeatherLandNew/Assets/Scripts/New/ViewController/UI/Popups/SettingPopup.cs:278)

本地化文本加载成功，Key: ManualFeeding，Text: Turn On Auto Feeding
UnityEngine.DebugLogHandler:Internal_Log(LogType, LogOption, String, Object)
UnityEngine.Logger:Log(LogType, Object)
UnityEngine.Debug:Log(Object)
BirdGame.SettingPopup:RefreshAutoFeedingLabel(Boolean) (at E:/Unity/Projects/Work/FeatherLandNew/Assets/Scripts/New/ViewController/UI/Popups/SettingPopup.cs:349)
BirdGame.SettingPopup:Start() (at E:/Unity/Projects/Work/FeatherLandNew/Assets/Scripts/New/ViewController/UI/Popups/SettingPopup.cs:309)

本地化文本加载成功，Key: Whether to purchase?，Text: Confirm your purchase
UnityEngine.DebugLogHandler:Internal_Log(LogType, LogOption, String, Object)
UnityEngine.Logger:Log(LogType, Object)
UnityEngine.Debug:Log(Object)
UnityEngine.Object:Instantiate(Object, Transform, Boolean)
NavMeshPlus.Extensions.NavMeshBuilderState:GetExtraState(Boolean) (at ./Library/PackageCache/com.h8man.2d.navmeshplus@3fdf1984803c/NavMeshComponents/Scripts/NavMeshBuilderState.cs:32)
BirdGame.<>c__DisplayClass12_0:<ShowPopup>b__0(GameObject) (at E:/Unity/Projects/Work/FeatherLandNew/Assets/Scripts/New/Systems/IUISystem.cs:213)
UnityEngine.UI.CoroutineTween.FloatTween:get_duration() (at ./Library/PackageCache/com.unity.ugui@aa507f3228f0/Runtime/UGUI/UI/Animation/CoroutineTween.cs:142)
Cysharp.Threading.Tasks.CompilerServices.AsyncUniTaskMethodBuilder:Start(TStateMachine&) (at E:/Unity/Projects/Work/FeatherLandNew/Assets/Plugins/UniTask/Runtime/CompilerServices/AsyncUniTaskMethodBuilder.cs:112)
UnityEngine.AddressableAssets.AssetReference:LoadAssetAsync() (at ./Library/PackageCache/com.unity.addressables@d929cbc70804/Runtime/AssetReference.cs:558)
BirdGame.UISystem:ShowPopup(UIPopup, Action) (at E:/Unity/Projects/Work/FeatherLandNew/Assets/Scripts/New/Systems/IUISystem.cs:222)
UnityEngine.Events.InvokableCall:Invoke()
UnityEngine.Events.UnityEvent:Invoke()
Unity.Collections.LowLevel.Unsafe.UnsafeText:get_Length() (at ./Library/PackageCache/com.unity.collections@56bff8827a7e/Unity.Collections/UnsafeText.cs:210)
UnityEngine.InputSystem.UI.InputSystemUIInputModule:ProcessPointerButton(ButtonState&, PointerEventData) (at ./Library/PackageCache/com.unity.inputsystem@be6c4fd0abf5/InputSystem/Plugins/UI/InputSystemUIInputModule.cs:744)
UnityEngine.InputSystem.UI.InputSystemUIInputModule:ProcessPointer(PointerModel&) (at ./Library/PackageCache/com.unity.inputsystem@be6c4fd0abf5/InputSystem/Plugins/UI/InputSystemUIInputModule.cs:489)
UnityEngine.InputSystem.UI.InputSystemUIInputModule:Process() (at ./Library/PackageCache/com.unity.inputsystem@be6c4fd0abf5/InputSystem/Plugins/UI/InputSystemUIInputModule.cs:2438)
UnityEngine.EventSystems.EventSystem:Update() (at ./Library/PackageCache/com.unity.ugui@aa507f3228f0/Runtime/UGUI/EventSystem/EventSystem.cs:530)

本地化文本加载成功，Key: Buy，Text: Buy
UnityEngine.DebugLogHandler:Internal_Log(LogType, LogOption, String, Object)
UnityEngine.Logger:Log(LogType, Object)
UnityEngine.Debug:Log(Object)
UnityEngine.Object:Instantiate(Object, Transform, Boolean)
NavMeshPlus.Extensions.NavMeshBuilderState:GetExtraState(Boolean) (at ./Library/PackageCache/com.h8man.2d.navmeshplus@3fdf1984803c/NavMeshComponents/Scripts/NavMeshBuilderState.cs:32)
BirdGame.<>c__DisplayClass12_0:<ShowPopup>b__0(GameObject) (at E:/Unity/Projects/Work/FeatherLandNew/Assets/Scripts/New/Systems/IUISystem.cs:213)
UnityEngine.UI.CoroutineTween.FloatTween:get_duration() (at ./Library/PackageCache/com.unity.ugui@aa507f3228f0/Runtime/UGUI/UI/Animation/CoroutineTween.cs:142)
Cysharp.Threading.Tasks.CompilerServices.AsyncUniTaskMethodBuilder:Start(TStateMachine&) (at E:/Unity/Projects/Work/FeatherLandNew/Assets/Plugins/UniTask/Runtime/CompilerServices/AsyncUniTaskMethodBuilder.cs:112)
UnityEngine.AddressableAssets.AssetReference:LoadAssetAsync() (at ./Library/PackageCache/com.unity.addressables@d929cbc70804/Runtime/AssetReference.cs:558)
BirdGame.UISystem:ShowPopup(UIPopup, Action) (at E:/Unity/Projects/Work/FeatherLandNew/Assets/Scripts/New/Systems/IUISystem.cs:222)
UnityEngine.Events.InvokableCall:Invoke()
UnityEngine.Events.UnityEvent:Invoke()
Unity.Collections.LowLevel.Unsafe.UnsafeText:get_Length() (at ./Library/PackageCache/com.unity.collections@56bff8827a7e/Unity.Collections/UnsafeText.cs:210)
UnityEngine.InputSystem.UI.InputSystemUIInputModule:ProcessPointerButton(ButtonState&, PointerEventData) (at ./Library/PackageCache/com.unity.inputsystem@be6c4fd0abf5/InputSystem/Plugins/UI/InputSystemUIInputModule.cs:744)
UnityEngine.InputSystem.UI.InputSystemUIInputModule:ProcessPointer(PointerModel&) (at ./Library/PackageCache/com.unity.inputsystem@be6c4fd0abf5/InputSystem/Plugins/UI/InputSystemUIInputModule.cs:489)
UnityEngine.InputSystem.UI.InputSystemUIInputModule:Process() (at ./Library/PackageCache/com.unity.inputsystem@be6c4fd0abf5/InputSystem/Plugins/UI/InputSystemUIInputModule.cs:2438)
UnityEngine.EventSystems.EventSystem:Update() (at ./Library/PackageCache/com.unity.ugui@aa507f3228f0/Runtime/UGUI/EventSystem/EventSystem.cs:530)

本地化文本加载成功，Key: Buy，Text: Buy
UnityEngine.DebugLogHandler:Internal_Log(LogType, LogOption, String, Object)
UnityEngine.Logger:Log(LogType, Object)
UnityEngine.Debug:Log(Object)
UnityEngine.Object:Instantiate(Object, Transform, Boolean)
NavMeshPlus.Extensions.NavMeshBuilderState:GetExtraState(Boolean) (at ./Library/PackageCache/com.h8man.2d.navmeshplus@3fdf1984803c/NavMeshComponents/Scripts/NavMeshBuilderState.cs:32)
BirdGame.<>c__DisplayClass12_0:<ShowPopup>b__0(GameObject) (at E:/Unity/Projects/Work/FeatherLandNew/Assets/Scripts/New/Systems/IUISystem.cs:213)
UnityEngine.UI.CoroutineTween.FloatTween:get_duration() (at ./Library/PackageCache/com.unity.ugui@aa507f3228f0/Runtime/UGUI/UI/Animation/CoroutineTween.cs:142)
Cysharp.Threading.Tasks.CompilerServices.AsyncUniTaskMethodBuilder:Start(TStateMachine&) (at E:/Unity/Projects/Work/FeatherLandNew/Assets/Plugins/UniTask/Runtime/CompilerServices/AsyncUniTaskMethodBuilder.cs:112)
UnityEngine.AddressableAssets.AssetReference:LoadAssetAsync() (at ./Library/PackageCache/com.unity.addressables@d929cbc70804/Runtime/AssetReference.cs:558)
BirdGame.UISystem:ShowPopup(UIPopup, Action) (at E:/Unity/Projects/Work/FeatherLandNew/Assets/Scripts/New/Systems/IUISystem.cs:222)
UnityEngine.Events.InvokableCall:Invoke()
UnityEngine.Events.UnityEvent:Invoke()
Unity.Collections.LowLevel.Unsafe.UnsafeText:get_Length() (at ./Library/PackageCache/com.unity.collections@56bff8827a7e/Unity.Collections/UnsafeText.cs:210)
UnityEngine.InputSystem.UI.InputSystemUIInputModule:ProcessPointerButton(ButtonState&, PointerEventData) (at ./Library/PackageCache/com.unity.inputsystem@be6c4fd0abf5/InputSystem/Plugins/UI/InputSystemUIInputModule.cs:744)
UnityEngine.InputSystem.UI.InputSystemUIInputModule:ProcessPointer(PointerModel&) (at ./Library/PackageCache/com.unity.inputsystem@be6c4fd0abf5/InputSystem/Plugins/UI/InputSystemUIInputModule.cs:489)
UnityEngine.InputSystem.UI.InputSystemUIInputModule:Process() (at ./Library/PackageCache/com.unity.inputsystem@be6c4fd0abf5/InputSystem/Plugins/UI/InputSystemUIInputModule.cs:2438)
UnityEngine.EventSystems.EventSystem:Update() (at ./Library/PackageCache/com.unity.ugui@aa507f3228f0/Runtime/UGUI/EventSystem/EventSystem.cs:530)

不存在key[ExitQuestionnairePrompt]对应的翻译，请在本地化配置中增加！
UnityEngine.DebugLogHandler:Internal_Log(LogType, LogOption, String, Object)
UnityEngine.Logger:Log(LogType, Object)
UnityEngine.Debug:LogWarning(Object)
BirdGame.LocalizationSystem:GetString(String) (at E:/Unity/Projects/Work/FeatherLandNew/Assets/Scripts/New/Systems/ILocalizationSystem.cs:85)
BirdGame.ExitConfirmPopup:Start() (at E:/Unity/Projects/Work/FeatherLandNew/Assets/Scripts/New/ViewController/UI/Popups/ExitConfirmPopup.cs:34)

SetScreenMode 被调用，模式: 0
UnityEngine.DebugLogHandler:Internal_Log(LogType, LogOption, String, Object)
UnityEngine.Logger:Log(LogType, Object)
UnityEngine.Debug:Log(Object)
BirdGame.GameEntry:SetScreenMode(Int32, Boolean) (at E:/Unity/Projects/Work/FeatherLandNew/Assets/Scripts/New/ViewController/Game/GameEntry.cs:109)
QFramework.TypeEventSystem:Send(T) (at E:/Unity/Projects/Work/FeatherLandNew/Assets/QFramework/Framework/Scripts/QFramework.cs:621)
BirdGame.ExitConfirmPopup:ExitGame() (at E:/Unity/Projects/Work/FeatherLandNew/Assets/Scripts/New/ViewController/UI/Popups/ExitConfirmPopup.cs:123)
UnityEngine.Events.InvokableCall:Invoke()
UnityEngine.Events.UnityEvent:Invoke()
Unity.Collections.LowLevel.Unsafe.UnsafeText:get_Length() (at ./Library/PackageCache/com.unity.collections@56bff8827a7e/Unity.Collections/UnsafeText.cs:210)
UnityEngine.InputSystem.UI.InputSystemUIInputModule:ProcessPointerButton(ButtonState&, PointerEventData) (at ./Library/PackageCache/com.unity.inputsystem@be6c4fd0abf5/InputSystem/Plugins/UI/InputSystemUIInputModule.cs:744)
UnityEngine.InputSystem.UI.InputSystemUIInputModule:ProcessPointer(PointerModel&) (at ./Library/PackageCache/com.unity.inputsystem@be6c4fd0abf5/InputSystem/Plugins/UI/InputSystemUIInputModule.cs:489)
UnityEngine.InputSystem.UI.InputSystemUIInputModule:Process() (at ./Library/PackageCache/com.unity.inputsystem@be6c4fd0abf5/InputSystem/Plugins/UI/InputSystemUIInputModule.cs:2438)
UnityEngine.EventSystems.EventSystem:Update() (at ./Library/PackageCache/com.unity.ugui@aa507f3228f0/Runtime/UGUI/EventSystem/EventSystem.cs:530)

[WindowedMode] 目标 - 屏幕: 1920x1080, 窗口: 1536x864
UnityEngine.DebugLogHandler:Internal_Log(LogType, LogOption, String, Object)
UnityEngine.Logger:Log(LogType, Object)
UnityEngine.Debug:Log(Object)
BirdGame.FullScreenUtility:WindowedMode() (at E:/Unity/Projects/Work/FeatherLandNew/Assets/Scripts/New/Utility/FullScreenUtility.cs:877)
BirdGame.GameEntry:SetScreenMode(Int32, Boolean) (at E:/Unity/Projects/Work/FeatherLandNew/Assets/Scripts/New/ViewController/Game/GameEntry.cs:117)
QFramework.TypeEventSystem:Send(T) (at E:/Unity/Projects/Work/FeatherLandNew/Assets/QFramework/Framework/Scripts/QFramework.cs:621)
BirdGame.ExitConfirmPopup:ExitGame() (at E:/Unity/Projects/Work/FeatherLandNew/Assets/Scripts/New/ViewController/UI/Popups/ExitConfirmPopup.cs:123)
UnityEngine.Events.InvokableCall:Invoke()
UnityEngine.Events.UnityEvent:Invoke()
Unity.Collections.LowLevel.Unsafe.UnsafeText:get_Length() (at ./Library/PackageCache/com.unity.collections@56bff8827a7e/Unity.Collections/UnsafeText.cs:210)
UnityEngine.InputSystem.UI.InputSystemUIInputModule:ProcessPointerButton(ButtonState&, PointerEventData) (at ./Library/PackageCache/com.unity.inputsystem@be6c4fd0abf5/InputSystem/Plugins/UI/InputSystemUIInputModule.cs:744)
UnityEngine.InputSystem.UI.InputSystemUIInputModule:ProcessPointer(PointerModel&) (at ./Library/PackageCache/com.unity.inputsystem@be6c4fd0abf5/InputSystem/Plugins/UI/InputSystemUIInputModule.cs:489)
UnityEngine.InputSystem.UI.InputSystemUIInputModule:Process() (at ./Library/PackageCache/com.unity.inputsystem@be6c4fd0abf5/InputSystem/Plugins/UI/InputSystemUIInputModule.cs:2438)
UnityEngine.EventSystems.EventSystem:Update() (at ./Library/PackageCache/com.unity.ugui@aa507f3228f0/Runtime/UGUI/EventSystem/EventSystem.cs:530)

[WindowedMode] Unity窗口模式已设置 - 1536x864
UnityEngine.DebugLogHandler:Internal_Log(LogType, LogOption, String, Object)
UnityEngine.Logger:Log(LogType, Object)
UnityEngine.Debug:Log(Object)
BirdGame.FullScreenUtility:WindowedMode() (at E:/Unity/Projects/Work/FeatherLandNew/Assets/Scripts/New/Utility/FullScreenUtility.cs:881)
BirdGame.GameEntry:SetScreenMode(Int32, Boolean) (at E:/Unity/Projects/Work/FeatherLandNew/Assets/Scripts/New/ViewController/Game/GameEntry.cs:117)
QFramework.TypeEventSystem:Send(T) (at E:/Unity/Projects/Work/FeatherLandNew/Assets/QFramework/Framework/Scripts/QFramework.cs:621)
BirdGame.ExitConfirmPopup:ExitGame() (at E:/Unity/Projects/Work/FeatherLandNew/Assets/Scripts/New/ViewController/UI/Popups/ExitConfirmPopup.cs:123)
UnityEngine.Events.InvokableCall:Invoke()
UnityEngine.Events.UnityEvent:Invoke()
Unity.Collections.LowLevel.Unsafe.UnsafeText:get_Length() (at ./Library/PackageCache/com.unity.collections@56bff8827a7e/Unity.Collections/UnsafeText.cs:210)
UnityEngine.InputSystem.UI.InputSystemUIInputModule:ProcessPointerButton(ButtonState&, PointerEventData) (at ./Library/PackageCache/com.unity.inputsystem@be6c4fd0abf5/InputSystem/Plugins/UI/InputSystemUIInputModule.cs:744)
UnityEngine.InputSystem.UI.InputSystemUIInputModule:ProcessPointer(PointerModel&) (at ./Library/PackageCache/com.unity.inputsystem@be6c4fd0abf5/InputSystem/Plugins/UI/InputSystemUIInputModule.cs:489)
UnityEngine.InputSystem.UI.InputSystemUIInputModule:Process() (at ./Library/PackageCache/com.unity.inputsystem@be6c4fd0abf5/InputSystem/Plugins/UI/InputSystemUIInputModule.cs:2438)
UnityEngine.EventSystems.EventSystem:Update() (at ./Library/PackageCache/com.unity.ugui@aa507f3228f0/Runtime/UGUI/EventSystem/EventSystem.cs:530)

[WindowedMode] 完成 - 窗口模式已激活
UnityEngine.DebugLogHandler:Internal_Log(LogType, LogOption, String, Object)
UnityEngine.Logger:Log(LogType, Object)
UnityEngine.Debug:Log(Object)
BirdGame.FullScreenUtility:WindowedMode() (at E:/Unity/Projects/Work/FeatherLandNew/Assets/Scripts/New/Utility/FullScreenUtility.cs:891)
BirdGame.GameEntry:SetScreenMode(Int32, Boolean) (at E:/Unity/Projects/Work/FeatherLandNew/Assets/Scripts/New/ViewController/Game/GameEntry.cs:117)
QFramework.TypeEventSystem:Send(T) (at E:/Unity/Projects/Work/FeatherLandNew/Assets/QFramework/Framework/Scripts/QFramework.cs:621)
BirdGame.ExitConfirmPopup:ExitGame() (at E:/Unity/Projects/Work/FeatherLandNew/Assets/Scripts/New/ViewController/UI/Popups/ExitConfirmPopup.cs:123)
UnityEngine.Events.InvokableCall:Invoke()
UnityEngine.Events.UnityEvent:Invoke()
Unity.Collections.LowLevel.Unsafe.UnsafeText:get_Length() (at ./Library/PackageCache/com.unity.collections@56bff8827a7e/Unity.Collections/UnsafeText.cs:210)
UnityEngine.InputSystem.UI.InputSystemUIInputModule:ProcessPointerButton(ButtonState&, PointerEventData) (at ./Library/PackageCache/com.unity.inputsystem@be6c4fd0abf5/InputSystem/Plugins/UI/InputSystemUIInputModule.cs:744)
UnityEngine.InputSystem.UI.InputSystemUIInputModule:ProcessPointer(PointerModel&) (at ./Library/PackageCache/com.unity.inputsystem@be6c4fd0abf5/InputSystem/Plugins/UI/InputSystemUIInputModule.cs:489)
UnityEngine.InputSystem.UI.InputSystemUIInputModule:Process() (at ./Library/PackageCache/com.unity.inputsystem@be6c4fd0abf5/InputSystem/Plugins/UI/InputSystemUIInputModule.cs:2438)
UnityEngine.EventSystems.EventSystem:Update() (at ./Library/PackageCache/com.unity.ugui@aa507f3228f0/Runtime/UGUI/EventSystem/EventSystem.cs:530)

[WindowedMode] SimpleMouseForwarder 已禁用
UnityEngine.DebugLogHandler:Internal_Log(LogType, LogOption, String, Object)
UnityEngine.Logger:Log(LogType, Object)
UnityEngine.Debug:Log(Object)
BirdGame.FullScreenUtility:WindowedMode() (at E:/Unity/Projects/Work/FeatherLandNew/Assets/Scripts/New/Utility/FullScreenUtility.cs:898)
BirdGame.GameEntry:SetScreenMode(Int32, Boolean) (at E:/Unity/Projects/Work/FeatherLandNew/Assets/Scripts/New/ViewController/Game/GameEntry.cs:117)
QFramework.TypeEventSystem:Send(T) (at E:/Unity/Projects/Work/FeatherLandNew/Assets/QFramework/Framework/Scripts/QFramework.cs:621)
BirdGame.ExitConfirmPopup:ExitGame() (at E:/Unity/Projects/Work/FeatherLandNew/Assets/Scripts/New/ViewController/UI/Popups/ExitConfirmPopup.cs:123)
UnityEngine.Events.InvokableCall:Invoke()
UnityEngine.Events.UnityEvent:Invoke()
Unity.Collections.LowLevel.Unsafe.UnsafeText:get_Length() (at ./Library/PackageCache/com.unity.collections@56bff8827a7e/Unity.Collections/UnsafeText.cs:210)
UnityEngine.InputSystem.UI.InputSystemUIInputModule:ProcessPointerButton(ButtonState&, PointerEventData) (at ./Library/PackageCache/com.unity.inputsystem@be6c4fd0abf5/InputSystem/Plugins/UI/InputSystemUIInputModule.cs:744)
UnityEngine.InputSystem.UI.InputSystemUIInputModule:ProcessPointer(PointerModel&) (at ./Library/PackageCache/com.unity.inputsystem@be6c4fd0abf5/InputSystem/Plugins/UI/InputSystemUIInputModule.cs:489)
UnityEngine.InputSystem.UI.InputSystemUIInputModule:Process() (at ./Library/PackageCache/com.unity.inputsystem@be6c4fd0abf5/InputSystem/Plugins/UI/InputSystemUIInputModule.cs:2438)
UnityEngine.EventSystems.EventSystem:Update() (at ./Library/PackageCache/com.unity.ugui@aa507f3228f0/Runtime/UGUI/EventSystem/EventSystem.cs:530)

[ActivateWindow] 结果 - Foreground: True, BringToTop: True, Focus: True
UnityEngine.DebugLogHandler:Internal_Log(LogType, LogOption, String, Object)
UnityEngine.Logger:Log(LogType, Object)
UnityEngine.Debug:Log(Object)
BirdGame.FullScreenUtility:ActivateWindow() (at E:/Unity/Projects/Work/FeatherLandNew/Assets/Scripts/New/Utility/FullScreenUtility.cs:323)
BirdGame.FullScreenUtility:WindowedMode() (at E:/Unity/Projects/Work/FeatherLandNew/Assets/Scripts/New/Utility/FullScreenUtility.cs:902)
BirdGame.GameEntry:SetScreenMode(Int32, Boolean) (at E:/Unity/Projects/Work/FeatherLandNew/Assets/Scripts/New/ViewController/Game/GameEntry.cs:117)
QFramework.TypeEventSystem:Send(T) (at E:/Unity/Projects/Work/FeatherLandNew/Assets/QFramework/Framework/Scripts/QFramework.cs:621)
BirdGame.ExitConfirmPopup:ExitGame() (at E:/Unity/Projects/Work/FeatherLandNew/Assets/Scripts/New/ViewController/UI/Popups/ExitConfirmPopup.cs:123)
UnityEngine.Events.InvokableCall:Invoke()
UnityEngine.Events.UnityEvent:Invoke()
Unity.Collections.LowLevel.Unsafe.UnsafeText:get_Length() (at ./Library/PackageCache/com.unity.collections@56bff8827a7e/Unity.Collections/UnsafeText.cs:210)
UnityEngine.InputSystem.UI.InputSystemUIInputModule:ProcessPointerButton(ButtonState&, PointerEventData) (at ./Library/PackageCache/com.unity.inputsystem@be6c4fd0abf5/InputSystem/Plugins/UI/InputSystemUIInputModule.cs:744)
UnityEngine.InputSystem.UI.InputSystemUIInputModule:ProcessPointer(PointerModel&) (at ./Library/PackageCache/com.unity.inputsystem@be6c4fd0abf5/InputSystem/Plugins/UI/InputSystemUIInputModule.cs:489)
UnityEngine.InputSystem.UI.InputSystemUIInputModule:Process() (at ./Library/PackageCache/com.unity.inputsystem@be6c4fd0abf5/InputSystem/Plugins/UI/InputSystemUIInputModule.cs:2438)
UnityEngine.EventSystems.EventSystem:Update() (at ./Library/PackageCache/com.unity.ugui@aa507f3228f0/Runtime/UGUI/EventSystem/EventSystem.cs:530)

设置为窗口模式 (45 FPS)
UnityEngine.DebugLogHandler:Internal_Log(LogType, LogOption, String, Object)
UnityEngine.Logger:Log(LogType, Object)
UnityEngine.Debug:Log(Object)
BirdGame.GameEntry:SetScreenMode(Int32, Boolean) (at E:/Unity/Projects/Work/FeatherLandNew/Assets/Scripts/New/ViewController/Game/GameEntry.cs:150)
QFramework.TypeEventSystem:Send(T) (at E:/Unity/Projects/Work/FeatherLandNew/Assets/QFramework/Framework/Scripts/QFramework.cs:621)
BirdGame.ExitConfirmPopup:ExitGame() (at E:/Unity/Projects/Work/FeatherLandNew/Assets/Scripts/New/ViewController/UI/Popups/ExitConfirmPopup.cs:123)
UnityEngine.Events.InvokableCall:Invoke()
UnityEngine.Events.UnityEvent:Invoke()
Unity.Collections.LowLevel.Unsafe.UnsafeText:get_Length() (at ./Library/PackageCache/com.unity.collections@56bff8827a7e/Unity.Collections/UnsafeText.cs:210)
UnityEngine.InputSystem.UI.InputSystemUIInputModule:ProcessPointerButton(ButtonState&, PointerEventData) (at ./Library/PackageCache/com.unity.inputsystem@be6c4fd0abf5/InputSystem/Plugins/UI/InputSystemUIInputModule.cs:744)
UnityEngine.InputSystem.UI.InputSystemUIInputModule:ProcessPointer(PointerModel&) (at ./Library/PackageCache/com.unity.inputsystem@be6c4fd0abf5/InputSystem/Plugins/UI/InputSystemUIInputModule.cs:489)
UnityEngine.InputSystem.UI.InputSystemUIInputModule:Process() (at ./Library/PackageCache/com.unity.inputsystem@be6c4fd0abf5/InputSystem/Plugins/UI/InputSystemUIInputModule.cs:2438)
UnityEngine.EventSystems.EventSystem:Update() (at ./Library/PackageCache/com.unity.ugui@aa507f3228f0/Runtime/UGUI/EventSystem/EventSystem.cs:530)

存档更新成功! {"coins":200.0,"sceneDecorationInfos":[{"decorations":[]}],"sceneTools":[{"tools":[{"equipedId":0,"unlockedList":[]},{"equipedId":0,"unlockedList":[]},{"equipedId":0,"unlockedList":[]},{"equipedId":0,"unlockedList":[]},{"equipedId":0,"unlockedList":[]},{"equipedId":0,"unlockedList":[]},{"equipedId":0,"unlockedList":[]}]},{"tools":[]}]}
UnityEngine.DebugLogHandler:Internal_Log(LogType, LogOption, String, Object)
UnityEngine.Logger:Log(LogType, Object)
UnityEngine.Debug:Log(Object)
BirdGame.SaveSystem:SaveData(String, T) (at E:/Unity/Projects/Work/FeatherLandNew/Assets/Scripts/New/Systems/ISaveSystem.cs:81)
BirdGame.SaveSystem:SaveData() (at E:/Unity/Projects/Work/FeatherLandNew/Assets/Scripts/New/Systems/ISaveSystem.cs:301)
BirdGame.BirdSystem:SyncBirdDataToSave() (at E:/Unity/Projects/Work/FeatherLandNew/Assets/Scripts/New/Systems/IBirdSystem.cs:119)
BirdGame.ExitConfirmPopup:ExitGame() (at E:/Unity/Projects/Work/FeatherLandNew/Assets/Scripts/New/ViewController/UI/Popups/ExitConfirmPopup.cs:124)
UnityEngine.Events.InvokableCall:Invoke()
UnityEngine.Events.UnityEvent:Invoke()
Unity.Collections.LowLevel.Unsafe.UnsafeText:get_Length() (at ./Library/PackageCache/com.unity.collections@56bff8827a7e/Unity.Collections/UnsafeText.cs:210)
UnityEngine.InputSystem.UI.InputSystemUIInputModule:ProcessPointerButton(ButtonState&, PointerEventData) (at ./Library/PackageCache/com.unity.inputsystem@be6c4fd0abf5/InputSystem/Plugins/UI/InputSystemUIInputModule.cs:744)
UnityEngine.InputSystem.UI.InputSystemUIInputModule:ProcessPointer(PointerModel&) (at ./Library/PackageCache/com.unity.inputsystem@be6c4fd0abf5/InputSystem/Plugins/UI/InputSystemUIInputModule.cs:489)
UnityEngine.InputSystem.UI.InputSystemUIInputModule:Process() (at ./Library/PackageCache/com.unity.inputsystem@be6c4fd0abf5/InputSystem/Plugins/UI/InputSystemUIInputModule.cs:2438)
UnityEngine.EventSystems.EventSystem:Update() (at ./Library/PackageCache/com.unity.ugui@aa507f3228f0/Runtime/UGUI/EventSystem/EventSystem.cs:530)

存档更新成功! {"screenMode":0,"gameLanguage":10,"autoFeeding":false}
UnityEngine.DebugLogHandler:Internal_Log(LogType, LogOption, String, Object)
UnityEngine.Logger:Log(LogType, Object)
UnityEngine.Debug:Log(Object)
BirdGame.SaveSystem:SaveData(String, T) (at E:/Unity/Projects/Work/FeatherLandNew/Assets/Scripts/New/Systems/ISaveSystem.cs:81)
BirdGame.SaveSystem:SaveData() (at E:/Unity/Projects/Work/FeatherLandNew/Assets/Scripts/New/Systems/ISaveSystem.cs:302)
BirdGame.BirdSystem:SyncBirdDataToSave() (at E:/Unity/Projects/Work/FeatherLandNew/Assets/Scripts/New/Systems/IBirdSystem.cs:119)
BirdGame.ExitConfirmPopup:ExitGame() (at E:/Unity/Projects/Work/FeatherLandNew/Assets/Scripts/New/ViewController/UI/Popups/ExitConfirmPopup.cs:124)
UnityEngine.Events.InvokableCall:Invoke()
UnityEngine.Events.UnityEvent:Invoke()
Unity.Collections.LowLevel.Unsafe.UnsafeText:get_Length() (at ./Library/PackageCache/com.unity.collections@56bff8827a7e/Unity.Collections/UnsafeText.cs:210)
UnityEngine.InputSystem.UI.InputSystemUIInputModule:ProcessPointerButton(ButtonState&, PointerEventData) (at ./Library/PackageCache/com.unity.inputsystem@be6c4fd0abf5/InputSystem/Plugins/UI/InputSystemUIInputModule.cs:744)
UnityEngine.InputSystem.UI.InputSystemUIInputModule:ProcessPointer(PointerModel&) (at ./Library/PackageCache/com.unity.inputsystem@be6c4fd0abf5/InputSystem/Plugins/UI/InputSystemUIInputModule.cs:489)
UnityEngine.InputSystem.UI.InputSystemUIInputModule:Process() (at ./Library/PackageCache/com.unity.inputsystem@be6c4fd0abf5/InputSystem/Plugins/UI/InputSystemUIInputModule.cs:2438)
UnityEngine.EventSystems.EventSystem:Update() (at ./Library/PackageCache/com.unity.ugui@aa507f3228f0/Runtime/UGUI/EventSystem/EventSystem.cs:530)

存档更新成功! {"bgmVolume":0.5,"masterVolume":1.0,"masterVolumeConfigured":false,"effectVolume":0.5,"birdVolume":0.30000001192092898,"birdVolumeConfigured":false,"tomatoAlertVolume":0.5,"tomatoAlertVolumeConfigured":false,"environmentVolume":0.5,"environmentVolumes":[1.0,1.0,0.0,0.0,0.0,0.0,0.0],"likes":[]}
UnityEngine.DebugLogHandler:Internal_Log(LogType, LogOption, String, Object)
UnityEngine.Logger:Log(LogType, Object)
UnityEngine.Debug:Log(Object)
BirdGame.SaveSystem:SaveData(String, T) (at E:/Unity/Projects/Work/FeatherLandNew/Assets/Scripts/New/Systems/ISaveSystem.cs:81)
BirdGame.SaveSystem:SaveData() (at E:/Unity/Projects/Work/FeatherLandNew/Assets/Scripts/New/Systems/ISaveSystem.cs:303)
BirdGame.BirdSystem:SyncBirdDataToSave() (at E:/Unity/Projects/Work/FeatherLandNew/Assets/Scripts/New/Systems/IBirdSystem.cs:119)
BirdGame.ExitConfirmPopup:ExitGame() (at E:/Unity/Projects/Work/FeatherLandNew/Assets/Scripts/New/ViewController/UI/Popups/ExitConfirmPopup.cs:124)
UnityEngine.Events.InvokableCall:Invoke()
UnityEngine.Events.UnityEvent:Invoke()
Unity.Collections.LowLevel.Unsafe.UnsafeText:get_Length() (at ./Library/PackageCache/com.unity.collections@56bff8827a7e/Unity.Collections/UnsafeText.cs:210)
UnityEngine.InputSystem.UI.InputSystemUIInputModule:ProcessPointerButton(ButtonState&, PointerEventData) (at ./Library/PackageCache/com.unity.inputsystem@be6c4fd0abf5/InputSystem/Plugins/UI/InputSystemUIInputModule.cs:744)
UnityEngine.InputSystem.UI.InputSystemUIInputModule:ProcessPointer(PointerModel&) (at ./Library/PackageCache/com.unity.inputsystem@be6c4fd0abf5/InputSystem/Plugins/UI/InputSystemUIInputModule.cs:489)
UnityEngine.InputSystem.UI.InputSystemUIInputModule:Process() (at ./Library/PackageCache/com.unity.inputsystem@be6c4fd0abf5/InputSystem/Plugins/UI/InputSystemUIInputModule.cs:2438)
UnityEngine.EventSystems.EventSystem:Update() (at ./Library/PackageCache/com.unity.ugui@aa507f3228f0/Runtime/UGUI/EventSystem/EventSystem.cs:530)

存档更新成功! {"currentMap":0,"mapBirds":[{"birdList":[],"eggList":[]}],"addedBirdCountList":[]}
UnityEngine.DebugLogHandler:Internal_Log(LogType, LogOption, String, Object)
UnityEngine.Logger:Log(LogType, Object)
UnityEngine.Debug:Log(Object)
BirdGame.SaveSystem:SaveData(String, T) (at E:/Unity/Projects/Work/FeatherLandNew/Assets/Scripts/New/Systems/ISaveSystem.cs:81)
BirdGame.SaveSystem:SaveData() (at E:/Unity/Projects/Work/FeatherLandNew/Assets/Scripts/New/Systems/ISaveSystem.cs:304)
BirdGame.BirdSystem:SyncBirdDataToSave() (at E:/Unity/Projects/Work/FeatherLandNew/Assets/Scripts/New/Systems/IBirdSystem.cs:119)
BirdGame.ExitConfirmPopup:ExitGame() (at E:/Unity/Projects/Work/FeatherLandNew/Assets/Scripts/New/ViewController/UI/Popups/ExitConfirmPopup.cs:124)
UnityEngine.Events.InvokableCall:Invoke()
UnityEngine.Events.UnityEvent:Invoke()
Unity.Collections.LowLevel.Unsafe.UnsafeText:get_Length() (at ./Library/PackageCache/com.unity.collections@56bff8827a7e/Unity.Collections/UnsafeText.cs:210)
UnityEngine.InputSystem.UI.InputSystemUIInputModule:ProcessPointerButton(ButtonState&, PointerEventData) (at ./Library/PackageCache/com.unity.inputsystem@be6c4fd0abf5/InputSystem/Plugins/UI/InputSystemUIInputModule.cs:744)
UnityEngine.InputSystem.UI.InputSystemUIInputModule:ProcessPointer(PointerModel&) (at ./Library/PackageCache/com.unity.inputsystem@be6c4fd0abf5/InputSystem/Plugins/UI/InputSystemUIInputModule.cs:489)
UnityEngine.InputSystem.UI.InputSystemUIInputModule:Process() (at ./Library/PackageCache/com.unity.inputsystem@be6c4fd0abf5/InputSystem/Plugins/UI/InputSystemUIInputModule.cs:2438)
UnityEngine.EventSystems.EventSystem:Update() (at ./Library/PackageCache/com.unity.ugui@aa507f3228f0/Runtime/UGUI/EventSystem/EventSystem.cs:530)

存档更新成功! {"bookList":[]}
UnityEngine.DebugLogHandler:Internal_Log(LogType, LogOption, String, Object)
UnityEngine.Logger:Log(LogType, Object)
UnityEngine.Debug:Log(Object)
BirdGame.SaveSystem:SaveData(String, T) (at E:/Unity/Projects/Work/FeatherLandNew/Assets/Scripts/New/Systems/ISaveSystem.cs:81)
BirdGame.SaveSystem:SaveData() (at E:/Unity/Projects/Work/FeatherLandNew/Assets/Scripts/New/Systems/ISaveSystem.cs:305)
BirdGame.BirdSystem:SyncBirdDataToSave() (at E:/Unity/Projects/Work/FeatherLandNew/Assets/Scripts/New/Systems/IBirdSystem.cs:119)
BirdGame.ExitConfirmPopup:ExitGame() (at E:/Unity/Projects/Work/FeatherLandNew/Assets/Scripts/New/ViewController/UI/Popups/ExitConfirmPopup.cs:124)
UnityEngine.Events.InvokableCall:Invoke()
UnityEngine.Events.UnityEvent:Invoke()
Unity.Collections.LowLevel.Unsafe.UnsafeText:get_Length() (at ./Library/PackageCache/com.unity.collections@56bff8827a7e/Unity.Collections/UnsafeText.cs:210)
UnityEngine.InputSystem.UI.InputSystemUIInputModule:ProcessPointerButton(ButtonState&, PointerEventData) (at ./Library/PackageCache/com.unity.inputsystem@be6c4fd0abf5/InputSystem/Plugins/UI/InputSystemUIInputModule.cs:744)
UnityEngine.InputSystem.UI.InputSystemUIInputModule:ProcessPointer(PointerModel&) (at ./Library/PackageCache/com.unity.inputsystem@be6c4fd0abf5/InputSystem/Plugins/UI/InputSystemUIInputModule.cs:489)
UnityEngine.InputSystem.UI.InputSystemUIInputModule:Process() (at ./Library/PackageCache/com.unity.inputsystem@be6c4fd0abf5/InputSystem/Plugins/UI/InputSystemUIInputModule.cs:2438)
UnityEngine.EventSystems.EventSystem:Update() (at ./Library/PackageCache/com.unity.ugui@aa507f3228f0/Runtime/UGUI/EventSystem/EventSystem.cs:530)

存档更新成功! {"scheduleList":[{"scheduleText":"","isCompleted":false}]}
UnityEngine.DebugLogHandler:Internal_Log(LogType, LogOption, String, Object)
UnityEngine.Logger:Log(LogType, Object)
UnityEngine.Debug:Log(Object)
BirdGame.SaveSystem:SaveData(String, T) (at E:/Unity/Projects/Work/FeatherLandNew/Assets/Scripts/New/Systems/ISaveSystem.cs:81)
BirdGame.SaveSystem:SaveData() (at E:/Unity/Projects/Work/FeatherLandNew/Assets/Scripts/New/Systems/ISaveSystem.cs:306)
BirdGame.BirdSystem:SyncBirdDataToSave() (at E:/Unity/Projects/Work/FeatherLandNew/Assets/Scripts/New/Systems/IBirdSystem.cs:119)
BirdGame.ExitConfirmPopup:ExitGame() (at E:/Unity/Projects/Work/FeatherLandNew/Assets/Scripts/New/ViewController/UI/Popups/ExitConfirmPopup.cs:124)
UnityEngine.Events.InvokableCall:Invoke()
UnityEngine.Events.UnityEvent:Invoke()
Unity.Collections.LowLevel.Unsafe.UnsafeText:get_Length() (at ./Library/PackageCache/com.unity.collections@56bff8827a7e/Unity.Collections/UnsafeText.cs:210)
UnityEngine.InputSystem.UI.InputSystemUIInputModule:ProcessPointerButton(ButtonState&, PointerEventData) (at ./Library/PackageCache/com.unity.inputsystem@be6c4fd0abf5/InputSystem/Plugins/UI/InputSystemUIInputModule.cs:744)
UnityEngine.InputSystem.UI.InputSystemUIInputModule:ProcessPointer(PointerModel&) (at ./Library/PackageCache/com.unity.inputsystem@be6c4fd0abf5/InputSystem/Plugins/UI/InputSystemUIInputModule.cs:489)
UnityEngine.InputSystem.UI.InputSystemUIInputModule:Process() (at ./Library/PackageCache/com.unity.inputsystem@be6c4fd0abf5/InputSystem/Plugins/UI/InputSystemUIInputModule.cs:2438)
UnityEngine.EventSystems.EventSystem:Update() (at ./Library/PackageCache/com.unity.ugui@aa507f3228f0/Runtime/UGUI/EventSystem/EventSystem.cs:530)

存档更新成功! {"birds":[]}
UnityEngine.DebugLogHandler:Internal_Log(LogType, LogOption, String, Object)
UnityEngine.Logger:Log(LogType, Object)
UnityEngine.Debug:Log(Object)
BirdGame.SaveSystem:SaveData(String, T) (at E:/Unity/Projects/Work/FeatherLandNew/Assets/Scripts/New/Systems/ISaveSystem.cs:81)
BirdGame.BirdSystem:SyncBirdDataToSave() (at E:/Unity/Projects/Work/FeatherLandNew/Assets/Scripts/New/Systems/IBirdSystem.cs:119)
BirdGame.ExitConfirmPopup:ExitGame() (at E:/Unity/Projects/Work/FeatherLandNew/Assets/Scripts/New/ViewController/UI/Popups/ExitConfirmPopup.cs:124)
UnityEngine.Events.InvokableCall:Invoke()
UnityEngine.Events.UnityEvent:Invoke()
Unity.Collections.LowLevel.Unsafe.UnsafeText:get_Length() (at ./Library/PackageCache/com.unity.collections@56bff8827a7e/Unity.Collections/UnsafeText.cs:210)
UnityEngine.InputSystem.UI.InputSystemUIInputModule:ProcessPointerButton(ButtonState&, PointerEventData) (at ./Library/PackageCache/com.unity.inputsystem@be6c4fd0abf5/InputSystem/Plugins/UI/InputSystemUIInputModule.cs:744)
UnityEngine.InputSystem.UI.InputSystemUIInputModule:ProcessPointer(PointerModel&) (at ./Library/PackageCache/com.unity.inputsystem@be6c4fd0abf5/InputSystem/Plugins/UI/InputSystemUIInputModule.cs:489)
UnityEngine.InputSystem.UI.InputSystemUIInputModule:Process() (at ./Library/PackageCache/com.unity.inputsystem@be6c4fd0abf5/InputSystem/Plugins/UI/InputSystemUIInputModule.cs:2438)
UnityEngine.EventSystems.EventSystem:Update() (at ./Library/PackageCache/com.unity.ugui@aa507f3228f0/Runtime/UGUI/EventSystem/EventSystem.cs:530)

