Input System module state changed to: Initialized.
[Physics::Module] Initialized fallback backend.
[Physics::Module] Id: 0xdecafbad
Loading player data from F:/Program Files (x86)/Steam/steamapps/common/Feather Land Demo/featherlandunit_Data/data.unity3d
Initialize engine version: 6000.0.58f2 (92dee566b325)
[Subsystems] Discovering subsystems at path F:/Program Files (x86)/Steam/steamapps/common/Feather Land Demo/featherlandunit_Data/UnitySubsystems
kGfxThreadingModeSplitJobs is not supported on Direct3D 11. Reverting to kGfxThreadingModeClientWorkerJobs instead.
GfxDevice: creating device client; kGfxThreadingModeClientWorkerJobs
Direct3D:
    Version:  Direct3D 11.0 [level 11.1]
    Renderer: NVIDIA GeForce RTX 3050 (ID=0x2507)
    Vendor:   NVIDIA
    VRAM:     8042 MB
    Driver:   32.0.15.6636
<RI> Initializing input.
Using Windows.Gaming.Input
<RI> Input initialized.
UnloadTime: 0.269200 ms
Odin Serializer ArchitectureInfo initialization with defaults (all unaligned read/writes disabled).
UnityEngine.DebugLogHandler:Internal_Log(LogType, LogOption, String, Object)
UnityEngine.Logger:Log(LogType, Object)
UnityEngine.Debug:Log(Object)
Sirenix.Serialization.UnitySerializationInitializer:Initialize()

Odin Serializer detected whitelisted runtime platform WindowsPlayer and memory read test succeeded; enabling all unaligned memory read/writes.
UnityEngine.DebugLogHandler:Internal_Log(LogType, LogOption, String, Object)
UnityEngine.Logger:Log(LogType, Object)
UnityEngine.Debug:Log(Object)
Sirenix.Serialization.ArchitectureInfo:SetRuntimePlatform(RuntimePlatform)
Sirenix.Serialization.UnitySerializationInitializer:Initialize()

SteamAPI initialized successfully!
UnityEngine.DebugLogHandler:Internal_Log(LogType, LogOption, String, Object)
UnityEngine.Logger:Log(LogType, Object)
UnityEngine.Debug:Log(Object)
BirdGame.SteamSystem:OnInit() (at D:/unity/FetaherLand623/FeatherLandNew/Assets/Scripts/New/Systems/ISteamSystem.cs:27)
QFramework.Architecture`1:MakeSureArchitecture() (at D:/unity/FetaherLand623/FeatherLandNew/Assets/QFramework/Framework/Scripts/QFramework.cs:104)
QFramework.Architecture`1:get_Interface() (at D:/unity/FetaherLand623/FeatherLandNew/Assets/QFramework/Framework/Scripts/QFramework.cs:80)
QFramework.CanRegisterEventExtension:RegisterEvent(ICanRegisterEvent, Action`1) (at D:/unity/FetaherLand623/FeatherLandNew/Assets/QFramework/Framework/Scripts/QFramework.cs:402)
BirdGame.GameEntry:Start() (at D:/unity/FetaherLand623/FeatherLandNew/Assets/Scripts/New/ViewController/Game/GameEntry.cs:50)

Player's name: 223261911
UnityEngine.DebugLogHandler:Internal_Log(LogType, LogOption, String, Object)
UnityEngine.Logger:Log(LogType, Object)
UnityEngine.Debug:Log(Object)
BirdGame.SteamSystem:OnInit() (at D:/unity/FetaherLand623/FeatherLandNew/Assets/Scripts/New/Systems/ISteamSystem.cs:30)
QFramework.Architecture`1:MakeSureArchitecture() (at D:/unity/FetaherLand623/FeatherLandNew/Assets/QFramework/Framework/Scripts/QFramework.cs:104)
QFramework.Architecture`1:get_Interface() (at D:/unity/FetaherLand623/FeatherLandNew/Assets/QFramework/Framework/Scripts/QFramework.cs:80)
QFramework.CanRegisterEventExtension:RegisterEvent(ICanRegisterEvent, Action`1) (at D:/unity/FetaherLand623/FeatherLandNew/Assets/QFramework/Framework/Scripts/QFramework.cs:402)
BirdGame.GameEntry:Start() (at D:/unity/FetaherLand623/FeatherLandNew/Assets/Scripts/New/ViewController/Game/GameEntry.cs:50)

RenderGraph is now enabled.
UnityEngine.DebugLogHandler:Internal_Log(LogType, LogOption, String, Object)
UnityEngine.Logger:Log(LogType, Object)
UnityEngine.Debug:Log(Object)
UnityEngine.Rendering.Universal.UniversalRenderPipeline:.ctor(UniversalRenderPipelineAsset) (at ./Library/PackageCache/com.unity.render-pipelines.universal@e1fa89d1f997/Runtime/UniversalRenderPipeline.cs:259)
UnityEngine.Rendering.Universal.UniversalRenderPipelineAsset:CreatePipeline() (at ./Library/PackageCache/com.unity.render-pipelines.universal@e1fa89d1f997/Runtime/Data/UniversalRenderPipelineAsset.cs:793)
UnityEngine.Rendering.RenderPipelineAsset:InternalCreatePipeline()
UnityEngine.Rendering.RenderPipelineManager:TryPrepareRenderPipeline(RenderPipelineAsset)
UnityEngine.Rendering.RenderPipelineManager:DoRenderLoop_Internal(RenderPipelineAsset, IntPtr, Object)

LocalizationConfig加载完成，包含 8 种语言:
UnityEngine.DebugLogHandler:Internal_Log(LogType, LogOption, String, Object)
UnityEngine.Logger:Log(LogType, Object)
UnityEngine.Debug:Log(Object)
BirdGame.LoadGameCommand:OnLocalizationConfigComplete(LocalizationConfig) (at D:/unity/FetaherLand623/FeatherLandNew/Assets/Scripts/New/Commands/LoadGameCommand.cs:89)
UnityEngine.UI.CoroutineTween.FloatTween:get_duration() (at ./Library/PackageCache/com.unity.ugui@aa507f3228f0/Runtime/UGUI/UI/Animation/CoroutineTween.cs:142)
System.Threading.ExecutionContext:RunInternal(ExecutionContext, ContextCallback, Object, Boolean)
System.Runtime.CompilerServices.MoveNextRunner:Run()
Cysharp.Threading.Tasks.Awaiter:GetResult() (at D:/unity/FetaherLand623/FeatherLandNew/Assets/Plugins/UniTask/Runtime/UniTask.cs:317)
Cysharp.Threading.Tasks.Internal.ContinuationQueue:RunCore() (at D:/unity/FetaherLand623/FeatherLandNew/Assets/Plugins/UniTask/Runtime/Internal/ContinuationQueue.cs:194)

  - English: 313 个翻译条目
UnityEngine.DebugLogHandler:Internal_Log(LogType, LogOption, String, Object)
UnityEngine.Logger:Log(LogType, Object)
UnityEngine.Debug:Log(Object)
BirdGame.LoadGameCommand:OnLocalizationConfigComplete(LocalizationConfig) (at D:/unity/FetaherLand623/FeatherLandNew/Assets/Scripts/New/Commands/LoadGameCommand.cs:92)
UnityEngine.UI.CoroutineTween.FloatTween:get_duration() (at ./Library/PackageCache/com.unity.ugui@aa507f3228f0/Runtime/UGUI/UI/Animation/CoroutineTween.cs:142)
System.Threading.ExecutionContext:RunInternal(ExecutionContext, ContextCallback, Object, Boolean)
System.Runtime.CompilerServices.MoveNextRunner:Run()
Cysharp.Threading.Tasks.Awaiter:GetResult() (at D:/unity/FetaherLand623/FeatherLandNew/Assets/Plugins/UniTask/Runtime/UniTask.cs:317)
Cysharp.Threading.Tasks.Internal.ContinuationQueue:RunCore() (at D:/unity/FetaherLand623/FeatherLandNew/Assets/Plugins/UniTask/Runtime/Internal/ContinuationQueue.cs:194)

  - ChineseSimplified: 313 个翻译条目
UnityEngine.DebugLogHandler:Internal_Log(LogType, LogOption, String, Object)
UnityEngine.Logger:Log(LogType, Object)
UnityEngine.Debug:Log(Object)
BirdGame.LoadGameCommand:OnLocalizationConfigComplete(LocalizationConfig) (at D:/unity/FetaherLand623/FeatherLandNew/Assets/Scripts/New/Commands/LoadGameCommand.cs:92)
UnityEngine.UI.CoroutineTween.FloatTween:get_duration() (at ./Library/PackageCache/com.unity.ugui@aa507f3228f0/Runtime/UGUI/UI/Animation/CoroutineTween.cs:142)
System.Threading.ExecutionContext:RunInternal(ExecutionContext, ContextCallback, Object, Boolean)
System.Runtime.CompilerServices.MoveNextRunner:Run()
Cysharp.Threading.Tasks.Awaiter:GetResult() (at D:/unity/FetaherLand623/FeatherLandNew/Assets/Plugins/UniTask/Runtime/UniTask.cs:317)
Cysharp.Threading.Tasks.Internal.ContinuationQueue:RunCore() (at D:/unity/FetaherLand623/FeatherLandNew/Assets/Plugins/UniTask/Runtime/Internal/ContinuationQueue.cs:194)

  - ChineseTraditional: 313 个翻译条目
UnityEngine.DebugLogHandler:Internal_Log(LogType, LogOption, String, Object)
UnityEngine.Logger:Log(LogType, Object)
UnityEngine.Debug:Log(Object)
BirdGame.LoadGameCommand:OnLocalizationConfigComplete(LocalizationConfig) (at D:/unity/FetaherLand623/FeatherLandNew/Assets/Scripts/New/Commands/LoadGameCommand.cs:92)
UnityEngine.UI.CoroutineTween.FloatTween:get_duration() (at ./Library/PackageCache/com.unity.ugui@aa507f3228f0/Runtime/UGUI/UI/Animation/CoroutineTween.cs:142)
System.Threading.ExecutionContext:RunInternal(ExecutionContext, ContextCallback, Object, Boolean)
System.Runtime.CompilerServices.MoveNextRunner:Run()
Cysharp.Threading.Tasks.Awaiter:GetResult() (at D:/unity/FetaherLand623/FeatherLandNew/Assets/Plugins/UniTask/Runtime/UniTask.cs:317)
Cysharp.Threading.Tasks.Internal.ContinuationQueue:RunCore() (at D:/unity/FetaherLand623/FeatherLandNew/Assets/Plugins/UniTask/Runtime/Internal/ContinuationQueue.cs:194)

  - Japanese: 313 个翻译条目
UnityEngine.DebugLogHandler:Internal_Log(LogType, LogOption, String, Object)
UnityEngine.Logger:Log(LogType, Object)
UnityEngine.Debug:Log(Object)
BirdGame.LoadGameCommand:OnLocalizationConfigComplete(LocalizationConfig) (at D:/unity/FetaherLand623/FeatherLandNew/Assets/Scripts/New/Commands/LoadGameCommand.cs:92)
UnityEngine.UI.CoroutineTween.FloatTween:get_duration() (at ./Library/PackageCache/com.unity.ugui@aa507f3228f0/Runtime/UGUI/UI/Animation/CoroutineTween.cs:142)
System.Threading.ExecutionContext:RunInternal(ExecutionContext, ContextCallback, Object, Boolean)
System.Runtime.CompilerServices.MoveNextRunner:Run()
Cysharp.Threading.Tasks.Awaiter:GetResult() (at D:/unity/FetaherLand623/FeatherLandNew/Assets/Plugins/UniTask/Runtime/UniTask.cs:317)
Cysharp.Threading.Tasks.Internal.ContinuationQueue:RunCore() (at D:/unity/FetaherLand623/FeatherLandNew/Assets/Plugins/UniTask/Runtime/Internal/ContinuationQueue.cs:194)

  - Korean: 313 个翻译条目
UnityEngine.DebugLogHandler:Internal_Log(LogType, LogOption, String, Object)
UnityEngine.Logger:Log(LogType, Object)
UnityEngine.Debug:Log(Object)
BirdGame.LoadGameCommand:OnLocalizationConfigComplete(LocalizationConfig) (at D:/unity/FetaherLand623/FeatherLandNew/Assets/Scripts/New/Commands/LoadGameCommand.cs:92)
UnityEngine.UI.CoroutineTween.FloatTween:get_duration() (at ./Library/PackageCache/com.unity.ugui@aa507f3228f0/Runtime/UGUI/UI/Animation/CoroutineTween.cs:142)
System.Threading.ExecutionContext:RunInternal(ExecutionContext, ContextCallback, Object, Boolean)
System.Runtime.CompilerServices.MoveNextRunner:Run()
Cysharp.Threading.Tasks.Awaiter:GetResult() (at D:/unity/FetaherLand623/FeatherLandNew/Assets/Plugins/UniTask/Runtime/UniTask.cs:317)
Cysharp.Threading.Tasks.Internal.ContinuationQueue:RunCore() (at D:/unity/FetaherLand623/FeatherLandNew/Assets/Plugins/UniTask/Runtime/Internal/ContinuationQueue.cs:194)

  - Russian: 313 个翻译条目
UnityEngine.DebugLogHandler:Internal_Log(LogType, LogOption, String, Object)
UnityEngine.Logger:Log(LogType, Object)
UnityEngine.Debug:Log(Object)
BirdGame.LoadGameCommand:OnLocalizationConfigComplete(LocalizationConfig) (at D:/unity/FetaherLand623/FeatherLandNew/Assets/Scripts/New/Commands/LoadGameCommand.cs:92)
UnityEngine.UI.CoroutineTween.FloatTween:get_duration() (at ./Library/PackageCache/com.unity.ugui@aa507f3228f0/Runtime/UGUI/UI/Animation/CoroutineTween.cs:142)
System.Threading.ExecutionContext:RunInternal(ExecutionContext, ContextCallback, Object, Boolean)
System.Runtime.CompilerServices.MoveNextRunner:Run()
Cysharp.Threading.Tasks.Awaiter:GetResult() (at D:/unity/FetaherLand623/FeatherLandNew/Assets/Plugins/UniTask/Runtime/UniTask.cs:317)
Cysharp.Threading.Tasks.Internal.ContinuationQueue:RunCore() (at D:/unity/FetaherLand623/FeatherLandNew/Assets/Plugins/UniTask/Runtime/Internal/ContinuationQueue.cs:194)

  - French: 313 个翻译条目
UnityEngine.DebugLogHandler:Internal_Log(LogType, LogOption, String, Object)
UnityEngine.Logger:Log(LogType, Object)
UnityEngine.Debug:Log(Object)
BirdGame.LoadGameCommand:OnLocalizationConfigComplete(LocalizationConfig) (at D:/unity/FetaherLand623/FeatherLandNew/Assets/Scripts/New/Commands/LoadGameCommand.cs:92)
UnityEngine.UI.CoroutineTween.FloatTween:get_duration() (at ./Library/PackageCache/com.unity.ugui@aa507f3228f0/Runtime/UGUI/UI/Animation/CoroutineTween.cs:142)
System.Threading.ExecutionContext:RunInternal(ExecutionContext, ContextCallback, Object, Boolean)
System.Runtime.CompilerServices.MoveNextRunner:Run()
Cysharp.Threading.Tasks.Awaiter:GetResult() (at D:/unity/FetaherLand623/FeatherLandNew/Assets/Plugins/UniTask/Runtime/UniTask.cs:317)
Cysharp.Threading.Tasks.Internal.ContinuationQueue:RunCore() (at D:/unity/FetaherLand623/FeatherLandNew/Assets/Plugins/UniTask/Runtime/Internal/ContinuationQueue.cs:194)

  - Spanish: 313 个翻译条目
UnityEngine.DebugLogHandler:Internal_Log(LogType, LogOption, String, Object)
UnityEngine.Logger:Log(LogType, Object)
UnityEngine.Debug:Log(Object)
BirdGame.LoadGameCommand:OnLocalizationConfigComplete(LocalizationConfig) (at D:/unity/FetaherLand623/FeatherLandNew/Assets/Scripts/New/Commands/LoadGameCommand.cs:92)
UnityEngine.UI.CoroutineTween.FloatTween:get_duration() (at ./Library/PackageCache/com.unity.ugui@aa507f3228f0/Runtime/UGUI/UI/Animation/CoroutineTween.cs:142)
System.Threading.ExecutionContext:RunInternal(ExecutionContext, ContextCallback, Object, Boolean)
System.Runtime.CompilerServices.MoveNextRunner:Run()
Cysharp.Threading.Tasks.Awaiter:GetResult() (at D:/unity/FetaherLand623/FeatherLandNew/Assets/Plugins/UniTask/Runtime/UniTask.cs:317)
Cysharp.Threading.Tasks.Internal.ContinuationQueue:RunCore() (at D:/unity/FetaherLand623/FeatherLandNew/Assets/Plugins/UniTask/Runtime/Internal/ContinuationQueue.cs:194)

当前Windows系统语言: ChineseSimplified
UnityEngine.DebugLogHandler:Internal_Log(LogType, LogOption, String, Object)
UnityEngine.Logger:Log(LogType, Object)
UnityEngine.Debug:Log(Object)
BirdGame.SettingData:.ctor() (at D:/unity/FetaherLand623/FeatherLandNew/Assets/Scripts/New/Models/ISaveModel.cs:94)
UnityEngine.JsonUtility:FromJsonInternal(String, Object, Type)
UnityEngine.JsonUtility:FromJson(String)
BirdGame.SaveSystem:GetData(String) (at D:/unity/FetaherLand623/FeatherLandNew/Assets/Scripts/New/Systems/ISaveSystem.cs:121)
BirdGame.SaveSystem:InitData() (at D:/unity/FetaherLand623/FeatherLandNew/Assets/Scripts/New/Systems/ISaveSystem.cs:268)
BirdGame.LoadGameCommand:OnMapConfigComplete(MapConfig) (at D:/unity/FetaherLand623/FeatherLandNew/Assets/Scripts/New/Commands/LoadGameCommand.cs:104)
UnityEngine.UI.CoroutineTween.FloatTween:get_duration() (at ./Library/PackageCache/com.unity.ugui@aa507f3228f0/Runtime/UGUI/UI/Animation/CoroutineTween.cs:142)
System.Threading.ExecutionContext:RunInternal(ExecutionContext, ContextCallback, Object, Boolean)
System.Runtime.CompilerServices.MoveNextRunner:Run()
Cysharp.Threading.Tasks.Awaiter:GetResult() (at D:/unity/FetaherLand623/FeatherLandNew/Assets/Plugins/UniTask/Runtime/UniTask.cs:317)
Cysharp.Threading.Tasks.Internal.ContinuationQueue:RunCore() (at D:/unity/FetaherLand623/FeatherLandNew/Assets/Plugins/UniTask/Runtime/Internal/ContinuationQueue.cs:194)

场景加载完成
UnityEngine.DebugLogHandler:Internal_Log(LogType, LogOption, String, Object)
UnityEngine.Logger:Log(LogType, Object)
UnityEngine.Debug:Log(Object)
BirdGame.<>c__DisplayClass3_0:<LoadScene>b__0(GameObject) (at D:/unity/FetaherLand623/FeatherLandNew/Assets/Scripts/New/Systems/ISceneSystem.cs:40)
UnityEngine.UI.CoroutineTween.FloatTween:get_duration() (at ./Library/PackageCache/com.unity.ugui@aa507f3228f0/Runtime/UGUI/UI/Animation/CoroutineTween.cs:142)
Cysharp.Threading.Tasks.CompilerServices.AsyncUniTaskMethodBuilder:Start(TStateMachine&) (at D:/unity/FetaherLand623/FeatherLandNew/Assets/Plugins/UniTask/Runtime/CompilerServices/AsyncUniTaskMethodBuilder.cs:112)
UnityEngine.AddressableAssets.AssetReference:LoadAssetAsync() (at ./Library/PackageCache/com.unity.addressables@d929cbc70804/Runtime/AssetReference.cs:558)
BirdGame.SceneSystem:LoadScene(Int32, Action`1, Action) (at D:/unity/FetaherLand623/FeatherLandNew/Assets/Scripts/New/Systems/ISceneSystem.cs:42)
BirdGame.LoadGameCommand:OnMapConfigComplete(MapConfig) (at D:/unity/FetaherLand623/FeatherLandNew/Assets/Scripts/New/Commands/LoadGameCommand.cs:142)
UnityEngine.UI.CoroutineTween.FloatTween:get_duration() (at ./Library/PackageCache/com.unity.ugui@aa507f3228f0/Runtime/UGUI/UI/Animation/CoroutineTween.cs:142)
System.Threading.ExecutionContext:RunInternal(ExecutionContext, ContextCallback, Object, Boolean)
System.Runtime.CompilerServices.MoveNextRunner:Run()
Cysharp.Threading.Tasks.Awaiter:GetResult() (at D:/unity/FetaherLand623/FeatherLandNew/Assets/Plugins/UniTask/Runtime/UniTask.cs:317)
Cysharp.Threading.Tasks.Internal.ContinuationQueue:RunCore() (at D:/unity/FetaherLand623/FeatherLandNew/Assets/Plugins/UniTask/Runtime/Internal/ContinuationQueue.cs:194)

🎮 开始预加载常用资源...
UnityEngine.DebugLogHandler:Internal_Log(LogType, LogOption, String, Object)
UnityEngine.Logger:Log(LogType, Object)
UnityEngine.Debug:Log(Object)
BirdGame.<PreloadCommonAssets>d__3:MoveNext() (at D:/unity/FetaherLand623/FeatherLandNew/Assets/Scripts/New/Systems/AssetPreloadSystem.cs:41)
Cysharp.Threading.Tasks.CompilerServices.AsyncUniTaskMethodBuilder:Start(TStateMachine&) (at D:/unity/FetaherLand623/FeatherLandNew/Assets/Plugins/UniTask/Runtime/CompilerServices/AsyncUniTaskMethodBuilder.cs:111)
BirdGame.<PreloadCommonAssetsAsync>d__12:MoveNext() (at D:/unity/FetaherLand623/FeatherLandNew/Assets/Scripts/New/Commands/LoadGameCommand.cs:273)
Cysharp.Threading.Tasks.CompilerServices.AsyncUniTaskMethodBuilder:Start(TStateMachine&) (at D:/unity/FetaherLand623/FeatherLandNew/Assets/Plugins/UniTask/Runtime/CompilerServices/AsyncUniTaskMethodBuilder.cs:112)
BirdGame.LoadGameCommand:InitializeDefaultFood() (at D:/unity/FetaherLand623/FeatherLandNew/Assets/Scripts/New/Commands/LoadGameCommand.cs:237)
BirdGame.LoadGameCommand:OnAllLoaded() (at D:/unity/FetaherLand623/FeatherLandNew/Assets/Scripts/New/Commands/LoadGameCommand.cs:152)
BirdGame.AssetSystem:get_AssetRefAtlasReferenceCounts() (at D:/unity/FetaherLand623/FeatherLandNew/Assets/Scripts/New/Systems/IAssetSystem.cs:92)
BirdGame.<>c__DisplayClass3_0:<LoadScene>b__0(GameObject) (at D:/unity/FetaherLand623/FeatherLandNew/Assets/Scripts/New/Systems/ISceneSystem.cs:41)
UnityEngine.UI.CoroutineTween.FloatTween:get_duration() (at ./Library/PackageCache/com.unity.ugui@aa507f3228f0/Runtime/UGUI/UI/Animation/CoroutineTween.cs:142)
Cysharp.Threading.Tasks.CompilerServices.AsyncUniTaskMethodBuilder:Start(TStateMachine&) (at D:/unity/FetaherLand623/FeatherLandNew/Assets/Plugins/UniTask/Runtime/CompilerServices/AsyncUniTaskMethodBuilder.cs:112)
UnityEngine.AddressableAssets.AssetReference:LoadAssetAsync() (at ./Library/PackageCache/com.unity.addressables@d929cbc70804/Runtime/AssetReference.cs:558)
BirdGame.SceneSystem:LoadScene(Int32, Action`1, Action) (at D:/unity/FetaherLand623/FeatherLandNew/Assets/Scripts/New/Systems/ISceneSystem.cs:42)
BirdGame.LoadGameCommand:OnMapConfigComplete(MapConfig) (at D:/unity/FetaherLand623/FeatherLandNew/Assets/Scripts/New/Commands/LoadGameCommand.cs:142)
UnityEngine.UI.CoroutineTween.FloatTween:get_duration() (at ./Library/PackageCache/com.unity.ugui@aa507f3228f0/Runtime/UGUI/UI/Animation/CoroutineTween.cs:142)
System.Threading.ExecutionContext:RunInternal(ExecutionContext, ContextCallback, Object, Boolean)
System.Runtime.CompilerServices.MoveNextRunner:Run()
Cysharp.Threading.Tasks.Awaiter:GetResult() (at D:/unity/FetaherLand623/FeatherLandNew/Assets/Plugins/UniTask/Runtime/UniTask.cs:317)
Cysharp.Threading.Tasks.Internal.ContinuationQueue:RunCore() (at D:/unity/FetaherLand623/FeatherLandNew/Assets/Plugins/UniTask/Runtime/Internal/ContinuationQueue.cs:194)

加载鸟
UnityEngine.DebugLogHandler:Internal_Log(LogType, LogOption, String, Object)
UnityEngine.Logger:Log(LogType, Object)
UnityEngine.Debug:Log(Object)
BirdGame.BirdSystem:GenerateBirdsFromSave() (at D:/unity/FetaherLand623/FeatherLandNew/Assets/Scripts/New/Systems/IBirdSystem.cs:180)
BirdGame.LoadGameCommand:OnAllLoaded() (at D:/unity/FetaherLand623/FeatherLandNew/Assets/Scripts/New/Commands/LoadGameCommand.cs:155)
BirdGame.AssetSystem:get_AssetRefAtlasReferenceCounts() (at D:/unity/FetaherLand623/FeatherLandNew/Assets/Scripts/New/Systems/IAssetSystem.cs:92)
BirdGame.<>c__DisplayClass3_0:<LoadScene>b__0(GameObject) (at D:/unity/FetaherLand623/FeatherLandNew/Assets/Scripts/New/Systems/ISceneSystem.cs:41)
UnityEngine.UI.CoroutineTween.FloatTween:get_duration() (at ./Library/PackageCache/com.unity.ugui@aa507f3228f0/Runtime/UGUI/UI/Animation/CoroutineTween.cs:142)
Cysharp.Threading.Tasks.CompilerServices.AsyncUniTaskMethodBuilder:Start(TStateMachine&) (at D:/unity/FetaherLand623/FeatherLandNew/Assets/Plugins/UniTask/Runtime/CompilerServices/AsyncUniTaskMethodBuilder.cs:112)
UnityEngine.AddressableAssets.AssetReference:LoadAssetAsync() (at ./Library/PackageCache/com.unity.addressables@d929cbc70804/Runtime/AssetReference.cs:558)
BirdGame.SceneSystem:LoadScene(Int32, Action`1, Action) (at D:/unity/FetaherLand623/FeatherLandNew/Assets/Scripts/New/Systems/ISceneSystem.cs:42)
BirdGame.LoadGameCommand:OnMapConfigComplete(MapConfig) (at D:/unity/FetaherLand623/FeatherLandNew/Assets/Scripts/New/Commands/LoadGameCommand.cs:142)
UnityEngine.UI.CoroutineTween.FloatTween:get_duration() (at ./Library/PackageCache/com.unity.ugui@aa507f3228f0/Runtime/UGUI/UI/Animation/CoroutineTween.cs:142)
System.Threading.ExecutionContext:RunInternal(ExecutionContext, ContextCallback, Object, Boolean)
System.Runtime.CompilerServices.MoveNextRunner:Run()
Cysharp.Threading.Tasks.Awaiter:GetResult() (at D:/unity/FetaherLand623/FeatherLandNew/Assets/Plugins/UniTask/Runtime/UniTask.cs:317)
Cysharp.Threading.Tasks.Internal.ContinuationQueue:RunCore() (at D:/unity/FetaherLand623/FeatherLandNew/Assets/Plugins/UniTask/Runtime/Internal/ContinuationQueue.cs:194)

加载鸟: 4
UnityEngine.DebugLogHandler:Internal_Log(LogType, LogOption, String, Object)
UnityEngine.Logger:Log(LogType, Object)
UnityEngine.Debug:Log(Object)
BirdGame.BirdSystem:GenerateBirdFromSaveData(SerializableBirdData) (at D:/unity/FetaherLand623/FeatherLandNew/Assets/Scripts/New/Systems/IBirdSystem.cs:292)
BirdGame.BirdSystem:GenerateBirdsFromSave() (at D:/unity/FetaherLand623/FeatherLandNew/Assets/Scripts/New/Systems/IBirdSystem.cs:205)
BirdGame.LoadGameCommand:OnAllLoaded() (at D:/unity/FetaherLand623/FeatherLandNew/Assets/Scripts/New/Commands/LoadGameCommand.cs:155)
BirdGame.AssetSystem:get_AssetRefAtlasReferenceCounts() (at D:/unity/FetaherLand623/FeatherLandNew/Assets/Scripts/New/Systems/IAssetSystem.cs:92)
BirdGame.<>c__DisplayClass3_0:<LoadScene>b__0(GameObject) (at D:/unity/FetaherLand623/FeatherLandNew/Assets/Scripts/New/Systems/ISceneSystem.cs:41)
UnityEngine.UI.CoroutineTween.FloatTween:get_duration() (at ./Library/PackageCache/com.unity.ugui@aa507f3228f0/Runtime/UGUI/UI/Animation/CoroutineTween.cs:142)
Cysharp.Threading.Tasks.CompilerServices.AsyncUniTaskMethodBuilder:Start(TStateMachine&) (at D:/unity/FetaherLand623/FeatherLandNew/Assets/Plugins/UniTask/Runtime/CompilerServices/AsyncUniTaskMethodBuilder.cs:112)
UnityEngine.AddressableAssets.AssetReference:LoadAssetAsync() (at ./Library/PackageCache/com.unity.addressables@d929cbc70804/Runtime/AssetReference.cs:558)
BirdGame.SceneSystem:LoadScene(Int32, Action`1, Action) (at D:/unity/FetaherLand623/FeatherLandNew/Assets/Scripts/New/Systems/ISceneSystem.cs:42)
BirdGame.LoadGameCommand:OnMapConfigComplete(MapConfig) (at D:/unity/FetaherLand623/FeatherLandNew/Assets/Scripts/New/Commands/LoadGameCommand.cs:142)
UnityEngine.UI.CoroutineTween.FloatTween:get_duration() (at ./Library/PackageCache/com.unity.ugui@aa507f3228f0/Runtime/UGUI/UI/Animation/CoroutineTween.cs:142)
System.Threading.ExecutionContext:RunInternal(ExecutionContext, ContextCallback, Object, Boolean)
System.Runtime.CompilerServices.MoveNextRunner:Run()
Cysharp.Threading.Tasks.Awaiter:GetResult() (at D:/unity/FetaherLand623/FeatherLandNew/Assets/Plugins/UniTask/Runtime/UniTask.cs:317)
Cysharp.Threading.Tasks.Internal.ContinuationQueue:RunCore() (at D:/unity/FetaherLand623/FeatherLandNew/Assets/Plugins/UniTask/Runtime/Internal/ContinuationQueue.cs:194)

加载鸟: 21
UnityEngine.DebugLogHandler:Internal_Log(LogType, LogOption, String, Object)
UnityEngine.Logger:Log(LogType, Object)
UnityEngine.Debug:Log(Object)
BirdGame.BirdSystem:GenerateBirdFromSaveData(SerializableBirdData) (at D:/unity/FetaherLand623/FeatherLandNew/Assets/Scripts/New/Systems/IBirdSystem.cs:292)
BirdGame.BirdSystem:GenerateBirdsFromSave() (at D:/unity/FetaherLand623/FeatherLandNew/Assets/Scripts/New/Systems/IBirdSystem.cs:205)
BirdGame.LoadGameCommand:OnAllLoaded() (at D:/unity/FetaherLand623/FeatherLandNew/Assets/Scripts/New/Commands/LoadGameCommand.cs:155)
BirdGame.AssetSystem:get_AssetRefAtlasReferenceCounts() (at D:/unity/FetaherLand623/FeatherLandNew/Assets/Scripts/New/Systems/IAssetSystem.cs:92)
BirdGame.<>c__DisplayClass3_0:<LoadScene>b__0(GameObject) (at D:/unity/FetaherLand623/FeatherLandNew/Assets/Scripts/New/Systems/ISceneSystem.cs:41)
UnityEngine.UI.CoroutineTween.FloatTween:get_duration() (at ./Library/PackageCache/com.unity.ugui@aa507f3228f0/Runtime/UGUI/UI/Animation/CoroutineTween.cs:142)
Cysharp.Threading.Tasks.CompilerServices.AsyncUniTaskMethodBuilder:Start(TStateMachine&) (at D:/unity/FetaherLand623/FeatherLandNew/Assets/Plugins/UniTask/Runtime/CompilerServices/AsyncUniTaskMethodBuilder.cs:112)
UnityEngine.AddressableAssets.AssetReference:LoadAssetAsync() (at ./Library/PackageCache/com.unity.addressables@d929cbc70804/Runtime/AssetReference.cs:558)
BirdGame.SceneSystem:LoadScene(Int32, Action`1, Action) (at D:/unity/FetaherLand623/FeatherLandNew/Assets/Scripts/New/Systems/ISceneSystem.cs:42)
BirdGame.LoadGameCommand:OnMapConfigComplete(MapConfig) (at D:/unity/FetaherLand623/FeatherLandNew/Assets/Scripts/New/Commands/LoadGameCommand.cs:142)
UnityEngine.UI.CoroutineTween.FloatTween:get_duration() (at ./Library/PackageCache/com.unity.ugui@aa507f3228f0/Runtime/UGUI/UI/Animation/CoroutineTween.cs:142)
System.Threading.ExecutionContext:RunInternal(ExecutionContext, ContextCallback, Object, Boolean)
System.Runtime.CompilerServices.MoveNextRunner:Run()
Cysharp.Threading.Tasks.Awaiter:GetResult() (at D:/unity/FetaherLand623/FeatherLandNew/Assets/Plugins/UniTask/Runtime/UniTask.cs:317)
Cysharp.Threading.Tasks.Internal.ContinuationQueue:RunCore() (at D:/unity/FetaherLand623/FeatherLandNew/Assets/Plugins/UniTask/Runtime/Internal/ContinuationQueue.cs:194)

加载鸟: 3
UnityEngine.DebugLogHandler:Internal_Log(LogType, LogOption, String, Object)
UnityEngine.Logger:Log(LogType, Object)
UnityEngine.Debug:Log(Object)
BirdGame.BirdSystem:GenerateBirdFromSaveData(SerializableBirdData) (at D:/unity/FetaherLand623/FeatherLandNew/Assets/Scripts/New/Systems/IBirdSystem.cs:292)
BirdGame.BirdSystem:GenerateBirdsFromSave() (at D:/unity/FetaherLand623/FeatherLandNew/Assets/Scripts/New/Systems/IBirdSystem.cs:205)
BirdGame.LoadGameCommand:OnAllLoaded() (at D:/unity/FetaherLand623/FeatherLandNew/Assets/Scripts/New/Commands/LoadGameCommand.cs:155)
BirdGame.AssetSystem:get_AssetRefAtlasReferenceCounts() (at D:/unity/FetaherLand623/FeatherLandNew/Assets/Scripts/New/Systems/IAssetSystem.cs:92)
BirdGame.<>c__DisplayClass3_0:<LoadScene>b__0(GameObject) (at D:/unity/FetaherLand623/FeatherLandNew/Assets/Scripts/New/Systems/ISceneSystem.cs:41)
UnityEngine.UI.CoroutineTween.FloatTween:get_duration() (at ./Library/PackageCache/com.unity.ugui@aa507f3228f0/Runtime/UGUI/UI/Animation/CoroutineTween.cs:142)
Cysharp.Threading.Tasks.CompilerServices.AsyncUniTaskMethodBuilder:Start(TStateMachine&) (at D:/unity/FetaherLand623/FeatherLandNew/Assets/Plugins/UniTask/Runtime/CompilerServices/AsyncUniTaskMethodBuilder.cs:112)
UnityEngine.AddressableAssets.AssetReference:LoadAssetAsync() (at ./Library/PackageCache/com.unity.addressables@d929cbc70804/Runtime/AssetReference.cs:558)
BirdGame.SceneSystem:LoadScene(Int32, Action`1, Action) (at D:/unity/FetaherLand623/FeatherLandNew/Assets/Scripts/New/Systems/ISceneSystem.cs:42)
BirdGame.LoadGameCommand:OnMapConfigComplete(MapConfig) (at D:/unity/FetaherLand623/FeatherLandNew/Assets/Scripts/New/Commands/LoadGameCommand.cs:142)
UnityEngine.UI.CoroutineTween.FloatTween:get_duration() (at ./Library/PackageCache/com.unity.ugui@aa507f3228f0/Runtime/UGUI/UI/Animation/CoroutineTween.cs:142)
System.Threading.ExecutionContext:RunInternal(ExecutionContext, ContextCallback, Object, Boolean)
System.Runtime.CompilerServices.MoveNextRunner:Run()
Cysharp.Threading.Tasks.Awaiter:GetResult() (at D:/unity/FetaherLand623/FeatherLandNew/Assets/Plugins/UniTask/Runtime/UniTask.cs:317)
Cysharp.Threading.Tasks.Internal.ContinuationQueue:RunCore() (at D:/unity/FetaherLand623/FeatherLandNew/Assets/Plugins/UniTask/Runtime/Internal/ContinuationQueue.cs:194)

加载鸟: 6
UnityEngine.DebugLogHandler:Internal_Log(LogType, LogOption, String, Object)
UnityEngine.Logger:Log(LogType, Object)
UnityEngine.Debug:Log(Object)
BirdGame.BirdSystem:GenerateBirdFromSaveData(SerializableBirdData) (at D:/unity/FetaherLand623/FeatherLandNew/Assets/Scripts/New/Systems/IBirdSystem.cs:292)
BirdGame.BirdSystem:GenerateBirdsFromSave() (at D:/unity/FetaherLand623/FeatherLandNew/Assets/Scripts/New/Systems/IBirdSystem.cs:205)
BirdGame.LoadGameCommand:OnAllLoaded() (at D:/unity/FetaherLand623/FeatherLandNew/Assets/Scripts/New/Commands/LoadGameCommand.cs:155)
BirdGame.AssetSystem:get_AssetRefAtlasReferenceCounts() (at D:/unity/FetaherLand623/FeatherLandNew/Assets/Scripts/New/Systems/IAssetSystem.cs:92)
BirdGame.<>c__DisplayClass3_0:<LoadScene>b__0(GameObject) (at D:/unity/FetaherLand623/FeatherLandNew/Assets/Scripts/New/Systems/ISceneSystem.cs:41)
UnityEngine.UI.CoroutineTween.FloatTween:get_duration() (at ./Library/PackageCache/com.unity.ugui@aa507f3228f0/Runtime/UGUI/UI/Animation/CoroutineTween.cs:142)
Cysharp.Threading.Tasks.CompilerServices.AsyncUniTaskMethodBuilder:Start(TStateMachine&) (at D:/unity/FetaherLand623/FeatherLandNew/Assets/Plugins/UniTask/Runtime/CompilerServices/AsyncUniTaskMethodBuilder.cs:112)
UnityEngine.AddressableAssets.AssetReference:LoadAssetAsync() (at ./Library/PackageCache/com.unity.addressables@d929cbc70804/Runtime/AssetReference.cs:558)
BirdGame.SceneSystem:LoadScene(Int32, Action`1, Action) (at D:/unity/FetaherLand623/FeatherLandNew/Assets/Scripts/New/Systems/ISceneSystem.cs:42)
BirdGame.LoadGameCommand:OnMapConfigComplete(MapConfig) (at D:/unity/FetaherLand623/FeatherLandNew/Assets/Scripts/New/Commands/LoadGameCommand.cs:142)
UnityEngine.UI.CoroutineTween.FloatTween:get_duration() (at ./Library/PackageCache/com.unity.ugui@aa507f3228f0/Runtime/UGUI/UI/Animation/CoroutineTween.cs:142)
System.Threading.ExecutionContext:RunInternal(ExecutionContext, ContextCallback, Object, Boolean)
System.Runtime.CompilerServices.MoveNextRunner:Run()
Cysharp.Threading.Tasks.Awaiter:GetResult() (at D:/unity/FetaherLand623/FeatherLandNew/Assets/Plugins/UniTask/Runtime/UniTask.cs:317)
Cysharp.Threading.Tasks.Internal.ContinuationQueue:RunCore() (at D:/unity/FetaherLand623/FeatherLandNew/Assets/Plugins/UniTask/Runtime/Internal/ContinuationQueue.cs:194)

加载鸟: 22
UnityEngine.DebugLogHandler:Internal_Log(LogType, LogOption, String, Object)
UnityEngine.Logger:Log(LogType, Object)
UnityEngine.Debug:Log(Object)
BirdGame.BirdSystem:GenerateBirdFromSaveData(SerializableBirdData) (at D:/unity/FetaherLand623/FeatherLandNew/Assets/Scripts/New/Systems/IBirdSystem.cs:292)
BirdGame.BirdSystem:GenerateBirdsFromSave() (at D:/unity/FetaherLand623/FeatherLandNew/Assets/Scripts/New/Systems/IBirdSystem.cs:205)
BirdGame.LoadGameCommand:OnAllLoaded() (at D:/unity/FetaherLand623/FeatherLandNew/Assets/Scripts/New/Commands/LoadGameCommand.cs:155)
BirdGame.AssetSystem:get_AssetRefAtlasReferenceCounts() (at D:/unity/FetaherLand623/FeatherLandNew/Assets/Scripts/New/Systems/IAssetSystem.cs:92)
BirdGame.<>c__DisplayClass3_0:<LoadScene>b__0(GameObject) (at D:/unity/FetaherLand623/FeatherLandNew/Assets/Scripts/New/Systems/ISceneSystem.cs:41)
UnityEngine.UI.CoroutineTween.FloatTween:get_duration() (at ./Library/PackageCache/com.unity.ugui@aa507f3228f0/Runtime/UGUI/UI/Animation/CoroutineTween.cs:142)
Cysharp.Threading.Tasks.CompilerServices.AsyncUniTaskMethodBuilder:Start(TStateMachine&) (at D:/unity/FetaherLand623/FeatherLandNew/Assets/Plugins/UniTask/Runtime/CompilerServices/AsyncUniTaskMethodBuilder.cs:112)
UnityEngine.AddressableAssets.AssetReference:LoadAssetAsync() (at ./Library/PackageCache/com.unity.addressables@d929cbc70804/Runtime/AssetReference.cs:558)
BirdGame.SceneSystem:LoadScene(Int32, Action`1, Action) (at D:/unity/FetaherLand623/FeatherLandNew/Assets/Scripts/New/Systems/ISceneSystem.cs:42)
BirdGame.LoadGameCommand:OnMapConfigComplete(MapConfig) (at D:/unity/FetaherLand623/FeatherLandNew/Assets/Scripts/New/Commands/LoadGameCommand.cs:142)
UnityEngine.UI.CoroutineTween.FloatTween:get_duration() (at ./Library/PackageCache/com.unity.ugui@aa507f3228f0/Runtime/UGUI/UI/Animation/CoroutineTween.cs:142)
System.Threading.ExecutionContext:RunInternal(ExecutionContext, ContextCallback, Object, Boolean)
System.Runtime.CompilerServices.MoveNextRunner:Run()
Cysharp.Threading.Tasks.Awaiter:GetResult() (at D:/unity/FetaherLand623/FeatherLandNew/Assets/Plugins/UniTask/Runtime/UniTask.cs:317)
Cysharp.Threading.Tasks.Internal.ContinuationQueue:RunCore() (at D:/unity/FetaherLand623/FeatherLandNew/Assets/Plugins/UniTask/Runtime/Internal/ContinuationQueue.cs:194)

鸟蛋数量:0
UnityEngine.DebugLogHandler:Internal_Log(LogType, LogOption, String, Object)
UnityEngine.Logger:Log(LogType, Object)
UnityEngine.Debug:Log(Object)
BirdGame.BirdSystem:GenerateBirdsFromSave() (at D:/unity/FetaherLand623/FeatherLandNew/Assets/Scripts/New/Systems/IBirdSystem.cs:211)
BirdGame.LoadGameCommand:OnAllLoaded() (at D:/unity/FetaherLand623/FeatherLandNew/Assets/Scripts/New/Commands/LoadGameCommand.cs:155)
BirdGame.AssetSystem:get_AssetRefAtlasReferenceCounts() (at D:/unity/FetaherLand623/FeatherLandNew/Assets/Scripts/New/Systems/IAssetSystem.cs:92)
BirdGame.<>c__DisplayClass3_0:<LoadScene>b__0(GameObject) (at D:/unity/FetaherLand623/FeatherLandNew/Assets/Scripts/New/Systems/ISceneSystem.cs:41)
UnityEngine.UI.CoroutineTween.FloatTween:get_duration() (at ./Library/PackageCache/com.unity.ugui@aa507f3228f0/Runtime/UGUI/UI/Animation/CoroutineTween.cs:142)
Cysharp.Threading.Tasks.CompilerServices.AsyncUniTaskMethodBuilder:Start(TStateMachine&) (at D:/unity/FetaherLand623/FeatherLandNew/Assets/Plugins/UniTask/Runtime/CompilerServices/AsyncUniTaskMethodBuilder.cs:112)
UnityEngine.AddressableAssets.AssetReference:LoadAssetAsync() (at ./Library/PackageCache/com.unity.addressables@d929cbc70804/Runtime/AssetReference.cs:558)
BirdGame.SceneSystem:LoadScene(Int32, Action`1, Action) (at D:/unity/FetaherLand623/FeatherLandNew/Assets/Scripts/New/Systems/ISceneSystem.cs:42)
BirdGame.LoadGameCommand:OnMapConfigComplete(MapConfig) (at D:/unity/FetaherLand623/FeatherLandNew/Assets/Scripts/New/Commands/LoadGameCommand.cs:142)
UnityEngine.UI.CoroutineTween.FloatTween:get_duration() (at ./Library/PackageCache/com.unity.ugui@aa507f3228f0/Runtime/UGUI/UI/Animation/CoroutineTween.cs:142)
System.Threading.ExecutionContext:RunInternal(ExecutionContext, ContextCallback, Object, Boolean)
System.Runtime.CompilerServices.MoveNextRunner:Run()
Cysharp.Threading.Tasks.Awaiter:GetResult() (at D:/unity/FetaherLand623/FeatherLandNew/Assets/Plugins/UniTask/Runtime/UniTask.cs:317)
Cysharp.Threading.Tasks.Internal.ContinuationQueue:RunCore() (at D:/unity/FetaherLand623/FeatherLandNew/Assets/Plugins/UniTask/Runtime/Internal/ContinuationQueue.cs:194)

天气index为0
UnityEngine.DebugLogHandler:Internal_Log(LogType, LogOption, String, Object)
UnityEngine.Logger:Log(LogType, Object)
UnityEngine.Debug:Log(Object)
BirdGame.WeatherManager:SwitchWeather(Int32) (at D:/unity/FetaherLand623/FeatherLandNew/Assets/Scripts/New/ViewController/Game/WeatherManager.cs:80)

Sources 7
UnityEngine.DebugLogHandler:Internal_Log(LogType, LogOption, String, Object)
UnityEngine.Logger:Log(LogType, Object)
UnityEngine.Debug:Log(Object)
NavMeshPlus.Extensions.NavMeshBuilder2d:CollectSources(List`1, NavMeshBuilder2dState) (at ./Library/PackageCache/com.h8man.2d.navmeshplus@3fdf1984803c/NavMeshComponents/Scripts/NavMeshBuilder2d.cs:156)
NavMeshPlus.Components.NavMeshSurface:CollectSources(NavMeshBuilderState) (at ./Library/PackageCache/com.h8man.2d.navmeshplus@3fdf1984803c/NavMeshComponents/Scripts/NavMeshSurface.cs:396)
NavMeshPlus.Components.NavMeshSurface:BuildNavMesh() (at ./Library/PackageCache/com.h8man.2d.navmeshplus@3fdf1984803c/NavMeshComponents/Scripts/NavMeshSurface.cs:179)
NavigationManager:RefreshArea() (at D:/unity/FetaherLand623/FeatherLandNew/Assets/Scripts/Managers/NavigationManager.cs:77)

Build
UnityEngine.DebugLogHandler:Internal_Log(LogType, LogOption, String, Object)
UnityEngine.Logger:Log(LogType, Object)
UnityEngine.Debug:Log(Object)

从存档加载的屏幕模式: 2
UnityEngine.DebugLogHandler:Internal_Log(LogType, LogOption, String, Object)
UnityEngine.Logger:Log(LogType, Object)
UnityEngine.Debug:Log(Object)
BirdGame.<InitializeAfterSystems>d__20:MoveNext() (at D:/unity/FetaherLand623/FeatherLandNew/Assets/Scripts/New/ViewController/Game/GameEntry.cs:81)
UnityEngine.SetupCoroutine:InvokeMoveNext(IEnumerator, IntPtr)

SetScreenMode 被调用，模式: 2
UnityEngine.DebugLogHandler:Internal_Log(LogType, LogOption, String, Object)
UnityEngine.Logger:Log(LogType, Object)
UnityEngine.Debug:Log(Object)
BirdGame.GameEntry:SetScreenMode(Int32, Boolean) (at D:/unity/FetaherLand623/FeatherLandNew/Assets/Scripts/New/ViewController/Game/GameEntry.cs:109)
BirdGame.<InitializeAfterSystems>d__20:MoveNext() (at D:/unity/FetaherLand623/FeatherLandNew/Assets/Scripts/New/ViewController/Game/GameEntry.cs:82)
UnityEngine.SetupCoroutine:InvokeMoveNext(IEnumerator, IntPtr)

Init hWnd=723176, style=349110272, exStyle=256
UnityEngine.DebugLogHandler:Internal_Log(LogType, LogOption, String, Object)
UnityEngine.Logger:Log(LogType, Object)
UnityEngine.Debug:Log(Object)
BirdGame.FullScreenUtility:InitializeWindowHandle() (at D:/unity/FetaherLand623/FeatherLandNew/Assets/Scripts/New/Utility/FullScreenUtility.cs:274)
BirdGame.FullScreenUtility:FullscreenMode() (at D:/unity/FetaherLand623/FeatherLandNew/Assets/Scripts/New/Utility/FullScreenUtility.cs:536)
BirdGame.GameEntry:SetScreenMode(Int32, Boolean) (at D:/unity/FetaherLand623/FeatherLandNew/Assets/Scripts/New/ViewController/Game/GameEntry.cs:132)
BirdGame.<InitializeAfterSystems>d__20:MoveNext() (at D:/unity/FetaherLand623/FeatherLandNew/Assets/Scripts/New/ViewController/Game/GameEntry.cs:82)
UnityEngine.SetupCoroutine:InvokeMoveNext(IEnumerator, IntPtr)

[FullscreenMode] 激活 - 1920x1080
UnityEngine.DebugLogHandler:Internal_Log(LogType, LogOption, String, Object)
UnityEngine.Logger:Log(LogType, Object)
UnityEngine.Debug:Log(Object)
BirdGame.FullScreenUtility:FullscreenMode() (at D:/unity/FetaherLand623/FeatherLandNew/Assets/Scripts/New/Utility/FullScreenUtility.cs:570)
BirdGame.GameEntry:SetScreenMode(Int32, Boolean) (at D:/unity/FetaherLand623/FeatherLandNew/Assets/Scripts/New/ViewController/Game/GameEntry.cs:132)
BirdGame.<InitializeAfterSystems>d__20:MoveNext() (at D:/unity/FetaherLand623/FeatherLandNew/Assets/Scripts/New/ViewController/Game/GameEntry.cs:82)
UnityEngine.SetupCoroutine:InvokeMoveNext(IEnumerator, IntPtr)

[FullscreenMode] SimpleMouseForwarder 已禁用
UnityEngine.DebugLogHandler:Internal_Log(LogType, LogOption, String, Object)
UnityEngine.Logger:Log(LogType, Object)
UnityEngine.Debug:Log(Object)
BirdGame.FullScreenUtility:FullscreenMode() (at D:/unity/FetaherLand623/FeatherLandNew/Assets/Scripts/New/Utility/FullScreenUtility.cs:577)
BirdGame.GameEntry:SetScreenMode(Int32, Boolean) (at D:/unity/FetaherLand623/FeatherLandNew/Assets/Scripts/New/ViewController/Game/GameEntry.cs:132)
BirdGame.<InitializeAfterSystems>d__20:MoveNext() (at D:/unity/FetaherLand623/FeatherLandNew/Assets/Scripts/New/ViewController/Game/GameEntry.cs:82)
UnityEngine.SetupCoroutine:InvokeMoveNext(IEnumerator, IntPtr)

[ActivateWindow] 结果 - Foreground: False, BringToTop: True, Focus: True
UnityEngine.DebugLogHandler:Internal_Log(LogType, LogOption, String, Object)
UnityEngine.Logger:Log(LogType, Object)
UnityEngine.Debug:Log(Object)
BirdGame.FullScreenUtility:ActivateWindow() (at D:/unity/FetaherLand623/FeatherLandNew/Assets/Scripts/New/Utility/FullScreenUtility.cs:303)
BirdGame.GameEntry:SetScreenMode(Int32, Boolean) (at D:/unity/FetaherLand623/FeatherLandNew/Assets/Scripts/New/ViewController/Game/GameEntry.cs:132)
BirdGame.<InitializeAfterSystems>d__20:MoveNext() (at D:/unity/FetaherLand623/FeatherLandNew/Assets/Scripts/New/ViewController/Game/GameEntry.cs:82)
UnityEngine.SetupCoroutine:InvokeMoveNext(IEnumerator, IntPtr)

设置为全屏模式 (45 FPS)
UnityEngine.DebugLogHandler:Internal_Log(LogType, LogOption, String, Object)
UnityEngine.Logger:Log(LogType, Object)
UnityEngine.Debug:Log(Object)
BirdGame.GameEntry:SetScreenMode(Int32, Boolean) (at D:/unity/FetaherLand623/FeatherLandNew/Assets/Scripts/New/ViewController/Game/GameEntry.cs:141)
BirdGame.<InitializeAfterSystems>d__20:MoveNext() (at D:/unity/FetaherLand623/FeatherLandNew/Assets/Scripts/New/ViewController/Game/GameEntry.cs:82)
UnityEngine.SetupCoroutine:InvokeMoveNext(IEnumerator, IntPtr)

Sources 7
UnityEngine.DebugLogHandler:Internal_Log(LogType, LogOption, String, Object)
UnityEngine.Logger:Log(LogType, Object)
UnityEngine.Debug:Log(Object)
NavMeshPlus.Extensions.NavMeshBuilder2d:CollectSources(List`1, NavMeshBuilder2dState) (at ./Library/PackageCache/com.h8man.2d.navmeshplus@3fdf1984803c/NavMeshComponents/Scripts/NavMeshBuilder2d.cs:156)
NavMeshPlus.Components.NavMeshSurface:CollectSources(NavMeshBuilderState) (at ./Library/PackageCache/com.h8man.2d.navmeshplus@3fdf1984803c/NavMeshComponents/Scripts/NavMeshSurface.cs:396)
NavMeshPlus.Components.NavMeshSurface:BuildNavMesh() (at ./Library/PackageCache/com.h8man.2d.navmeshplus@3fdf1984803c/NavMeshComponents/Scripts/NavMeshSurface.cs:179)
NavigationManager:RefreshArea() (at D:/unity/FetaherLand623/FeatherLandNew/Assets/Scripts/Managers/NavigationManager.cs:77)
DG.Tweening.Tween:OnTweenCallback(TweenCallback, Tween)
DG.Tweening.Sequence:ApplyInternalCycle(Sequence, Single, Single, UpdateMode, Boolean, Boolean, Boolean)
DG.Tweening.Sequence:DoApplyTween(Sequence, Single, Int32, Int32, Boolean, UpdateMode)
DG.Tweening.Tween:DoGoto(Tween, Single, Int32, UpdateMode)
DG.Tweening.Core.TweenManager:Update(Tween, Single, Single, Boolean)
DG.Tweening.Core.TweenManager:Update(UpdateType, Single, Single)
DG.Tweening.Core.DOTweenComponent:Update()

Build
UnityEngine.DebugLogHandler:Internal_Log(LogType, LogOption, String, Object)
UnityEngine.Logger:Log(LogType, Object)
UnityEngine.Debug:Log(Object)
DG.Tweening.Tween:OnTweenCallback(TweenCallback, Tween)
DG.Tweening.Sequence:ApplyInternalCycle(Sequence, Single, Single, UpdateMode, Boolean, Boolean, Boolean)
DG.Tweening.Sequence:DoApplyTween(Sequence, Single, Int32, Int32, Boolean, UpdateMode)
DG.Tweening.Tween:DoGoto(Tween, Single, Int32, UpdateMode)
DG.Tweening.Core.TweenManager:Update(Tween, Single, Single, Boolean)
DG.Tweening.Core.TweenManager:Update(UpdateType, Single, Single)
DG.Tweening.Core.DOTweenComponent:Update()

<color=#0099bc><b>DOTWEEN ► </b></color>Tween startup failed (NULL target/property - UnityEngine.Color <DOColor>b__0()): the tween will now be killed ► Object reference not set to an instance of an object.
UnityEngine.DebugLogHandler:Internal_Log(LogType, LogOption, String, Object)
UnityEngine.Logger:Log(LogType, Object)
UnityEngine.Debug:LogWarning(Object)
UnityEngine.U2D.Animation.TransformAccessJob:ArrayRemoveAt(T[]&, Int32) (at ./Library/PackageCache/com.unity.2d.animation@81ad133dbdf1/Runtime/BatchedDeformation/TransformAccessJob.cs:111)
DG.Tweening.Tween:DoGoto(Tween, Single, Int32, UpdateMode)
DG.Tweening.Core.TweenManager:Goto(Tween, Single, Boolean, UpdateMode)
DG.Tweening.Sequence:ApplyInternalCycle(Sequence, Single, Single, UpdateMode, Boolean, Boolean, Boolean)
DG.Tweening.Sequence:DoApplyTween(Sequence, Single, Int32, Int32, Boolean, UpdateMode)
DG.Tweening.Tween:DoGoto(Tween, Single, Int32, UpdateMode)
DG.Tweening.Core.TweenManager:Goto(Tween, Single, Boolean, UpdateMode)
DG.Tweening.Sequence:ApplyInternalCycle(Sequence, Single, Single, UpdateMode, Boolean, Boolean, Boolean)
DG.Tweening.Sequence:DoApplyTween(Sequence, Single, Int32, Int32, Boolean, UpdateMode)
DG.Tweening.Tween:DoGoto(Tween, Single, Int32, UpdateMode)
DG.Tweening.Core.TweenManager:Update(Tween, Single, Single, Boolean)
DG.Tweening.Core.TweenManager:Update(UpdateType, Single, Single)
DG.Tweening.Core.DOTweenComponent:Update()

<color=#0099bc><b>DOTWEEN ► </b></color>Tween startup failed (NULL target/property - UnityEngine.Color <DOColor>b__0()): the tween will now be killed ► Object reference not set to an instance of an object.
UnityEngine.DebugLogHandler:Internal_Log(LogType, LogOption, String, Object)
UnityEngine.Logger:Log(LogType, Object)
UnityEngine.Debug:LogWarning(Object)
UnityEngine.U2D.Animation.TransformAccessJob:ArrayRemoveAt(T[]&, Int32) (at ./Library/PackageCache/com.unity.2d.animation@81ad133dbdf1/Runtime/BatchedDeformation/TransformAccessJob.cs:111)
DG.Tweening.Tween:DoGoto(Tween, Single, Int32, UpdateMode)
DG.Tweening.Core.TweenManager:Goto(Tween, Single, Boolean, UpdateMode)
DG.Tweening.Sequence:ApplyInternalCycle(Sequence, Single, Single, UpdateMode, Boolean, Boolean, Boolean)
DG.Tweening.Sequence:DoApplyTween(Sequence, Single, Int32, Int32, Boolean, UpdateMode)
DG.Tweening.Tween:DoGoto(Tween, Single, Int32, UpdateMode)
DG.Tweening.Core.TweenManager:Goto(Tween, Single, Boolean, UpdateMode)
DG.Tweening.Sequence:ApplyInternalCycle(Sequence, Single, Single, UpdateMode, Boolean, Boolean, Boolean)
DG.Tweening.Sequence:DoApplyTween(Sequence, Single, Int32, Int32, Boolean, UpdateMode)
DG.Tweening.Tween:DoGoto(Tween, Single, Int32, UpdateMode)
DG.Tweening.Core.TweenManager:Update(Tween, Single, Single, Boolean)
DG.Tweening.Core.TweenManager:Update(UpdateType, Single, Single)
DG.Tweening.Core.DOTweenComponent:Update()

<color=#0099bc><b>DOTWEEN ► </b></color>Tween startup failed (NULL target/property - UnityEngine.Color <DOColor>b__0()): the tween will now be killed ► Object reference not set to an instance of an object.
UnityEngine.DebugLogHandler:Internal_Log(LogType, LogOption, String, Object)
UnityEngine.Logger:Log(LogType, Object)
UnityEngine.Debug:LogWarning(Object)
UnityEngine.U2D.Animation.TransformAccessJob:ArrayRemoveAt(T[]&, Int32) (at ./Library/PackageCache/com.unity.2d.animation@81ad133dbdf1/Runtime/BatchedDeformation/TransformAccessJob.cs:111)
DG.Tweening.Tween:DoGoto(Tween, Single, Int32, UpdateMode)
DG.Tweening.Core.TweenManager:Goto(Tween, Single, Boolean, UpdateMode)
DG.Tweening.Sequence:ApplyInternalCycle(Sequence, Single, Single, UpdateMode, Boolean, Boolean, Boolean)
DG.Tweening.Sequence:DoApplyTween(Sequence, Single, Int32, Int32, Boolean, UpdateMode)
DG.Tweening.Tween:DoGoto(Tween, Single, Int32, UpdateMode)
DG.Tweening.Core.TweenManager:Goto(Tween, Single, Boolean, UpdateMode)
DG.Tweening.Sequence:ApplyInternalCycle(Sequence, Single, Single, UpdateMode, Boolean, Boolean, Boolean)
DG.Tweening.Sequence:DoApplyTween(Sequence, Single, Int32, Int32, Boolean, UpdateMode)
DG.Tweening.Tween:DoGoto(Tween, Single, Int32, UpdateMode)
DG.Tweening.Core.TweenManager:Update(Tween, Single, Single, Boolean)
DG.Tweening.Core.TweenManager:Update(UpdateType, Single, Single)
DG.Tweening.Core.DOTweenComponent:Update()

<color=#0099bc><b>DOTWEEN ► </b></color>Tween startup failed (NULL target/property - UnityEngine.Color <DOColor>b__0()): the tween will now be killed ► Object reference not set to an instance of an object.
UnityEngine.DebugLogHandler:Internal_Log(LogType, LogOption, String, Object)
UnityEngine.Logger:Log(LogType, Object)
UnityEngine.Debug:LogWarning(Object)
UnityEngine.U2D.Animation.TransformAccessJob:ArrayRemoveAt(T[]&, Int32) (at ./Library/PackageCache/com.unity.2d.animation@81ad133dbdf1/Runtime/BatchedDeformation/TransformAccessJob.cs:111)
DG.Tweening.Tween:DoGoto(Tween, Single, Int32, UpdateMode)
DG.Tweening.Core.TweenManager:Goto(Tween, Single, Boolean, UpdateMode)
DG.Tweening.Sequence:ApplyInternalCycle(Sequence, Single, Single, UpdateMode, Boolean, Boolean, Boolean)
DG.Tweening.Sequence:DoApplyTween(Sequence, Single, Int32, Int32, Boolean, UpdateMode)
DG.Tweening.Tween:DoGoto(Tween, Single, Int32, UpdateMode)
DG.Tweening.Core.TweenManager:Goto(Tween, Single, Boolean, UpdateMode)
DG.Tweening.Sequence:ApplyInternalCycle(Sequence, Single, Single, UpdateMode, Boolean, Boolean, Boolean)
DG.Tweening.Sequence:DoApplyTween(Sequence, Single, Int32, Int32, Boolean, UpdateMode)
DG.Tweening.Tween:DoGoto(Tween, Single, Int32, UpdateMode)
DG.Tweening.Core.TweenManager:Update(Tween, Single, Single, Boolean)
DG.Tweening.Core.TweenManager:Update(UpdateType, Single, Single)
DG.Tweening.Core.DOTweenComponent:Update()

<color=#0099bc><b>DOTWEEN ► </b></color>Tween startup failed (NULL target/property - UnityEngine.Color <DOColor>b__0()): the tween will now be killed ► Object reference not set to an instance of an object.
UnityEngine.DebugLogHandler:Internal_Log(LogType, LogOption, String, Object)
UnityEngine.Logger:Log(LogType, Object)
UnityEngine.Debug:LogWarning(Object)
UnityEngine.U2D.Animation.TransformAccessJob:ArrayRemoveAt(T[]&, Int32) (at ./Library/PackageCache/com.unity.2d.animation@81ad133dbdf1/Runtime/BatchedDeformation/TransformAccessJob.cs:111)
DG.Tweening.Tween:DoGoto(Tween, Single, Int32, UpdateMode)
DG.Tweening.Core.TweenManager:Goto(Tween, Single, Boolean, UpdateMode)
DG.Tweening.Sequence:ApplyInternalCycle(Sequence, Single, Single, UpdateMode, Boolean, Boolean, Boolean)
DG.Tweening.Sequence:DoApplyTween(Sequence, Single, Int32, Int32, Boolean, UpdateMode)
DG.Tweening.Tween:DoGoto(Tween, Single, Int32, UpdateMode)
DG.Tweening.Core.TweenManager:Goto(Tween, Single, Boolean, UpdateMode)
DG.Tweening.Sequence:ApplyInternalCycle(Sequence, Single, Single, UpdateMode, Boolean, Boolean, Boolean)
DG.Tweening.Sequence:DoApplyTween(Sequence, Single, Int32, Int32, Boolean, UpdateMode)
DG.Tweening.Tween:DoGoto(Tween, Single, Int32, UpdateMode)
DG.Tweening.Core.TweenManager:Update(Tween, Single, Single, Boolean)
DG.Tweening.Core.TweenManager:Update(UpdateType, Single, Single)
DG.Tweening.Core.DOTweenComponent:Update()

<color=#0099bc><b>DOTWEEN ► </b></color>Tween startup failed (NULL target/property - UnityEngine.Color <DOColor>b__0()): the tween will now be killed ► Object reference not set to an instance of an object.
UnityEngine.DebugLogHandler:Internal_Log(LogType, LogOption, String, Object)
UnityEngine.Logger:Log(LogType, Object)
UnityEngine.Debug:LogWarning(Object)
UnityEngine.U2D.Animation.TransformAccessJob:ArrayRemoveAt(T[]&, Int32) (at ./Library/PackageCache/com.unity.2d.animation@81ad133dbdf1/Runtime/BatchedDeformation/TransformAccessJob.cs:111)
DG.Tweening.Tween:DoGoto(Tween, Single, Int32, UpdateMode)
DG.Tweening.Core.TweenManager:Goto(Tween, Single, Boolean, UpdateMode)
DG.Tweening.Sequence:ApplyInternalCycle(Sequence, Single, Single, UpdateMode, Boolean, Boolean, Boolean)
DG.Tweening.Sequence:DoApplyTween(Sequence, Single, Int32, Int32, Boolean, UpdateMode)
DG.Tweening.Tween:DoGoto(Tween, Single, Int32, UpdateMode)
DG.Tweening.Core.TweenManager:Goto(Tween, Single, Boolean, UpdateMode)
DG.Tweening.Sequence:ApplyInternalCycle(Sequence, Single, Single, UpdateMode, Boolean, Boolean, Boolean)
DG.Tweening.Sequence:DoApplyTween(Sequence, Single, Int32, Int32, Boolean, UpdateMode)
DG.Tweening.Tween:DoGoto(Tween, Single, Int32, UpdateMode)
DG.Tweening.Core.TweenManager:Update(Tween, Single, Single, Boolean)
DG.Tweening.Core.TweenManager:Update(UpdateType, Single, Single)
DG.Tweening.Core.DOTweenComponent:Update()

<color=#0099bc><b>DOTWEEN ► </b></color>Tween startup failed (NULL target/property - UnityEngine.Color <DOColor>b__0()): the tween will now be killed ► Object reference not set to an instance of an object.
UnityEngine.DebugLogHandler:Internal_Log(LogType, LogOption, String, Object)
UnityEngine.Logger:Log(LogType, Object)
UnityEngine.Debug:LogWarning(Object)
UnityEngine.U2D.Animation.TransformAccessJob:ArrayRemoveAt(T[]&, Int32) (at ./Library/PackageCache/com.unity.2d.animation@81ad133dbdf1/Runtime/BatchedDeformation/TransformAccessJob.cs:111)
DG.Tweening.Tween:DoGoto(Tween, Single, Int32, UpdateMode)
DG.Tweening.Core.TweenManager:Goto(Tween, Single, Boolean, UpdateMode)
DG.Tweening.Sequence:ApplyInternalCycle(Sequence, Single, Single, UpdateMode, Boolean, Boolean, Boolean)
DG.Tweening.Sequence:DoApplyTween(Sequence, Single, Int32, Int32, Boolean, UpdateMode)
DG.Tweening.Tween:DoGoto(Tween, Single, Int32, UpdateMode)
DG.Tweening.Core.TweenManager:Goto(Tween, Single, Boolean, UpdateMode)
DG.Tweening.Sequence:ApplyInternalCycle(Sequence, Single, Single, UpdateMode, Boolean, Boolean, Boolean)
DG.Tweening.Sequence:DoApplyTween(Sequence, Single, Int32, Int32, Boolean, UpdateMode)
DG.Tweening.Tween:DoGoto(Tween, Single, Int32, UpdateMode)
DG.Tweening.Core.TweenManager:Update(Tween, Single, Single, Boolean)
DG.Tweening.Core.TweenManager:Update(UpdateType, Single, Single)
DG.Tweening.Core.DOTweenComponent:Update()

<color=#0099bc><b>DOTWEEN ► </b></color>Tween startup failed (NULL target/property - UnityEngine.Color <DOColor>b__0()): the tween will now be killed ► Object reference not set to an instance of an object.
UnityEngine.DebugLogHandler:Internal_Log(LogType, LogOption, String, Object)
UnityEngine.Logger:Log(LogType, Object)
UnityEngine.Debug:LogWarning(Object)
UnityEngine.U2D.Animation.TransformAccessJob:ArrayRemoveAt(T[]&, Int32) (at ./Library/PackageCache/com.unity.2d.animation@81ad133dbdf1/Runtime/BatchedDeformation/TransformAccessJob.cs:111)
DG.Tweening.Tween:DoGoto(Tween, Single, Int32, UpdateMode)
DG.Tweening.Core.TweenManager:Goto(Tween, Single, Boolean, UpdateMode)
DG.Tweening.Sequence:ApplyInternalCycle(Sequence, Single, Single, UpdateMode, Boolean, Boolean, Boolean)
DG.Tweening.Sequence:DoApplyTween(Sequence, Single, Int32, Int32, Boolean, UpdateMode)
DG.Tweening.Tween:DoGoto(Tween, Single, Int32, UpdateMode)
DG.Tweening.Core.TweenManager:Goto(Tween, Single, Boolean, UpdateMode)
DG.Tweening.Sequence:ApplyInternalCycle(Sequence, Single, Single, UpdateMode, Boolean, Boolean, Boolean)
DG.Tweening.Sequence:DoApplyTween(Sequence, Single, Int32, Int32, Boolean, UpdateMode)
DG.Tweening.Tween:DoGoto(Tween, Single, Int32, UpdateMode)
DG.Tweening.Core.TweenManager:Update(Tween, Single, Single, Boolean)
DG.Tweening.Core.TweenManager:Update(UpdateType, Single, Single)
DG.Tweening.Core.DOTweenComponent:Update()

<color=#0099bc><b>DOTWEEN ► </b></color>Tween startup failed (NULL target/property - UnityEngine.Color <DOColor>b__0()): the tween will now be killed ► Object reference not set to an instance of an object.
UnityEngine.DebugLogHandler:Internal_Log(LogType, LogOption, String, Object)
UnityEngine.Logger:Log(LogType, Object)
UnityEngine.Debug:LogWarning(Object)
UnityEngine.U2D.Animation.TransformAccessJob:ArrayRemoveAt(T[]&, Int32) (at ./Library/PackageCache/com.unity.2d.animation@81ad133dbdf1/Runtime/BatchedDeformation/TransformAccessJob.cs:111)
DG.Tweening.Tween:DoGoto(Tween, Single, Int32, UpdateMode)
DG.Tweening.Core.TweenManager:Goto(Tween, Single, Boolean, UpdateMode)
DG.Tweening.Sequence:ApplyInternalCycle(Sequence, Single, Single, UpdateMode, Boolean, Boolean, Boolean)
DG.Tweening.Sequence:DoApplyTween(Sequence, Single, Int32, Int32, Boolean, UpdateMode)
DG.Tweening.Tween:DoGoto(Tween, Single, Int32, UpdateMode)
DG.Tweening.Core.TweenManager:Goto(Tween, Single, Boolean, UpdateMode)
DG.Tweening.Sequence:ApplyInternalCycle(Sequence, Single, Single, UpdateMode, Boolean, Boolean, Boolean)
DG.Tweening.Sequence:DoApplyTween(Sequence, Single, Int32, Int32, Boolean, UpdateMode)
DG.Tweening.Tween:DoGoto(Tween, Single, Int32, UpdateMode)
DG.Tweening.Core.TweenManager:Update(Tween, Single, Single, Boolean)
DG.Tweening.Core.TweenManager:Update(UpdateType, Single, Single)
DG.Tweening.Core.DOTweenComponent:Update()

<color=#0099bc><b>DOTWEEN ► </b></color>Tween startup failed (NULL target/property - UnityEngine.Color <DOColor>b__0()): the tween will now be killed ► Object reference not set to an instance of an object.
UnityEngine.DebugLogHandler:Internal_Log(LogType, LogOption, String, Object)
UnityEngine.Logger:Log(LogType, Object)
UnityEngine.Debug:LogWarning(Object)
UnityEngine.U2D.Animation.TransformAccessJob:ArrayRemoveAt(T[]&, Int32) (at ./Library/PackageCache/com.unity.2d.animation@81ad133dbdf1/Runtime/BatchedDeformation/TransformAccessJob.cs:111)
DG.Tweening.Tween:DoGoto(Tween, Single, Int32, UpdateMode)
DG.Tweening.Core.TweenManager:Goto(Tween, Single, Boolean, UpdateMode)
DG.Tweening.Sequence:ApplyInternalCycle(Sequence, Single, Single, UpdateMode, Boolean, Boolean, Boolean)
DG.Tweening.Sequence:DoApplyTween(Sequence, Single, Int32, Int32, Boolean, UpdateMode)
DG.Tweening.Tween:DoGoto(Tween, Single, Int32, UpdateMode)
DG.Tweening.Core.TweenManager:Goto(Tween, Single, Boolean, UpdateMode)
DG.Tweening.Sequence:ApplyInternalCycle(Sequence, Single, Single, UpdateMode, Boolean, Boolean, Boolean)
DG.Tweening.Sequence:DoApplyTween(Sequence, Single, Int32, Int32, Boolean, UpdateMode)
DG.Tweening.Tween:DoGoto(Tween, Single, Int32, UpdateMode)
DG.Tweening.Core.TweenManager:Update(Tween, Single, Single, Boolean)
DG.Tweening.Core.TweenManager:Update(UpdateType, Single, Single)
DG.Tweening.Core.DOTweenComponent:Update()

<color=#0099bc><b>DOTWEEN ► </b></color>Tween startup failed (NULL target/property - UnityEngine.Color <DOColor>b__0()): the tween will now be killed ► Object reference not set to an instance of an object.
UnityEngine.DebugLogHandler:Internal_Log(LogType, LogOption, String, Object)
UnityEngine.Logger:Log(LogType, Object)
UnityEngine.Debug:LogWarning(Object)
UnityEngine.U2D.Animation.TransformAccessJob:ArrayRemoveAt(T[]&, Int32) (at ./Library/PackageCache/com.unity.2d.animation@81ad133dbdf1/Runtime/BatchedDeformation/TransformAccessJob.cs:111)
DG.Tweening.Tween:DoGoto(Tween, Single, Int32, UpdateMode)
DG.Tweening.Core.TweenManager:Goto(Tween, Single, Boolean, UpdateMode)
DG.Tweening.Sequence:ApplyInternalCycle(Sequence, Single, Single, UpdateMode, Boolean, Boolean, Boolean)
DG.Tweening.Sequence:DoApplyTween(Sequence, Single, Int32, Int32, Boolean, UpdateMode)
DG.Tweening.Tween:DoGoto(Tween, Single, Int32, UpdateMode)
DG.Tweening.Core.TweenManager:Goto(Tween, Single, Boolean, UpdateMode)
DG.Tweening.Sequence:ApplyInternalCycle(Sequence, Single, Single, UpdateMode, Boolean, Boolean, Boolean)
DG.Tweening.Sequence:DoApplyTween(Sequence, Single, Int32, Int32, Boolean, UpdateMode)
DG.Tweening.Tween:DoGoto(Tween, Single, Int32, UpdateMode)
DG.Tweening.Core.TweenManager:Update(Tween, Single, Single, Boolean)
DG.Tweening.Core.TweenManager:Update(UpdateType, Single, Single)
DG.Tweening.Core.DOTweenComponent:Update()

<color=#0099bc><b>DOTWEEN ► </b></color>Tween startup failed (NULL target/property - UnityEngine.Color <DOColor>b__0()): the tween will now be killed ► Object reference not set to an instance of an object.
UnityEngine.DebugLogHandler:Internal_Log(LogType, LogOption, String, Object)
UnityEngine.Logger:Log(LogType, Object)
UnityEngine.Debug:LogWarning(Object)
UnityEngine.U2D.Animation.TransformAccessJob:ArrayRemoveAt(T[]&, Int32) (at ./Library/PackageCache/com.unity.2d.animation@81ad133dbdf1/Runtime/BatchedDeformation/TransformAccessJob.cs:111)
DG.Tweening.Tween:DoGoto(Tween, Single, Int32, UpdateMode)
DG.Tweening.Core.TweenManager:Goto(Tween, Single, Boolean, UpdateMode)
DG.Tweening.Sequence:ApplyInternalCycle(Sequence, Single, Single, UpdateMode, Boolean, Boolean, Boolean)
DG.Tweening.Sequence:DoApplyTween(Sequence, Single, Int32, Int32, Boolean, UpdateMode)
DG.Tweening.Tween:DoGoto(Tween, Single, Int32, UpdateMode)
DG.Tweening.Core.TweenManager:Goto(Tween, Single, Boolean, UpdateMode)
DG.Tweening.Sequence:ApplyInternalCycle(Sequence, Single, Single, UpdateMode, Boolean, Boolean, Boolean)
DG.Tweening.Sequence:DoApplyTween(Sequence, Single, Int32, Int32, Boolean, UpdateMode)
DG.Tweening.Tween:DoGoto(Tween, Single, Int32, UpdateMode)
DG.Tweening.Core.TweenManager:Update(Tween, Single, Single, Boolean)
DG.Tweening.Core.TweenManager:Update(UpdateType, Single, Single)
DG.Tweening.Core.DOTweenComponent:Update()

<color=#0099bc><b>DOTWEEN ► </b></color>Tween startup failed (NULL target/property - UnityEngine.Color <DOColor>b__0()): the tween will now be killed ► Object reference not set to an instance of an object.
UnityEngine.DebugLogHandler:Internal_Log(LogType, LogOption, String, Object)
UnityEngine.Logger:Log(LogType, Object)
UnityEngine.Debug:LogWarning(Object)
UnityEngine.U2D.Animation.TransformAccessJob:ArrayRemoveAt(T[]&, Int32) (at ./Library/PackageCache/com.unity.2d.animation@81ad133dbdf1/Runtime/BatchedDeformation/TransformAccessJob.cs:111)
DG.Tweening.Tween:DoGoto(Tween, Single, Int32, UpdateMode)
DG.Tweening.Core.TweenManager:Goto(Tween, Single, Boolean, UpdateMode)
DG.Tweening.Sequence:ApplyInternalCycle(Sequence, Single, Single, UpdateMode, Boolean, Boolean, Boolean)
DG.Tweening.Sequence:DoApplyTween(Sequence, Single, Int32, Int32, Boolean, UpdateMode)
DG.Tweening.Tween:DoGoto(Tween, Single, Int32, UpdateMode)
DG.Tweening.Core.TweenManager:Goto(Tween, Single, Boolean, UpdateMode)
DG.Tweening.Sequence:ApplyInternalCycle(Sequence, Single, Single, UpdateMode, Boolean, Boolean, Boolean)
DG.Tweening.Sequence:DoApplyTween(Sequence, Single, Int32, Int32, Boolean, UpdateMode)
DG.Tweening.Tween:DoGoto(Tween, Single, Int32, UpdateMode)
DG.Tweening.Core.TweenManager:Update(Tween, Single, Single, Boolean)
DG.Tweening.Core.TweenManager:Update(UpdateType, Single, Single)
DG.Tweening.Core.DOTweenComponent:Update()

<color=#0099bc><b>DOTWEEN ► </b></color>Tween startup failed (NULL target/property - UnityEngine.Color <DOColor>b__0()): the tween will now be killed ► Object reference not set to an instance of an object.
UnityEngine.DebugLogHandler:Internal_Log(LogType, LogOption, String, Object)
UnityEngine.Logger:Log(LogType, Object)
UnityEngine.Debug:LogWarning(Object)
UnityEngine.U2D.Animation.TransformAccessJob:ArrayRemoveAt(T[]&, Int32) (at ./Library/PackageCache/com.unity.2d.animation@81ad133dbdf1/Runtime/BatchedDeformation/TransformAccessJob.cs:111)
DG.Tweening.Tween:DoGoto(Tween, Single, Int32, UpdateMode)
DG.Tweening.Core.TweenManager:Goto(Tween, Single, Boolean, UpdateMode)
DG.Tweening.Sequence:ApplyInternalCycle(Sequence, Single, Single, UpdateMode, Boolean, Boolean, Boolean)
DG.Tweening.Sequence:DoApplyTween(Sequence, Single, Int32, Int32, Boolean, UpdateMode)
DG.Tweening.Tween:DoGoto(Tween, Single, Int32, UpdateMode)
DG.Tweening.Core.TweenManager:Goto(Tween, Single, Boolean, UpdateMode)
DG.Tweening.Sequence:ApplyInternalCycle(Sequence, Single, Single, UpdateMode, Boolean, Boolean, Boolean)
DG.Tweening.Sequence:DoApplyTween(Sequence, Single, Int32, Int32, Boolean, UpdateMode)
DG.Tweening.Tween:DoGoto(Tween, Single, Int32, UpdateMode)
DG.Tweening.Core.TweenManager:Update(Tween, Single, Single, Boolean)
DG.Tweening.Core.TweenManager:Update(UpdateType, Single, Single)
DG.Tweening.Core.DOTweenComponent:Update()

<color=#0099bc><b>DOTWEEN ► </b></color>Tween startup failed (NULL target/property - UnityEngine.Color <DOColor>b__0()): the tween will now be killed ► Object reference not set to an instance of an object.
UnityEngine.DebugLogHandler:Internal_Log(LogType, LogOption, String, Object)
UnityEngine.Logger:Log(LogType, Object)
UnityEngine.Debug:LogWarning(Object)
UnityEngine.U2D.Animation.TransformAccessJob:ArrayRemoveAt(T[]&, Int32) (at ./Library/PackageCache/com.unity.2d.animation@81ad133dbdf1/Runtime/BatchedDeformation/TransformAccessJob.cs:111)
DG.Tweening.Tween:DoGoto(Tween, Single, Int32, UpdateMode)
DG.Tweening.Core.TweenManager:Goto(Tween, Single, Boolean, UpdateMode)
DG.Tweening.Sequence:ApplyInternalCycle(Sequence, Single, Single, UpdateMode, Boolean, Boolean, Boolean)
DG.Tweening.Sequence:DoApplyTween(Sequence, Single, Int32, Int32, Boolean, UpdateMode)
DG.Tweening.Tween:DoGoto(Tween, Single, Int32, UpdateMode)
DG.Tweening.Core.TweenManager:Goto(Tween, Single, Boolean, UpdateMode)
DG.Tweening.Sequence:ApplyInternalCycle(Sequence, Single, Single, UpdateMode, Boolean, Boolean, Boolean)
DG.Tweening.Sequence:DoApplyTween(Sequence, Single, Int32, Int32, Boolean, UpdateMode)
DG.Tweening.Tween:DoGoto(Tween, Single, Int32, UpdateMode)
DG.Tweening.Core.TweenManager:Update(Tween, Single, Single, Boolean)
DG.Tweening.Core.TweenManager:Update(UpdateType, Single, Single)
DG.Tweening.Core.DOTweenComponent:Update()

<color=#0099bc><b>DOTWEEN ► </b></color>Tween startup failed (NULL target/property - UnityEngine.Color <DOColor>b__0()): the tween will now be killed ► Object reference not set to an instance of an object.
UnityEngine.DebugLogHandler:Internal_Log(LogType, LogOption, String, Object)
UnityEngine.Logger:Log(LogType, Object)
UnityEngine.Debug:LogWarning(Object)
UnityEngine.U2D.Animation.TransformAccessJob:ArrayRemoveAt(T[]&, Int32) (at ./Library/PackageCache/com.unity.2d.animation@81ad133dbdf1/Runtime/BatchedDeformation/TransformAccessJob.cs:111)
DG.Tweening.Tween:DoGoto(Tween, Single, Int32, UpdateMode)
DG.Tweening.Core.TweenManager:Goto(Tween, Single, Boolean, UpdateMode)
DG.Tweening.Sequence:ApplyInternalCycle(Sequence, Single, Single, UpdateMode, Boolean, Boolean, Boolean)
DG.Tweening.Sequence:DoApplyTween(Sequence, Single, Int32, Int32, Boolean, UpdateMode)
DG.Tweening.Tween:DoGoto(Tween, Single, Int32, UpdateMode)
DG.Tweening.Core.TweenManager:Goto(Tween, Single, Boolean, UpdateMode)
DG.Tweening.Sequence:ApplyInternalCycle(Sequence, Single, Single, UpdateMode, Boolean, Boolean, Boolean)
DG.Tweening.Sequence:DoApplyTween(Sequence, Single, Int32, Int32, Boolean, UpdateMode)
DG.Tweening.Tween:DoGoto(Tween, Single, Int32, UpdateMode)
DG.Tweening.Core.TweenManager:Update(Tween, Single, Single, Boolean)
DG.Tweening.Core.TweenManager:Update(UpdateType, Single, Single)
DG.Tweening.Core.DOTweenComponent:Update()

<color=#0099bc><b>DOTWEEN ► </b></color>Tween startup failed (NULL target/property - UnityEngine.Color <DOColor>b__0()): the tween will now be killed ► Object reference not set to an instance of an object.
UnityEngine.DebugLogHandler:Internal_Log(LogType, LogOption, String, Object)
UnityEngine.Logger:Log(LogType, Object)
UnityEngine.Debug:LogWarning(Object)
UnityEngine.U2D.Animation.TransformAccessJob:ArrayRemoveAt(T[]&, Int32) (at ./Library/PackageCache/com.unity.2d.animation@81ad133dbdf1/Runtime/BatchedDeformation/TransformAccessJob.cs:111)
DG.Tweening.Tween:DoGoto(Tween, Single, Int32, UpdateMode)
DG.Tweening.Core.TweenManager:Goto(Tween, Single, Boolean, UpdateMode)
DG.Tweening.Sequence:ApplyInternalCycle(Sequence, Single, Single, UpdateMode, Boolean, Boolean, Boolean)
DG.Tweening.Sequence:DoApplyTween(Sequence, Single, Int32, Int32, Boolean, UpdateMode)
DG.Tweening.Tween:DoGoto(Tween, Single, Int32, UpdateMode)
DG.Tweening.Core.TweenManager:Goto(Tween, Single, Boolean, UpdateMode)
DG.Tweening.Sequence:ApplyInternalCycle(Sequence, Single, Single, UpdateMode, Boolean, Boolean, Boolean)
DG.Tweening.Sequence:DoApplyTween(Sequence, Single, Int32, Int32, Boolean, UpdateMode)
DG.Tweening.Tween:DoGoto(Tween, Single, Int32, UpdateMode)
DG.Tweening.Core.TweenManager:Update(Tween, Single, Single, Boolean)
DG.Tweening.Core.TweenManager:Update(UpdateType, Single, Single)
DG.Tweening.Core.DOTweenComponent:Update()

<color=#0099bc><b>DOTWEEN ► </b></color>Tween startup failed (NULL target/property - UnityEngine.Color <DOColor>b__0()): the tween will now be killed ► Object reference not set to an instance of an object.
UnityEngine.DebugLogHandler:Internal_Log(LogType, LogOption, String, Object)
UnityEngine.Logger:Log(LogType, Object)
UnityEngine.Debug:LogWarning(Object)
UnityEngine.U2D.Animation.TransformAccessJob:ArrayRemoveAt(T[]&, Int32) (at ./Library/PackageCache/com.unity.2d.animation@81ad133dbdf1/Runtime/BatchedDeformation/TransformAccessJob.cs:111)
DG.Tweening.Tween:DoGoto(Tween, Single, Int32, UpdateMode)
DG.Tweening.Core.TweenManager:Goto(Tween, Single, Boolean, UpdateMode)
DG.Tweening.Sequence:ApplyInternalCycle(Sequence, Single, Single, UpdateMode, Boolean, Boolean, Boolean)
DG.Tweening.Sequence:DoApplyTween(Sequence, Single, Int32, Int32, Boolean, UpdateMode)
DG.Tweening.Tween:DoGoto(Tween, Single, Int32, UpdateMode)
DG.Tweening.Core.TweenManager:Goto(Tween, Single, Boolean, UpdateMode)
DG.Tweening.Sequence:ApplyInternalCycle(Sequence, Single, Single, UpdateMode, Boolean, Boolean, Boolean)
DG.Tweening.Sequence:DoApplyTween(Sequence, Single, Int32, Int32, Boolean, UpdateMode)
DG.Tweening.Tween:DoGoto(Tween, Single, Int32, UpdateMode)
DG.Tweening.Core.TweenManager:Update(Tween, Single, Single, Boolean)
DG.Tweening.Core.TweenManager:Update(UpdateType, Single, Single)
DG.Tweening.Core.DOTweenComponent:Update()

  ✓ 预加载: Heart
UnityEngine.DebugLogHandler:Internal_Log(LogType, LogOption, String, Object)
UnityEngine.Logger:Log(LogType, Object)
UnityEngine.Debug:Log(Object)
BirdGame.<>c__DisplayClass4_0`1:<PreloadAsset>b__0(T) (at D:/unity/FetaherLand623/FeatherLandNew/Assets/Scripts/New/Systems/AssetPreloadSystem.cs:72)
UnityEngine.UI.CoroutineTween.FloatTween:get_duration() (at ./Library/PackageCache/com.unity.ugui@aa507f3228f0/Runtime/UGUI/UI/Animation/CoroutineTween.cs:142)
System.Threading.ExecutionContext:RunInternal(ExecutionContext, ContextCallback, Object, Boolean)
System.Runtime.CompilerServices.MoveNextRunner:Run()
Cysharp.Threading.Tasks.Awaiter:GetResult() (at D:/unity/FetaherLand623/FeatherLandNew/Assets/Plugins/UniTask/Runtime/UniTask.cs:317)
Cysharp.Threading.Tasks.Internal.ContinuationQueue:RunCore() (at D:/unity/FetaherLand623/FeatherLandNew/Assets/Plugins/UniTask/Runtime/Internal/ContinuationQueue.cs:194)

  ✓ 预加载: Num
UnityEngine.DebugLogHandler:Internal_Log(LogType, LogOption, String, Object)
UnityEngine.Logger:Log(LogType, Object)
UnityEngine.Debug:Log(Object)
BirdGame.<>c__DisplayClass4_0`1:<PreloadAsset>b__0(T) (at D:/unity/FetaherLand623/FeatherLandNew/Assets/Scripts/New/Systems/AssetPreloadSystem.cs:72)
UnityEngine.UI.CoroutineTween.FloatTween:get_duration() (at ./Library/PackageCache/com.unity.ugui@aa507f3228f0/Runtime/UGUI/UI/Animation/CoroutineTween.cs:142)
Cysharp.Threading.Tasks.CompilerServices.AsyncUniTaskMethodBuilder:Start(TStateMachine&) (at D:/unity/FetaherLand623/FeatherLandNew/Assets/Plugins/UniTask/Runtime/CompilerServices/AsyncUniTaskMethodBuilder.cs:112)
UnityEngine.AddressableAssets.AssetReference:LoadAssetAsync() (at ./Library/PackageCache/com.unity.addressables@d929cbc70804/Runtime/AssetReference.cs:558)
BirdGame.<PreloadAsset>d__4`1:MoveNext() (at D:/unity/FetaherLand623/FeatherLandNew/Assets/Scripts/New/Systems/AssetPreloadSystem.cs:80)
Cysharp.Threading.Tasks.CompilerServices.AsyncUniTaskMethodBuilder:Start(TStateMachine&) (at D:/unity/FetaherLand623/FeatherLandNew/Assets/Plugins/UniTask/Runtime/CompilerServices/AsyncUniTaskMethodBuilder.cs:111)
BirdGame.<PreloadCommonAssets>d__3:MoveNext() (at D:/unity/FetaherLand623/FeatherLandNew/Assets/Scripts/New/Systems/AssetPreloadSystem.cs:45)
Coffee.UIEffects.Timeline.UIEffectMixerBehaviour`2:set_effect(UIEffect) (at ./UIEffect-5.10.7/Packages/src/Runtime/Timeline/Base/UIEffectTimelineUtils.cs:111)
Cysharp.Threading.Tasks.CompilerServices.AsyncUniTaskMethodBuilder:SetResult() (at D:/unity/FetaherLand623/FeatherLandNew/Assets/Plugins/UniTask/Runtime/CompilerServices/AsyncUniTaskMethodBuilder.cs:70)
BirdGame.<PreloadAsset>d__4`1:MoveNext() (at D:/unity/FetaherLand623/FeatherLandNew/Assets/Scripts/New/Systems/AssetPreloadSystem.cs:88)
Unity.Mathematics.math:max(Int32, Int32) (at ./Library/PackageCache/com.unity.mathematics@8017b507cc74/Unity.Mathematics/math.cs:987)
UnityEngine.UI.CoroutineTween.FloatTween:get_duration() (at ./Library/PackageCache/com.unity.ugui@aa507f3228f0/Runtime/UGUI/UI/Animation/CoroutineTween.cs:142)
System.Threading.ExecutionContext:RunInternal(ExecutionContext, ContextCallback, Object, Boolean)
System.Runtime.CompilerServices.MoveNextRunner:Run()
Cysharp.Threading.Tasks.Awaiter:GetResult() (at D:/unity/FetaherLand623/FeatherLandNew/Assets/Plugins/UniTask/Runtime/UniTask.cs:317)
Cysharp.Threading.Tasks.Internal.ContinuationQueue:RunCore() (at D:/unity/FetaherLand623/FeatherLandNew/Assets/Plugins/UniTask/Runtime/Internal/ContinuationQueue.cs:194)

✅ 预加载完成！共加载 2 个资源
UnityEngine.DebugLogHandler:Internal_Log(LogType, LogOption, String, Object)
UnityEngine.Logger:Log(LogType, Object)
UnityEngine.Debug:Log(Object)
BirdGame.<PreloadCommonAssets>d__3:MoveNext() (at D:/unity/FetaherLand623/FeatherLandNew/Assets/Scripts/New/Systems/AssetPreloadSystem.cs:54)
Coffee.UIEffects.Timeline.UIEffectMixerBehaviour`2:set_effect(UIEffect) (at ./UIEffect-5.10.7/Packages/src/Runtime/Timeline/Base/UIEffectTimelineUtils.cs:111)
Cysharp.Threading.Tasks.CompilerServices.AsyncUniTaskMethodBuilder:SetResult() (at D:/unity/FetaherLand623/FeatherLandNew/Assets/Plugins/UniTask/Runtime/CompilerServices/AsyncUniTaskMethodBuilder.cs:70)
BirdGame.<PreloadAsset>d__4`1:MoveNext() (at D:/unity/FetaherLand623/FeatherLandNew/Assets/Scripts/New/Systems/AssetPreloadSystem.cs:88)
Unity.Mathematics.math:max(Int32, Int32) (at ./Library/PackageCache/com.unity.mathematics@8017b507cc74/Unity.Mathematics/math.cs:987)
UnityEngine.UI.CoroutineTween.FloatTween:get_duration() (at ./Library/PackageCache/com.unity.ugui@aa507f3228f0/Runtime/UGUI/UI/Animation/CoroutineTween.cs:142)
System.Threading.ExecutionContext:RunInternal(ExecutionContext, ContextCallback, Object, Boolean)
System.Runtime.CompilerServices.MoveNextRunner:Run()
Cysharp.Threading.Tasks.Awaiter:GetResult() (at D:/unity/FetaherLand623/FeatherLandNew/Assets/Plugins/UniTask/Runtime/UniTask.cs:317)
Cysharp.Threading.Tasks.Internal.ContinuationQueue:RunCore() (at D:/unity/FetaherLand623/FeatherLandNew/Assets/Plugins/UniTask/Runtime/Internal/ContinuationQueue.cs:194)

✅ 常用资源预加载完成
UnityEngine.DebugLogHandler:Internal_Log(LogType, LogOption, String, Object)
UnityEngine.Logger:Log(LogType, Object)
UnityEngine.Debug:Log(Object)
BirdGame.<PreloadCommonAssetsAsync>d__12:MoveNext() (at D:/unity/FetaherLand623/FeatherLandNew/Assets/Scripts/New/Commands/LoadGameCommand.cs:274)
System.Threading.ExecutionContext:RunInternal(ExecutionContext, ContextCallback, Object, Boolean)
System.Runtime.CompilerServices.MoveNextRunner:Run()
Coffee.UIEffects.Timeline.UIEffectMixerBehaviour`2:set_effect(UIEffect) (at ./UIEffect-5.10.7/Packages/src/Runtime/Timeline/Base/UIEffectTimelineUtils.cs:111)
Cysharp.Threading.Tasks.CompilerServices.AsyncUniTaskMethodBuilder:SetResult() (at D:/unity/FetaherLand623/FeatherLandNew/Assets/Plugins/UniTask/Runtime/CompilerServices/AsyncUniTaskMethodBuilder.cs:70)
BirdGame.<PreloadCommonAssets>d__3:MoveNext() (at D:/unity/FetaherLand623/FeatherLandNew/Assets/Scripts/New/Systems/AssetPreloadSystem.cs:55)
Coffee.UIEffects.Timeline.UIEffectMixerBehaviour`2:set_effect(UIEffect) (at ./UIEffect-5.10.7/Packages/src/Runtime/Timeline/Base/UIEffectTimelineUtils.cs:111)
Cysharp.Threading.Tasks.CompilerServices.AsyncUniTaskMethodBuilder:SetResult() (at D:/unity/FetaherLand623/FeatherLandNew/Assets/Plugins/UniTask/Runtime/CompilerServices/AsyncUniTaskMethodBuilder.cs:70)
BirdGame.<PreloadAsset>d__4`1:MoveNext() (at D:/unity/FetaherLand623/FeatherLandNew/Assets/Scripts/New/Systems/AssetPreloadSystem.cs:88)
Unity.Mathematics.math:max(Int32, Int32) (at ./Library/PackageCache/com.unity.mathematics@8017b507cc74/Unity.Mathematics/math.cs:987)
UnityEngine.UI.CoroutineTween.FloatTween:get_duration() (at ./Library/PackageCache/com.unity.ugui@aa507f3228f0/Runtime/UGUI/UI/Animation/CoroutineTween.cs:142)
System.Threading.ExecutionContext:RunInternal(ExecutionContext, ContextCallback, Object, Boolean)
System.Runtime.CompilerServices.MoveNextRunner:Run()
Cysharp.Threading.Tasks.Awaiter:GetResult() (at D:/unity/FetaherLand623/FeatherLandNew/Assets/Plugins/UniTask/Runtime/UniTask.cs:317)
Cysharp.Threading.Tasks.Internal.ContinuationQueue:RunCore() (at D:/unity/FetaherLand623/FeatherLandNew/Assets/Plugins/UniTask/Runtime/Internal/ContinuationQueue.cs:194)

新鸟生成 [类型4] 倍率:1.04 成鸟收入:0.21 成鸟售价:3.57
UnityEngine.DebugLogHandler:Internal_Log(LogType, LogOption, String, Object)
UnityEngine.Logger:Log(LogType, Object)
UnityEngine.Debug:Log(Object)
BirdGame.BirdModel:AddBird(Int32, Brid) (at D:/unity/FetaherLand623/FeatherLandNew/Assets/Scripts/New/Models/IBirdModel.cs:68)
BirdGame.<>c__DisplayClass16_0:<GenerateBirdFromSaveData>b__0(GameObject) (at D:/unity/FetaherLand623/FeatherLandNew/Assets/Scripts/New/Systems/IBirdSystem.cs:373)
Cysharp.Threading.Tasks.CompilerServices.AsyncUniTaskMethodBuilder:AwaitUnsafeOnCompleted(TAwaiter&, TStateMachine&) (at D:/unity/FetaherLand623/FeatherLandNew/Assets/Plugins/UniTask/Runtime/CompilerServices/AsyncUniTaskMethodBuilder.cs:103)
System.Threading.ExecutionContext:RunInternal(ExecutionContext, ContextCallback, Object, Boolean)
System.Runtime.CompilerServices.MoveNextRunner:Run()
Cysharp.Threading.Tasks.Awaiter:GetResult() (at D:/unity/FetaherLand623/FeatherLandNew/Assets/Plugins/UniTask/Runtime/UniTask.cs:317)
Cysharp.Threading.Tasks.Internal.ContinuationQueue:RunCore() (at D:/unity/FetaherLand623/FeatherLandNew/Assets/Plugins/UniTask/Runtime/Internal/ContinuationQueue.cs:194)

从存档恢复个体化数值 - 成鸟收入:0.18
UnityEngine.DebugLogHandler:Internal_Log(LogType, LogOption, String, Object)
UnityEngine.Logger:Log(LogType, Object)
UnityEngine.Debug:Log(Object)
BirdGame.<>c__DisplayClass16_0:<GenerateBirdFromSaveData>b__0(GameObject) (at D:/unity/FetaherLand623/FeatherLandNew/Assets/Scripts/New/Systems/IBirdSystem.cs:393)
Cysharp.Threading.Tasks.CompilerServices.AsyncUniTaskMethodBuilder:AwaitUnsafeOnCompleted(TAwaiter&, TStateMachine&) (at D:/unity/FetaherLand623/FeatherLandNew/Assets/Plugins/UniTask/Runtime/CompilerServices/AsyncUniTaskMethodBuilder.cs:103)
System.Threading.ExecutionContext:RunInternal(ExecutionContext, ContextCallback, Object, Boolean)
System.Runtime.CompilerServices.MoveNextRunner:Run()
Cysharp.Threading.Tasks.Awaiter:GetResult() (at D:/unity/FetaherLand623/FeatherLandNew/Assets/Plugins/UniTask/Runtime/UniTask.cs:317)
Cysharp.Threading.Tasks.Internal.ContinuationQueue:RunCore() (at D:/unity/FetaherLand623/FeatherLandNew/Assets/Plugins/UniTask/Runtime/Internal/ContinuationQueue.cs:194)

新鸟生成 [类型21] 倍率:1.13 成鸟收入:0.33 成鸟售价:3.81
UnityEngine.DebugLogHandler:Internal_Log(LogType, LogOption, String, Object)
UnityEngine.Logger:Log(LogType, Object)
UnityEngine.Debug:Log(Object)
BirdGame.BirdModel:AddBird(Int32, Brid) (at D:/unity/FetaherLand623/FeatherLandNew/Assets/Scripts/New/Models/IBirdModel.cs:68)
BirdGame.<>c__DisplayClass16_0:<GenerateBirdFromSaveData>b__0(GameObject) (at D:/unity/FetaherLand623/FeatherLandNew/Assets/Scripts/New/Systems/IBirdSystem.cs:373)
Cysharp.Threading.Tasks.CompilerServices.AsyncUniTaskMethodBuilder:AwaitUnsafeOnCompleted(TAwaiter&, TStateMachine&) (at D:/unity/FetaherLand623/FeatherLandNew/Assets/Plugins/UniTask/Runtime/CompilerServices/AsyncUniTaskMethodBuilder.cs:103)
System.Threading.ExecutionContext:RunInternal(ExecutionContext, ContextCallback, Object, Boolean)
System.Runtime.CompilerServices.MoveNextRunner:Run()
Cysharp.Threading.Tasks.Awaiter:GetResult() (at D:/unity/FetaherLand623/FeatherLandNew/Assets/Plugins/UniTask/Runtime/UniTask.cs:317)
Cysharp.Threading.Tasks.Internal.ContinuationQueue:RunCore() (at D:/unity/FetaherLand623/FeatherLandNew/Assets/Plugins/UniTask/Runtime/Internal/ContinuationQueue.cs:194)

从存档恢复个体化数值 - 成鸟收入:0.29
UnityEngine.DebugLogHandler:Internal_Log(LogType, LogOption, String, Object)
UnityEngine.Logger:Log(LogType, Object)
UnityEngine.Debug:Log(Object)
BirdGame.<>c__DisplayClass16_0:<GenerateBirdFromSaveData>b__0(GameObject) (at D:/unity/FetaherLand623/FeatherLandNew/Assets/Scripts/New/Systems/IBirdSystem.cs:393)
Cysharp.Threading.Tasks.CompilerServices.AsyncUniTaskMethodBuilder:AwaitUnsafeOnCompleted(TAwaiter&, TStateMachine&) (at D:/unity/FetaherLand623/FeatherLandNew/Assets/Plugins/UniTask/Runtime/CompilerServices/AsyncUniTaskMethodBuilder.cs:103)
System.Threading.ExecutionContext:RunInternal(ExecutionContext, ContextCallback, Object, Boolean)
System.Runtime.CompilerServices.MoveNextRunner:Run()
Cysharp.Threading.Tasks.Awaiter:GetResult() (at D:/unity/FetaherLand623/FeatherLandNew/Assets/Plugins/UniTask/Runtime/UniTask.cs:317)
Cysharp.Threading.Tasks.Internal.ContinuationQueue:RunCore() (at D:/unity/FetaherLand623/FeatherLandNew/Assets/Plugins/UniTask/Runtime/Internal/ContinuationQueue.cs:194)

新鸟生成 [类型6] 倍率:0.99 成鸟收入:0.29 成鸟售价:3.33
UnityEngine.DebugLogHandler:Internal_Log(LogType, LogOption, String, Object)
UnityEngine.Logger:Log(LogType, Object)
UnityEngine.Debug:Log(Object)
BirdGame.BirdModel:AddBird(Int32, Brid) (at D:/unity/FetaherLand623/FeatherLandNew/Assets/Scripts/New/Models/IBirdModel.cs:68)
BirdGame.<>c__DisplayClass16_0:<GenerateBirdFromSaveData>b__0(GameObject) (at D:/unity/FetaherLand623/FeatherLandNew/Assets/Scripts/New/Systems/IBirdSystem.cs:373)
Cysharp.Threading.Tasks.CompilerServices.AsyncUniTaskMethodBuilder:AwaitUnsafeOnCompleted(TAwaiter&, TStateMachine&) (at D:/unity/FetaherLand623/FeatherLandNew/Assets/Plugins/UniTask/Runtime/CompilerServices/AsyncUniTaskMethodBuilder.cs:103)
System.Threading.ExecutionContext:RunInternal(ExecutionContext, ContextCallback, Object, Boolean)
System.Runtime.CompilerServices.MoveNextRunner:Run()
Cysharp.Threading.Tasks.Awaiter:GetResult() (at D:/unity/FetaherLand623/FeatherLandNew/Assets/Plugins/UniTask/Runtime/UniTask.cs:317)
Cysharp.Threading.Tasks.Internal.ContinuationQueue:RunCore() (at D:/unity/FetaherLand623/FeatherLandNew/Assets/Plugins/UniTask/Runtime/Internal/ContinuationQueue.cs:194)

从存档恢复个体化数值 - 成鸟收入:0.26
UnityEngine.DebugLogHandler:Internal_Log(LogType, LogOption, String, Object)
UnityEngine.Logger:Log(LogType, Object)
UnityEngine.Debug:Log(Object)
BirdGame.<>c__DisplayClass16_0:<GenerateBirdFromSaveData>b__0(GameObject) (at D:/unity/FetaherLand623/FeatherLandNew/Assets/Scripts/New/Systems/IBirdSystem.cs:393)
Cysharp.Threading.Tasks.CompilerServices.AsyncUniTaskMethodBuilder:AwaitUnsafeOnCompleted(TAwaiter&, TStateMachine&) (at D:/unity/FetaherLand623/FeatherLandNew/Assets/Plugins/UniTask/Runtime/CompilerServices/AsyncUniTaskMethodBuilder.cs:103)
System.Threading.ExecutionContext:RunInternal(ExecutionContext, ContextCallback, Object, Boolean)
System.Runtime.CompilerServices.MoveNextRunner:Run()
Cysharp.Threading.Tasks.Awaiter:GetResult() (at D:/unity/FetaherLand623/FeatherLandNew/Assets/Plugins/UniTask/Runtime/UniTask.cs:317)
Cysharp.Threading.Tasks.Internal.ContinuationQueue:RunCore() (at D:/unity/FetaherLand623/FeatherLandNew/Assets/Plugins/UniTask/Runtime/Internal/ContinuationQueue.cs:194)

新鸟生成 [类型22] 倍率:1.05 成鸟收入:0.31 成鸟售价:3.53
UnityEngine.DebugLogHandler:Internal_Log(LogType, LogOption, String, Object)
UnityEngine.Logger:Log(LogType, Object)
UnityEngine.Debug:Log(Object)
BirdGame.BirdModel:AddBird(Int32, Brid) (at D:/unity/FetaherLand623/FeatherLandNew/Assets/Scripts/New/Models/IBirdModel.cs:68)
BirdGame.<>c__DisplayClass16_0:<GenerateBirdFromSaveData>b__0(GameObject) (at D:/unity/FetaherLand623/FeatherLandNew/Assets/Scripts/New/Systems/IBirdSystem.cs:373)
Cysharp.Threading.Tasks.CompilerServices.AsyncUniTaskMethodBuilder:AwaitUnsafeOnCompleted(TAwaiter&, TStateMachine&) (at D:/unity/FetaherLand623/FeatherLandNew/Assets/Plugins/UniTask/Runtime/CompilerServices/AsyncUniTaskMethodBuilder.cs:103)
System.Threading.ExecutionContext:RunInternal(ExecutionContext, ContextCallback, Object, Boolean)
System.Runtime.CompilerServices.MoveNextRunner:Run()
Cysharp.Threading.Tasks.Awaiter:GetResult() (at D:/unity/FetaherLand623/FeatherLandNew/Assets/Plugins/UniTask/Runtime/UniTask.cs:317)
Cysharp.Threading.Tasks.Internal.ContinuationQueue:RunCore() (at D:/unity/FetaherLand623/FeatherLandNew/Assets/Plugins/UniTask/Runtime/Internal/ContinuationQueue.cs:194)

从存档恢复个体化数值 - 成鸟收入:0.21
UnityEngine.DebugLogHandler:Internal_Log(LogType, LogOption, String, Object)
UnityEngine.Logger:Log(LogType, Object)
UnityEngine.Debug:Log(Object)
BirdGame.<>c__DisplayClass16_0:<GenerateBirdFromSaveData>b__0(GameObject) (at D:/unity/FetaherLand623/FeatherLandNew/Assets/Scripts/New/Systems/IBirdSystem.cs:393)
Cysharp.Threading.Tasks.CompilerServices.AsyncUniTaskMethodBuilder:AwaitUnsafeOnCompleted(TAwaiter&, TStateMachine&) (at D:/unity/FetaherLand623/FeatherLandNew/Assets/Plugins/UniTask/Runtime/CompilerServices/AsyncUniTaskMethodBuilder.cs:103)
System.Threading.ExecutionContext:RunInternal(ExecutionContext, ContextCallback, Object, Boolean)
System.Runtime.CompilerServices.MoveNextRunner:Run()
Cysharp.Threading.Tasks.Awaiter:GetResult() (at D:/unity/FetaherLand623/FeatherLandNew/Assets/Plugins/UniTask/Runtime/UniTask.cs:317)
Cysharp.Threading.Tasks.Internal.ContinuationQueue:RunCore() (at D:/unity/FetaherLand623/FeatherLandNew/Assets/Plugins/UniTask/Runtime/Internal/ContinuationQueue.cs:194)

动态设置吃饭动画时长: 0.85秒
UnityEngine.DebugLogHandler:Internal_Log(LogType, LogOption, String, Object)
UnityEngine.Logger:Log(LogType, Object)
UnityEngine.Debug:Log(Object)
BirdGame.Brid:Start() (at D:/unity/FetaherLand623/FeatherLandNew/Assets/Scripts/New/ViewController/Game/Brid.cs:211)

动态设置吃饭动画时长: 0.85秒
UnityEngine.DebugLogHandler:Internal_Log(LogType, LogOption, String, Object)
UnityEngine.Logger:Log(LogType, Object)
UnityEngine.Debug:Log(Object)
BirdGame.Brid:Start() (at D:/unity/FetaherLand623/FeatherLandNew/Assets/Scripts/New/ViewController/Game/Brid.cs:211)

动态设置吃饭动画时长: 0.85秒
UnityEngine.DebugLogHandler:Internal_Log(LogType, LogOption, String, Object)
UnityEngine.Logger:Log(LogType, Object)
UnityEngine.Debug:Log(Object)
BirdGame.Brid:Start() (at D:/unity/FetaherLand623/FeatherLandNew/Assets/Scripts/New/ViewController/Game/Brid.cs:211)

动态设置吃饭动画时长: 0.85秒
UnityEngine.DebugLogHandler:Internal_Log(LogType, LogOption, String, Object)
UnityEngine.Logger:Log(LogType, Object)
UnityEngine.Debug:Log(Object)
BirdGame.Brid:Start() (at D:/unity/FetaherLand623/FeatherLandNew/Assets/Scripts/New/ViewController/Game/Brid.cs:211)

新鸟生成 [类型3] 倍率:1.12 成鸟收入:0.70 成鸟售价:3.16
UnityEngine.DebugLogHandler:Internal_Log(LogType, LogOption, String, Object)
UnityEngine.Logger:Log(LogType, Object)
UnityEngine.Debug:Log(Object)
BirdGame.BirdModel:AddBird(Int32, Brid) (at D:/unity/FetaherLand623/FeatherLandNew/Assets/Scripts/New/Models/IBirdModel.cs:68)
BirdGame.<>c__DisplayClass16_0:<GenerateBirdFromSaveData>b__0(GameObject) (at D:/unity/FetaherLand623/FeatherLandNew/Assets/Scripts/New/Systems/IBirdSystem.cs:373)
Cysharp.Threading.Tasks.CompilerServices.AsyncUniTaskMethodBuilder:AwaitUnsafeOnCompleted(TAwaiter&, TStateMachine&) (at D:/unity/FetaherLand623/FeatherLandNew/Assets/Plugins/UniTask/Runtime/CompilerServices/AsyncUniTaskMethodBuilder.cs:103)
System.Threading.ExecutionContext:RunInternal(ExecutionContext, ContextCallback, Object, Boolean)
System.Runtime.CompilerServices.MoveNextRunner:Run()
Cysharp.Threading.Tasks.Awaiter:GetResult() (at D:/unity/FetaherLand623/FeatherLandNew/Assets/Plugins/UniTask/Runtime/UniTask.cs:317)
Cysharp.Threading.Tasks.Internal.ContinuationQueue:RunCore() (at D:/unity/FetaherLand623/FeatherLandNew/Assets/Plugins/UniTask/Runtime/Internal/ContinuationQueue.cs:194)

从存档恢复个体化数值 - 成鸟收入:0.55
UnityEngine.DebugLogHandler:Internal_Log(LogType, LogOption, String, Object)
UnityEngine.Logger:Log(LogType, Object)
UnityEngine.Debug:Log(Object)
BirdGame.<>c__DisplayClass16_0:<GenerateBirdFromSaveData>b__0(GameObject) (at D:/unity/FetaherLand623/FeatherLandNew/Assets/Scripts/New/Systems/IBirdSystem.cs:393)
Cysharp.Threading.Tasks.CompilerServices.AsyncUniTaskMethodBuilder:AwaitUnsafeOnCompleted(TAwaiter&, TStateMachine&) (at D:/unity/FetaherLand623/FeatherLandNew/Assets/Plugins/UniTask/Runtime/CompilerServices/AsyncUniTaskMethodBuilder.cs:103)
System.Threading.ExecutionContext:RunInternal(ExecutionContext, ContextCallback, Object, Boolean)
System.Runtime.CompilerServices.MoveNextRunner:Run()
Cysharp.Threading.Tasks.Awaiter:GetResult() (at D:/unity/FetaherLand623/FeatherLandNew/Assets/Plugins/UniTask/Runtime/UniTask.cs:317)
Cysharp.Threading.Tasks.Internal.ContinuationQueue:RunCore() (at D:/unity/FetaherLand623/FeatherLandNew/Assets/Plugins/UniTask/Runtime/Internal/ContinuationQueue.cs:194)

动态设置吃饭动画时长: 0.85秒
UnityEngine.DebugLogHandler:Internal_Log(LogType, LogOption, String, Object)
UnityEngine.Logger:Log(LogType, Object)
UnityEngine.Debug:Log(Object)
BirdGame.Brid:Start() (at D:/unity/FetaherLand623/FeatherLandNew/Assets/Scripts/New/ViewController/Game/Brid.cs:211)

本地化文本加载成功，Key: Questionaire，Text: 提交反馈
UnityEngine.DebugLogHandler:Internal_Log(LogType, LogOption, String, Object)
UnityEngine.Logger:Log(LogType, Object)
UnityEngine.Debug:Log(Object)
UnityEngine.Object:Instantiate(Object, Transform, Boolean)
NavMeshPlus.Extensions.NavMeshBuilderState:GetExtraState(Boolean) (at ./Library/PackageCache/com.h8man.2d.navmeshplus@3fdf1984803c/NavMeshComponents/Scripts/NavMeshBuilderState.cs:32)
BirdGame.<>c__DisplayClass10_0:<ShowPanel>b__0(GameObject) (at D:/unity/FetaherLand623/FeatherLandNew/Assets/Scripts/New/Systems/IUISystem.cs:175)
UnityEngine.UI.CoroutineTween.FloatTween:get_duration() (at ./Library/PackageCache/com.unity.ugui@aa507f3228f0/Runtime/UGUI/UI/Animation/CoroutineTween.cs:142)
System.Threading.ExecutionContext:RunInternal(ExecutionContext, ContextCallback, Object, Boolean)
System.Runtime.CompilerServices.MoveNextRunner:Run()
Cysharp.Threading.Tasks.Awaiter:GetResult() (at D:/unity/FetaherLand623/FeatherLandNew/Assets/Plugins/UniTask/Runtime/UniTask.cs:317)
Cysharp.Threading.Tasks.Internal.ContinuationQueue:RunCore() (at D:/unity/FetaherLand623/FeatherLandNew/Assets/Plugins/UniTask/Runtime/Internal/ContinuationQueue.cs:194)

本地化文本加载成功，Key: SteamButton，Text: 加入愿望单
UnityEngine.DebugLogHandler:Internal_Log(LogType, LogOption, String, Object)
UnityEngine.Logger:Log(LogType, Object)
UnityEngine.Debug:Log(Object)
UnityEngine.Object:Instantiate(Object, Transform, Boolean)
NavMeshPlus.Extensions.NavMeshBuilderState:GetExtraState(Boolean) (at ./Library/PackageCache/com.h8man.2d.navmeshplus@3fdf1984803c/NavMeshComponents/Scripts/NavMeshBuilderState.cs:32)
BirdGame.<>c__DisplayClass10_0:<ShowPanel>b__0(GameObject) (at D:/unity/FetaherLand623/FeatherLandNew/Assets/Scripts/New/Systems/IUISystem.cs:175)
UnityEngine.UI.CoroutineTween.FloatTween:get_duration() (at ./Library/PackageCache/com.unity.ugui@aa507f3228f0/Runtime/UGUI/UI/Animation/CoroutineTween.cs:142)
System.Threading.ExecutionContext:RunInternal(ExecutionContext, ContextCallback, Object, Boolean)
System.Runtime.CompilerServices.MoveNextRunner:Run()
Cysharp.Threading.Tasks.Awaiter:GetResult() (at D:/unity/FetaherLand623/FeatherLandNew/Assets/Plugins/UniTask/Runtime/UniTask.cs:317)
Cysharp.Threading.Tasks.Internal.ContinuationQueue:RunCore() (at D:/unity/FetaherLand623/FeatherLandNew/Assets/Plugins/UniTask/Runtime/Internal/ContinuationQueue.cs:194)

MenuPanel Start方法开始执行
UnityEngine.DebugLogHandler:Internal_Log(LogType, LogOption, String, Object)
UnityEngine.Logger:Log(LogType, Object)
UnityEngine.Debug:Log(Object)
BirdGame.MenuPanel:Start() (at D:/unity/FetaherLand623/FeatherLandNew/Assets/Scripts/New/ViewController/UI/Panels/MenuPanel.cs:70)

MenuPanel GameObject名称: MenuPanel(Clone)
UnityEngine.DebugLogHandler:Internal_Log(LogType, LogOption, String, Object)
UnityEngine.Logger:Log(LogType, Object)
UnityEngine.Debug:Log(Object)
BirdGame.MenuPanel:Start() (at D:/unity/FetaherLand623/FeatherLandNew/Assets/Scripts/New/ViewController/UI/Panels/MenuPanel.cs:71)

MenuPanel 激活状态: True
UnityEngine.DebugLogHandler:Internal_Log(LogType, LogOption, String, Object)
UnityEngine.Logger:Log(LogType, Object)
UnityEngine.Debug:Log(Object)
BirdGame.MenuPanel:Start() (at D:/unity/FetaherLand623/FeatherLandNew/Assets/Scripts/New/ViewController/UI/Panels/MenuPanel.cs:72)

IUISystem获取成功
UnityEngine.DebugLogHandler:Internal_Log(LogType, LogOption, String, Object)
UnityEngine.Logger:Log(LogType, Object)
UnityEngine.Debug:Log(Object)
BirdGame.MenuPanel:Start() (at D:/unity/FetaherLand623/FeatherLandNew/Assets/Scripts/New/ViewController/UI/Panels/MenuPanel.cs:85)

🌍 环境音效初始化完成！
UnityEngine.DebugLogHandler:Internal_Log(LogType, LogOption, String, Object)
UnityEngine.Logger:Log(LogType, Object)
UnityEngine.Debug:Log(Object)
BirdGame.<TriggerEnvironmentAudioAfterConfigLoad>d__11:MoveNext() (at D:/unity/FetaherLand623/FeatherLandNew/Assets/Scripts/New/Commands/LoadGameCommand.cs:257)
UnityEngine.SetupCoroutine:InvokeMoveNext(IEnumerator, IntPtr)

天气切换完成
UnityEngine.DebugLogHandler:Internal_Log(LogType, LogOption, String, Object)
UnityEngine.Logger:Log(LogType, Object)
UnityEngine.Debug:Log(Object)
BirdGame.<>c__DisplayClass15_0:<SwitchWeather>b__9() (at D:/unity/FetaherLand623/FeatherLandNew/Assets/Scripts/New/ViewController/Game/WeatherManager.cs:236)
DG.Tweening.Tween:OnTweenCallback(TweenCallback, Tween)
DG.Tweening.Tween:DoGoto(Tween, Single, Int32, UpdateMode)
DG.Tweening.Core.TweenManager:Update(Tween, Single, Single, Boolean)
DG.Tweening.Core.TweenManager:Update(UpdateType, Single, Single)
DG.Tweening.Core.DOTweenComponent:Update()

[SettingButton] 鼠标在按钮区域内: (-4.18, -23.66), 按钮区域: (x:-24.25, y:-24.75, width:48.50, height:49.50)
UnityEngine.DebugLogHandler:Internal_Log(LogType, LogOption, String, Object)
UnityEngine.Logger:Log(LogType, Object)
UnityEngine.Debug:Log(Object)
UIButtonHoverScale:IsMouseOverButton() (at D:/unity/FetaherLand623/FeatherLandNew/Assets/Scripts/UIButtonHoverScale.cs:458)
UIButtonHoverScale:Update() (at D:/unity/FetaherLand623/FeatherLandNew/Assets/Scripts/UIButtonHoverScale.cs:236)

[SettingButton] 鼠标在按钮区域内: (-6.22, -14.24), 按钮区域: (x:-24.25, y:-24.75, width:48.50, height:49.50)
UnityEngine.DebugLogHandler:Internal_Log(LogType, LogOption, String, Object)
UnityEngine.Logger:Log(LogType, Object)
UnityEngine.Debug:Log(Object)
UIButtonHoverScale:IsMouseOverButton() (at D:/unity/FetaherLand623/FeatherLandNew/Assets/Scripts/UIButtonHoverScale.cs:458)
UIButtonHoverScale:Update() (at D:/unity/FetaherLand623/FeatherLandNew/Assets/Scripts/UIButtonHoverScale.cs:236)

[SettingButton] 鼠标在按钮区域内: (-6.22, -14.24), 按钮区域: (x:-24.25, y:-24.75, width:48.50, height:49.50)
UnityEngine.DebugLogHandler:Internal_Log(LogType, LogOption, String, Object)
UnityEngine.Logger:Log(LogType, Object)
UnityEngine.Debug:Log(Object)
UIButtonHoverScale:IsMouseOverButton() (at D:/unity/FetaherLand623/FeatherLandNew/Assets/Scripts/UIButtonHoverScale.cs:458)
UIButtonHoverScale:Update() (at D:/unity/FetaherLand623/FeatherLandNew/Assets/Scripts/UIButtonHoverScale.cs:236)

[SettingButton] 鼠标在按钮区域内: (-6.22, -14.24), 按钮区域: (x:-24.25, y:-24.75, width:48.50, height:49.50)
UnityEngine.DebugLogHandler:Internal_Log(LogType, LogOption, String, Object)
UnityEngine.Logger:Log(LogType, Object)
UnityEngine.Debug:Log(Object)
UIButtonHoverScale:IsMouseOverButton() (at D:/unity/FetaherLand623/FeatherLandNew/Assets/Scripts/UIButtonHoverScale.cs:458)
UIButtonHoverScale:Update() (at D:/unity/FetaherLand623/FeatherLandNew/Assets/Scripts/UIButtonHoverScale.cs:236)

[SettingButton] 鼠标在按钮区域内: (-6.22, -14.24), 按钮区域: (x:-24.25, y:-24.75, width:48.50, height:49.50)
UnityEngine.DebugLogHandler:Internal_Log(LogType, LogOption, String, Object)
UnityEngine.Logger:Log(LogType, Object)
UnityEngine.Debug:Log(Object)
UIButtonHoverScale:IsMouseOverButton() (at D:/unity/FetaherLand623/FeatherLandNew/Assets/Scripts/UIButtonHoverScale.cs:458)
UIButtonHoverScale:Update() (at D:/unity/FetaherLand623/FeatherLandNew/Assets/Scripts/UIButtonHoverScale.cs:236)

[SettingButton] 鼠标在按钮区域内: (-6.22, -14.24), 按钮区域: (x:-24.25, y:-24.75, width:48.50, height:49.50)
UnityEngine.DebugLogHandler:Internal_Log(LogType, LogOption, String, Object)
UnityEngine.Logger:Log(LogType, Object)
UnityEngine.Debug:Log(Object)
UIButtonHoverScale:IsMouseOverButton() (at D:/unity/FetaherLand623/FeatherLandNew/Assets/Scripts/UIButtonHoverScale.cs:458)
UIButtonHoverScale:Update() (at D:/unity/FetaherLand623/FeatherLandNew/Assets/Scripts/UIButtonHoverScale.cs:236)

[SettingButton] 鼠标在按钮区域内: (-6.22, -14.24), 按钮区域: (x:-24.25, y:-24.75, width:48.50, height:49.50)
UnityEngine.DebugLogHandler:Internal_Log(LogType, LogOption, String, Object)
UnityEngine.Logger:Log(LogType, Object)
UnityEngine.Debug:Log(Object)
UIButtonHoverScale:IsMouseOverButton() (at D:/unity/FetaherLand623/FeatherLandNew/Assets/Scripts/UIButtonHoverScale.cs:458)
UIButtonHoverScale:Update() (at D:/unity/FetaherLand623/FeatherLandNew/Assets/Scripts/UIButtonHoverScale.cs:236)

[SettingButton] 鼠标在按钮区域内: (-6.22, -14.24), 按钮区域: (x:-24.25, y:-24.75, width:48.50, height:49.50)
UnityEngine.DebugLogHandler:Internal_Log(LogType, LogOption, String, Object)
UnityEngine.Logger:Log(LogType, Object)
UnityEngine.Debug:Log(Object)
UIButtonHoverScale:IsMouseOverButton() (at D:/unity/FetaherLand623/FeatherLandNew/Assets/Scripts/UIButtonHoverScale.cs:458)
UIButtonHoverScale:Update() (at D:/unity/FetaherLand623/FeatherLandNew/Assets/Scripts/UIButtonHoverScale.cs:236)

[SettingButton] 鼠标在按钮区域内: (-6.22, -13.03), 按钮区域: (x:-24.25, y:-24.75, width:48.50, height:49.50)
UnityEngine.DebugLogHandler:Internal_Log(LogType, LogOption, String, Object)
UnityEngine.Logger:Log(LogType, Object)
UnityEngine.Debug:Log(Object)
UIButtonHoverScale:IsMouseOverButton() (at D:/unity/FetaherLand623/FeatherLandNew/Assets/Scripts/UIButtonHoverScale.cs:458)
UIButtonHoverScale:Update() (at D:/unity/FetaherLand623/FeatherLandNew/Assets/Scripts/UIButtonHoverScale.cs:236)

[SettingButton] 鼠标在按钮区域内: (-6.22, -13.03), 按钮区域: (x:-24.25, y:-24.75, width:48.50, height:49.50)
UnityEngine.DebugLogHandler:Internal_Log(LogType, LogOption, String, Object)
UnityEngine.Logger:Log(LogType, Object)
UnityEngine.Debug:Log(Object)
UIButtonHoverScale:IsMouseOverButton() (at D:/unity/FetaherLand623/FeatherLandNew/Assets/Scripts/UIButtonHoverScale.cs:458)
UIButtonHoverScale:Update() (at D:/unity/FetaherLand623/FeatherLandNew/Assets/Scripts/UIButtonHoverScale.cs:236)

[SettingButton] 鼠标在按钮区域内: (-6.22, -13.03), 按钮区域: (x:-24.25, y:-24.75, width:48.50, height:49.50)
UnityEngine.DebugLogHandler:Internal_Log(LogType, LogOption, String, Object)
UnityEngine.Logger:Log(LogType, Object)
UnityEngine.Debug:Log(Object)
UIButtonHoverScale:IsMouseOverButton() (at D:/unity/FetaherLand623/FeatherLandNew/Assets/Scripts/UIButtonHoverScale.cs:458)
UIButtonHoverScale:Update() (at D:/unity/FetaherLand623/FeatherLandNew/Assets/Scripts/UIButtonHoverScale.cs:236)

[SettingButton] 鼠标在按钮区域内: (-6.22, -10.60), 按钮区域: (x:-24.25, y:-24.75, width:48.50, height:49.50)
UnityEngine.DebugLogHandler:Internal_Log(LogType, LogOption, String, Object)
UnityEngine.Logger:Log(LogType, Object)
UnityEngine.Debug:Log(Object)
UIButtonHoverScale:IsMouseOverButton() (at D:/unity/FetaherLand623/FeatherLandNew/Assets/Scripts/UIButtonHoverScale.cs:458)
UIButtonHoverScale:Update() (at D:/unity/FetaherLand623/FeatherLandNew/Assets/Scripts/UIButtonHoverScale.cs:236)

[SettingButton] 鼠标在按钮区域内: (-6.22, -8.18), 按钮区域: (x:-24.25, y:-24.75, width:48.50, height:49.50)
UnityEngine.DebugLogHandler:Internal_Log(LogType, LogOption, String, Object)
UnityEngine.Logger:Log(LogType, Object)
UnityEngine.Debug:Log(Object)
UIButtonHoverScale:IsMouseOverButton() (at D:/unity/FetaherLand623/FeatherLandNew/Assets/Scripts/UIButtonHoverScale.cs:458)
UIButtonHoverScale:Update() (at D:/unity/FetaherLand623/FeatherLandNew/Assets/Scripts/UIButtonHoverScale.cs:236)

[SettingButton] 鼠标在按钮区域内: (-6.22, -5.75), 按钮区域: (x:-24.25, y:-24.75, width:48.50, height:49.50)
UnityEngine.DebugLogHandler:Internal_Log(LogType, LogOption, String, Object)
UnityEngine.Logger:Log(LogType, Object)
UnityEngine.Debug:Log(Object)
UIButtonHoverScale:IsMouseOverButton() (at D:/unity/FetaherLand623/FeatherLandNew/Assets/Scripts/UIButtonHoverScale.cs:458)
UIButtonHoverScale:Update() (at D:/unity/FetaherLand623/FeatherLandNew/Assets/Scripts/UIButtonHoverScale.cs:236)

[SettingButton] 鼠标在按钮区域内: (-6.22, 0.31), 按钮区域: (x:-24.25, y:-24.75, width:48.50, height:49.50)
UnityEngine.DebugLogHandler:Internal_Log(LogType, LogOption, String, Object)
UnityEngine.Logger:Log(LogType, Object)
UnityEngine.Debug:Log(Object)
UIButtonHoverScale:IsMouseOverButton() (at D:/unity/FetaherLand623/FeatherLandNew/Assets/Scripts/UIButtonHoverScale.cs:458)
UIButtonHoverScale:Update() (at D:/unity/FetaherLand623/FeatherLandNew/Assets/Scripts/UIButtonHoverScale.cs:236)

[SettingButton] 鼠标在按钮区域内: (-6.22, 0.31), 按钮区域: (x:-24.25, y:-24.75, width:48.50, height:49.50)
UnityEngine.DebugLogHandler:Internal_Log(LogType, LogOption, String, Object)
UnityEngine.Logger:Log(LogType, Object)
UnityEngine.Debug:Log(Object)
UIButtonHoverScale:IsMouseOverButton() (at D:/unity/FetaherLand623/FeatherLandNew/Assets/Scripts/UIButtonHoverScale.cs:458)
UIButtonHoverScale:Update() (at D:/unity/FetaherLand623/FeatherLandNew/Assets/Scripts/UIButtonHoverScale.cs:236)

[SettingButton] 鼠标在按钮区域内: (-6.22, 0.31), 按钮区域: (x:-24.25, y:-24.75, width:48.50, height:49.50)
UnityEngine.DebugLogHandler:Internal_Log(LogType, LogOption, String, Object)
UnityEngine.Logger:Log(LogType, Object)
UnityEngine.Debug:Log(Object)
UIButtonHoverScale:IsMouseOverButton() (at D:/unity/FetaherLand623/FeatherLandNew/Assets/Scripts/UIButtonHoverScale.cs:458)
UIButtonHoverScale:Update() (at D:/unity/FetaherLand623/FeatherLandNew/Assets/Scripts/UIButtonHoverScale.cs:236)

[SettingButton] 鼠标在按钮区域内: (-6.22, 0.31), 按钮区域: (x:-24.25, y:-24.75, width:48.50, height:49.50)
UnityEngine.DebugLogHandler:Internal_Log(LogType, LogOption, String, Object)
UnityEngine.Logger:Log(LogType, Object)
UnityEngine.Debug:Log(Object)
UIButtonHoverScale:IsMouseOverButton() (at D:/unity/FetaherLand623/FeatherLandNew/Assets/Scripts/UIButtonHoverScale.cs:458)
UIButtonHoverScale:Update() (at D:/unity/FetaherLand623/FeatherLandNew/Assets/Scripts/UIButtonHoverScale.cs:236)

[SettingButton] 鼠标在按钮区域内: (-6.22, 0.31), 按钮区域: (x:-24.25, y:-24.75, width:48.50, height:49.50)
UnityEngine.DebugLogHandler:Internal_Log(LogType, LogOption, String, Object)
UnityEngine.Logger:Log(LogType, Object)
UnityEngine.Debug:Log(Object)
UIButtonHoverScale:IsMouseOverButton() (at D:/unity/FetaherLand623/FeatherLandNew/Assets/Scripts/UIButtonHoverScale.cs:458)
UIButtonHoverScale:Update() (at D:/unity/FetaherLand623/FeatherLandNew/Assets/Scripts/UIButtonHoverScale.cs:236)

[SettingButton] 鼠标在按钮区域内: (-6.22, 0.31), 按钮区域: (x:-24.25, y:-24.75, width:48.50, height:49.50)
UnityEngine.DebugLogHandler:Internal_Log(LogType, LogOption, String, Object)
UnityEngine.Logger:Log(LogType, Object)
UnityEngine.Debug:Log(Object)
UIButtonHoverScale:IsMouseOverButton() (at D:/unity/FetaherLand623/FeatherLandNew/Assets/Scripts/UIButtonHoverScale.cs:458)
UIButtonHoverScale:Update() (at D:/unity/FetaherLand623/FeatherLandNew/Assets/Scripts/UIButtonHoverScale.cs:236)

[SettingButton] 鼠标在按钮区域内: (-6.22, 0.31), 按钮区域: (x:-24.25, y:-24.75, width:48.50, height:49.50)
UnityEngine.DebugLogHandler:Internal_Log(LogType, LogOption, String, Object)
UnityEngine.Logger:Log(LogType, Object)
UnityEngine.Debug:Log(Object)
UIButtonHoverScale:IsMouseOverButton() (at D:/unity/FetaherLand623/FeatherLandNew/Assets/Scripts/UIButtonHoverScale.cs:458)
UIButtonHoverScale:Update() (at D:/unity/FetaherLand623/FeatherLandNew/Assets/Scripts/UIButtonHoverScale.cs:236)

[SettingButton] 鼠标点击检测到，触发onClick事件
UnityEngine.DebugLogHandler:Internal_Log(LogType, LogOption, String, Object)
UnityEngine.Logger:Log(LogType, Object)
UnityEngine.Debug:Log(Object)
UIButtonHoverScale:Update() (at D:/unity/FetaherLand623/FeatherLandNew/Assets/Scripts/UIButtonHoverScale.cs:276)

[SettingButton] 鼠标在按钮区域内: (-6.22, 0.31), 按钮区域: (x:-24.25, y:-24.75, width:48.50, height:49.50)
UnityEngine.DebugLogHandler:Internal_Log(LogType, LogOption, String, Object)
UnityEngine.Logger:Log(LogType, Object)
UnityEngine.Debug:Log(Object)
UIButtonHoverScale:IsMouseOverButton() (at D:/unity/FetaherLand623/FeatherLandNew/Assets/Scripts/UIButtonHoverScale.cs:458)
UIButtonHoverScale:Update() (at D:/unity/FetaherLand623/FeatherLandNew/Assets/Scripts/UIButtonHoverScale.cs:236)

[SettingButton] 鼠标在按钮区域内: (-6.22, 0.31), 按钮区域: (x:-24.25, y:-24.75, width:48.50, height:49.50)
UnityEngine.DebugLogHandler:Internal_Log(LogType, LogOption, String, Object)
UnityEngine.Logger:Log(LogType, Object)
UnityEngine.Debug:Log(Object)
UIButtonHoverScale:IsMouseOverButton() (at D:/unity/FetaherLand623/FeatherLandNew/Assets/Scripts/UIButtonHoverScale.cs:458)
UIButtonHoverScale:Update() (at D:/unity/FetaherLand623/FeatherLandNew/Assets/Scripts/UIButtonHoverScale.cs:236)

[SettingButton] 鼠标在按钮区域内: (-6.22, 0.31), 按钮区域: (x:-24.25, y:-24.75, width:48.50, height:49.50)
UnityEngine.DebugLogHandler:Internal_Log(LogType, LogOption, String, Object)
UnityEngine.Logger:Log(LogType, Object)
UnityEngine.Debug:Log(Object)
UIButtonHoverScale:IsMouseOverButton() (at D:/unity/FetaherLand623/FeatherLandNew/Assets/Scripts/UIButtonHoverScale.cs:458)
UIButtonHoverScale:Update() (at D:/unity/FetaherLand623/FeatherLandNew/Assets/Scripts/UIButtonHoverScale.cs:236)

[SettingButton] 鼠标在按钮区域内: (-6.22, 0.31), 按钮区域: (x:-24.25, y:-24.75, width:48.50, height:49.50)
UnityEngine.DebugLogHandler:Internal_Log(LogType, LogOption, String, Object)
UnityEngine.Logger:Log(LogType, Object)
UnityEngine.Debug:Log(Object)
UIButtonHoverScale:IsMouseOverButton() (at D:/unity/FetaherLand623/FeatherLandNew/Assets/Scripts/UIButtonHoverScale.cs:458)
UIButtonHoverScale:Update() (at D:/unity/FetaherLand623/FeatherLandNew/Assets/Scripts/UIButtonHoverScale.cs:236)

本地化文本加载成功，Key: Language，Text: 语言
UnityEngine.DebugLogHandler:Internal_Log(LogType, LogOption, String, Object)
UnityEngine.Logger:Log(LogType, Object)
UnityEngine.Debug:Log(Object)
UnityEngine.Object:Instantiate(Object, Transform, Boolean)
NavMeshPlus.Extensions.NavMeshBuilderState:GetExtraState(Boolean) (at ./Library/PackageCache/com.h8man.2d.navmeshplus@3fdf1984803c/NavMeshComponents/Scripts/NavMeshBuilderState.cs:32)
BirdGame.<>c__DisplayClass12_0:<ShowPopup>b__0(GameObject) (at D:/unity/FetaherLand623/FeatherLandNew/Assets/Scripts/New/Systems/IUISystem.cs:213)
UnityEngine.UI.CoroutineTween.FloatTween:get_duration() (at ./Library/PackageCache/com.unity.ugui@aa507f3228f0/Runtime/UGUI/UI/Animation/CoroutineTween.cs:142)
Cysharp.Threading.Tasks.CompilerServices.AsyncUniTaskMethodBuilder:Start(TStateMachine&) (at D:/unity/FetaherLand623/FeatherLandNew/Assets/Plugins/UniTask/Runtime/CompilerServices/AsyncUniTaskMethodBuilder.cs:112)
UnityEngine.AddressableAssets.AssetReference:LoadAssetAsync() (at ./Library/PackageCache/com.unity.addressables@d929cbc70804/Runtime/AssetReference.cs:558)
BirdGame.UISystem:ShowPopup(UIPopup, Action) (at D:/unity/FetaherLand623/FeatherLandNew/Assets/Scripts/New/Systems/IUISystem.cs:222)
BirdGame.<>c__DisplayClass33_0:<Start>b__4(Boolean) (at D:/unity/FetaherLand623/FeatherLandNew/Assets/Scripts/New/ViewController/UI/Panels/MenuPanel.cs:127)
UnityEngine.Timeline.IntervalTree`1:get_dirty() (at ./Library/PackageCache/com.unity.timeline@6b9e48457ddb/Runtime/Evaluation/IntervalTree.cs:40)
Cysharp.Threading.Tasks.UniTask`1:ToString() (at D:/unity/FetaherLand623/FeatherLandNew/Assets/Plugins/UniTask/Runtime/UniTask.cs:481)
UnityEngine.UI.Toggle:Set(Boolean, Boolean) (at ./Library/PackageCache/com.unity.ugui@aa507f3228f0/Runtime/UGUI/UI/Core/Toggle.cs:284)
Unity.Collections.LowLevel.Unsafe.UnsafeText:get_Length() (at ./Library/PackageCache/com.unity.collections@56bff8827a7e/Unity.Collections/UnsafeText.cs:210)
UnityEngine.InputSystem.UI.InputSystemUIInputModule:ProcessPointerButton(ButtonState&, PointerEventData) (at ./Library/PackageCache/com.unity.inputsystem@be6c4fd0abf5/InputSystem/Plugins/UI/InputSystemUIInputModule.cs:744)
UnityEngine.InputSystem.UI.InputSystemUIInputModule:ProcessPointer(PointerModel&) (at ./Library/PackageCache/com.unity.inputsystem@be6c4fd0abf5/InputSystem/Plugins/UI/InputSystemUIInputModule.cs:489)
UnityEngine.InputSystem.UI.InputSystemUIInputModule:Process() (at ./Library/PackageCache/com.unity.inputsystem@be6c4fd0abf5/InputSystem/Plugins/UI/InputSystemUIInputModule.cs:2438)
UnityEngine.EventSystems.EventSystem:Update() (at ./Library/PackageCache/com.unity.ugui@aa507f3228f0/Runtime/UGUI/EventSystem/EventSystem.cs:530)

本地化文本加载成功，Key: Delete Save，Text: 删除存档
UnityEngine.DebugLogHandler:Internal_Log(LogType, LogOption, String, Object)
UnityEngine.Logger:Log(LogType, Object)
UnityEngine.Debug:Log(Object)
UnityEngine.Object:Instantiate(Object, Transform, Boolean)
NavMeshPlus.Extensions.NavMeshBuilderState:GetExtraState(Boolean) (at ./Library/PackageCache/com.h8man.2d.navmeshplus@3fdf1984803c/NavMeshComponents/Scripts/NavMeshBuilderState.cs:32)
BirdGame.<>c__DisplayClass12_0:<ShowPopup>b__0(GameObject) (at D:/unity/FetaherLand623/FeatherLandNew/Assets/Scripts/New/Systems/IUISystem.cs:213)
UnityEngine.UI.CoroutineTween.FloatTween:get_duration() (at ./Library/PackageCache/com.unity.ugui@aa507f3228f0/Runtime/UGUI/UI/Animation/CoroutineTween.cs:142)
Cysharp.Threading.Tasks.CompilerServices.AsyncUniTaskMethodBuilder:Start(TStateMachine&) (at D:/unity/FetaherLand623/FeatherLandNew/Assets/Plugins/UniTask/Runtime/CompilerServices/AsyncUniTaskMethodBuilder.cs:112)
UnityEngine.AddressableAssets.AssetReference:LoadAssetAsync() (at ./Library/PackageCache/com.unity.addressables@d929cbc70804/Runtime/AssetReference.cs:558)
BirdGame.UISystem:ShowPopup(UIPopup, Action) (at D:/unity/FetaherLand623/FeatherLandNew/Assets/Scripts/New/Systems/IUISystem.cs:222)
BirdGame.<>c__DisplayClass33_0:<Start>b__4(Boolean) (at D:/unity/FetaherLand623/FeatherLandNew/Assets/Scripts/New/ViewController/UI/Panels/MenuPanel.cs:127)
UnityEngine.Timeline.IntervalTree`1:get_dirty() (at ./Library/PackageCache/com.unity.timeline@6b9e48457ddb/Runtime/Evaluation/IntervalTree.cs:40)
Cysharp.Threading.Tasks.UniTask`1:ToString() (at D:/unity/FetaherLand623/FeatherLandNew/Assets/Plugins/UniTask/Runtime/UniTask.cs:481)
UnityEngine.UI.Toggle:Set(Boolean, Boolean) (at ./Library/PackageCache/com.unity.ugui@aa507f3228f0/Runtime/UGUI/UI/Core/Toggle.cs:284)
Unity.Collections.LowLevel.Unsafe.UnsafeText:get_Length() (at ./Library/PackageCache/com.unity.collections@56bff8827a7e/Unity.Collections/UnsafeText.cs:210)
UnityEngine.InputSystem.UI.InputSystemUIInputModule:ProcessPointerButton(ButtonState&, PointerEventData) (at ./Library/PackageCache/com.unity.inputsystem@be6c4fd0abf5/InputSystem/Plugins/UI/InputSystemUIInputModule.cs:744)
UnityEngine.InputSystem.UI.InputSystemUIInputModule:ProcessPointer(PointerModel&) (at ./Library/PackageCache/com.unity.inputsystem@be6c4fd0abf5/InputSystem/Plugins/UI/InputSystemUIInputModule.cs:489)
UnityEngine.InputSystem.UI.InputSystemUIInputModule:Process() (at ./Library/PackageCache/com.unity.inputsystem@be6c4fd0abf5/InputSystem/Plugins/UI/InputSystemUIInputModule.cs:2438)
UnityEngine.EventSystems.EventSystem:Update() (at ./Library/PackageCache/com.unity.ugui@aa507f3228f0/Runtime/UGUI/EventSystem/EventSystem.cs:530)

本地化文本加载成功，Key: Tutorial，Text: 教程(T)
UnityEngine.DebugLogHandler:Internal_Log(LogType, LogOption, String, Object)
UnityEngine.Logger:Log(LogType, Object)
UnityEngine.Debug:Log(Object)
UnityEngine.Object:Instantiate(Object, Transform, Boolean)
NavMeshPlus.Extensions.NavMeshBuilderState:GetExtraState(Boolean) (at ./Library/PackageCache/com.h8man.2d.navmeshplus@3fdf1984803c/NavMeshComponents/Scripts/NavMeshBuilderState.cs:32)
BirdGame.<>c__DisplayClass12_0:<ShowPopup>b__0(GameObject) (at D:/unity/FetaherLand623/FeatherLandNew/Assets/Scripts/New/Systems/IUISystem.cs:213)
UnityEngine.UI.CoroutineTween.FloatTween:get_duration() (at ./Library/PackageCache/com.unity.ugui@aa507f3228f0/Runtime/UGUI/UI/Animation/CoroutineTween.cs:142)
Cysharp.Threading.Tasks.CompilerServices.AsyncUniTaskMethodBuilder:Start(TStateMachine&) (at D:/unity/FetaherLand623/FeatherLandNew/Assets/Plugins/UniTask/Runtime/CompilerServices/AsyncUniTaskMethodBuilder.cs:112)
UnityEngine.AddressableAssets.AssetReference:LoadAssetAsync() (at ./Library/PackageCache/com.unity.addressables@d929cbc70804/Runtime/AssetReference.cs:558)
BirdGame.UISystem:ShowPopup(UIPopup, Action) (at D:/unity/FetaherLand623/FeatherLandNew/Assets/Scripts/New/Systems/IUISystem.cs:222)
BirdGame.<>c__DisplayClass33_0:<Start>b__4(Boolean) (at D:/unity/FetaherLand623/FeatherLandNew/Assets/Scripts/New/ViewController/UI/Panels/MenuPanel.cs:127)
UnityEngine.Timeline.IntervalTree`1:get_dirty() (at ./Library/PackageCache/com.unity.timeline@6b9e48457ddb/Runtime/Evaluation/IntervalTree.cs:40)
Cysharp.Threading.Tasks.UniTask`1:ToString() (at D:/unity/FetaherLand623/FeatherLandNew/Assets/Plugins/UniTask/Runtime/UniTask.cs:481)
UnityEngine.UI.Toggle:Set(Boolean, Boolean) (at ./Library/PackageCache/com.unity.ugui@aa507f3228f0/Runtime/UGUI/UI/Core/Toggle.cs:284)
Unity.Collections.LowLevel.Unsafe.UnsafeText:get_Length() (at ./Library/PackageCache/com.unity.collections@56bff8827a7e/Unity.Collections/UnsafeText.cs:210)
UnityEngine.InputSystem.UI.InputSystemUIInputModule:ProcessPointerButton(ButtonState&, PointerEventData) (at ./Library/PackageCache/com.unity.inputsystem@be6c4fd0abf5/InputSystem/Plugins/UI/InputSystemUIInputModule.cs:744)
UnityEngine.InputSystem.UI.InputSystemUIInputModule:ProcessPointer(PointerModel&) (at ./Library/PackageCache/com.unity.inputsystem@be6c4fd0abf5/InputSystem/Plugins/UI/InputSystemUIInputModule.cs:489)
UnityEngine.InputSystem.UI.InputSystemUIInputModule:Process() (at ./Library/PackageCache/com.unity.inputsystem@be6c4fd0abf5/InputSystem/Plugins/UI/InputSystemUIInputModule.cs:2438)
UnityEngine.EventSystems.EventSystem:Update() (at ./Library/PackageCache/com.unity.ugui@aa507f3228f0/Runtime/UGUI/EventSystem/EventSystem.cs:530)

本地化文本加载成功，Key: Quit Game，Text: 退出游戏
UnityEngine.DebugLogHandler:Internal_Log(LogType, LogOption, String, Object)
UnityEngine.Logger:Log(LogType, Object)
UnityEngine.Debug:Log(Object)
UnityEngine.Object:Instantiate(Object, Transform, Boolean)
NavMeshPlus.Extensions.NavMeshBuilderState:GetExtraState(Boolean) (at ./Library/PackageCache/com.h8man.2d.navmeshplus@3fdf1984803c/NavMeshComponents/Scripts/NavMeshBuilderState.cs:32)
BirdGame.<>c__DisplayClass12_0:<ShowPopup>b__0(GameObject) (at D:/unity/FetaherLand623/FeatherLandNew/Assets/Scripts/New/Systems/IUISystem.cs:213)
UnityEngine.UI.CoroutineTween.FloatTween:get_duration() (at ./Library/PackageCache/com.unity.ugui@aa507f3228f0/Runtime/UGUI/UI/Animation/CoroutineTween.cs:142)
Cysharp.Threading.Tasks.CompilerServices.AsyncUniTaskMethodBuilder:Start(TStateMachine&) (at D:/unity/FetaherLand623/FeatherLandNew/Assets/Plugins/UniTask/Runtime/CompilerServices/AsyncUniTaskMethodBuilder.cs:112)
UnityEngine.AddressableAssets.AssetReference:LoadAssetAsync() (at ./Library/PackageCache/com.unity.addressables@d929cbc70804/Runtime/AssetReference.cs:558)
BirdGame.UISystem:ShowPopup(UIPopup, Action) (at D:/unity/FetaherLand623/FeatherLandNew/Assets/Scripts/New/Systems/IUISystem.cs:222)
BirdGame.<>c__DisplayClass33_0:<Start>b__4(Boolean) (at D:/unity/FetaherLand623/FeatherLandNew/Assets/Scripts/New/ViewController/UI/Panels/MenuPanel.cs:127)
UnityEngine.Timeline.IntervalTree`1:get_dirty() (at ./Library/PackageCache/com.unity.timeline@6b9e48457ddb/Runtime/Evaluation/IntervalTree.cs:40)
Cysharp.Threading.Tasks.UniTask`1:ToString() (at D:/unity/FetaherLand623/FeatherLandNew/Assets/Plugins/UniTask/Runtime/UniTask.cs:481)
UnityEngine.UI.Toggle:Set(Boolean, Boolean) (at ./Library/PackageCache/com.unity.ugui@aa507f3228f0/Runtime/UGUI/UI/Core/Toggle.cs:284)
Unity.Collections.LowLevel.Unsafe.UnsafeText:get_Length() (at ./Library/PackageCache/com.unity.collections@56bff8827a7e/Unity.Collections/UnsafeText.cs:210)
UnityEngine.InputSystem.UI.InputSystemUIInputModule:ProcessPointerButton(ButtonState&, PointerEventData) (at ./Library/PackageCache/com.unity.inputsystem@be6c4fd0abf5/InputSystem/Plugins/UI/InputSystemUIInputModule.cs:744)
UnityEngine.InputSystem.UI.InputSystemUIInputModule:ProcessPointer(PointerModel&) (at ./Library/PackageCache/com.unity.inputsystem@be6c4fd0abf5/InputSystem/Plugins/UI/InputSystemUIInputModule.cs:489)
UnityEngine.InputSystem.UI.InputSystemUIInputModule:Process() (at ./Library/PackageCache/com.unity.inputsystem@be6c4fd0abf5/InputSystem/Plugins/UI/InputSystemUIInputModule.cs:2438)
UnityEngine.EventSystems.EventSystem:Update() (at ./Library/PackageCache/com.unity.ugui@aa507f3228f0/Runtime/UGUI/EventSystem/EventSystem.cs:530)

[SettingButton] 鼠标在按钮区域内: (-6.22, 0.31), 按钮区域: (x:-24.25, y:-24.75, width:48.50, height:49.50)
UnityEngine.DebugLogHandler:Internal_Log(LogType, LogOption, String, Object)
UnityEngine.Logger:Log(LogType, Object)
UnityEngine.Debug:Log(Object)
UIButtonHoverScale:IsMouseOverButton() (at D:/unity/FetaherLand623/FeatherLandNew/Assets/Scripts/UIButtonHoverScale.cs:458)
UIButtonHoverScale:Update() (at D:/unity/FetaherLand623/FeatherLandNew/Assets/Scripts/UIButtonHoverScale.cs:236)

不存在key[Chinese]对应的翻译，请在本地化配置中增加！
UnityEngine.DebugLogHandler:Internal_Log(LogType, LogOption, String, Object)
UnityEngine.Logger:Log(LogType, Object)
UnityEngine.Debug:LogWarning(Object)
BirdGame.LocalizationSystem:GetString(String) (at D:/unity/FetaherLand623/FeatherLandNew/Assets/Scripts/New/Systems/ILocalizationSystem.cs:85)
BirdGame.SettingPopup:InitializeLanguageDropdown() (at D:/unity/FetaherLand623/FeatherLandNew/Assets/Scripts/New/ViewController/UI/Popups/SettingPopup.cs:470)
BirdGame.SettingPopup:Start() (at D:/unity/FetaherLand623/FeatherLandNew/Assets/Scripts/New/ViewController/UI/Popups/SettingPopup.cs:264)

存档中的语言设置: ChineseSimplified
UnityEngine.DebugLogHandler:Internal_Log(LogType, LogOption, String, Object)
UnityEngine.Logger:Log(LogType, Object)
UnityEngine.Debug:Log(Object)
BirdGame.SettingPopup:InitializeLanguageDropdown() (at D:/unity/FetaherLand623/FeatherLandNew/Assets/Scripts/New/ViewController/UI/Popups/SettingPopup.cs:478)
BirdGame.SettingPopup:Start() (at D:/unity/FetaherLand623/FeatherLandNew/Assets/Scripts/New/ViewController/UI/Popups/SettingPopup.cs:264)

本地化配置支持的语言: English, ChineseSimplified
UnityEngine.DebugLogHandler:Internal_Log(LogType, LogOption, String, Object)
UnityEngine.Logger:Log(LogType, Object)
UnityEngine.Debug:Log(Object)
BirdGame.SettingPopup:InitializeLanguageDropdown() (at D:/unity/FetaherLand623/FeatherLandNew/Assets/Scripts/New/ViewController/UI/Popups/SettingPopup.cs:479)
BirdGame.SettingPopup:Start() (at D:/unity/FetaherLand623/FeatherLandNew/Assets/Scripts/New/ViewController/UI/Popups/SettingPopup.cs:264)

[SettingButton] 鼠标在按钮区域内: (-23.19, -10.60), 按钮区域: (x:-24.25, y:-24.75, width:48.50, height:49.50)
UnityEngine.DebugLogHandler:Internal_Log(LogType, LogOption, String, Object)
UnityEngine.Logger:Log(LogType, Object)
UnityEngine.Debug:Log(Object)
UIButtonHoverScale:IsMouseOverButton() (at D:/unity/FetaherLand623/FeatherLandNew/Assets/Scripts/UIButtonHoverScale.cs:458)
UIButtonHoverScale:Update() (at D:/unity/FetaherLand623/FeatherLandNew/Assets/Scripts/UIButtonHoverScale.cs:236)

[WallpaperMode] 激活 - 1920x1040
UnityEngine.DebugLogHandler:Internal_Log(LogType, LogOption, String, Object)
UnityEngine.Logger:Log(LogType, Object)
UnityEngine.Debug:Log(Object)
BirdGame.FullScreenUtility:WallpaperMode() (at D:/unity/FetaherLand623/FeatherLandNew/Assets/Scripts/New/Utility/FullScreenUtility.cs:393)
BirdGame.SettingPopup:SwitchScreenMode(Int32) (at D:/unity/FetaherLand623/FeatherLandNew/Assets/Scripts/New/ViewController/UI/Popups/SettingPopup.cs:374)
UnityEngine.Timeline.IntervalTree`1:get_dirty() (at ./Library/PackageCache/com.unity.timeline@6b9e48457ddb/Runtime/Evaluation/IntervalTree.cs:40)
Cysharp.Threading.Tasks.UniTask`1:ToString() (at D:/unity/FetaherLand623/FeatherLandNew/Assets/Plugins/UniTask/Runtime/UniTask.cs:481)
TMPro.TMP_Dropdown:SetValue(Int32, Boolean) (at ./Library/PackageCache/com.unity.ugui@aa507f3228f0/Runtime/TMP/TMP_Dropdown.cs:451)
TMPro.TMP_Dropdown:OnSelectItem(Toggle) (at ./Library/PackageCache/com.unity.ugui@aa507f3228f0/Runtime/TMP/TMP_Dropdown.cs:1309)
UnityEngine.Timeline.IntervalTree`1:get_dirty() (at ./Library/PackageCache/com.unity.timeline@6b9e48457ddb/Runtime/Evaluation/IntervalTree.cs:40)
Cysharp.Threading.Tasks.UniTask`1:ToString() (at D:/unity/FetaherLand623/FeatherLandNew/Assets/Plugins/UniTask/Runtime/UniTask.cs:481)
UnityEngine.UI.Toggle:Set(Boolean, Boolean) (at ./Library/PackageCache/com.unity.ugui@aa507f3228f0/Runtime/UGUI/UI/Core/Toggle.cs:284)
Unity.Collections.LowLevel.Unsafe.UnsafeText:get_Length() (at ./Library/PackageCache/com.unity.collections@56bff8827a7e/Unity.Collections/UnsafeText.cs:210)
UnityEngine.InputSystem.UI.InputSystemUIInputModule:ProcessPointerButton(ButtonState&, PointerEventData) (at ./Library/PackageCache/com.unity.inputsystem@be6c4fd0abf5/InputSystem/Plugins/UI/InputSystemUIInputModule.cs:744)
UnityEngine.InputSystem.UI.InputSystemUIInputModule:ProcessPointer(PointerModel&) (at ./Library/PackageCache/com.unity.inputsystem@be6c4fd0abf5/InputSystem/Plugins/UI/InputSystemUIInputModule.cs:489)
UnityEngine.InputSystem.UI.InputSystemUIInputModule:Process() (at ./Library/PackageCache/com.unity.inputsystem@be6c4fd0abf5/InputSystem/Plugins/UI/InputSystemUIInputModule.cs:2438)
UnityEngine.EventSystems.EventSystem:Update() (at ./Library/PackageCache/com.unity.ugui@aa507f3228f0/Runtime/UGUI/EventSystem/EventSystem.cs:530)

[SimpleMouseForwarder] 鼠标钩子: 197503, 键盘钩子: 8194381
UnityEngine.DebugLogHandler:Internal_Log(LogType, LogOption, String, Object)
UnityEngine.Logger:Log(LogType, Object)
UnityEngine.Debug:Log(Object)
BirdGame.SimpleMouseForwarder:OnEnable() (at D:/unity/FetaherLand623/FeatherLandNew/Assets/Scripts/New/SimpleMouseForwarder.cs:198)
BirdGame.FullScreenUtility:WallpaperMode() (at D:/unity/FetaherLand623/FeatherLandNew/Assets/Scripts/New/Utility/FullScreenUtility.cs:399)
BirdGame.SettingPopup:SwitchScreenMode(Int32) (at D:/unity/FetaherLand623/FeatherLandNew/Assets/Scripts/New/ViewController/UI/Popups/SettingPopup.cs:374)
UnityEngine.Timeline.IntervalTree`1:get_dirty() (at ./Library/PackageCache/com.unity.timeline@6b9e48457ddb/Runtime/Evaluation/IntervalTree.cs:40)
Cysharp.Threading.Tasks.UniTask`1:ToString() (at D:/unity/FetaherLand623/FeatherLandNew/Assets/Plugins/UniTask/Runtime/UniTask.cs:481)
TMPro.TMP_Dropdown:SetValue(Int32, Boolean) (at ./Library/PackageCache/com.unity.ugui@aa507f3228f0/Runtime/TMP/TMP_Dropdown.cs:451)
TMPro.TMP_Dropdown:OnSelectItem(Toggle) (at ./Library/PackageCache/com.unity.ugui@aa507f3228f0/Runtime/TMP/TMP_Dropdown.cs:1309)
UnityEngine.Timeline.IntervalTree`1:get_dirty() (at ./Library/PackageCache/com.unity.timeline@6b9e48457ddb/Runtime/Evaluation/IntervalTree.cs:40)
Cysharp.Threading.Tasks.UniTask`1:ToString() (at D:/unity/FetaherLand623/FeatherLandNew/Assets/Plugins/UniTask/Runtime/UniTask.cs:481)
UnityEngine.UI.Toggle:Set(Boolean, Boolean) (at ./Library/PackageCache/com.unity.ugui@aa507f3228f0/Runtime/UGUI/UI/Core/Toggle.cs:284)
Unity.Collections.LowLevel.Unsafe.UnsafeText:get_Length() (at ./Library/PackageCache/com.unity.collections@56bff8827a7e/Unity.Collections/UnsafeText.cs:210)
UnityEngine.InputSystem.UI.InputSystemUIInputModule:ProcessPointerButton(ButtonState&, PointerEventData) (at ./Library/PackageCache/com.unity.inputsystem@be6c4fd0abf5/InputSystem/Plugins/UI/InputSystemUIInputModule.cs:744)
UnityEngine.InputSystem.UI.InputSystemUIInputModule:ProcessPointer(PointerModel&) (at ./Library/PackageCache/com.unity.inputsystem@be6c4fd0abf5/InputSystem/Plugins/UI/InputSystemUIInputModule.cs:489)
UnityEngine.InputSystem.UI.InputSystemUIInputModule:Process() (at ./Library/PackageCache/com.unity.inputsystem@be6c4fd0abf5/InputSystem/Plugins/UI/InputSystemUIInputModule.cs:2438)
UnityEngine.EventSystems.EventSystem:Update() (at ./Library/PackageCache/com.unity.ugui@aa507f3228f0/Runtime/UGUI/EventSystem/EventSystem.cs:530)

[SimpleMouseForwarder] 鼠标和键盘钩子安装成功
UnityEngine.DebugLogHandler:Internal_Log(LogType, LogOption, String, Object)
UnityEngine.Logger:Log(LogType, Object)
UnityEngine.Debug:Log(Object)
BirdGame.SimpleMouseForwarder:OnEnable() (at D:/unity/FetaherLand623/FeatherLandNew/Assets/Scripts/New/SimpleMouseForwarder.cs:205)
BirdGame.FullScreenUtility:WallpaperMode() (at D:/unity/FetaherLand623/FeatherLandNew/Assets/Scripts/New/Utility/FullScreenUtility.cs:399)
BirdGame.SettingPopup:SwitchScreenMode(Int32) (at D:/unity/FetaherLand623/FeatherLandNew/Assets/Scripts/New/ViewController/UI/Popups/SettingPopup.cs:374)
UnityEngine.Timeline.IntervalTree`1:get_dirty() (at ./Library/PackageCache/com.unity.timeline@6b9e48457ddb/Runtime/Evaluation/IntervalTree.cs:40)
Cysharp.Threading.Tasks.UniTask`1:ToString() (at D:/unity/FetaherLand623/FeatherLandNew/Assets/Plugins/UniTask/Runtime/UniTask.cs:481)
TMPro.TMP_Dropdown:SetValue(Int32, Boolean) (at ./Library/PackageCache/com.unity.ugui@aa507f3228f0/Runtime/TMP/TMP_Dropdown.cs:451)
TMPro.TMP_Dropdown:OnSelectItem(Toggle) (at ./Library/PackageCache/com.unity.ugui@aa507f3228f0/Runtime/TMP/TMP_Dropdown.cs:1309)
UnityEngine.Timeline.IntervalTree`1:get_dirty() (at ./Library/PackageCache/com.unity.timeline@6b9e48457ddb/Runtime/Evaluation/IntervalTree.cs:40)
Cysharp.Threading.Tasks.UniTask`1:ToString() (at D:/unity/FetaherLand623/FeatherLandNew/Assets/Plugins/UniTask/Runtime/UniTask.cs:481)
UnityEngine.UI.Toggle:Set(Boolean, Boolean) (at ./Library/PackageCache/com.unity.ugui@aa507f3228f0/Runtime/UGUI/UI/Core/Toggle.cs:284)
Unity.Collections.LowLevel.Unsafe.UnsafeText:get_Length() (at ./Library/PackageCache/com.unity.collections@56bff8827a7e/Unity.Collections/UnsafeText.cs:210)
UnityEngine.InputSystem.UI.InputSystemUIInputModule:ProcessPointerButton(ButtonState&, PointerEventData) (at ./Library/PackageCache/com.unity.inputsystem@be6c4fd0abf5/InputSystem/Plugins/UI/InputSystemUIInputModule.cs:744)
UnityEngine.InputSystem.UI.InputSystemUIInputModule:ProcessPointer(PointerModel&) (at ./Library/PackageCache/com.unity.inputsystem@be6c4fd0abf5/InputSystem/Plugins/UI/InputSystemUIInputModule.cs:489)
UnityEngine.InputSystem.UI.InputSystemUIInputModule:Process() (at ./Library/PackageCache/com.unity.inputsystem@be6c4fd0abf5/InputSystem/Plugins/UI/InputSystemUIInputModule.cs:2438)
UnityEngine.EventSystems.EventSystem:Update() (at ./Library/PackageCache/com.unity.ugui@aa507f3228f0/Runtime/UGUI/EventSystem/EventSystem.cs:530)

[WallpaperMode] SimpleMouseForwarder 已启用
UnityEngine.DebugLogHandler:Internal_Log(LogType, LogOption, String, Object)
UnityEngine.Logger:Log(LogType, Object)
UnityEngine.Debug:Log(Object)
BirdGame.FullScreenUtility:WallpaperMode() (at D:/unity/FetaherLand623/FeatherLandNew/Assets/Scripts/New/Utility/FullScreenUtility.cs:400)
BirdGame.SettingPopup:SwitchScreenMode(Int32) (at D:/unity/FetaherLand623/FeatherLandNew/Assets/Scripts/New/ViewController/UI/Popups/SettingPopup.cs:374)
UnityEngine.Timeline.IntervalTree`1:get_dirty() (at ./Library/PackageCache/com.unity.timeline@6b9e48457ddb/Runtime/Evaluation/IntervalTree.cs:40)
Cysharp.Threading.Tasks.UniTask`1:ToString() (at D:/unity/FetaherLand623/FeatherLandNew/Assets/Plugins/UniTask/Runtime/UniTask.cs:481)
TMPro.TMP_Dropdown:SetValue(Int32, Boolean) (at ./Library/PackageCache/com.unity.ugui@aa507f3228f0/Runtime/TMP/TMP_Dropdown.cs:451)
TMPro.TMP_Dropdown:OnSelectItem(Toggle) (at ./Library/PackageCache/com.unity.ugui@aa507f3228f0/Runtime/TMP/TMP_Dropdown.cs:1309)
UnityEngine.Timeline.IntervalTree`1:get_dirty() (at ./Library/PackageCache/com.unity.timeline@6b9e48457ddb/Runtime/Evaluation/IntervalTree.cs:40)
Cysharp.Threading.Tasks.UniTask`1:ToString() (at D:/unity/FetaherLand623/FeatherLandNew/Assets/Plugins/UniTask/Runtime/UniTask.cs:481)
UnityEngine.UI.Toggle:Set(Boolean, Boolean) (at ./Library/PackageCache/com.unity.ugui@aa507f3228f0/Runtime/UGUI/UI/Core/Toggle.cs:284)
Unity.Collections.LowLevel.Unsafe.UnsafeText:get_Length() (at ./Library/PackageCache/com.unity.collections@56bff8827a7e/Unity.Collections/UnsafeText.cs:210)
UnityEngine.InputSystem.UI.InputSystemUIInputModule:ProcessPointerButton(ButtonState&, PointerEventData) (at ./Library/PackageCache/com.unity.inputsystem@be6c4fd0abf5/InputSystem/Plugins/UI/InputSystemUIInputModule.cs:744)
UnityEngine.InputSystem.UI.InputSystemUIInputModule:ProcessPointer(PointerModel&) (at ./Library/PackageCache/com.unity.inputsystem@be6c4fd0abf5/InputSystem/Plugins/UI/InputSystemUIInputModule.cs:489)
UnityEngine.InputSystem.UI.InputSystemUIInputModule:Process() (at ./Library/PackageCache/com.unity.inputsystem@be6c4fd0abf5/InputSystem/Plugins/UI/InputSystemUIInputModule.cs:2438)
UnityEngine.EventSystems.EventSystem:Update() (at ./Library/PackageCache/com.unity.ugui@aa507f3228f0/Runtime/UGUI/EventSystem/EventSystem.cs:530)

[ActivateWindow] 结果 - Foreground: True, BringToTop: True, Focus: True
UnityEngine.DebugLogHandler:Internal_Log(LogType, LogOption, String, Object)
UnityEngine.Logger:Log(LogType, Object)
UnityEngine.Debug:Log(Object)
BirdGame.FullScreenUtility:ActivateWindow() (at D:/unity/FetaherLand623/FeatherLandNew/Assets/Scripts/New/Utility/FullScreenUtility.cs:303)
BirdGame.FullScreenUtility:WallpaperMode() (at D:/unity/FetaherLand623/FeatherLandNew/Assets/Scripts/New/Utility/FullScreenUtility.cs:410)
BirdGame.SettingPopup:SwitchScreenMode(Int32) (at D:/unity/FetaherLand623/FeatherLandNew/Assets/Scripts/New/ViewController/UI/Popups/SettingPopup.cs:374)
UnityEngine.Timeline.IntervalTree`1:get_dirty() (at ./Library/PackageCache/com.unity.timeline@6b9e48457ddb/Runtime/Evaluation/IntervalTree.cs:40)
Cysharp.Threading.Tasks.UniTask`1:ToString() (at D:/unity/FetaherLand623/FeatherLandNew/Assets/Plugins/UniTask/Runtime/UniTask.cs:481)
TMPro.TMP_Dropdown:SetValue(Int32, Boolean) (at ./Library/PackageCache/com.unity.ugui@aa507f3228f0/Runtime/TMP/TMP_Dropdown.cs:451)
TMPro.TMP_Dropdown:OnSelectItem(Toggle) (at ./Library/PackageCache/com.unity.ugui@aa507f3228f0/Runtime/TMP/TMP_Dropdown.cs:1309)
UnityEngine.Timeline.IntervalTree`1:get_dirty() (at ./Library/PackageCache/com.unity.timeline@6b9e48457ddb/Runtime/Evaluation/IntervalTree.cs:40)
Cysharp.Threading.Tasks.UniTask`1:ToString() (at D:/unity/FetaherLand623/FeatherLandNew/Assets/Plugins/UniTask/Runtime/UniTask.cs:481)
UnityEngine.UI.Toggle:Set(Boolean, Boolean) (at ./Library/PackageCache/com.unity.ugui@aa507f3228f0/Runtime/UGUI/UI/Core/Toggle.cs:284)
Unity.Collections.LowLevel.Unsafe.UnsafeText:get_Length() (at ./Library/PackageCache/com.unity.collections@56bff8827a7e/Unity.Collections/UnsafeText.cs:210)
UnityEngine.InputSystem.UI.InputSystemUIInputModule:ProcessPointerButton(ButtonState&, PointerEventData) (at ./Library/PackageCache/com.unity.inputsystem@be6c4fd0abf5/InputSystem/Plugins/UI/InputSystemUIInputModule.cs:744)
UnityEngine.InputSystem.UI.InputSystemUIInputModule:ProcessPointer(PointerModel&) (at ./Library/PackageCache/com.unity.inputsystem@be6c4fd0abf5/InputSystem/Plugins/UI/InputSystemUIInputModule.cs:489)
UnityEngine.InputSystem.UI.InputSystemUIInputModule:Process() (at ./Library/PackageCache/com.unity.inputsystem@be6c4fd0abf5/InputSystem/Plugins/UI/InputSystemUIInputModule.cs:2438)
UnityEngine.EventSystems.EventSystem:Update() (at ./Library/PackageCache/com.unity.ugui@aa507f3228f0/Runtime/UGUI/EventSystem/EventSystem.cs:530)

WallpaperMode (60 FPS - 流畅光标)
UnityEngine.DebugLogHandler:Internal_Log(LogType, LogOption, String, Object)
UnityEngine.Logger:Log(LogType, Object)
UnityEngine.Debug:Log(Object)
BirdGame.SettingPopup:SwitchScreenMode(Int32) (at D:/unity/FetaherLand623/FeatherLandNew/Assets/Scripts/New/ViewController/UI/Popups/SettingPopup.cs:390)
UnityEngine.Timeline.IntervalTree`1:get_dirty() (at ./Library/PackageCache/com.unity.timeline@6b9e48457ddb/Runtime/Evaluation/IntervalTree.cs:40)
Cysharp.Threading.Tasks.UniTask`1:ToString() (at D:/unity/FetaherLand623/FeatherLandNew/Assets/Plugins/UniTask/Runtime/UniTask.cs:481)
TMPro.TMP_Dropdown:SetValue(Int32, Boolean) (at ./Library/PackageCache/com.unity.ugui@aa507f3228f0/Runtime/TMP/TMP_Dropdown.cs:451)
TMPro.TMP_Dropdown:OnSelectItem(Toggle) (at ./Library/PackageCache/com.unity.ugui@aa507f3228f0/Runtime/TMP/TMP_Dropdown.cs:1309)
UnityEngine.Timeline.IntervalTree`1:get_dirty() (at ./Library/PackageCache/com.unity.timeline@6b9e48457ddb/Runtime/Evaluation/IntervalTree.cs:40)
Cysharp.Threading.Tasks.UniTask`1:ToString() (at D:/unity/FetaherLand623/FeatherLandNew/Assets/Plugins/UniTask/Runtime/UniTask.cs:481)
UnityEngine.UI.Toggle:Set(Boolean, Boolean) (at ./Library/PackageCache/com.unity.ugui@aa507f3228f0/Runtime/UGUI/UI/Core/Toggle.cs:284)
Unity.Collections.LowLevel.Unsafe.UnsafeText:get_Length() (at ./Library/PackageCache/com.unity.collections@56bff8827a7e/Unity.Collections/UnsafeText.cs:210)
UnityEngine.InputSystem.UI.InputSystemUIInputModule:ProcessPointerButton(ButtonState&, PointerEventData) (at ./Library/PackageCache/com.unity.inputsystem@be6c4fd0abf5/InputSystem/Plugins/UI/InputSystemUIInputModule.cs:744)
UnityEngine.InputSystem.UI.InputSystemUIInputModule:ProcessPointer(PointerModel&) (at ./Library/PackageCache/com.unity.inputsystem@be6c4fd0abf5/InputSystem/Plugins/UI/InputSystemUIInputModule.cs:489)
UnityEngine.InputSystem.UI.InputSystemUIInputModule:Process() (at ./Library/PackageCache/com.unity.inputsystem@be6c4fd0abf5/InputSystem/Plugins/UI/InputSystemUIInputModule.cs:2438)
UnityEngine.EventSystems.EventSystem:Update() (at ./Library/PackageCache/com.unity.ugui@aa507f3228f0/Runtime/UGUI/EventSystem/EventSystem.cs:530)

存档更新成功! {"coins":173.9241485595703,"sceneDecorationInfos":[{"decorations":[{"count":0,"position":[],"usedFixedPositionIndices":[]},{"count":0,"position":[],"usedFixedPositionIndices":[]},{"count":0,"position":[],"usedFixedPositionIndices":[]},{"count":0,"position":[],"usedFixedPositionIndices":[]}]}],"sceneTools":[{"tools":[{"equipedId":0,"unlockedList":[0]},{"equipedId":0,"unlockedList":[]}]},{"tools":[]},{"tools":[]},{"tools":[]},{"tools":[]},{"tools":[]},{"tools":[]},{"tools":[]},{"tools":[]},{"tools":[]},{"tools":[]},{"tools":[]}]}
UnityEngine.DebugLogHandler:Internal_Log(LogType, LogOption, String, Object)
UnityEngine.Logger:Log(LogType, Object)
UnityEngine.Debug:Log(Object)
BirdGame.SaveSystem:SaveData(String, T) (at D:/unity/FetaherLand623/FeatherLandNew/Assets/Scripts/New/Systems/ISaveSystem.cs:80)
BirdGame.SaveSystem:SaveData() (at D:/unity/FetaherLand623/FeatherLandNew/Assets/Scripts/New/Systems/ISaveSystem.cs:278)
BirdGame.BirdSystem:SyncBirdDataToSave() (at D:/unity/FetaherLand623/FeatherLandNew/Assets/Scripts/New/Systems/IBirdSystem.cs:114)
BirdGame.BirdSystem:AddAllMapsIncome() (at D:/unity/FetaherLand623/FeatherLandNew/Assets/Scripts/New/Systems/IBirdSystem.cs:55)
BirdGame.<AllMapsIncomeCoroutine>d__5:MoveNext() (at D:/unity/FetaherLand623/FeatherLandNew/Assets/Scripts/New/Systems/IBirdSystem.cs:47)
UnityEngine.SetupCoroutine:InvokeMoveNext(IEnumerator, IntPtr)

存档更新成功! {"screenMode":1,"gameLanguage":40}
UnityEngine.DebugLogHandler:Internal_Log(LogType, LogOption, String, Object)
UnityEngine.Logger:Log(LogType, Object)
UnityEngine.Debug:Log(Object)
BirdGame.SaveSystem:SaveData(String, T) (at D:/unity/FetaherLand623/FeatherLandNew/Assets/Scripts/New/Systems/ISaveSystem.cs:80)
BirdGame.SaveSystem:SaveData() (at D:/unity/FetaherLand623/FeatherLandNew/Assets/Scripts/New/Systems/ISaveSystem.cs:279)
BirdGame.BirdSystem:SyncBirdDataToSave() (at D:/unity/FetaherLand623/FeatherLandNew/Assets/Scripts/New/Systems/IBirdSystem.cs:114)
BirdGame.BirdSystem:AddAllMapsIncome() (at D:/unity/FetaherLand623/FeatherLandNew/Assets/Scripts/New/Systems/IBirdSystem.cs:55)
BirdGame.<AllMapsIncomeCoroutine>d__5:MoveNext() (at D:/unity/FetaherLand623/FeatherLandNew/Assets/Scripts/New/Systems/IBirdSystem.cs:47)
UnityEngine.SetupCoroutine:InvokeMoveNext(IEnumerator, IntPtr)

存档更新成功! {"bgmVolume":0.5,"environmentVolumes":[0.0,0.6000000238418579,0.0,0.0,0.0,0.0,0.0],"likes":[]}
UnityEngine.DebugLogHandler:Internal_Log(LogType, LogOption, String, Object)
UnityEngine.Logger:Log(LogType, Object)
UnityEngine.Debug:Log(Object)
BirdGame.SaveSystem:SaveData(String, T) (at D:/unity/FetaherLand623/FeatherLandNew/Assets/Scripts/New/Systems/ISaveSystem.cs:80)
BirdGame.SaveSystem:SaveData() (at D:/unity/FetaherLand623/FeatherLandNew/Assets/Scripts/New/Systems/ISaveSystem.cs:280)
BirdGame.BirdSystem:SyncBirdDataToSave() (at D:/unity/FetaherLand623/FeatherLandNew/Assets/Scripts/New/Systems/IBirdSystem.cs:114)
BirdGame.BirdSystem:AddAllMapsIncome() (at D:/unity/FetaherLand623/FeatherLandNew/Assets/Scripts/New/Systems/IBirdSystem.cs:55)
BirdGame.<AllMapsIncomeCoroutine>d__5:MoveNext() (at D:/unity/FetaherLand623/FeatherLandNew/Assets/Scripts/New/Systems/IBirdSystem.cs:47)
UnityEngine.SetupCoroutine:InvokeMoveNext(IEnumerator, IntPtr)

存档更新成功! {"currentMap":0,"mapBirds":[{"birdList":[{"birdType":4,"customName":"","isSmall":false,"currentExp":11.0,"currentFavorability":0,"totalFavorability":10,"petTime":0.0,"position":{"x":5.2829999923706059,"y":-1.2100000381469727,"z":-0.00833327416330576},"walkArea":6,"isLocked":false,"individualEarningSmall":0.0,"individualEarningBig":0.17651669681072236,"individualPriceSmall":0.8665522336959839,"individualPriceBig":2.9868321418762209},{"birdType":21,"customName":"","isSmall":false,"currentExp":6.099996566772461,"currentFavorability":0,"totalFavorability":10,"petTime":0.0,"position":{"x":-1.0334398746490479,"y":-3.117431879043579,"z":-0.00833296962082386},"walkArea":3,"isLocked":false,"individualEarningSmall":0.0,"individualEarningBig":0.29302653670310976,"individualPriceSmall":0.9916295409202576,"individualPriceBig":3.346353054046631},{"birdType":6,"customName":"","isSmall":false,"currentExp":6.099996566772461,"currentFavorability":0,"totalFavorability":10,"petTime":0.0,"position":{"x":3.3035812377929689,"y":2.5483970642089845,"z":-0.008333171717822552},"walkArea":5,"isLocked":false,"individualEarningSmall":0.0,"individualEarningBig":0.255359411239624,"individualPriceSmall":0.864160418510437,"individualPriceBig":2.9161956310272219},{"birdType":22,"customName":"","isSmall":false,"currentExp":6.099996566772461,"currentFavorability":0,"totalFavorability":10,"petTime":0.0,"position":{"x":12.045666694641114,"y":3.8457207679748537,"z":0.0},"walkArea":3,"isLocked":false,"individualEarningSmall":0.0,"individualEarningBig":0.2127465307712555,"individualPriceSmall":0.7199543714523315,"individualPriceBig":2.429558038711548},{"birdType":3,"customName":"","isSmall":false,"currentExp":11.0,"currentFavorability":0,"totalFavorability":10,"petTime":0.0,"position":{"x":-2.5899999141693117,"y":-0.8999999761581421,"z":-0.008333220146596432},"walkArea":4,"isLocked":false,"individualEarningSmall":0.0,"individualEarningBig":0.5509607791900635,"individualPriceSmall":0.8730165958404541,"individualPriceBig":2.4732558727264406}],"eggList":[]}],"addedBirdCountList":[0]}
UnityEngine.DebugLogHandler:Internal_Log(LogType, LogOption, String, Object)
UnityEngine.Logger:Log(LogType, Object)
UnityEngine.Debug:Log(Object)
BirdGame.SaveSystem:SaveData(String, T) (at D:/unity/FetaherLand623/FeatherLandNew/Assets/Scripts/New/Systems/ISaveSystem.cs:80)
BirdGame.SaveSystem:SaveData() (at D:/unity/FetaherLand623/FeatherLandNew/Assets/Scripts/New/Systems/ISaveSystem.cs:281)
BirdGame.BirdSystem:SyncBirdDataToSave() (at D:/unity/FetaherLand623/FeatherLandNew/Assets/Scripts/New/Systems/IBirdSystem.cs:114)
BirdGame.BirdSystem:AddAllMapsIncome() (at D:/unity/FetaherLand623/FeatherLandNew/Assets/Scripts/New/Systems/IBirdSystem.cs:55)
BirdGame.<AllMapsIncomeCoroutine>d__5:MoveNext() (at D:/unity/FetaherLand623/FeatherLandNew/Assets/Scripts/New/Systems/IBirdSystem.cs:47)
UnityEngine.SetupCoroutine:InvokeMoveNext(IEnumerator, IntPtr)

存档更新成功! {"bookList":[]}
UnityEngine.DebugLogHandler:Internal_Log(LogType, LogOption, String, Object)
UnityEngine.Logger:Log(LogType, Object)
UnityEngine.Debug:Log(Object)
BirdGame.SaveSystem:SaveData(String, T) (at D:/unity/FetaherLand623/FeatherLandNew/Assets/Scripts/New/Systems/ISaveSystem.cs:80)
BirdGame.SaveSystem:SaveData() (at D:/unity/FetaherLand623/FeatherLandNew/Assets/Scripts/New/Systems/ISaveSystem.cs:282)
BirdGame.BirdSystem:SyncBirdDataToSave() (at D:/unity/FetaherLand623/FeatherLandNew/Assets/Scripts/New/Systems/IBirdSystem.cs:114)
BirdGame.BirdSystem:AddAllMapsIncome() (at D:/unity/FetaherLand623/FeatherLandNew/Assets/Scripts/New/Systems/IBirdSystem.cs:55)
BirdGame.<AllMapsIncomeCoroutine>d__5:MoveNext() (at D:/unity/FetaherLand623/FeatherLandNew/Assets/Scripts/New/Systems/IBirdSystem.cs:47)
UnityEngine.SetupCoroutine:InvokeMoveNext(IEnumerator, IntPtr)

存档更新成功! {"scheduleList":[{"scheduleText":"","isCompleted":false}]}
UnityEngine.DebugLogHandler:Internal_Log(LogType, LogOption, String, Object)
UnityEngine.Logger:Log(LogType, Object)
UnityEngine.Debug:Log(Object)
BirdGame.SaveSystem:SaveData(String, T) (at D:/unity/FetaherLand623/FeatherLandNew/Assets/Scripts/New/Systems/ISaveSystem.cs:80)
BirdGame.SaveSystem:SaveData() (at D:/unity/FetaherLand623/FeatherLandNew/Assets/Scripts/New/Systems/ISaveSystem.cs:283)
BirdGame.BirdSystem:SyncBirdDataToSave() (at D:/unity/FetaherLand623/FeatherLandNew/Assets/Scripts/New/Systems/IBirdSystem.cs:114)
BirdGame.BirdSystem:AddAllMapsIncome() (at D:/unity/FetaherLand623/FeatherLandNew/Assets/Scripts/New/Systems/IBirdSystem.cs:55)
BirdGame.<AllMapsIncomeCoroutine>d__5:MoveNext() (at D:/unity/FetaherLand623/FeatherLandNew/Assets/Scripts/New/Systems/IBirdSystem.cs:47)
UnityEngine.SetupCoroutine:InvokeMoveNext(IEnumerator, IntPtr)

存档更新成功! {"birds":[4,21,3,6,22]}
UnityEngine.DebugLogHandler:Internal_Log(LogType, LogOption, String, Object)
UnityEngine.Logger:Log(LogType, Object)
UnityEngine.Debug:Log(Object)
BirdGame.SaveSystem:SaveData(String, T) (at D:/unity/FetaherLand623/FeatherLandNew/Assets/Scripts/New/Systems/ISaveSystem.cs:80)
BirdGame.BirdSystem:SyncBirdDataToSave() (at D:/unity/FetaherLand623/FeatherLandNew/Assets/Scripts/New/Systems/IBirdSystem.cs:114)
BirdGame.BirdSystem:AddAllMapsIncome() (at D:/unity/FetaherLand623/FeatherLandNew/Assets/Scripts/New/Systems/IBirdSystem.cs:55)
BirdGame.<AllMapsIncomeCoroutine>d__5:MoveNext() (at D:/unity/FetaherLand623/FeatherLandNew/Assets/Scripts/New/Systems/IBirdSystem.cs:47)
UnityEngine.SetupCoroutine:InvokeMoveNext(IEnumerator, IntPtr)

不存在为8的区域!
UnityEngine.DebugLogHandler:Internal_Log(LogType, LogOption, String, Object)
UnityEngine.Logger:Log(LogType, Object)
UnityEngine.Debug:Log(Object)
NavigationManager:GetRandomTarget(Int32) (at D:/unity/FetaherLand623/FeatherLandNew/Assets/Scripts/Managers/NavigationManager.cs:165)
BirdGame.BirdFlyDownState:OnEnter() (at D:/unity/FetaherLand623/FeatherLandNew/Assets/Scripts/BirdStates/BirdFlyDownState.cs:31)
DG.Tweening.Tween:OnTweenCallback(TweenCallback, Tween)
DG.Tweening.Sequence:ApplyInternalCycle(Sequence, Single, Single, UpdateMode, Boolean, Boolean, Boolean)
DG.Tweening.Sequence:DoApplyTween(Sequence, Single, Int32, Int32, Boolean, UpdateMode)
DG.Tweening.Tween:DoGoto(Tween, Single, Int32, UpdateMode)
DG.Tweening.Core.TweenManager:Update(Tween, Single, Single, Boolean)
DG.Tweening.Core.TweenManager:Update(UpdateType, Single, Single)
DG.Tweening.Core.DOTweenComponent:Update()

不存在为8的区域!
UnityEngine.DebugLogHandler:Internal_Log(LogType, LogOption, String, Object)
UnityEngine.Logger:Log(LogType, Object)
UnityEngine.Debug:Log(Object)
NavigationManager:GetRandomTarget(Int32) (at D:/unity/FetaherLand623/FeatherLandNew/Assets/Scripts/Managers/NavigationManager.cs:165)
BirdGame.BirdFlyDownState:OnEnter() (at D:/unity/FetaherLand623/FeatherLandNew/Assets/Scripts/BirdStates/BirdFlyDownState.cs:31)
DG.Tweening.Tween:OnTweenCallback(TweenCallback, Tween)
DG.Tweening.Sequence:ApplyInternalCycle(Sequence, Single, Single, UpdateMode, Boolean, Boolean, Boolean)
DG.Tweening.Sequence:DoApplyTween(Sequence, Single, Int32, Int32, Boolean, UpdateMode)
DG.Tweening.Tween:DoGoto(Tween, Single, Int32, UpdateMode)
DG.Tweening.Core.TweenManager:Update(Tween, Single, Single, Boolean)
DG.Tweening.Core.TweenManager:Update(UpdateType, Single, Single)
DG.Tweening.Core.DOTweenComponent:Update()

不存在为8的区域!
UnityEngine.DebugLogHandler:Internal_Log(LogType, LogOption, String, Object)
UnityEngine.Logger:Log(LogType, Object)
UnityEngine.Debug:Log(Object)
NavigationManager:GetRandomTarget(Int32) (at D:/unity/FetaherLand623/FeatherLandNew/Assets/Scripts/Managers/NavigationManager.cs:165)
BirdGame.BirdFlyDownState:OnEnter() (at D:/unity/FetaherLand623/FeatherLandNew/Assets/Scripts/BirdStates/BirdFlyDownState.cs:31)
DG.Tweening.Tween:OnTweenCallback(TweenCallback, Tween)
DG.Tweening.Sequence:ApplyInternalCycle(Sequence, Single, Single, UpdateMode, Boolean, Boolean, Boolean)
DG.Tweening.Sequence:DoApplyTween(Sequence, Single, Int32, Int32, Boolean, UpdateMode)
DG.Tweening.Tween:DoGoto(Tween, Single, Int32, UpdateMode)
DG.Tweening.Core.TweenManager:Update(Tween, Single, Single, Boolean)
DG.Tweening.Core.TweenManager:Update(UpdateType, Single, Single)
DG.Tweening.Core.DOTweenComponent:Update()

不存在为8的区域!
UnityEngine.DebugLogHandler:Internal_Log(LogType, LogOption, String, Object)
UnityEngine.Logger:Log(LogType, Object)
UnityEngine.Debug:Log(Object)
NavigationManager:GetRandomTarget(Int32) (at D:/unity/FetaherLand623/FeatherLandNew/Assets/Scripts/Managers/NavigationManager.cs:165)
BirdGame.BirdFlyDownState:OnEnter() (at D:/unity/FetaherLand623/FeatherLandNew/Assets/Scripts/BirdStates/BirdFlyDownState.cs:37)
DG.Tweening.Tween:OnTweenCallback(TweenCallback, Tween)
DG.Tweening.Sequence:ApplyInternalCycle(Sequence, Single, Single, UpdateMode, Boolean, Boolean, Boolean)
DG.Tweening.Sequence:DoApplyTween(Sequence, Single, Int32, Int32, Boolean, UpdateMode)
DG.Tweening.Tween:DoGoto(Tween, Single, Int32, UpdateMode)
DG.Tweening.Core.TweenManager:Update(Tween, Single, Single, Boolean)
DG.Tweening.Core.TweenManager:Update(UpdateType, Single, Single)
DG.Tweening.Core.DOTweenComponent:Update()

不存在为8的区域!
UnityEngine.DebugLogHandler:Internal_Log(LogType, LogOption, String, Object)
UnityEngine.Logger:Log(LogType, Object)
UnityEngine.Debug:Log(Object)
NavigationManager:GetRandomTarget(Int32) (at D:/unity/FetaherLand623/FeatherLandNew/Assets/Scripts/Managers/NavigationManager.cs:165)
BirdGame.BirdFlyDownState:OnEnter() (at D:/unity/FetaherLand623/FeatherLandNew/Assets/Scripts/BirdStates/BirdFlyDownState.cs:31)
DG.Tweening.Tween:OnTweenCallback(TweenCallback, Tween)
DG.Tweening.Tween:DoGoto(Tween, Single, Int32, UpdateMode)
DG.Tweening.Core.TweenManager:Update(Tween, Single, Single, Boolean)
DG.Tweening.Core.TweenManager:Update(UpdateType, Single, Single)
DG.Tweening.Core.DOTweenComponent:Update()

存档更新成功! {"coins":175.4127655029297,"sceneDecorationInfos":[{"decorations":[{"count":0,"position":[],"usedFixedPositionIndices":[]},{"count":0,"position":[],"usedFixedPositionIndices":[]},{"count":0,"position":[],"usedFixedPositionIndices":[]},{"count":0,"position":[],"usedFixedPositionIndices":[]}]}],"sceneTools":[{"tools":[{"equipedId":0,"unlockedList":[0]},{"equipedId":0,"unlockedList":[]}]},{"tools":[]},{"tools":[]},{"tools":[]},{"tools":[]},{"tools":[]},{"tools":[]},{"tools":[]},{"tools":[]},{"tools":[]},{"tools":[]},{"tools":[]}]}
UnityEngine.DebugLogHandler:Internal_Log(LogType, LogOption, String, Object)
UnityEngine.Logger:Log(LogType, Object)
UnityEngine.Debug:Log(Object)
BirdGame.SaveSystem:SaveData(String, T) (at D:/unity/FetaherLand623/FeatherLandNew/Assets/Scripts/New/Systems/ISaveSystem.cs:80)
BirdGame.SaveSystem:SaveData() (at D:/unity/FetaherLand623/FeatherLandNew/Assets/Scripts/New/Systems/ISaveSystem.cs:278)
BirdGame.BirdSystem:SyncBirdDataToSave() (at D:/unity/FetaherLand623/FeatherLandNew/Assets/Scripts/New/Systems/IBirdSystem.cs:114)
BirdGame.BirdSystem:AddAllMapsIncome() (at D:/unity/FetaherLand623/FeatherLandNew/Assets/Scripts/New/Systems/IBirdSystem.cs:55)
BirdGame.<AllMapsIncomeCoroutine>d__5:MoveNext() (at D:/unity/FetaherLand623/FeatherLandNew/Assets/Scripts/New/Systems/IBirdSystem.cs:47)
UnityEngine.SetupCoroutine:InvokeMoveNext(IEnumerator, IntPtr)

存档更新成功! {"screenMode":1,"gameLanguage":40}
UnityEngine.DebugLogHandler:Internal_Log(LogType, LogOption, String, Object)
UnityEngine.Logger:Log(LogType, Object)
UnityEngine.Debug:Log(Object)
BirdGame.SaveSystem:SaveData(String, T) (at D:/unity/FetaherLand623/FeatherLandNew/Assets/Scripts/New/Systems/ISaveSystem.cs:80)
BirdGame.SaveSystem:SaveData() (at D:/unity/FetaherLand623/FeatherLandNew/Assets/Scripts/New/Systems/ISaveSystem.cs:279)
BirdGame.BirdSystem:SyncBirdDataToSave() (at D:/unity/FetaherLand623/FeatherLandNew/Assets/Scripts/New/Systems/IBirdSystem.cs:114)
BirdGame.BirdSystem:AddAllMapsIncome() (at D:/unity/FetaherLand623/FeatherLandNew/Assets/Scripts/New/Systems/IBirdSystem.cs:55)
BirdGame.<AllMapsIncomeCoroutine>d__5:MoveNext() (at D:/unity/FetaherLand623/FeatherLandNew/Assets/Scripts/New/Systems/IBirdSystem.cs:47)
UnityEngine.SetupCoroutine:InvokeMoveNext(IEnumerator, IntPtr)

存档更新成功! {"bgmVolume":0.5,"environmentVolumes":[0.0,0.6000000238418579,0.0,0.0,0.0,0.0,0.0],"likes":[]}
UnityEngine.DebugLogHandler:Internal_Log(LogType, LogOption, String, Object)
UnityEngine.Logger:Log(LogType, Object)
UnityEngine.Debug:Log(Object)
BirdGame.SaveSystem:SaveData(String, T) (at D:/unity/FetaherLand623/FeatherLandNew/Assets/Scripts/New/Systems/ISaveSystem.cs:80)
BirdGame.SaveSystem:SaveData() (at D:/unity/FetaherLand623/FeatherLandNew/Assets/Scripts/New/Systems/ISaveSystem.cs:280)
BirdGame.BirdSystem:SyncBirdDataToSave() (at D:/unity/FetaherLand623/FeatherLandNew/Assets/Scripts/New/Systems/IBirdSystem.cs:114)
BirdGame.BirdSystem:AddAllMapsIncome() (at D:/unity/FetaherLand623/FeatherLandNew/Assets/Scripts/New/Systems/IBirdSystem.cs:55)
BirdGame.<AllMapsIncomeCoroutine>d__5:MoveNext() (at D:/unity/FetaherLand623/FeatherLandNew/Assets/Scripts/New/Systems/IBirdSystem.cs:47)
UnityEngine.SetupCoroutine:InvokeMoveNext(IEnumerator, IntPtr)

存档更新成功! {"currentMap":0,"mapBirds":[{"birdList":[{"birdType":4,"customName":"","isSmall":false,"currentExp":11.0,"currentFavorability":0,"totalFavorability":10,"petTime":0.0,"position":{"x":-2.5899999141693117,"y":-0.8999999761581421,"z":-0.00833323784172535},"walkArea":5,"isLocked":false,"individualEarningSmall":0.0,"individualEarningBig":0.17651669681072236,"individualPriceSmall":0.8665522336959839,"individualPriceBig":2.9868321418762209},{"birdType":21,"customName":"","isSmall":false,"currentExp":6.099996566772461,"currentFavorability":0,"totalFavorability":10,"petTime":0.0,"position":{"x":-4.946469783782959,"y":1.0582900047302247,"z":-0.008333210833370686},"walkArea":4,"isLocked":false,"individualEarningSmall":0.0,"individualEarningBig":0.29302653670310976,"individualPriceSmall":0.9916295409202576,"individualPriceBig":3.346353054046631},{"birdType":6,"customName":"","isSmall":false,"currentExp":6.099996566772461,"currentFavorability":0,"totalFavorability":10,"petTime":0.0,"position":{"x":-5.631863594055176,"y":-0.17345023155212403,"z":-0.008333305828273297},"walkArea":5,"isLocked":false,"individualEarningSmall":0.0,"individualEarningBig":0.255359411239624,"individualPriceSmall":0.864160418510437,"individualPriceBig":2.9161956310272219},{"birdType":22,"customName":"","isSmall":false,"currentExp":6.099996566772461,"currentFavorability":0,"totalFavorability":10,"petTime":0.0,"position":{"x":5.540996074676514,"y":-3.132158041000366,"z":-0.008333288133144379},"walkArea":5,"isLocked":false,"individualEarningSmall":0.0,"individualEarningBig":0.2127465307712555,"individualPriceSmall":0.7199543714523315,"individualPriceBig":2.429558038711548},{"birdType":3,"customName":"","isSmall":false,"currentExp":11.0,"currentFavorability":0,"totalFavorability":10,"petTime":0.0,"position":{"x":5.2829999923706059,"y":-1.2100000381469727,"z":-0.008333265781402588},"walkArea":6,"isLocked":false,"individualEarningSmall":0.0,"individualEarningBig":0.5509607791900635,"individualPriceSmall":0.8730165958404541,"individualPriceBig":2.4732558727264406}],"eggList":[]}],"addedBirdCountList":[0]}
UnityEngine.DebugLogHandler:Internal_Log(LogType, LogOption, String, Object)
UnityEngine.Logger:Log(LogType, Object)
UnityEngine.Debug:Log(Object)
BirdGame.SaveSystem:SaveData(String, T) (at D:/unity/FetaherLand623/FeatherLandNew/Assets/Scripts/New/Systems/ISaveSystem.cs:80)
BirdGame.SaveSystem:SaveData() (at D:/unity/FetaherLand623/FeatherLandNew/Assets/Scripts/New/Systems/ISaveSystem.cs:281)
BirdGame.BirdSystem:SyncBirdDataToSave() (at D:/unity/FetaherLand623/FeatherLandNew/Assets/Scripts/New/Systems/IBirdSystem.cs:114)
BirdGame.BirdSystem:AddAllMapsIncome() (at D:/unity/FetaherLand623/FeatherLandNew/Assets/Scripts/New/Systems/IBirdSystem.cs:55)
BirdGame.<AllMapsIncomeCoroutine>d__5:MoveNext() (at D:/unity/FetaherLand623/FeatherLandNew/Assets/Scripts/New/Systems/IBirdSystem.cs:47)
UnityEngine.SetupCoroutine:InvokeMoveNext(IEnumerator, IntPtr)

存档更新成功! {"bookList":[]}
UnityEngine.DebugLogHandler:Internal_Log(LogType, LogOption, String, Object)
UnityEngine.Logger:Log(LogType, Object)
UnityEngine.Debug:Log(Object)
BirdGame.SaveSystem:SaveData(String, T) (at D:/unity/FetaherLand623/FeatherLandNew/Assets/Scripts/New/Systems/ISaveSystem.cs:80)
BirdGame.SaveSystem:SaveData() (at D:/unity/FetaherLand623/FeatherLandNew/Assets/Scripts/New/Systems/ISaveSystem.cs:282)
BirdGame.BirdSystem:SyncBirdDataToSave() (at D:/unity/FetaherLand623/FeatherLandNew/Assets/Scripts/New/Systems/IBirdSystem.cs:114)
BirdGame.BirdSystem:AddAllMapsIncome() (at D:/unity/FetaherLand623/FeatherLandNew/Assets/Scripts/New/Systems/IBirdSystem.cs:55)
BirdGame.<AllMapsIncomeCoroutine>d__5:MoveNext() (at D:/unity/FetaherLand623/FeatherLandNew/Assets/Scripts/New/Systems/IBirdSystem.cs:47)
UnityEngine.SetupCoroutine:InvokeMoveNext(IEnumerator, IntPtr)

存档更新成功! {"scheduleList":[{"scheduleText":"","isCompleted":false}]}
UnityEngine.DebugLogHandler:Internal_Log(LogType, LogOption, String, Object)
UnityEngine.Logger:Log(LogType, Object)
UnityEngine.Debug:Log(Object)
BirdGame.SaveSystem:SaveData(String, T) (at D:/unity/FetaherLand623/FeatherLandNew/Assets/Scripts/New/Systems/ISaveSystem.cs:80)
BirdGame.SaveSystem:SaveData() (at D:/unity/FetaherLand623/FeatherLandNew/Assets/Scripts/New/Systems/ISaveSystem.cs:283)
BirdGame.BirdSystem:SyncBirdDataToSave() (at D:/unity/FetaherLand623/FeatherLandNew/Assets/Scripts/New/Systems/IBirdSystem.cs:114)
BirdGame.BirdSystem:AddAllMapsIncome() (at D:/unity/FetaherLand623/FeatherLandNew/Assets/Scripts/New/Systems/IBirdSystem.cs:55)
BirdGame.<AllMapsIncomeCoroutine>d__5:MoveNext() (at D:/unity/FetaherLand623/FeatherLandNew/Assets/Scripts/New/Systems/IBirdSystem.cs:47)
UnityEngine.SetupCoroutine:InvokeMoveNext(IEnumerator, IntPtr)

存档更新成功! {"birds":[4,21,3,6,22]}
UnityEngine.DebugLogHandler:Internal_Log(LogType, LogOption, String, Object)
UnityEngine.Logger:Log(LogType, Object)
UnityEngine.Debug:Log(Object)
BirdGame.SaveSystem:SaveData(String, T) (at D:/unity/FetaherLand623/FeatherLandNew/Assets/Scripts/New/Systems/ISaveSystem.cs:80)
BirdGame.BirdSystem:SyncBirdDataToSave() (at D:/unity/FetaherLand623/FeatherLandNew/Assets/Scripts/New/Systems/IBirdSystem.cs:114)
BirdGame.BirdSystem:AddAllMapsIncome() (at D:/unity/FetaherLand623/FeatherLandNew/Assets/Scripts/New/Systems/IBirdSystem.cs:55)
BirdGame.<AllMapsIncomeCoroutine>d__5:MoveNext() (at D:/unity/FetaherLand623/FeatherLandNew/Assets/Scripts/New/Systems/IBirdSystem.cs:47)
UnityEngine.SetupCoroutine:InvokeMoveNext(IEnumerator, IntPtr)

[SteamButton] 鼠标在按钮区域内: (-104.33, 56.76), 按钮区域: (x:-303.00, y:-57.50, width:606.00, height:115.00)
UnityEngine.DebugLogHandler:Internal_Log(LogType, LogOption, String, Object)
UnityEngine.Logger:Log(LogType, Object)
UnityEngine.Debug:Log(Object)
UIButtonHoverScale:IsMouseOverButton() (at D:/unity/FetaherLand623/FeatherLandNew/Assets/Scripts/UIButtonHoverScale.cs:458)
UIButtonHoverScale:Update() (at D:/unity/FetaherLand623/FeatherLandNew/Assets/Scripts/UIButtonHoverScale.cs:236)

[SteamButton] 鼠标在按钮区域内: (259.09, 51.60), 按钮区域: (x:-303.00, y:-57.50, width:606.00, height:115.00)
UnityEngine.DebugLogHandler:Internal_Log(LogType, LogOption, String, Object)
UnityEngine.Logger:Log(LogType, Object)
UnityEngine.Debug:Log(Object)
UIButtonHoverScale:IsMouseOverButton() (at D:/unity/FetaherLand623/FeatherLandNew/Assets/Scripts/UIButtonHoverScale.cs:458)
UIButtonHoverScale:Update() (at D:/unity/FetaherLand623/FeatherLandNew/Assets/Scripts/UIButtonHoverScale.cs:236)

[Button] 鼠标在按钮区域内: (-22.80, 132.50), 按钮区域: (x:-39.00, y:0.00, width:78.00, height:133.00)
UnityEngine.DebugLogHandler:Internal_Log(LogType, LogOption, String, Object)
UnityEngine.Logger:Log(LogType, Object)
UnityEngine.Debug:Log(Object)
UIButtonHoverScale:IsMouseOverButton() (at D:/unity/FetaherLand623/FeatherLandNew/Assets/Scripts/UIButtonHoverScale.cs:458)
UIButtonHoverScale:Update() (at D:/unity/FetaherLand623/FeatherLandNew/Assets/Scripts/UIButtonHoverScale.cs:236)

[Button] 鼠标在按钮区域内: (-20.73, 93.79), 按钮区域: (x:-51.00, y:0.00, width:102.00, height:158.00)
UnityEngine.DebugLogHandler:Internal_Log(LogType, LogOption, String, Object)
UnityEngine.Logger:Log(LogType, Object)
UnityEngine.Debug:Log(Object)
UIButtonHoverScale:IsMouseOverButton() (at D:/unity/FetaherLand623/FeatherLandNew/Assets/Scripts/UIButtonHoverScale.cs:458)
UIButtonHoverScale:Update() (at D:/unity/FetaherLand623/FeatherLandNew/Assets/Scripts/UIButtonHoverScale.cs:236)

[Button] 鼠标在按钮区域内: (-18.30, 59.85), 按钮区域: (x:-51.00, y:0.00, width:102.00, height:158.00)
UnityEngine.DebugLogHandler:Internal_Log(LogType, LogOption, String, Object)
UnityEngine.Logger:Log(LogType, Object)
UnityEngine.Debug:Log(Object)
UIButtonHoverScale:IsMouseOverButton() (at D:/unity/FetaherLand623/FeatherLandNew/Assets/Scripts/UIButtonHoverScale.cs:458)
UIButtonHoverScale:Update() (at D:/unity/FetaherLand623/FeatherLandNew/Assets/Scripts/UIButtonHoverScale.cs:236)

[QuestionButton] 鼠标在按钮区域内: (218.33, 46.25), 按钮区域: (x:-305.50, y:-60.00, width:611.00, height:120.00)
UnityEngine.DebugLogHandler:Internal_Log(LogType, LogOption, String, Object)
UnityEngine.Logger:Log(LogType, Object)
UnityEngine.Debug:Log(Object)
UIButtonHoverScale:IsMouseOverButton() (at D:/unity/FetaherLand623/FeatherLandNew/Assets/Scripts/UIButtonHoverScale.cs:458)
UIButtonHoverScale:Update() (at D:/unity/FetaherLand623/FeatherLandNew/Assets/Scripts/UIButtonHoverScale.cs:236)

[QuestionButton] 鼠标在按钮区域内: (198.49, 8.11), 按钮区域: (x:-305.50, y:-60.00, width:611.00, height:120.00)
UnityEngine.DebugLogHandler:Internal_Log(LogType, LogOption, String, Object)
UnityEngine.Logger:Log(LogType, Object)
UnityEngine.Debug:Log(Object)
UIButtonHoverScale:IsMouseOverButton() (at D:/unity/FetaherLand623/FeatherLandNew/Assets/Scripts/UIButtonHoverScale.cs:458)
UIButtonHoverScale:Update() (at D:/unity/FetaherLand623/FeatherLandNew/Assets/Scripts/UIButtonHoverScale.cs:236)

[QuestionButton] 鼠标在按钮区域内: (198.49, -16.13), 按钮区域: (x:-305.50, y:-60.00, width:611.00, height:120.00)
UnityEngine.DebugLogHandler:Internal_Log(LogType, LogOption, String, Object)
UnityEngine.Logger:Log(LogType, Object)
UnityEngine.Debug:Log(Object)
UIButtonHoverScale:IsMouseOverButton() (at D:/unity/FetaherLand623/FeatherLandNew/Assets/Scripts/UIButtonHoverScale.cs:458)
UIButtonHoverScale:Update() (at D:/unity/FetaherLand623/FeatherLandNew/Assets/Scripts/UIButtonHoverScale.cs:236)

[QuestionButton] 鼠标在按钮区域内: (198.49, -30.68), 按钮区域: (x:-305.50, y:-60.00, width:611.00, height:120.00)
UnityEngine.DebugLogHandler:Internal_Log(LogType, LogOption, String, Object)
UnityEngine.Logger:Log(LogType, Object)
UnityEngine.Debug:Log(Object)
UIButtonHoverScale:IsMouseOverButton() (at D:/unity/FetaherLand623/FeatherLandNew/Assets/Scripts/UIButtonHoverScale.cs:458)
UIButtonHoverScale:Update() (at D:/unity/FetaherLand623/FeatherLandNew/Assets/Scripts/UIButtonHoverScale.cs:236)

[QuestionButton] 鼠标在按钮区域内: (198.49, -37.95), 按钮区域: (x:-305.50, y:-60.00, width:611.00, height:120.00)
UnityEngine.DebugLogHandler:Internal_Log(LogType, LogOption, String, Object)
UnityEngine.Logger:Log(LogType, Object)
UnityEngine.Debug:Log(Object)
UIButtonHoverScale:IsMouseOverButton() (at D:/unity/FetaherLand623/FeatherLandNew/Assets/Scripts/UIButtonHoverScale.cs:458)
UIButtonHoverScale:Update() (at D:/unity/FetaherLand623/FeatherLandNew/Assets/Scripts/UIButtonHoverScale.cs:236)

[QuestionButton] 鼠标在按钮区域内: (198.49, -40.38), 按钮区域: (x:-305.50, y:-60.00, width:611.00, height:120.00)
UnityEngine.DebugLogHandler:Internal_Log(LogType, LogOption, String, Object)
UnityEngine.Logger:Log(LogType, Object)
UnityEngine.Debug:Log(Object)
UIButtonHoverScale:IsMouseOverButton() (at D:/unity/FetaherLand623/FeatherLandNew/Assets/Scripts/UIButtonHoverScale.cs:458)
UIButtonHoverScale:Update() (at D:/unity/FetaherLand623/FeatherLandNew/Assets/Scripts/UIButtonHoverScale.cs:236)

[QuestionButton] 鼠标在按钮区域内: (198.49, -40.38), 按钮区域: (x:-305.50, y:-60.00, width:611.00, height:120.00)
UnityEngine.DebugLogHandler:Internal_Log(LogType, LogOption, String, Object)
UnityEngine.Logger:Log(LogType, Object)
UnityEngine.Debug:Log(Object)
UIButtonHoverScale:IsMouseOverButton() (at D:/unity/FetaherLand623/FeatherLandNew/Assets/Scripts/UIButtonHoverScale.cs:458)
UIButtonHoverScale:Update() (at D:/unity/FetaherLand623/FeatherLandNew/Assets/Scripts/UIButtonHoverScale.cs:236)

[QuestionButton] 鼠标在按钮区域内: (198.49, -40.38), 按钮区域: (x:-305.50, y:-60.00, width:611.00, height:120.00)
UnityEngine.DebugLogHandler:Internal_Log(LogType, LogOption, String, Object)
UnityEngine.Logger:Log(LogType, Object)
UnityEngine.Debug:Log(Object)
UIButtonHoverScale:IsMouseOverButton() (at D:/unity/FetaherLand623/FeatherLandNew/Assets/Scripts/UIButtonHoverScale.cs:458)
UIButtonHoverScale:Update() (at D:/unity/FetaherLand623/FeatherLandNew/Assets/Scripts/UIButtonHoverScale.cs:236)

[QuestionButton] 鼠标在按钮区域内: (196.06, -30.68), 按钮区域: (x:-305.50, y:-60.00, width:611.00, height:120.00)
UnityEngine.DebugLogHandler:Internal_Log(LogType, LogOption, String, Object)
UnityEngine.Logger:Log(LogType, Object)
UnityEngine.Debug:Log(Object)
UIButtonHoverScale:IsMouseOverButton() (at D:/unity/FetaherLand623/FeatherLandNew/Assets/Scripts/UIButtonHoverScale.cs:458)
UIButtonHoverScale:Update() (at D:/unity/FetaherLand623/FeatherLandNew/Assets/Scripts/UIButtonHoverScale.cs:236)

[QuestionButton] 鼠标在按钮区域内: (183.94, 15.38), 按钮区域: (x:-305.50, y:-60.00, width:611.00, height:120.00)
UnityEngine.DebugLogHandler:Internal_Log(LogType, LogOption, String, Object)
UnityEngine.Logger:Log(LogType, Object)
UnityEngine.Debug:Log(Object)
UIButtonHoverScale:IsMouseOverButton() (at D:/unity/FetaherLand623/FeatherLandNew/Assets/Scripts/UIButtonHoverScale.cs:458)
UIButtonHoverScale:Update() (at D:/unity/FetaherLand623/FeatherLandNew/Assets/Scripts/UIButtonHoverScale.cs:236)

[QuestionButton] 鼠标在按钮区域内: (169.39, 44.47), 按钮区域: (x:-305.50, y:-60.00, width:611.00, height:120.00)
UnityEngine.DebugLogHandler:Internal_Log(LogType, LogOption, String, Object)
UnityEngine.Logger:Log(LogType, Object)
UnityEngine.Debug:Log(Object)
UIButtonHoverScale:IsMouseOverButton() (at D:/unity/FetaherLand623/FeatherLandNew/Assets/Scripts/UIButtonHoverScale.cs:458)
UIButtonHoverScale:Update() (at D:/unity/FetaherLand623/FeatherLandNew/Assets/Scripts/UIButtonHoverScale.cs:236)

[Button] 鼠标在按钮区域内: (-14.80, 132.50), 按钮区域: (x:-39.00, y:0.00, width:78.00, height:133.00)
UnityEngine.DebugLogHandler:Internal_Log(LogType, LogOption, String, Object)
UnityEngine.Logger:Log(LogType, Object)
UnityEngine.Debug:Log(Object)
UIButtonHoverScale:IsMouseOverButton() (at D:/unity/FetaherLand623/FeatherLandNew/Assets/Scripts/UIButtonHoverScale.cs:458)
UIButtonHoverScale:Update() (at D:/unity/FetaherLand623/FeatherLandNew/Assets/Scripts/UIButtonHoverScale.cs:236)

[Button] 鼠标在按钮区域内: (-11.03, 118.03), 按钮区域: (x:-51.00, y:0.00, width:102.00, height:158.00)
UnityEngine.DebugLogHandler:Internal_Log(LogType, LogOption, String, Object)
UnityEngine.Logger:Log(LogType, Object)
UnityEngine.Debug:Log(Object)
UIButtonHoverScale:IsMouseOverButton() (at D:/unity/FetaherLand623/FeatherLandNew/Assets/Scripts/UIButtonHoverScale.cs:458)
UIButtonHoverScale:Update() (at D:/unity/FetaherLand623/FeatherLandNew/Assets/Scripts/UIButtonHoverScale.cs:236)

[Button] 鼠标在按钮区域内: (-8.61, 115.61), 按钮区域: (x:-51.00, y:0.00, width:102.00, height:158.00)
UnityEngine.DebugLogHandler:Internal_Log(LogType, LogOption, String, Object)
UnityEngine.Logger:Log(LogType, Object)
UnityEngine.Debug:Log(Object)
UIButtonHoverScale:IsMouseOverButton() (at D:/unity/FetaherLand623/FeatherLandNew/Assets/Scripts/UIButtonHoverScale.cs:458)
UIButtonHoverScale:Update() (at D:/unity/FetaherLand623/FeatherLandNew/Assets/Scripts/UIButtonHoverScale.cs:236)

[Button] 鼠标在按钮区域内: (-8.61, 115.61), 按钮区域: (x:-51.00, y:0.00, width:102.00, height:158.00)
UnityEngine.DebugLogHandler:Internal_Log(LogType, LogOption, String, Object)
UnityEngine.Logger:Log(LogType, Object)
UnityEngine.Debug:Log(Object)
UIButtonHoverScale:IsMouseOverButton() (at D:/unity/FetaherLand623/FeatherLandNew/Assets/Scripts/UIButtonHoverScale.cs:458)
UIButtonHoverScale:Update() (at D:/unity/FetaherLand623/FeatherLandNew/Assets/Scripts/UIButtonHoverScale.cs:236)

[Button] 鼠标在按钮区域内: (-8.61, 115.61), 按钮区域: (x:-51.00, y:0.00, width:102.00, height:158.00)
UnityEngine.DebugLogHandler:Internal_Log(LogType, LogOption, String, Object)
UnityEngine.Logger:Log(LogType, Object)
UnityEngine.Debug:Log(Object)
UIButtonHoverScale:IsMouseOverButton() (at D:/unity/FetaherLand623/FeatherLandNew/Assets/Scripts/UIButtonHoverScale.cs:458)
UIButtonHoverScale:Update() (at D:/unity/FetaherLand623/FeatherLandNew/Assets/Scripts/UIButtonHoverScale.cs:236)

[Button] 鼠标在按钮区域内: (-8.61, 113.18), 按钮区域: (x:-51.00, y:0.00, width:102.00, height:158.00)
UnityEngine.DebugLogHandler:Internal_Log(LogType, LogOption, String, Object)
UnityEngine.Logger:Log(LogType, Object)
UnityEngine.Debug:Log(Object)
UIButtonHoverScale:IsMouseOverButton() (at D:/unity/FetaherLand623/FeatherLandNew/Assets/Scripts/UIButtonHoverScale.cs:458)
UIButtonHoverScale:Update() (at D:/unity/FetaherLand623/FeatherLandNew/Assets/Scripts/UIButtonHoverScale.cs:236)

[Button] 鼠标在按钮区域内: (-8.61, 110.76), 按钮区域: (x:-51.00, y:0.00, width:102.00, height:158.00)
UnityEngine.DebugLogHandler:Internal_Log(LogType, LogOption, String, Object)
UnityEngine.Logger:Log(LogType, Object)
UnityEngine.Debug:Log(Object)
UIButtonHoverScale:IsMouseOverButton() (at D:/unity/FetaherLand623/FeatherLandNew/Assets/Scripts/UIButtonHoverScale.cs:458)
UIButtonHoverScale:Update() (at D:/unity/FetaherLand623/FeatherLandNew/Assets/Scripts/UIButtonHoverScale.cs:236)

[Button] 鼠标在按钮区域内: (-6.18, 108.33), 按钮区域: (x:-51.00, y:0.00, width:102.00, height:158.00)
UnityEngine.DebugLogHandler:Internal_Log(LogType, LogOption, String, Object)
UnityEngine.Logger:Log(LogType, Object)
UnityEngine.Debug:Log(Object)
UIButtonHoverScale:IsMouseOverButton() (at D:/unity/FetaherLand623/FeatherLandNew/Assets/Scripts/UIButtonHoverScale.cs:458)
UIButtonHoverScale:Update() (at D:/unity/FetaherLand623/FeatherLandNew/Assets/Scripts/UIButtonHoverScale.cs:236)

[Button] 鼠标在按钮区域内: (-6.18, 108.33), 按钮区域: (x:-51.00, y:0.00, width:102.00, height:158.00)
UnityEngine.DebugLogHandler:Internal_Log(LogType, LogOption, String, Object)
UnityEngine.Logger:Log(LogType, Object)
UnityEngine.Debug:Log(Object)
UIButtonHoverScale:IsMouseOverButton() (at D:/unity/FetaherLand623/FeatherLandNew/Assets/Scripts/UIButtonHoverScale.cs:458)
UIButtonHoverScale:Update() (at D:/unity/FetaherLand623/FeatherLandNew/Assets/Scripts/UIButtonHoverScale.cs:236)

[Button] 鼠标在按钮区域内: (-6.18, 103.48), 按钮区域: (x:-51.00, y:0.00, width:102.00, height:158.00)
UnityEngine.DebugLogHandler:Internal_Log(LogType, LogOption, String, Object)
UnityEngine.Logger:Log(LogType, Object)
UnityEngine.Debug:Log(Object)
UIButtonHoverScale:IsMouseOverButton() (at D:/unity/FetaherLand623/FeatherLandNew/Assets/Scripts/UIButtonHoverScale.cs:458)
UIButtonHoverScale:Update() (at D:/unity/FetaherLand623/FeatherLandNew/Assets/Scripts/UIButtonHoverScale.cs:236)

[Button] 鼠标在按钮区域内: (-6.18, 98.64), 按钮区域: (x:-51.00, y:0.00, width:102.00, height:158.00)
UnityEngine.DebugLogHandler:Internal_Log(LogType, LogOption, String, Object)
UnityEngine.Logger:Log(LogType, Object)
UnityEngine.Debug:Log(Object)
UIButtonHoverScale:IsMouseOverButton() (at D:/unity/FetaherLand623/FeatherLandNew/Assets/Scripts/UIButtonHoverScale.cs:458)
UIButtonHoverScale:Update() (at D:/unity/FetaherLand623/FeatherLandNew/Assets/Scripts/UIButtonHoverScale.cs:236)

[Button] 鼠标在按钮区域内: (-6.18, 96.21), 按钮区域: (x:-51.00, y:0.00, width:102.00, height:158.00)
UnityEngine.DebugLogHandler:Internal_Log(LogType, LogOption, String, Object)
UnityEngine.Logger:Log(LogType, Object)
UnityEngine.Debug:Log(Object)
UIButtonHoverScale:IsMouseOverButton() (at D:/unity/FetaherLand623/FeatherLandNew/Assets/Scripts/UIButtonHoverScale.cs:458)
UIButtonHoverScale:Update() (at D:/unity/FetaherLand623/FeatherLandNew/Assets/Scripts/UIButtonHoverScale.cs:236)

[Button] 鼠标在按钮区域内: (-3.76, 93.79), 按钮区域: (x:-51.00, y:0.00, width:102.00, height:158.00)
UnityEngine.DebugLogHandler:Internal_Log(LogType, LogOption, String, Object)
UnityEngine.Logger:Log(LogType, Object)
UnityEngine.Debug:Log(Object)
UIButtonHoverScale:IsMouseOverButton() (at D:/unity/FetaherLand623/FeatherLandNew/Assets/Scripts/UIButtonHoverScale.cs:458)
UIButtonHoverScale:Update() (at D:/unity/FetaherLand623/FeatherLandNew/Assets/Scripts/UIButtonHoverScale.cs:236)

[Button] 鼠标在按钮区域内: (-3.76, 93.79), 按钮区域: (x:-51.00, y:0.00, width:102.00, height:158.00)
UnityEngine.DebugLogHandler:Internal_Log(LogType, LogOption, String, Object)
UnityEngine.Logger:Log(LogType, Object)
UnityEngine.Debug:Log(Object)
UIButtonHoverScale:IsMouseOverButton() (at D:/unity/FetaherLand623/FeatherLandNew/Assets/Scripts/UIButtonHoverScale.cs:458)
UIButtonHoverScale:Update() (at D:/unity/FetaherLand623/FeatherLandNew/Assets/Scripts/UIButtonHoverScale.cs:236)

[Button] 鼠标在按钮区域内: (-1.33, 86.52), 按钮区域: (x:-51.00, y:0.00, width:102.00, height:158.00)
UnityEngine.DebugLogHandler:Internal_Log(LogType, LogOption, String, Object)
UnityEngine.Logger:Log(LogType, Object)
UnityEngine.Debug:Log(Object)
UIButtonHoverScale:IsMouseOverButton() (at D:/unity/FetaherLand623/FeatherLandNew/Assets/Scripts/UIButtonHoverScale.cs:458)
UIButtonHoverScale:Update() (at D:/unity/FetaherLand623/FeatherLandNew/Assets/Scripts/UIButtonHoverScale.cs:236)

[Button] 鼠标在按钮区域内: (-1.33, 84.09), 按钮区域: (x:-51.00, y:0.00, width:102.00, height:158.00)
UnityEngine.DebugLogHandler:Internal_Log(LogType, LogOption, String, Object)
UnityEngine.Logger:Log(LogType, Object)
UnityEngine.Debug:Log(Object)
UIButtonHoverScale:IsMouseOverButton() (at D:/unity/FetaherLand623/FeatherLandNew/Assets/Scripts/UIButtonHoverScale.cs:458)
UIButtonHoverScale:Update() (at D:/unity/FetaherLand623/FeatherLandNew/Assets/Scripts/UIButtonHoverScale.cs:236)

[Button] 鼠标在按钮区域内: (-1.33, 81.67), 按钮区域: (x:-51.00, y:0.00, width:102.00, height:158.00)
UnityEngine.DebugLogHandler:Internal_Log(LogType, LogOption, String, Object)
UnityEngine.Logger:Log(LogType, Object)
UnityEngine.Debug:Log(Object)
UIButtonHoverScale:IsMouseOverButton() (at D:/unity/FetaherLand623/FeatherLandNew/Assets/Scripts/UIButtonHoverScale.cs:458)
UIButtonHoverScale:Update() (at D:/unity/FetaherLand623/FeatherLandNew/Assets/Scripts/UIButtonHoverScale.cs:236)

[Button] 鼠标在按钮区域内: (3.52, 79.24), 按钮区域: (x:-51.00, y:0.00, width:102.00, height:158.00)
UnityEngine.DebugLogHandler:Internal_Log(LogType, LogOption, String, Object)
UnityEngine.Logger:Log(LogType, Object)
UnityEngine.Debug:Log(Object)
UIButtonHoverScale:IsMouseOverButton() (at D:/unity/FetaherLand623/FeatherLandNew/Assets/Scripts/UIButtonHoverScale.cs:458)
UIButtonHoverScale:Update() (at D:/unity/FetaherLand623/FeatherLandNew/Assets/Scripts/UIButtonHoverScale.cs:236)

[Button] 鼠标在按钮区域内: (5.94, 76.82), 按钮区域: (x:-51.00, y:0.00, width:102.00, height:158.00)
UnityEngine.DebugLogHandler:Internal_Log(LogType, LogOption, String, Object)
UnityEngine.Logger:Log(LogType, Object)
UnityEngine.Debug:Log(Object)
UIButtonHoverScale:IsMouseOverButton() (at D:/unity/FetaherLand623/FeatherLandNew/Assets/Scripts/UIButtonHoverScale.cs:458)
UIButtonHoverScale:Update() (at D:/unity/FetaherLand623/FeatherLandNew/Assets/Scripts/UIButtonHoverScale.cs:236)

[Button] 鼠标在按钮区域内: (10.79, 69.55), 按钮区域: (x:-51.00, y:0.00, width:102.00, height:158.00)
UnityEngine.DebugLogHandler:Internal_Log(LogType, LogOption, String, Object)
UnityEngine.Logger:Log(LogType, Object)
UnityEngine.Debug:Log(Object)
UIButtonHoverScale:IsMouseOverButton() (at D:/unity/FetaherLand623/FeatherLandNew/Assets/Scripts/UIButtonHoverScale.cs:458)
UIButtonHoverScale:Update() (at D:/unity/FetaherLand623/FeatherLandNew/Assets/Scripts/UIButtonHoverScale.cs:236)

[Button] 鼠标在按钮区域内: (15.64, 62.27), 按钮区域: (x:-51.00, y:0.00, width:102.00, height:158.00)
UnityEngine.DebugLogHandler:Internal_Log(LogType, LogOption, String, Object)
UnityEngine.Logger:Log(LogType, Object)
UnityEngine.Debug:Log(Object)
UIButtonHoverScale:IsMouseOverButton() (at D:/unity/FetaherLand623/FeatherLandNew/Assets/Scripts/UIButtonHoverScale.cs:458)
UIButtonHoverScale:Update() (at D:/unity/FetaherLand623/FeatherLandNew/Assets/Scripts/UIButtonHoverScale.cs:236)

[Button] 鼠标在按钮区域内: (20.48, 59.85), 按钮区域: (x:-51.00, y:0.00, width:102.00, height:158.00)
UnityEngine.DebugLogHandler:Internal_Log(LogType, LogOption, String, Object)
UnityEngine.Logger:Log(LogType, Object)
UnityEngine.Debug:Log(Object)
UIButtonHoverScale:IsMouseOverButton() (at D:/unity/FetaherLand623/FeatherLandNew/Assets/Scripts/UIButtonHoverScale.cs:458)
UIButtonHoverScale:Update() (at D:/unity/FetaherLand623/FeatherLandNew/Assets/Scripts/UIButtonHoverScale.cs:236)

[Button] 鼠标在按钮区域内: (35.03, 59.85), 按钮区域: (x:-51.00, y:0.00, width:102.00, height:158.00)
UnityEngine.DebugLogHandler:Internal_Log(LogType, LogOption, String, Object)
UnityEngine.Logger:Log(LogType, Object)
UnityEngine.Debug:Log(Object)
UIButtonHoverScale:IsMouseOverButton() (at D:/unity/FetaherLand623/FeatherLandNew/Assets/Scripts/UIButtonHoverScale.cs:458)
UIButtonHoverScale:Update() (at D:/unity/FetaherLand623/FeatherLandNew/Assets/Scripts/UIButtonHoverScale.cs:236)

不存在为8的区域!
UnityEngine.DebugLogHandler:Internal_Log(LogType, LogOption, String, Object)
UnityEngine.Logger:Log(LogType, Object)
UnityEngine.Debug:Log(Object)
NavigationManager:GetRandomTarget(Int32) (at D:/unity/FetaherLand623/FeatherLandNew/Assets/Scripts/Managers/NavigationManager.cs:165)
BirdGame.BirdFlyDownState:OnEnter() (at D:/unity/FetaherLand623/FeatherLandNew/Assets/Scripts/BirdStates/BirdFlyDownState.cs:31)
DG.Tweening.Tween:OnTweenCallback(TweenCallback, Tween)
DG.Tweening.Sequence:ApplyInternalCycle(Sequence, Single, Single, UpdateMode, Boolean, Boolean, Boolean)
DG.Tweening.Sequence:DoApplyTween(Sequence, Single, Int32, Int32, Boolean, UpdateMode)
DG.Tweening.Tween:DoGoto(Tween, Single, Int32, UpdateMode)
DG.Tweening.Core.TweenManager:Update(Tween, Single, Single, Boolean)
DG.Tweening.Core.TweenManager:Update(UpdateType, Single, Single)
DG.Tweening.Core.DOTweenComponent:Update()

不存在为8的区域!
UnityEngine.DebugLogHandler:Internal_Log(LogType, LogOption, String, Object)
UnityEngine.Logger:Log(LogType, Object)
UnityEngine.Debug:Log(Object)
NavigationManager:GetRandomTarget(Int32) (at D:/unity/FetaherLand623/FeatherLandNew/Assets/Scripts/Managers/NavigationManager.cs:165)
BirdGame.BirdFlyDownState:OnEnter() (at D:/unity/FetaherLand623/FeatherLandNew/Assets/Scripts/BirdStates/BirdFlyDownState.cs:37)
DG.Tweening.Tween:OnTweenCallback(TweenCallback, Tween)
DG.Tweening.Sequence:ApplyInternalCycle(Sequence, Single, Single, UpdateMode, Boolean, Boolean, Boolean)
DG.Tweening.Sequence:DoApplyTween(Sequence, Single, Int32, Int32, Boolean, UpdateMode)
DG.Tweening.Tween:DoGoto(Tween, Single, Int32, UpdateMode)
DG.Tweening.Core.TweenManager:Update(Tween, Single, Single, Boolean)
DG.Tweening.Core.TweenManager:Update(UpdateType, Single, Single)
DG.Tweening.Core.DOTweenComponent:Update()

存档更新成功! {"coins":176.90138244628907,"sceneDecorationInfos":[{"decorations":[{"count":0,"position":[],"usedFixedPositionIndices":[]},{"count":0,"position":[],"usedFixedPositionIndices":[]},{"count":0,"position":[],"usedFixedPositionIndices":[]},{"count":0,"position":[],"usedFixedPositionIndices":[]}]}],"sceneTools":[{"tools":[{"equipedId":0,"unlockedList":[0]},{"equipedId":0,"unlockedList":[]}]},{"tools":[]},{"tools":[]},{"tools":[]},{"tools":[]},{"tools":[]},{"tools":[]},{"tools":[]},{"tools":[]},{"tools":[]},{"tools":[]},{"tools":[]}]}
UnityEngine.DebugLogHandler:Internal_Log(LogType, LogOption, String, Object)
UnityEngine.Logger:Log(LogType, Object)
UnityEngine.Debug:Log(Object)
BirdGame.SaveSystem:SaveData(String, T) (at D:/unity/FetaherLand623/FeatherLandNew/Assets/Scripts/New/Systems/ISaveSystem.cs:80)
BirdGame.SaveSystem:SaveData() (at D:/unity/FetaherLand623/FeatherLandNew/Assets/Scripts/New/Systems/ISaveSystem.cs:278)
BirdGame.BirdSystem:SyncBirdDataToSave() (at D:/unity/FetaherLand623/FeatherLandNew/Assets/Scripts/New/Systems/IBirdSystem.cs:114)
BirdGame.BirdSystem:AddAllMapsIncome() (at D:/unity/FetaherLand623/FeatherLandNew/Assets/Scripts/New/Systems/IBirdSystem.cs:55)
BirdGame.<AllMapsIncomeCoroutine>d__5:MoveNext() (at D:/unity/FetaherLand623/FeatherLandNew/Assets/Scripts/New/Systems/IBirdSystem.cs:47)
UnityEngine.SetupCoroutine:InvokeMoveNext(IEnumerator, IntPtr)

存档更新成功! {"screenMode":1,"gameLanguage":40}
UnityEngine.DebugLogHandler:Internal_Log(LogType, LogOption, String, Object)
UnityEngine.Logger:Log(LogType, Object)
UnityEngine.Debug:Log(Object)
BirdGame.SaveSystem:SaveData(String, T) (at D:/unity/FetaherLand623/FeatherLandNew/Assets/Scripts/New/Systems/ISaveSystem.cs:80)
BirdGame.SaveSystem:SaveData() (at D:/unity/FetaherLand623/FeatherLandNew/Assets/Scripts/New/Systems/ISaveSystem.cs:279)
BirdGame.BirdSystem:SyncBirdDataToSave() (at D:/unity/FetaherLand623/FeatherLandNew/Assets/Scripts/New/Systems/IBirdSystem.cs:114)
BirdGame.BirdSystem:AddAllMapsIncome() (at D:/unity/FetaherLand623/FeatherLandNew/Assets/Scripts/New/Systems/IBirdSystem.cs:55)
BirdGame.<AllMapsIncomeCoroutine>d__5:MoveNext() (at D:/unity/FetaherLand623/FeatherLandNew/Assets/Scripts/New/Systems/IBirdSystem.cs:47)
UnityEngine.SetupCoroutine:InvokeMoveNext(IEnumerator, IntPtr)

存档更新成功! {"bgmVolume":0.5,"environmentVolumes":[0.0,0.6000000238418579,0.0,0.0,0.0,0.0,0.0],"likes":[]}
UnityEngine.DebugLogHandler:Internal_Log(LogType, LogOption, String, Object)
UnityEngine.Logger:Log(LogType, Object)
UnityEngine.Debug:Log(Object)
BirdGame.SaveSystem:SaveData(String, T) (at D:/unity/FetaherLand623/FeatherLandNew/Assets/Scripts/New/Systems/ISaveSystem.cs:80)
BirdGame.SaveSystem:SaveData() (at D:/unity/FetaherLand623/FeatherLandNew/Assets/Scripts/New/Systems/ISaveSystem.cs:280)
BirdGame.BirdSystem:SyncBirdDataToSave() (at D:/unity/FetaherLand623/FeatherLandNew/Assets/Scripts/New/Systems/IBirdSystem.cs:114)
BirdGame.BirdSystem:AddAllMapsIncome() (at D:/unity/FetaherLand623/FeatherLandNew/Assets/Scripts/New/Systems/IBirdSystem.cs:55)
BirdGame.<AllMapsIncomeCoroutine>d__5:MoveNext() (at D:/unity/FetaherLand623/FeatherLandNew/Assets/Scripts/New/Systems/IBirdSystem.cs:47)
UnityEngine.SetupCoroutine:InvokeMoveNext(IEnumerator, IntPtr)

存档更新成功! {"currentMap":0,"mapBirds":[{"birdList":[{"birdType":4,"customName":"","isSmall":false,"currentExp":11.0,"currentFavorability":0,"totalFavorability":10,"petTime":0.0,"position":{"x":-14.171289443969727,"y":4.983626365661621,"z":0.0},"walkArea":4,"isLocked":false,"individualEarningSmall":0.0,"individualEarningBig":0.17651669681072236,"individualPriceSmall":0.8665522336959839,"individualPriceBig":2.9868321418762209},{"birdType":21,"customName":"","isSmall":false,"currentExp":6.099996566772461,"currentFavorability":0,"totalFavorability":10,"petTime":0.0,"position":{"x":-5.4507598876953129,"y":-1.390854835510254,"z":-0.008332950994372368},"walkArea":3,"isLocked":false,"individualEarningSmall":0.0,"individualEarningBig":0.29302653670310976,"individualPriceSmall":0.9916295409202576,"individualPriceBig":3.346353054046631},{"birdType":6,"customName":"","isSmall":false,"currentExp":6.099996566772461,"currentFavorability":0,"totalFavorability":10,"petTime":0.0,"position":{"x":-8.344172477722168,"y":-2.8265323638916017,"z":-0.008333181031048298},"walkArea":4,"isLocked":false,"individualEarningSmall":0.0,"individualEarningBig":0.255359411239624,"individualPriceSmall":0.864160418510437,"individualPriceBig":2.9161956310272219},{"birdType":22,"customName":"","isSmall":false,"currentExp":6.099996566772461,"currentFavorability":0,"totalFavorability":10,"petTime":0.0,"position":{"x":-5.960000038146973,"y":-0.07999999821186066,"z":-0.008333176374435425},"walkArea":4,"isLocked":false,"individualEarningSmall":0.0,"individualEarningBig":0.2127465307712555,"individualPriceSmall":0.7199543714523315,"individualPriceBig":2.429558038711548},{"birdType":3,"customName":"","isSmall":false,"currentExp":11.0,"currentFavorability":0,"totalFavorability":10,"petTime":0.0,"position":{"x":6.96653938293457,"y":-3.816971778869629,"z":-0.008333206176757813},"walkArea":5,"isLocked":false,"individualEarningSmall":0.0,"individualEarningBig":0.5509607791900635,"individualPriceSmall":0.8730165958404541,"individualPriceBig":2.4732558727264406}],"eggList":[]}],"addedBirdCountList":[0]}
UnityEngine.DebugLogHandler:Internal_Log(LogType, LogOption, String, Object)
UnityEngine.Logger:Log(LogType, Object)
UnityEngine.Debug:Log(Object)
BirdGame.SaveSystem:SaveData(String, T) (at D:/unity/FetaherLand623/FeatherLandNew/Assets/Scripts/New/Systems/ISaveSystem.cs:80)
BirdGame.SaveSystem:SaveData() (at D:/unity/FetaherLand623/FeatherLandNew/Assets/Scripts/New/Systems/ISaveSystem.cs:281)
BirdGame.BirdSystem:SyncBirdDataToSave() (at D:/unity/FetaherLand623/FeatherLandNew/Assets/Scripts/New/Systems/IBirdSystem.cs:114)
BirdGame.BirdSystem:AddAllMapsIncome() (at D:/unity/FetaherLand623/FeatherLandNew/Assets/Scripts/New/Systems/IBirdSystem.cs:55)
BirdGame.<AllMapsIncomeCoroutine>d__5:MoveNext() (at D:/unity/FetaherLand623/FeatherLandNew/Assets/Scripts/New/Systems/IBirdSystem.cs:47)
UnityEngine.SetupCoroutine:InvokeMoveNext(IEnumerator, IntPtr)

存档更新成功! {"bookList":[]}
UnityEngine.DebugLogHandler:Internal_Log(LogType, LogOption, String, Object)
UnityEngine.Logger:Log(LogType, Object)
UnityEngine.Debug:Log(Object)
BirdGame.SaveSystem:SaveData(String, T) (at D:/unity/FetaherLand623/FeatherLandNew/Assets/Scripts/New/Systems/ISaveSystem.cs:80)
BirdGame.SaveSystem:SaveData() (at D:/unity/FetaherLand623/FeatherLandNew/Assets/Scripts/New/Systems/ISaveSystem.cs:282)
BirdGame.BirdSystem:SyncBirdDataToSave() (at D:/unity/FetaherLand623/FeatherLandNew/Assets/Scripts/New/Systems/IBirdSystem.cs:114)
BirdGame.BirdSystem:AddAllMapsIncome() (at D:/unity/FetaherLand623/FeatherLandNew/Assets/Scripts/New/Systems/IBirdSystem.cs:55)
BirdGame.<AllMapsIncomeCoroutine>d__5:MoveNext() (at D:/unity/FetaherLand623/FeatherLandNew/Assets/Scripts/New/Systems/IBirdSystem.cs:47)
UnityEngine.SetupCoroutine:InvokeMoveNext(IEnumerator, IntPtr)

存档更新成功! {"scheduleList":[{"scheduleText":"","isCompleted":false}]}
UnityEngine.DebugLogHandler:Internal_Log(LogType, LogOption, String, Object)
UnityEngine.Logger:Log(LogType, Object)
UnityEngine.Debug:Log(Object)
BirdGame.SaveSystem:SaveData(String, T) (at D:/unity/FetaherLand623/FeatherLandNew/Assets/Scripts/New/Systems/ISaveSystem.cs:80)
BirdGame.SaveSystem:SaveData() (at D:/unity/FetaherLand623/FeatherLandNew/Assets/Scripts/New/Systems/ISaveSystem.cs:283)
BirdGame.BirdSystem:SyncBirdDataToSave() (at D:/unity/FetaherLand623/FeatherLandNew/Assets/Scripts/New/Systems/IBirdSystem.cs:114)
BirdGame.BirdSystem:AddAllMapsIncome() (at D:/unity/FetaherLand623/FeatherLandNew/Assets/Scripts/New/Systems/IBirdSystem.cs:55)
BirdGame.<AllMapsIncomeCoroutine>d__5:MoveNext() (at D:/unity/FetaherLand623/FeatherLandNew/Assets/Scripts/New/Systems/IBirdSystem.cs:47)
UnityEngine.SetupCoroutine:InvokeMoveNext(IEnumerator, IntPtr)

存档更新成功! {"birds":[4,21,3,6,22]}
UnityEngine.DebugLogHandler:Internal_Log(LogType, LogOption, String, Object)
UnityEngine.Logger:Log(LogType, Object)
UnityEngine.Debug:Log(Object)
BirdGame.SaveSystem:SaveData(String, T) (at D:/unity/FetaherLand623/FeatherLandNew/Assets/Scripts/New/Systems/ISaveSystem.cs:80)
BirdGame.BirdSystem:SyncBirdDataToSave() (at D:/unity/FetaherLand623/FeatherLandNew/Assets/Scripts/New/Systems/IBirdSystem.cs:114)
BirdGame.BirdSystem:AddAllMapsIncome() (at D:/unity/FetaherLand623/FeatherLandNew/Assets/Scripts/New/Systems/IBirdSystem.cs:55)
BirdGame.<AllMapsIncomeCoroutine>d__5:MoveNext() (at D:/unity/FetaherLand623/FeatherLandNew/Assets/Scripts/New/Systems/IBirdSystem.cs:47)
UnityEngine.SetupCoroutine:InvokeMoveNext(IEnumerator, IntPtr)

不存在为8的区域!
UnityEngine.DebugLogHandler:Internal_Log(LogType, LogOption, String, Object)
UnityEngine.Logger:Log(LogType, Object)
UnityEngine.Debug:Log(Object)
NavigationManager:GetRandomTarget(Int32) (at D:/unity/FetaherLand623/FeatherLandNew/Assets/Scripts/Managers/NavigationManager.cs:165)
BirdGame.BirdFlyDownState:OnEnter() (at D:/unity/FetaherLand623/FeatherLandNew/Assets/Scripts/BirdStates/BirdFlyDownState.cs:31)
DG.Tweening.Tween:OnTweenCallback(TweenCallback, Tween)
DG.Tweening.Sequence:ApplyInternalCycle(Sequence, Single, Single, UpdateMode, Boolean, Boolean, Boolean)
DG.Tweening.Sequence:DoApplyTween(Sequence, Single, Int32, Int32, Boolean, UpdateMode)
DG.Tweening.Tween:DoGoto(Tween, Single, Int32, UpdateMode)
DG.Tweening.Core.TweenManager:Update(Tween, Single, Single, Boolean)
DG.Tweening.Core.TweenManager:Update(UpdateType, Single, Single)
DG.Tweening.Core.DOTweenComponent:Update()

不存在为8的区域!
UnityEngine.DebugLogHandler:Internal_Log(LogType, LogOption, String, Object)
UnityEngine.Logger:Log(LogType, Object)
UnityEngine.Debug:Log(Object)
NavigationManager:GetRandomTarget(Int32) (at D:/unity/FetaherLand623/FeatherLandNew/Assets/Scripts/Managers/NavigationManager.cs:165)
BirdGame.BirdFlyDownState:OnEnter() (at D:/unity/FetaherLand623/FeatherLandNew/Assets/Scripts/BirdStates/BirdFlyDownState.cs:31)
DG.Tweening.Tween:OnTweenCallback(TweenCallback, Tween)
DG.Tweening.Sequence:ApplyInternalCycle(Sequence, Single, Single, UpdateMode, Boolean, Boolean, Boolean)
DG.Tweening.Sequence:DoApplyTween(Sequence, Single, Int32, Int32, Boolean, UpdateMode)
DG.Tweening.Tween:DoGoto(Tween, Single, Int32, UpdateMode)
DG.Tweening.Core.TweenManager:Update(Tween, Single, Single, Boolean)
DG.Tweening.Core.TweenManager:Update(UpdateType, Single, Single)
DG.Tweening.Core.DOTweenComponent:Update()

不存在为8的区域!
UnityEngine.DebugLogHandler:Internal_Log(LogType, LogOption, String, Object)
UnityEngine.Logger:Log(LogType, Object)
UnityEngine.Debug:Log(Object)
NavigationManager:GetRandomTarget(Int32) (at D:/unity/FetaherLand623/FeatherLandNew/Assets/Scripts/Managers/NavigationManager.cs:165)
BirdGame.BirdFlyDownState:OnEnter() (at D:/unity/FetaherLand623/FeatherLandNew/Assets/Scripts/BirdStates/BirdFlyDownState.cs:37)
DG.Tweening.Tween:OnTweenCallback(TweenCallback, Tween)
DG.Tweening.Sequence:ApplyInternalCycle(Sequence, Single, Single, UpdateMode, Boolean, Boolean, Boolean)
DG.Tweening.Sequence:DoApplyTween(Sequence, Single, Int32, Int32, Boolean, UpdateMode)
DG.Tweening.Tween:DoGoto(Tween, Single, Int32, UpdateMode)
DG.Tweening.Core.TweenManager:Update(Tween, Single, Single, Boolean)
DG.Tweening.Core.TweenManager:Update(UpdateType, Single, Single)
DG.Tweening.Core.DOTweenComponent:Update()

不存在为8的区域!
UnityEngine.DebugLogHandler:Internal_Log(LogType, LogOption, String, Object)
UnityEngine.Logger:Log(LogType, Object)
UnityEngine.Debug:Log(Object)
NavigationManager:GetRandomTarget(Int32) (at D:/unity/FetaherLand623/FeatherLandNew/Assets/Scripts/Managers/NavigationManager.cs:165)
BirdGame.BirdFlyDownState:OnEnter() (at D:/unity/FetaherLand623/FeatherLandNew/Assets/Scripts/BirdStates/BirdFlyDownState.cs:31)
DG.Tweening.Tween:OnTweenCallback(TweenCallback, Tween)
DG.Tweening.Sequence:ApplyInternalCycle(Sequence, Single, Single, UpdateMode, Boolean, Boolean, Boolean)
DG.Tweening.Sequence:DoApplyTween(Sequence, Single, Int32, Int32, Boolean, UpdateMode)
DG.Tweening.Tween:DoGoto(Tween, Single, Int32, UpdateMode)
DG.Tweening.Core.TweenManager:Update(Tween, Single, Single, Boolean)
DG.Tweening.Core.TweenManager:Update(UpdateType, Single, Single)
DG.Tweening.Core.DOTweenComponent:Update()

不存在为8的区域!
UnityEngine.DebugLogHandler:Internal_Log(LogType, LogOption, String, Object)
UnityEngine.Logger:Log(LogType, Object)
UnityEngine.Debug:Log(Object)
NavigationManager:GetRandomTarget(Int32) (at D:/unity/FetaherLand623/FeatherLandNew/Assets/Scripts/Managers/NavigationManager.cs:165)
BirdGame.BirdFlyDownState:OnEnter() (at D:/unity/FetaherLand623/FeatherLandNew/Assets/Scripts/BirdStates/BirdFlyDownState.cs:37)
DG.Tweening.Tween:OnTweenCallback(TweenCallback, Tween)
DG.Tweening.Sequence:ApplyInternalCycle(Sequence, Single, Single, UpdateMode, Boolean, Boolean, Boolean)
DG.Tweening.Sequence:DoApplyTween(Sequence, Single, Int32, Int32, Boolean, UpdateMode)
DG.Tweening.Tween:DoGoto(Tween, Single, Int32, UpdateMode)
DG.Tweening.Core.TweenManager:Update(Tween, Single, Single, Boolean)
DG.Tweening.Core.TweenManager:Update(UpdateType, Single, Single)
DG.Tweening.Core.DOTweenComponent:Update()

存档更新成功! {"coins":178.38999938964845,"sceneDecorationInfos":[{"decorations":[{"count":0,"position":[],"usedFixedPositionIndices":[]},{"count":0,"position":[],"usedFixedPositionIndices":[]},{"count":0,"position":[],"usedFixedPositionIndices":[]},{"count":0,"position":[],"usedFixedPositionIndices":[]}]}],"sceneTools":[{"tools":[{"equipedId":0,"unlockedList":[0]},{"equipedId":0,"unlockedList":[]}]},{"tools":[]},{"tools":[]},{"tools":[]},{"tools":[]},{"tools":[]},{"tools":[]},{"tools":[]},{"tools":[]},{"tools":[]},{"tools":[]},{"tools":[]}]}
UnityEngine.DebugLogHandler:Internal_Log(LogType, LogOption, String, Object)
UnityEngine.Logger:Log(LogType, Object)
UnityEngine.Debug:Log(Object)
BirdGame.SaveSystem:SaveData(String, T) (at D:/unity/FetaherLand623/FeatherLandNew/Assets/Scripts/New/Systems/ISaveSystem.cs:80)
BirdGame.SaveSystem:SaveData() (at D:/unity/FetaherLand623/FeatherLandNew/Assets/Scripts/New/Systems/ISaveSystem.cs:278)
BirdGame.BirdSystem:SyncBirdDataToSave() (at D:/unity/FetaherLand623/FeatherLandNew/Assets/Scripts/New/Systems/IBirdSystem.cs:114)
BirdGame.BirdSystem:AddAllMapsIncome() (at D:/unity/FetaherLand623/FeatherLandNew/Assets/Scripts/New/Systems/IBirdSystem.cs:55)
BirdGame.<AllMapsIncomeCoroutine>d__5:MoveNext() (at D:/unity/FetaherLand623/FeatherLandNew/Assets/Scripts/New/Systems/IBirdSystem.cs:47)
UnityEngine.SetupCoroutine:InvokeMoveNext(IEnumerator, IntPtr)

存档更新成功! {"screenMode":1,"gameLanguage":40}
UnityEngine.DebugLogHandler:Internal_Log(LogType, LogOption, String, Object)
UnityEngine.Logger:Log(LogType, Object)
UnityEngine.Debug:Log(Object)
BirdGame.SaveSystem:SaveData(String, T) (at D:/unity/FetaherLand623/FeatherLandNew/Assets/Scripts/New/Systems/ISaveSystem.cs:80)
BirdGame.SaveSystem:SaveData() (at D:/unity/FetaherLand623/FeatherLandNew/Assets/Scripts/New/Systems/ISaveSystem.cs:279)
BirdGame.BirdSystem:SyncBirdDataToSave() (at D:/unity/FetaherLand623/FeatherLandNew/Assets/Scripts/New/Systems/IBirdSystem.cs:114)
BirdGame.BirdSystem:AddAllMapsIncome() (at D:/unity/FetaherLand623/FeatherLandNew/Assets/Scripts/New/Systems/IBirdSystem.cs:55)
BirdGame.<AllMapsIncomeCoroutine>d__5:MoveNext() (at D:/unity/FetaherLand623/FeatherLandNew/Assets/Scripts/New/Systems/IBirdSystem.cs:47)
UnityEngine.SetupCoroutine:InvokeMoveNext(IEnumerator, IntPtr)

存档更新成功! {"bgmVolume":0.5,"environmentVolumes":[0.0,0.6000000238418579,0.0,0.0,0.0,0.0,0.0],"likes":[]}
UnityEngine.DebugLogHandler:Internal_Log(LogType, LogOption, String, Object)
UnityEngine.Logger:Log(LogType, Object)
UnityEngine.Debug:Log(Object)
BirdGame.SaveSystem:SaveData(String, T) (at D:/unity/FetaherLand623/FeatherLandNew/Assets/Scripts/New/Systems/ISaveSystem.cs:80)
BirdGame.SaveSystem:SaveData() (at D:/unity/FetaherLand623/FeatherLandNew/Assets/Scripts/New/Systems/ISaveSystem.cs:280)
BirdGame.BirdSystem:SyncBirdDataToSave() (at D:/unity/FetaherLand623/FeatherLandNew/Assets/Scripts/New/Systems/IBirdSystem.cs:114)
BirdGame.BirdSystem:AddAllMapsIncome() (at D:/unity/FetaherLand623/FeatherLandNew/Assets/Scripts/New/Systems/IBirdSystem.cs:55)
BirdGame.<AllMapsIncomeCoroutine>d__5:MoveNext() (at D:/unity/FetaherLand623/FeatherLandNew/Assets/Scripts/New/Systems/IBirdSystem.cs:47)
UnityEngine.SetupCoroutine:InvokeMoveNext(IEnumerator, IntPtr)

存档更新成功! {"currentMap":0,"mapBirds":[{"birdList":[{"birdType":4,"customName":"","isSmall":false,"currentExp":11.0,"currentFavorability":0,"totalFavorability":10,"petTime":0.0,"position":{"x":11.036951065063477,"y":6.775958061218262,"z":0.0},"walkArea":3,"isLocked":false,"individualEarningSmall":0.0,"individualEarningBig":0.17651669681072236,"individualPriceSmall":0.8665522336959839,"individualPriceBig":2.9868321418762209},{"birdType":21,"customName":"","isSmall":false,"currentExp":6.099996566772461,"currentFavorability":0,"totalFavorability":10,"petTime":0.0,"position":{"x":8.081892013549805,"y":-5.620946407318115,"z":-0.008332991972565651},"walkArea":3,"isLocked":false,"individualEarningSmall":0.0,"individualEarningBig":0.29302653670310976,"individualPriceSmall":0.9916295409202576,"individualPriceBig":3.346353054046631},{"birdType":6,"customName":"","isSmall":false,"currentExp":6.099996566772461,"currentFavorability":0,"totalFavorability":10,"petTime":0.0,"position":{"x":-10.713650703430176,"y":-3.6406662464141847,"z":-0.008333212696015835},"walkArea":4,"isLocked":false,"individualEarningSmall":0.0,"individualEarningBig":0.255359411239624,"individualPriceSmall":0.864160418510437,"individualPriceBig":2.9161956310272219},{"birdType":22,"customName":"","isSmall":false,"currentExp":6.099996566772461,"currentFavorability":0,"totalFavorability":10,"petTime":0.0,"position":{"x":7.978080749511719,"y":-6.84925651550293,"z":-0.008332844823598862},"walkArea":3,"isLocked":false,"individualEarningSmall":0.0,"individualEarningBig":0.2127465307712555,"individualPriceSmall":0.7199543714523315,"individualPriceBig":2.429558038711548},{"birdType":3,"customName":"","isSmall":false,"currentExp":11.0,"currentFavorability":0,"totalFavorability":10,"petTime":0.0,"position":{"x":12.34022331237793,"y":5.6415205001831059,"z":0.0},"walkArea":5,"isLocked":false,"individualEarningSmall":0.0,"individualEarningBig":0.5509607791900635,"individualPriceSmall":0.8730165958404541,"individualPriceBig":2.4732558727264406}],"eggList":[]}],"addedBirdCountList":[0]}
UnityEngine.DebugLogHandler:Internal_Log(LogType, LogOption, String, Object)
UnityEngine.Logger:Log(LogType, Object)
UnityEngine.Debug:Log(Object)
BirdGame.SaveSystem:SaveData(String, T) (at D:/unity/FetaherLand623/FeatherLandNew/Assets/Scripts/New/Systems/ISaveSystem.cs:80)
BirdGame.SaveSystem:SaveData() (at D:/unity/FetaherLand623/FeatherLandNew/Assets/Scripts/New/Systems/ISaveSystem.cs:281)
BirdGame.BirdSystem:SyncBirdDataToSave() (at D:/unity/FetaherLand623/FeatherLandNew/Assets/Scripts/New/Systems/IBirdSystem.cs:114)
BirdGame.BirdSystem:AddAllMapsIncome() (at D:/unity/FetaherLand623/FeatherLandNew/Assets/Scripts/New/Systems/IBirdSystem.cs:55)
BirdGame.<AllMapsIncomeCoroutine>d__5:MoveNext() (at D:/unity/FetaherLand623/FeatherLandNew/Assets/Scripts/New/Systems/IBirdSystem.cs:47)
UnityEngine.SetupCoroutine:InvokeMoveNext(IEnumerator, IntPtr)

存档更新成功! {"bookList":[]}
UnityEngine.DebugLogHandler:Internal_Log(LogType, LogOption, String, Object)
UnityEngine.Logger:Log(LogType, Object)
UnityEngine.Debug:Log(Object)
BirdGame.SaveSystem:SaveData(String, T) (at D:/unity/FetaherLand623/FeatherLandNew/Assets/Scripts/New/Systems/ISaveSystem.cs:80)
BirdGame.SaveSystem:SaveData() (at D:/unity/FetaherLand623/FeatherLandNew/Assets/Scripts/New/Systems/ISaveSystem.cs:282)
BirdGame.BirdSystem:SyncBirdDataToSave() (at D:/unity/FetaherLand623/FeatherLandNew/Assets/Scripts/New/Systems/IBirdSystem.cs:114)
BirdGame.BirdSystem:AddAllMapsIncome() (at D:/unity/FetaherLand623/FeatherLandNew/Assets/Scripts/New/Systems/IBirdSystem.cs:55)
BirdGame.<AllMapsIncomeCoroutine>d__5:MoveNext() (at D:/unity/FetaherLand623/FeatherLandNew/Assets/Scripts/New/Systems/IBirdSystem.cs:47)
UnityEngine.SetupCoroutine:InvokeMoveNext(IEnumerator, IntPtr)

存档更新成功! {"scheduleList":[{"scheduleText":"","isCompleted":false}]}
UnityEngine.DebugLogHandler:Internal_Log(LogType, LogOption, String, Object)
UnityEngine.Logger:Log(LogType, Object)
UnityEngine.Debug:Log(Object)
BirdGame.SaveSystem:SaveData(String, T) (at D:/unity/FetaherLand623/FeatherLandNew/Assets/Scripts/New/Systems/ISaveSystem.cs:80)
BirdGame.SaveSystem:SaveData() (at D:/unity/FetaherLand623/FeatherLandNew/Assets/Scripts/New/Systems/ISaveSystem.cs:283)
BirdGame.BirdSystem:SyncBirdDataToSave() (at D:/unity/FetaherLand623/FeatherLandNew/Assets/Scripts/New/Systems/IBirdSystem.cs:114)
BirdGame.BirdSystem:AddAllMapsIncome() (at D:/unity/FetaherLand623/FeatherLandNew/Assets/Scripts/New/Systems/IBirdSystem.cs:55)
BirdGame.<AllMapsIncomeCoroutine>d__5:MoveNext() (at D:/unity/FetaherLand623/FeatherLandNew/Assets/Scripts/New/Systems/IBirdSystem.cs:47)
UnityEngine.SetupCoroutine:InvokeMoveNext(IEnumerator, IntPtr)

存档更新成功! {"birds":[4,21,3,6,22]}
UnityEngine.DebugLogHandler:Internal_Log(LogType, LogOption, String, Object)
UnityEngine.Logger:Log(LogType, Object)
UnityEngine.Debug:Log(Object)
BirdGame.SaveSystem:SaveData(String, T) (at D:/unity/FetaherLand623/FeatherLandNew/Assets/Scripts/New/Systems/ISaveSystem.cs:80)
BirdGame.BirdSystem:SyncBirdDataToSave() (at D:/unity/FetaherLand623/FeatherLandNew/Assets/Scripts/New/Systems/IBirdSystem.cs:114)
BirdGame.BirdSystem:AddAllMapsIncome() (at D:/unity/FetaherLand623/FeatherLandNew/Assets/Scripts/New/Systems/IBirdSystem.cs:55)
BirdGame.<AllMapsIncomeCoroutine>d__5:MoveNext() (at D:/unity/FetaherLand623/FeatherLandNew/Assets/Scripts/New/Systems/IBirdSystem.cs:47)
UnityEngine.SetupCoroutine:InvokeMoveNext(IEnumerator, IntPtr)

不存在为8的区域!
UnityEngine.DebugLogHandler:Internal_Log(LogType, LogOption, String, Object)
UnityEngine.Logger:Log(LogType, Object)
UnityEngine.Debug:Log(Object)
NavigationManager:GetRandomTarget(Int32) (at D:/unity/FetaherLand623/FeatherLandNew/Assets/Scripts/Managers/NavigationManager.cs:165)
BirdGame.BirdFlyDownState:OnEnter() (at D:/unity/FetaherLand623/FeatherLandNew/Assets/Scripts/BirdStates/BirdFlyDownState.cs:31)
DG.Tweening.Tween:OnTweenCallback(TweenCallback, Tween)
DG.Tweening.Sequence:ApplyInternalCycle(Sequence, Single, Single, UpdateMode, Boolean, Boolean, Boolean)
DG.Tweening.Sequence:DoApplyTween(Sequence, Single, Int32, Int32, Boolean, UpdateMode)
DG.Tweening.Tween:DoGoto(Tween, Single, Int32, UpdateMode)
DG.Tweening.Core.TweenManager:Update(Tween, Single, Single, Boolean)
DG.Tweening.Core.TweenManager:Update(UpdateType, Single, Single)
DG.Tweening.Core.DOTweenComponent:Update()

不存在为8的区域!
UnityEngine.DebugLogHandler:Internal_Log(LogType, LogOption, String, Object)
UnityEngine.Logger:Log(LogType, Object)
UnityEngine.Debug:Log(Object)
NavigationManager:GetRandomTarget(Int32) (at D:/unity/FetaherLand623/FeatherLandNew/Assets/Scripts/Managers/NavigationManager.cs:165)
BirdGame.BirdFlyDownState:OnEnter() (at D:/unity/FetaherLand623/FeatherLandNew/Assets/Scripts/BirdStates/BirdFlyDownState.cs:31)
DG.Tweening.Tween:OnTweenCallback(TweenCallback, Tween)
DG.Tweening.Sequence:ApplyInternalCycle(Sequence, Single, Single, UpdateMode, Boolean, Boolean, Boolean)
DG.Tweening.Sequence:DoApplyTween(Sequence, Single, Int32, Int32, Boolean, UpdateMode)
DG.Tweening.Tween:DoGoto(Tween, Single, Int32, UpdateMode)
DG.Tweening.Core.TweenManager:Update(Tween, Single, Single, Boolean)
DG.Tweening.Core.TweenManager:Update(UpdateType, Single, Single)
DG.Tweening.Core.DOTweenComponent:Update()

[SteamButton] 鼠标在按钮区域内: (-299.00, 6.10), 按钮区域: (x:-303.00, y:-57.50, width:606.00, height:115.00)
UnityEngine.DebugLogHandler:Internal_Log(LogType, LogOption, String, Object)
UnityEngine.Logger:Log(LogType, Object)
UnityEngine.Debug:Log(Object)
UIButtonHoverScale:IsMouseOverButton() (at D:/unity/FetaherLand623/FeatherLandNew/Assets/Scripts/UIButtonHoverScale.cs:458)
UIButtonHoverScale:Update() (at D:/unity/FetaherLand623/FeatherLandNew/Assets/Scripts/UIButtonHoverScale.cs:236)

[SteamButton] 鼠标在按钮区域内: (-254.85, 10.39), 按钮区域: (x:-303.00, y:-57.50, width:606.00, height:115.00)
UnityEngine.DebugLogHandler:Internal_Log(LogType, LogOption, String, Object)
UnityEngine.Logger:Log(LogType, Object)
UnityEngine.Debug:Log(Object)
UIButtonHoverScale:IsMouseOverButton() (at D:/unity/FetaherLand623/FeatherLandNew/Assets/Scripts/UIButtonHoverScale.cs:458)
UIButtonHoverScale:Update() (at D:/unity/FetaherLand623/FeatherLandNew/Assets/Scripts/UIButtonHoverScale.cs:236)

[SteamButton] 鼠标在按钮区域内: (-240.30, 12.82), 按钮区域: (x:-303.00, y:-57.50, width:606.00, height:115.00)
UnityEngine.DebugLogHandler:Internal_Log(LogType, LogOption, String, Object)
UnityEngine.Logger:Log(LogType, Object)
UnityEngine.Debug:Log(Object)
UIButtonHoverScale:IsMouseOverButton() (at D:/unity/FetaherLand623/FeatherLandNew/Assets/Scripts/UIButtonHoverScale.cs:458)
UIButtonHoverScale:Update() (at D:/unity/FetaherLand623/FeatherLandNew/Assets/Scripts/UIButtonHoverScale.cs:236)

[SteamButton] 鼠标在按钮区域内: (-233.03, 20.09), 按钮区域: (x:-303.00, y:-57.50, width:606.00, height:115.00)
UnityEngine.DebugLogHandler:Internal_Log(LogType, LogOption, String, Object)
UnityEngine.Logger:Log(LogType, Object)
UnityEngine.Debug:Log(Object)
UIButtonHoverScale:IsMouseOverButton() (at D:/unity/FetaherLand623/FeatherLandNew/Assets/Scripts/UIButtonHoverScale.cs:458)
UIButtonHoverScale:Update() (at D:/unity/FetaherLand623/FeatherLandNew/Assets/Scripts/UIButtonHoverScale.cs:236)

[SteamButton] 鼠标在按钮区域内: (-230.61, 22.51), 按钮区域: (x:-303.00, y:-57.50, width:606.00, height:115.00)
UnityEngine.DebugLogHandler:Internal_Log(LogType, LogOption, String, Object)
UnityEngine.Logger:Log(LogType, Object)
UnityEngine.Debug:Log(Object)
UIButtonHoverScale:IsMouseOverButton() (at D:/unity/FetaherLand623/FeatherLandNew/Assets/Scripts/UIButtonHoverScale.cs:458)
UIButtonHoverScale:Update() (at D:/unity/FetaherLand623/FeatherLandNew/Assets/Scripts/UIButtonHoverScale.cs:236)

[SteamButton] 鼠标在按钮区域内: (-220.91, 29.78), 按钮区域: (x:-303.00, y:-57.50, width:606.00, height:115.00)
UnityEngine.DebugLogHandler:Internal_Log(LogType, LogOption, String, Object)
UnityEngine.Logger:Log(LogType, Object)
UnityEngine.Debug:Log(Object)
UIButtonHoverScale:IsMouseOverButton() (at D:/unity/FetaherLand623/FeatherLandNew/Assets/Scripts/UIButtonHoverScale.cs:458)
UIButtonHoverScale:Update() (at D:/unity/FetaherLand623/FeatherLandNew/Assets/Scripts/UIButtonHoverScale.cs:236)

[SteamButton] 鼠标在按钮区域内: (-208.79, 34.63), 按钮区域: (x:-303.00, y:-57.50, width:606.00, height:115.00)
UnityEngine.DebugLogHandler:Internal_Log(LogType, LogOption, String, Object)
UnityEngine.Logger:Log(LogType, Object)
UnityEngine.Debug:Log(Object)
UIButtonHoverScale:IsMouseOverButton() (at D:/unity/FetaherLand623/FeatherLandNew/Assets/Scripts/UIButtonHoverScale.cs:458)
UIButtonHoverScale:Update() (at D:/unity/FetaherLand623/FeatherLandNew/Assets/Scripts/UIButtonHoverScale.cs:236)

[SteamButton] 鼠标在按钮区域内: (-201.52, 41.91), 按钮区域: (x:-303.00, y:-57.50, width:606.00, height:115.00)
UnityEngine.DebugLogHandler:Internal_Log(LogType, LogOption, String, Object)
UnityEngine.Logger:Log(LogType, Object)
UnityEngine.Debug:Log(Object)
UIButtonHoverScale:IsMouseOverButton() (at D:/unity/FetaherLand623/FeatherLandNew/Assets/Scripts/UIButtonHoverScale.cs:458)
UIButtonHoverScale:Update() (at D:/unity/FetaherLand623/FeatherLandNew/Assets/Scripts/UIButtonHoverScale.cs:236)

[SteamButton] 鼠标在按钮区域内: (-191.82, 46.75), 按钮区域: (x:-303.00, y:-57.50, width:606.00, height:115.00)
UnityEngine.DebugLogHandler:Internal_Log(LogType, LogOption, String, Object)
UnityEngine.Logger:Log(LogType, Object)
UnityEngine.Debug:Log(Object)
UIButtonHoverScale:IsMouseOverButton() (at D:/unity/FetaherLand623/FeatherLandNew/Assets/Scripts/UIButtonHoverScale.cs:458)
UIButtonHoverScale:Update() (at D:/unity/FetaherLand623/FeatherLandNew/Assets/Scripts/UIButtonHoverScale.cs:236)

[SteamButton] 鼠标在按钮区域内: (-179.70, 56.45), 按钮区域: (x:-303.00, y:-57.50, width:606.00, height:115.00)
UnityEngine.DebugLogHandler:Internal_Log(LogType, LogOption, String, Object)
UnityEngine.Logger:Log(LogType, Object)
UnityEngine.Debug:Log(Object)
UIButtonHoverScale:IsMouseOverButton() (at D:/unity/FetaherLand623/FeatherLandNew/Assets/Scripts/UIButtonHoverScale.cs:458)
UIButtonHoverScale:Update() (at D:/unity/FetaherLand623/FeatherLandNew/Assets/Scripts/UIButtonHoverScale.cs:236)

[QuestionButton] 鼠标在按钮区域内: (-173.67, -55.08), 按钮区域: (x:-305.50, y:-60.00, width:611.00, height:120.00)
UnityEngine.DebugLogHandler:Internal_Log(LogType, LogOption, String, Object)
UnityEngine.Logger:Log(LogType, Object)
UnityEngine.Debug:Log(Object)
UIButtonHoverScale:IsMouseOverButton() (at D:/unity/FetaherLand623/FeatherLandNew/Assets/Scripts/UIButtonHoverScale.cs:458)
UIButtonHoverScale:Update() (at D:/unity/FetaherLand623/FeatherLandNew/Assets/Scripts/UIButtonHoverScale.cs:236)

[QuestionButton] 鼠标在按钮区域内: (-153.03, -47.65), 按钮区域: (x:-305.50, y:-60.00, width:611.00, height:120.00)
UnityEngine.DebugLogHandler:Internal_Log(LogType, LogOption, String, Object)
UnityEngine.Logger:Log(LogType, Object)
UnityEngine.Debug:Log(Object)
UIButtonHoverScale:IsMouseOverButton() (at D:/unity/FetaherLand623/FeatherLandNew/Assets/Scripts/UIButtonHoverScale.cs:458)
UIButtonHoverScale:Update() (at D:/unity/FetaherLand623/FeatherLandNew/Assets/Scripts/UIButtonHoverScale.cs:236)

[QuestionButton] 鼠标在按钮区域内: (-148.18, -45.22), 按钮区域: (x:-305.50, y:-60.00, width:611.00, height:120.00)
UnityEngine.DebugLogHandler:Internal_Log(LogType, LogOption, String, Object)
UnityEngine.Logger:Log(LogType, Object)
UnityEngine.Debug:Log(Object)
UIButtonHoverScale:IsMouseOverButton() (at D:/unity/FetaherLand623/FeatherLandNew/Assets/Scripts/UIButtonHoverScale.cs:458)
UIButtonHoverScale:Update() (at D:/unity/FetaherLand623/FeatherLandNew/Assets/Scripts/UIButtonHoverScale.cs:236)

[QuestionButton] 鼠标在按钮区域内: (-148.18, -45.22), 按钮区域: (x:-305.50, y:-60.00, width:611.00, height:120.00)
UnityEngine.DebugLogHandler:Internal_Log(LogType, LogOption, String, Object)
UnityEngine.Logger:Log(LogType, Object)
UnityEngine.Debug:Log(Object)
UIButtonHoverScale:IsMouseOverButton() (at D:/unity/FetaherLand623/FeatherLandNew/Assets/Scripts/UIButtonHoverScale.cs:458)
UIButtonHoverScale:Update() (at D:/unity/FetaherLand623/FeatherLandNew/Assets/Scripts/UIButtonHoverScale.cs:236)

[QuestionButton] 鼠标在按钮区域内: (-148.18, -45.22), 按钮区域: (x:-305.50, y:-60.00, width:611.00, height:120.00)
UnityEngine.DebugLogHandler:Internal_Log(LogType, LogOption, String, Object)
UnityEngine.Logger:Log(LogType, Object)
UnityEngine.Debug:Log(Object)
UIButtonHoverScale:IsMouseOverButton() (at D:/unity/FetaherLand623/FeatherLandNew/Assets/Scripts/UIButtonHoverScale.cs:458)
UIButtonHoverScale:Update() (at D:/unity/FetaherLand623/FeatherLandNew/Assets/Scripts/UIButtonHoverScale.cs:236)

[QuestionButton] 鼠标在按钮区域内: (-148.18, -45.22), 按钮区域: (x:-305.50, y:-60.00, width:611.00, height:120.00)
UnityEngine.DebugLogHandler:Internal_Log(LogType, LogOption, String, Object)
UnityEngine.Logger:Log(LogType, Object)
UnityEngine.Debug:Log(Object)
UIButtonHoverScale:IsMouseOverButton() (at D:/unity/FetaherLand623/FeatherLandNew/Assets/Scripts/UIButtonHoverScale.cs:458)
UIButtonHoverScale:Update() (at D:/unity/FetaherLand623/FeatherLandNew/Assets/Scripts/UIButtonHoverScale.cs:236)

[QuestionButton] 鼠标在按钮区域内: (-148.18, -45.22), 按钮区域: (x:-305.50, y:-60.00, width:611.00, height:120.00)
UnityEngine.DebugLogHandler:Internal_Log(LogType, LogOption, String, Object)
UnityEngine.Logger:Log(LogType, Object)
UnityEngine.Debug:Log(Object)
UIButtonHoverScale:IsMouseOverButton() (at D:/unity/FetaherLand623/FeatherLandNew/Assets/Scripts/UIButtonHoverScale.cs:458)
UIButtonHoverScale:Update() (at D:/unity/FetaherLand623/FeatherLandNew/Assets/Scripts/UIButtonHoverScale.cs:236)

[QuestionButton] 鼠标在按钮区域内: (-148.18, -45.22), 按钮区域: (x:-305.50, y:-60.00, width:611.00, height:120.00)
UnityEngine.DebugLogHandler:Internal_Log(LogType, LogOption, String, Object)
UnityEngine.Logger:Log(LogType, Object)
UnityEngine.Debug:Log(Object)
UIButtonHoverScale:IsMouseOverButton() (at D:/unity/FetaherLand623/FeatherLandNew/Assets/Scripts/UIButtonHoverScale.cs:458)
UIButtonHoverScale:Update() (at D:/unity/FetaherLand623/FeatherLandNew/Assets/Scripts/UIButtonHoverScale.cs:236)

[QuestionButton] 鼠标在按钮区域内: (-148.18, -45.22), 按钮区域: (x:-305.50, y:-60.00, width:611.00, height:120.00)
UnityEngine.DebugLogHandler:Internal_Log(LogType, LogOption, String, Object)
UnityEngine.Logger:Log(LogType, Object)
UnityEngine.Debug:Log(Object)
UIButtonHoverScale:IsMouseOverButton() (at D:/unity/FetaherLand623/FeatherLandNew/Assets/Scripts/UIButtonHoverScale.cs:458)
UIButtonHoverScale:Update() (at D:/unity/FetaherLand623/FeatherLandNew/Assets/Scripts/UIButtonHoverScale.cs:236)

[QuestionButton] 鼠标在按钮区域内: (-148.18, -45.22), 按钮区域: (x:-305.50, y:-60.00, width:611.00, height:120.00)
UnityEngine.DebugLogHandler:Internal_Log(LogType, LogOption, String, Object)
UnityEngine.Logger:Log(LogType, Object)
UnityEngine.Debug:Log(Object)
UIButtonHoverScale:IsMouseOverButton() (at D:/unity/FetaherLand623/FeatherLandNew/Assets/Scripts/UIButtonHoverScale.cs:458)
UIButtonHoverScale:Update() (at D:/unity/FetaherLand623/FeatherLandNew/Assets/Scripts/UIButtonHoverScale.cs:236)

[QuestionButton] 鼠标在按钮区域内: (-148.18, -45.22), 按钮区域: (x:-305.50, y:-60.00, width:611.00, height:120.00)
UnityEngine.DebugLogHandler:Internal_Log(LogType, LogOption, String, Object)
UnityEngine.Logger:Log(LogType, Object)
UnityEngine.Debug:Log(Object)
UIButtonHoverScale:IsMouseOverButton() (at D:/unity/FetaherLand623/FeatherLandNew/Assets/Scripts/UIButtonHoverScale.cs:458)
UIButtonHoverScale:Update() (at D:/unity/FetaherLand623/FeatherLandNew/Assets/Scripts/UIButtonHoverScale.cs:236)

[QuestionButton] 鼠标在按钮区域内: (-148.18, -45.22), 按钮区域: (x:-305.50, y:-60.00, width:611.00, height:120.00)
UnityEngine.DebugLogHandler:Internal_Log(LogType, LogOption, String, Object)
UnityEngine.Logger:Log(LogType, Object)
UnityEngine.Debug:Log(Object)
UIButtonHoverScale:IsMouseOverButton() (at D:/unity/FetaherLand623/FeatherLandNew/Assets/Scripts/UIButtonHoverScale.cs:458)
UIButtonHoverScale:Update() (at D:/unity/FetaherLand623/FeatherLandNew/Assets/Scripts/UIButtonHoverScale.cs:236)

[QuestionButton] 鼠标在按钮区域内: (-148.18, -45.22), 按钮区域: (x:-305.50, y:-60.00, width:611.00, height:120.00)
UnityEngine.DebugLogHandler:Internal_Log(LogType, LogOption, String, Object)
UnityEngine.Logger:Log(LogType, Object)
UnityEngine.Debug:Log(Object)
UIButtonHoverScale:IsMouseOverButton() (at D:/unity/FetaherLand623/FeatherLandNew/Assets/Scripts/UIButtonHoverScale.cs:458)
UIButtonHoverScale:Update() (at D:/unity/FetaherLand623/FeatherLandNew/Assets/Scripts/UIButtonHoverScale.cs:236)

[QuestionButton] 鼠标在按钮区域内: (-148.18, -45.22), 按钮区域: (x:-305.50, y:-60.00, width:611.00, height:120.00)
UnityEngine.DebugLogHandler:Internal_Log(LogType, LogOption, String, Object)
UnityEngine.Logger:Log(LogType, Object)
UnityEngine.Debug:Log(Object)
UIButtonHoverScale:IsMouseOverButton() (at D:/unity/FetaherLand623/FeatherLandNew/Assets/Scripts/UIButtonHoverScale.cs:458)
UIButtonHoverScale:Update() (at D:/unity/FetaherLand623/FeatherLandNew/Assets/Scripts/UIButtonHoverScale.cs:236)

[QuestionButton] 鼠标在按钮区域内: (-148.18, -45.22), 按钮区域: (x:-305.50, y:-60.00, width:611.00, height:120.00)
UnityEngine.DebugLogHandler:Internal_Log(LogType, LogOption, String, Object)
UnityEngine.Logger:Log(LogType, Object)
UnityEngine.Debug:Log(Object)
UIButtonHoverScale:IsMouseOverButton() (at D:/unity/FetaherLand623/FeatherLandNew/Assets/Scripts/UIButtonHoverScale.cs:458)
UIButtonHoverScale:Update() (at D:/unity/FetaherLand623/FeatherLandNew/Assets/Scripts/UIButtonHoverScale.cs:236)

[QuestionButton] 鼠标在按钮区域内: (-148.18, -45.22), 按钮区域: (x:-305.50, y:-60.00, width:611.00, height:120.00)
UnityEngine.DebugLogHandler:Internal_Log(LogType, LogOption, String, Object)
UnityEngine.Logger:Log(LogType, Object)
UnityEngine.Debug:Log(Object)
UIButtonHoverScale:IsMouseOverButton() (at D:/unity/FetaherLand623/FeatherLandNew/Assets/Scripts/UIButtonHoverScale.cs:458)
UIButtonHoverScale:Update() (at D:/unity/FetaherLand623/FeatherLandNew/Assets/Scripts/UIButtonHoverScale.cs:236)

[QuestionButton] 鼠标在按钮区域内: (-150.61, -45.22), 按钮区域: (x:-305.50, y:-60.00, width:611.00, height:120.00)
UnityEngine.DebugLogHandler:Internal_Log(LogType, LogOption, String, Object)
UnityEngine.Logger:Log(LogType, Object)
UnityEngine.Debug:Log(Object)
UIButtonHoverScale:IsMouseOverButton() (at D:/unity/FetaherLand623/FeatherLandNew/Assets/Scripts/UIButtonHoverScale.cs:458)
UIButtonHoverScale:Update() (at D:/unity/FetaherLand623/FeatherLandNew/Assets/Scripts/UIButtonHoverScale.cs:236)

[QuestionButton] 鼠标在按钮区域内: (-153.03, -45.22), 按钮区域: (x:-305.50, y:-60.00, width:611.00, height:120.00)
UnityEngine.DebugLogHandler:Internal_Log(LogType, LogOption, String, Object)
UnityEngine.Logger:Log(LogType, Object)
UnityEngine.Debug:Log(Object)
UIButtonHoverScale:IsMouseOverButton() (at D:/unity/FetaherLand623/FeatherLandNew/Assets/Scripts/UIButtonHoverScale.cs:458)
UIButtonHoverScale:Update() (at D:/unity/FetaherLand623/FeatherLandNew/Assets/Scripts/UIButtonHoverScale.cs:236)

[QuestionButton] 鼠标在按钮区域内: (-157.88, -50.07), 按钮区域: (x:-305.50, y:-60.00, width:611.00, height:120.00)
UnityEngine.DebugLogHandler:Internal_Log(LogType, LogOption, String, Object)
UnityEngine.Logger:Log(LogType, Object)
UnityEngine.Debug:Log(Object)
UIButtonHoverScale:IsMouseOverButton() (at D:/unity/FetaherLand623/FeatherLandNew/Assets/Scripts/UIButtonHoverScale.cs:458)
UIButtonHoverScale:Update() (at D:/unity/FetaherLand623/FeatherLandNew/Assets/Scripts/UIButtonHoverScale.cs:236)

[QuestionButton] 鼠标在按钮区域内: (-160.30, -50.07), 按钮区域: (x:-305.50, y:-60.00, width:611.00, height:120.00)
UnityEngine.DebugLogHandler:Internal_Log(LogType, LogOption, String, Object)
UnityEngine.Logger:Log(LogType, Object)
UnityEngine.Debug:Log(Object)
UIButtonHoverScale:IsMouseOverButton() (at D:/unity/FetaherLand623/FeatherLandNew/Assets/Scripts/UIButtonHoverScale.cs:458)
UIButtonHoverScale:Update() (at D:/unity/FetaherLand623/FeatherLandNew/Assets/Scripts/UIButtonHoverScale.cs:236)

[QuestionButton] 鼠标在按钮区域内: (-160.30, -50.07), 按钮区域: (x:-305.50, y:-60.00, width:611.00, height:120.00)
UnityEngine.DebugLogHandler:Internal_Log(LogType, LogOption, String, Object)
UnityEngine.Logger:Log(LogType, Object)
UnityEngine.Debug:Log(Object)
UIButtonHoverScale:IsMouseOverButton() (at D:/unity/FetaherLand623/FeatherLandNew/Assets/Scripts/UIButtonHoverScale.cs:458)
UIButtonHoverScale:Update() (at D:/unity/FetaherLand623/FeatherLandNew/Assets/Scripts/UIButtonHoverScale.cs:236)

[QuestionButton] 鼠标在按钮区域内: (-160.30, -50.07), 按钮区域: (x:-305.50, y:-60.00, width:611.00, height:120.00)
UnityEngine.DebugLogHandler:Internal_Log(LogType, LogOption, String, Object)
UnityEngine.Logger:Log(LogType, Object)
UnityEngine.Debug:Log(Object)
UIButtonHoverScale:IsMouseOverButton() (at D:/unity/FetaherLand623/FeatherLandNew/Assets/Scripts/UIButtonHoverScale.cs:458)
UIButtonHoverScale:Update() (at D:/unity/FetaherLand623/FeatherLandNew/Assets/Scripts/UIButtonHoverScale.cs:236)

[QuestionButton] 鼠标在按钮区域内: (-160.30, -50.07), 按钮区域: (x:-305.50, y:-60.00, width:611.00, height:120.00)
UnityEngine.DebugLogHandler:Internal_Log(LogType, LogOption, String, Object)
UnityEngine.Logger:Log(LogType, Object)
UnityEngine.Debug:Log(Object)
UIButtonHoverScale:IsMouseOverButton() (at D:/unity/FetaherLand623/FeatherLandNew/Assets/Scripts/UIButtonHoverScale.cs:458)
UIButtonHoverScale:Update() (at D:/unity/FetaherLand623/FeatherLandNew/Assets/Scripts/UIButtonHoverScale.cs:236)

[QuestionButton] 鼠标在按钮区域内: (-160.30, -50.07), 按钮区域: (x:-305.50, y:-60.00, width:611.00, height:120.00)
UnityEngine.DebugLogHandler:Internal_Log(LogType, LogOption, String, Object)
UnityEngine.Logger:Log(LogType, Object)
UnityEngine.Debug:Log(Object)
UIButtonHoverScale:IsMouseOverButton() (at D:/unity/FetaherLand623/FeatherLandNew/Assets/Scripts/UIButtonHoverScale.cs:458)
UIButtonHoverScale:Update() (at D:/unity/FetaherLand623/FeatherLandNew/Assets/Scripts/UIButtonHoverScale.cs:236)

[QuestionButton] 鼠标在按钮区域内: (-160.30, -50.07), 按钮区域: (x:-305.50, y:-60.00, width:611.00, height:120.00)
UnityEngine.DebugLogHandler:Internal_Log(LogType, LogOption, String, Object)
UnityEngine.Logger:Log(LogType, Object)
UnityEngine.Debug:Log(Object)
UIButtonHoverScale:IsMouseOverButton() (at D:/unity/FetaherLand623/FeatherLandNew/Assets/Scripts/UIButtonHoverScale.cs:458)
UIButtonHoverScale:Update() (at D:/unity/FetaherLand623/FeatherLandNew/Assets/Scripts/UIButtonHoverScale.cs:236)

[QuestionButton] 鼠标在按钮区域内: (-160.30, -50.07), 按钮区域: (x:-305.50, y:-60.00, width:611.00, height:120.00)
UnityEngine.DebugLogHandler:Internal_Log(LogType, LogOption, String, Object)
UnityEngine.Logger:Log(LogType, Object)
UnityEngine.Debug:Log(Object)
UIButtonHoverScale:IsMouseOverButton() (at D:/unity/FetaherLand623/FeatherLandNew/Assets/Scripts/UIButtonHoverScale.cs:458)
UIButtonHoverScale:Update() (at D:/unity/FetaherLand623/FeatherLandNew/Assets/Scripts/UIButtonHoverScale.cs:236)

[QuestionButton] 鼠标在按钮区域内: (-160.30, -50.07), 按钮区域: (x:-305.50, y:-60.00, width:611.00, height:120.00)
UnityEngine.DebugLogHandler:Internal_Log(LogType, LogOption, String, Object)
UnityEngine.Logger:Log(LogType, Object)
UnityEngine.Debug:Log(Object)
UIButtonHoverScale:IsMouseOverButton() (at D:/unity/FetaherLand623/FeatherLandNew/Assets/Scripts/UIButtonHoverScale.cs:458)
UIButtonHoverScale:Update() (at D:/unity/FetaherLand623/FeatherLandNew/Assets/Scripts/UIButtonHoverScale.cs:236)

[QuestionButton] 鼠标在按钮区域内: (-160.30, -50.07), 按钮区域: (x:-305.50, y:-60.00, width:611.00, height:120.00)
UnityEngine.DebugLogHandler:Internal_Log(LogType, LogOption, String, Object)
UnityEngine.Logger:Log(LogType, Object)
UnityEngine.Debug:Log(Object)
UIButtonHoverScale:IsMouseOverButton() (at D:/unity/FetaherLand623/FeatherLandNew/Assets/Scripts/UIButtonHoverScale.cs:458)
UIButtonHoverScale:Update() (at D:/unity/FetaherLand623/FeatherLandNew/Assets/Scripts/UIButtonHoverScale.cs:236)

[QuestionButton] 鼠标在按钮区域内: (-160.30, -50.07), 按钮区域: (x:-305.50, y:-60.00, width:611.00, height:120.00)
UnityEngine.DebugLogHandler:Internal_Log(LogType, LogOption, String, Object)
UnityEngine.Logger:Log(LogType, Object)
UnityEngine.Debug:Log(Object)
UIButtonHoverScale:IsMouseOverButton() (at D:/unity/FetaherLand623/FeatherLandNew/Assets/Scripts/UIButtonHoverScale.cs:458)
UIButtonHoverScale:Update() (at D:/unity/FetaherLand623/FeatherLandNew/Assets/Scripts/UIButtonHoverScale.cs:236)

[QuestionButton] 鼠标在按钮区域内: (-160.30, -50.07), 按钮区域: (x:-305.50, y:-60.00, width:611.00, height:120.00)
UnityEngine.DebugLogHandler:Internal_Log(LogType, LogOption, String, Object)
UnityEngine.Logger:Log(LogType, Object)
UnityEngine.Debug:Log(Object)
UIButtonHoverScale:IsMouseOverButton() (at D:/unity/FetaherLand623/FeatherLandNew/Assets/Scripts/UIButtonHoverScale.cs:458)
UIButtonHoverScale:Update() (at D:/unity/FetaherLand623/FeatherLandNew/Assets/Scripts/UIButtonHoverScale.cs:236)

[QuestionButton] 鼠标在按钮区域内: (-160.30, -50.07), 按钮区域: (x:-305.50, y:-60.00, width:611.00, height:120.00)
UnityEngine.DebugLogHandler:Internal_Log(LogType, LogOption, String, Object)
UnityEngine.Logger:Log(LogType, Object)
UnityEngine.Debug:Log(Object)
UIButtonHoverScale:IsMouseOverButton() (at D:/unity/FetaherLand623/FeatherLandNew/Assets/Scripts/UIButtonHoverScale.cs:458)
UIButtonHoverScale:Update() (at D:/unity/FetaherLand623/FeatherLandNew/Assets/Scripts/UIButtonHoverScale.cs:236)

[QuestionButton] 鼠标在按钮区域内: (-165.15, -54.92), 按钮区域: (x:-305.50, y:-60.00, width:611.00, height:120.00)
UnityEngine.DebugLogHandler:Internal_Log(LogType, LogOption, String, Object)
UnityEngine.Logger:Log(LogType, Object)
UnityEngine.Debug:Log(Object)
UIButtonHoverScale:IsMouseOverButton() (at D:/unity/FetaherLand623/FeatherLandNew/Assets/Scripts/UIButtonHoverScale.cs:458)
UIButtonHoverScale:Update() (at D:/unity/FetaherLand623/FeatherLandNew/Assets/Scripts/UIButtonHoverScale.cs:236)

[QuestionButton] 鼠标在按钮区域内: (-165.15, -54.92), 按钮区域: (x:-305.50, y:-60.00, width:611.00, height:120.00)
UnityEngine.DebugLogHandler:Internal_Log(LogType, LogOption, String, Object)
UnityEngine.Logger:Log(LogType, Object)
UnityEngine.Debug:Log(Object)
UIButtonHoverScale:IsMouseOverButton() (at D:/unity/FetaherLand623/FeatherLandNew/Assets/Scripts/UIButtonHoverScale.cs:458)
UIButtonHoverScale:Update() (at D:/unity/FetaherLand623/FeatherLandNew/Assets/Scripts/UIButtonHoverScale.cs:236)

[QuestionButton] 鼠标在按钮区域内: (-167.58, -57.35), 按钮区域: (x:-305.50, y:-60.00, width:611.00, height:120.00)
UnityEngine.DebugLogHandler:Internal_Log(LogType, LogOption, String, Object)
UnityEngine.Logger:Log(LogType, Object)
UnityEngine.Debug:Log(Object)
UIButtonHoverScale:IsMouseOverButton() (at D:/unity/FetaherLand623/FeatherLandNew/Assets/Scripts/UIButtonHoverScale.cs:458)
UIButtonHoverScale:Update() (at D:/unity/FetaherLand623/FeatherLandNew/Assets/Scripts/UIButtonHoverScale.cs:236)

[QuestionButton] 鼠标在按钮区域内: (-170.00, -57.35), 按钮区域: (x:-305.50, y:-60.00, width:611.00, height:120.00)
UnityEngine.DebugLogHandler:Internal_Log(LogType, LogOption, String, Object)
UnityEngine.Logger:Log(LogType, Object)
UnityEngine.Debug:Log(Object)
UIButtonHoverScale:IsMouseOverButton() (at D:/unity/FetaherLand623/FeatherLandNew/Assets/Scripts/UIButtonHoverScale.cs:458)
UIButtonHoverScale:Update() (at D:/unity/FetaherLand623/FeatherLandNew/Assets/Scripts/UIButtonHoverScale.cs:236)

[QuestionButton] 鼠标在按钮区域内: (-179.70, -59.77), 按钮区域: (x:-305.50, y:-60.00, width:611.00, height:120.00)
UnityEngine.DebugLogHandler:Internal_Log(LogType, LogOption, String, Object)
UnityEngine.Logger:Log(LogType, Object)
UnityEngine.Debug:Log(Object)
UIButtonHoverScale:IsMouseOverButton() (at D:/unity/FetaherLand623/FeatherLandNew/Assets/Scripts/UIButtonHoverScale.cs:458)
UIButtonHoverScale:Update() (at D:/unity/FetaherLand623/FeatherLandNew/Assets/Scripts/UIButtonHoverScale.cs:236)

[QuestionButton] 鼠标在按钮区域内: (-182.12, -59.77), 按钮区域: (x:-305.50, y:-60.00, width:611.00, height:120.00)
UnityEngine.DebugLogHandler:Internal_Log(LogType, LogOption, String, Object)
UnityEngine.Logger:Log(LogType, Object)
UnityEngine.Debug:Log(Object)
UIButtonHoverScale:IsMouseOverButton() (at D:/unity/FetaherLand623/FeatherLandNew/Assets/Scripts/UIButtonHoverScale.cs:458)
UIButtonHoverScale:Update() (at D:/unity/FetaherLand623/FeatherLandNew/Assets/Scripts/UIButtonHoverScale.cs:236)

[QuestionButton] 鼠标在按钮区域内: (-191.82, -59.77), 按钮区域: (x:-305.50, y:-60.00, width:611.00, height:120.00)
UnityEngine.DebugLogHandler:Internal_Log(LogType, LogOption, String, Object)
UnityEngine.Logger:Log(LogType, Object)
UnityEngine.Debug:Log(Object)
UIButtonHoverScale:IsMouseOverButton() (at D:/unity/FetaherLand623/FeatherLandNew/Assets/Scripts/UIButtonHoverScale.cs:458)
UIButtonHoverScale:Update() (at D:/unity/FetaherLand623/FeatherLandNew/Assets/Scripts/UIButtonHoverScale.cs:236)

[QuestionButton] 鼠标在按钮区域内: (-196.67, -59.77), 按钮区域: (x:-305.50, y:-60.00, width:611.00, height:120.00)
UnityEngine.DebugLogHandler:Internal_Log(LogType, LogOption, String, Object)
UnityEngine.Logger:Log(LogType, Object)
UnityEngine.Debug:Log(Object)
UIButtonHoverScale:IsMouseOverButton() (at D:/unity/FetaherLand623/FeatherLandNew/Assets/Scripts/UIButtonHoverScale.cs:458)
UIButtonHoverScale:Update() (at D:/unity/FetaherLand623/FeatherLandNew/Assets/Scripts/UIButtonHoverScale.cs:236)

[QuestionButton] 鼠标在按钮区域内: (-199.09, -59.77), 按钮区域: (x:-305.50, y:-60.00, width:611.00, height:120.00)
UnityEngine.DebugLogHandler:Internal_Log(LogType, LogOption, String, Object)
UnityEngine.Logger:Log(LogType, Object)
UnityEngine.Debug:Log(Object)
UIButtonHoverScale:IsMouseOverButton() (at D:/unity/FetaherLand623/FeatherLandNew/Assets/Scripts/UIButtonHoverScale.cs:458)
UIButtonHoverScale:Update() (at D:/unity/FetaherLand623/FeatherLandNew/Assets/Scripts/UIButtonHoverScale.cs:236)

[QuestionButton] 鼠标在按钮区域内: (-206.36, -59.77), 按钮区域: (x:-305.50, y:-60.00, width:611.00, height:120.00)
UnityEngine.DebugLogHandler:Internal_Log(LogType, LogOption, String, Object)
UnityEngine.Logger:Log(LogType, Object)
UnityEngine.Debug:Log(Object)
UIButtonHoverScale:IsMouseOverButton() (at D:/unity/FetaherLand623/FeatherLandNew/Assets/Scripts/UIButtonHoverScale.cs:458)
UIButtonHoverScale:Update() (at D:/unity/FetaherLand623/FeatherLandNew/Assets/Scripts/UIButtonHoverScale.cs:236)

[QuestionButton] 鼠标在按钮区域内: (-206.36, -59.77), 按钮区域: (x:-305.50, y:-60.00, width:611.00, height:120.00)
UnityEngine.DebugLogHandler:Internal_Log(LogType, LogOption, String, Object)
UnityEngine.Logger:Log(LogType, Object)
UnityEngine.Debug:Log(Object)
UIButtonHoverScale:IsMouseOverButton() (at D:/unity/FetaherLand623/FeatherLandNew/Assets/Scripts/UIButtonHoverScale.cs:458)
UIButtonHoverScale:Update() (at D:/unity/FetaherLand623/FeatherLandNew/Assets/Scripts/UIButtonHoverScale.cs:236)

[QuestionButton] 鼠标在按钮区域内: (-206.36, -59.77), 按钮区域: (x:-305.50, y:-60.00, width:611.00, height:120.00)
UnityEngine.DebugLogHandler:Internal_Log(LogType, LogOption, String, Object)
UnityEngine.Logger:Log(LogType, Object)
UnityEngine.Debug:Log(Object)
UIButtonHoverScale:IsMouseOverButton() (at D:/unity/FetaherLand623/FeatherLandNew/Assets/Scripts/UIButtonHoverScale.cs:458)
UIButtonHoverScale:Update() (at D:/unity/FetaherLand623/FeatherLandNew/Assets/Scripts/UIButtonHoverScale.cs:236)

[QuestionButton] 鼠标在按钮区域内: (-206.36, -59.77), 按钮区域: (x:-305.50, y:-60.00, width:611.00, height:120.00)
UnityEngine.DebugLogHandler:Internal_Log(LogType, LogOption, String, Object)
UnityEngine.Logger:Log(LogType, Object)
UnityEngine.Debug:Log(Object)
UIButtonHoverScale:IsMouseOverButton() (at D:/unity/FetaherLand623/FeatherLandNew/Assets/Scripts/UIButtonHoverScale.cs:458)
UIButtonHoverScale:Update() (at D:/unity/FetaherLand623/FeatherLandNew/Assets/Scripts/UIButtonHoverScale.cs:236)

[QuestionButton] 鼠标在按钮区域内: (-206.36, -59.77), 按钮区域: (x:-305.50, y:-60.00, width:611.00, height:120.00)
UnityEngine.DebugLogHandler:Internal_Log(LogType, LogOption, String, Object)
UnityEngine.Logger:Log(LogType, Object)
UnityEngine.Debug:Log(Object)
UIButtonHoverScale:IsMouseOverButton() (at D:/unity/FetaherLand623/FeatherLandNew/Assets/Scripts/UIButtonHoverScale.cs:458)
UIButtonHoverScale:Update() (at D:/unity/FetaherLand623/FeatherLandNew/Assets/Scripts/UIButtonHoverScale.cs:236)

[QuestionButton] 鼠标在按钮区域内: (-206.36, -59.77), 按钮区域: (x:-305.50, y:-60.00, width:611.00, height:120.00)
UnityEngine.DebugLogHandler:Internal_Log(LogType, LogOption, String, Object)
UnityEngine.Logger:Log(LogType, Object)
UnityEngine.Debug:Log(Object)
UIButtonHoverScale:IsMouseOverButton() (at D:/unity/FetaherLand623/FeatherLandNew/Assets/Scripts/UIButtonHoverScale.cs:458)
UIButtonHoverScale:Update() (at D:/unity/FetaherLand623/FeatherLandNew/Assets/Scripts/UIButtonHoverScale.cs:236)

[SteamButton] 鼠标在按钮区域内: (-248.33, 56.76), 按钮区域: (x:-303.00, y:-57.50, width:606.00, height:115.00)
UnityEngine.DebugLogHandler:Internal_Log(LogType, LogOption, String, Object)
UnityEngine.Logger:Log(LogType, Object)
UnityEngine.Debug:Log(Object)
UIButtonHoverScale:IsMouseOverButton() (at D:/unity/FetaherLand623/FeatherLandNew/Assets/Scripts/UIButtonHoverScale.cs:458)
UIButtonHoverScale:Update() (at D:/unity/FetaherLand623/FeatherLandNew/Assets/Scripts/UIButtonHoverScale.cs:236)

[SteamButton] 鼠标在按钮区域内: (-230.61, 51.60), 按钮区域: (x:-303.00, y:-57.50, width:606.00, height:115.00)
UnityEngine.DebugLogHandler:Internal_Log(LogType, LogOption, String, Object)
UnityEngine.Logger:Log(LogType, Object)
UnityEngine.Debug:Log(Object)
UIButtonHoverScale:IsMouseOverButton() (at D:/unity/FetaherLand623/FeatherLandNew/Assets/Scripts/UIButtonHoverScale.cs:458)
UIButtonHoverScale:Update() (at D:/unity/FetaherLand623/FeatherLandNew/Assets/Scripts/UIButtonHoverScale.cs:236)

[SteamButton] 鼠标在按钮区域内: (-242.73, 44.33), 按钮区域: (x:-303.00, y:-57.50, width:606.00, height:115.00)
UnityEngine.DebugLogHandler:Internal_Log(LogType, LogOption, String, Object)
UnityEngine.Logger:Log(LogType, Object)
UnityEngine.Debug:Log(Object)
UIButtonHoverScale:IsMouseOverButton() (at D:/unity/FetaherLand623/FeatherLandNew/Assets/Scripts/UIButtonHoverScale.cs:458)
UIButtonHoverScale:Update() (at D:/unity/FetaherLand623/FeatherLandNew/Assets/Scripts/UIButtonHoverScale.cs:236)

[SteamButton] 鼠标在按钮区域内: (-252.42, 44.33), 按钮区域: (x:-303.00, y:-57.50, width:606.00, height:115.00)
UnityEngine.DebugLogHandler:Internal_Log(LogType, LogOption, String, Object)
UnityEngine.Logger:Log(LogType, Object)
UnityEngine.Debug:Log(Object)
UIButtonHoverScale:IsMouseOverButton() (at D:/unity/FetaherLand623/FeatherLandNew/Assets/Scripts/UIButtonHoverScale.cs:458)
UIButtonHoverScale:Update() (at D:/unity/FetaherLand623/FeatherLandNew/Assets/Scripts/UIButtonHoverScale.cs:236)

[SteamButton] 鼠标在按钮区域内: (-257.27, 44.33), 按钮区域: (x:-303.00, y:-57.50, width:606.00, height:115.00)
UnityEngine.DebugLogHandler:Internal_Log(LogType, LogOption, String, Object)
UnityEngine.Logger:Log(LogType, Object)
UnityEngine.Debug:Log(Object)
UIButtonHoverScale:IsMouseOverButton() (at D:/unity/FetaherLand623/FeatherLandNew/Assets/Scripts/UIButtonHoverScale.cs:458)
UIButtonHoverScale:Update() (at D:/unity/FetaherLand623/FeatherLandNew/Assets/Scripts/UIButtonHoverScale.cs:236)

[SteamButton] 鼠标在按钮区域内: (-257.27, 44.33), 按钮区域: (x:-303.00, y:-57.50, width:606.00, height:115.00)
UnityEngine.DebugLogHandler:Internal_Log(LogType, LogOption, String, Object)
UnityEngine.Logger:Log(LogType, Object)
UnityEngine.Debug:Log(Object)
UIButtonHoverScale:IsMouseOverButton() (at D:/unity/FetaherLand623/FeatherLandNew/Assets/Scripts/UIButtonHoverScale.cs:458)
UIButtonHoverScale:Update() (at D:/unity/FetaherLand623/FeatherLandNew/Assets/Scripts/UIButtonHoverScale.cs:236)

[SteamButton] 鼠标在按钮区域内: (-257.27, 44.33), 按钮区域: (x:-303.00, y:-57.50, width:606.00, height:115.00)
UnityEngine.DebugLogHandler:Internal_Log(LogType, LogOption, String, Object)
UnityEngine.Logger:Log(LogType, Object)
UnityEngine.Debug:Log(Object)
UIButtonHoverScale:IsMouseOverButton() (at D:/unity/FetaherLand623/FeatherLandNew/Assets/Scripts/UIButtonHoverScale.cs:458)
UIButtonHoverScale:Update() (at D:/unity/FetaherLand623/FeatherLandNew/Assets/Scripts/UIButtonHoverScale.cs:236)

[SteamButton] 鼠标在按钮区域内: (-257.27, 44.33), 按钮区域: (x:-303.00, y:-57.50, width:606.00, height:115.00)
UnityEngine.DebugLogHandler:Internal_Log(LogType, LogOption, String, Object)
UnityEngine.Logger:Log(LogType, Object)
UnityEngine.Debug:Log(Object)
UIButtonHoverScale:IsMouseOverButton() (at D:/unity/FetaherLand623/FeatherLandNew/Assets/Scripts/UIButtonHoverScale.cs:458)
UIButtonHoverScale:Update() (at D:/unity/FetaherLand623/FeatherLandNew/Assets/Scripts/UIButtonHoverScale.cs:236)

[SteamButton] 鼠标在按钮区域内: (-257.27, 44.33), 按钮区域: (x:-303.00, y:-57.50, width:606.00, height:115.00)
UnityEngine.DebugLogHandler:Internal_Log(LogType, LogOption, String, Object)
UnityEngine.Logger:Log(LogType, Object)
UnityEngine.Debug:Log(Object)
UIButtonHoverScale:IsMouseOverButton() (at D:/unity/FetaherLand623/FeatherLandNew/Assets/Scripts/UIButtonHoverScale.cs:458)
UIButtonHoverScale:Update() (at D:/unity/FetaherLand623/FeatherLandNew/Assets/Scripts/UIButtonHoverScale.cs:236)

[SteamButton] 鼠标在按钮区域内: (-257.27, 44.33), 按钮区域: (x:-303.00, y:-57.50, width:606.00, height:115.00)
UnityEngine.DebugLogHandler:Internal_Log(LogType, LogOption, String, Object)
UnityEngine.Logger:Log(LogType, Object)
UnityEngine.Debug:Log(Object)
UIButtonHoverScale:IsMouseOverButton() (at D:/unity/FetaherLand623/FeatherLandNew/Assets/Scripts/UIButtonHoverScale.cs:458)
UIButtonHoverScale:Update() (at D:/unity/FetaherLand623/FeatherLandNew/Assets/Scripts/UIButtonHoverScale.cs:236)

[SteamButton] 鼠标在按钮区域内: (-257.27, 44.33), 按钮区域: (x:-303.00, y:-57.50, width:606.00, height:115.00)
UnityEngine.DebugLogHandler:Internal_Log(LogType, LogOption, String, Object)
UnityEngine.Logger:Log(LogType, Object)
UnityEngine.Debug:Log(Object)
UIButtonHoverScale:IsMouseOverButton() (at D:/unity/FetaherLand623/FeatherLandNew/Assets/Scripts/UIButtonHoverScale.cs:458)
UIButtonHoverScale:Update() (at D:/unity/FetaherLand623/FeatherLandNew/Assets/Scripts/UIButtonHoverScale.cs:236)

[SteamButton] 鼠标在按钮区域内: (-257.27, 44.33), 按钮区域: (x:-303.00, y:-57.50, width:606.00, height:115.00)
UnityEngine.DebugLogHandler:Internal_Log(LogType, LogOption, String, Object)
UnityEngine.Logger:Log(LogType, Object)
UnityEngine.Debug:Log(Object)
UIButtonHoverScale:IsMouseOverButton() (at D:/unity/FetaherLand623/FeatherLandNew/Assets/Scripts/UIButtonHoverScale.cs:458)
UIButtonHoverScale:Update() (at D:/unity/FetaherLand623/FeatherLandNew/Assets/Scripts/UIButtonHoverScale.cs:236)

[SteamButton] 鼠标在按钮区域内: (-257.27, 44.33), 按钮区域: (x:-303.00, y:-57.50, width:606.00, height:115.00)
UnityEngine.DebugLogHandler:Internal_Log(LogType, LogOption, String, Object)
UnityEngine.Logger:Log(LogType, Object)
UnityEngine.Debug:Log(Object)
UIButtonHoverScale:IsMouseOverButton() (at D:/unity/FetaherLand623/FeatherLandNew/Assets/Scripts/UIButtonHoverScale.cs:458)
UIButtonHoverScale:Update() (at D:/unity/FetaherLand623/FeatherLandNew/Assets/Scripts/UIButtonHoverScale.cs:236)

[SteamButton] 鼠标在按钮区域内: (-257.27, 44.33), 按钮区域: (x:-303.00, y:-57.50, width:606.00, height:115.00)
UnityEngine.DebugLogHandler:Internal_Log(LogType, LogOption, String, Object)
UnityEngine.Logger:Log(LogType, Object)
UnityEngine.Debug:Log(Object)
UIButtonHoverScale:IsMouseOverButton() (at D:/unity/FetaherLand623/FeatherLandNew/Assets/Scripts/UIButtonHoverScale.cs:458)
UIButtonHoverScale:Update() (at D:/unity/FetaherLand623/FeatherLandNew/Assets/Scripts/UIButtonHoverScale.cs:236)

[SteamButton] 鼠标在按钮区域内: (-257.27, 44.33), 按钮区域: (x:-303.00, y:-57.50, width:606.00, height:115.00)
UnityEngine.DebugLogHandler:Internal_Log(LogType, LogOption, String, Object)
UnityEngine.Logger:Log(LogType, Object)
UnityEngine.Debug:Log(Object)
UIButtonHoverScale:IsMouseOverButton() (at D:/unity/FetaherLand623/FeatherLandNew/Assets/Scripts/UIButtonHoverScale.cs:458)
UIButtonHoverScale:Update() (at D:/unity/FetaherLand623/FeatherLandNew/Assets/Scripts/UIButtonHoverScale.cs:236)

[SteamButton] 鼠标在按钮区域内: (-257.27, 44.33), 按钮区域: (x:-303.00, y:-57.50, width:606.00, height:115.00)
UnityEngine.DebugLogHandler:Internal_Log(LogType, LogOption, String, Object)
UnityEngine.Logger:Log(LogType, Object)
UnityEngine.Debug:Log(Object)
UIButtonHoverScale:IsMouseOverButton() (at D:/unity/FetaherLand623/FeatherLandNew/Assets/Scripts/UIButtonHoverScale.cs:458)
UIButtonHoverScale:Update() (at D:/unity/FetaherLand623/FeatherLandNew/Assets/Scripts/UIButtonHoverScale.cs:236)

[SteamButton] 鼠标在按钮区域内: (-257.27, 44.33), 按钮区域: (x:-303.00, y:-57.50, width:606.00, height:115.00)
UnityEngine.DebugLogHandler:Internal_Log(LogType, LogOption, String, Object)
UnityEngine.Logger:Log(LogType, Object)
UnityEngine.Debug:Log(Object)
UIButtonHoverScale:IsMouseOverButton() (at D:/unity/FetaherLand623/FeatherLandNew/Assets/Scripts/UIButtonHoverScale.cs:458)
UIButtonHoverScale:Update() (at D:/unity/FetaherLand623/FeatherLandNew/Assets/Scripts/UIButtonHoverScale.cs:236)

[SteamButton] 鼠标在按钮区域内: (-257.27, 44.33), 按钮区域: (x:-303.00, y:-57.50, width:606.00, height:115.00)
UnityEngine.DebugLogHandler:Internal_Log(LogType, LogOption, String, Object)
UnityEngine.Logger:Log(LogType, Object)
UnityEngine.Debug:Log(Object)
UIButtonHoverScale:IsMouseOverButton() (at D:/unity/FetaherLand623/FeatherLandNew/Assets/Scripts/UIButtonHoverScale.cs:458)
UIButtonHoverScale:Update() (at D:/unity/FetaherLand623/FeatherLandNew/Assets/Scripts/UIButtonHoverScale.cs:236)

[SteamButton] 鼠标在按钮区域内: (-257.27, 44.33), 按钮区域: (x:-303.00, y:-57.50, width:606.00, height:115.00)
UnityEngine.DebugLogHandler:Internal_Log(LogType, LogOption, String, Object)
UnityEngine.Logger:Log(LogType, Object)
UnityEngine.Debug:Log(Object)
UIButtonHoverScale:IsMouseOverButton() (at D:/unity/FetaherLand623/FeatherLandNew/Assets/Scripts/UIButtonHoverScale.cs:458)
UIButtonHoverScale:Update() (at D:/unity/FetaherLand623/FeatherLandNew/Assets/Scripts/UIButtonHoverScale.cs:236)

[SteamButton] 鼠标在按钮区域内: (-257.27, 44.33), 按钮区域: (x:-303.00, y:-57.50, width:606.00, height:115.00)
UnityEngine.DebugLogHandler:Internal_Log(LogType, LogOption, String, Object)
UnityEngine.Logger:Log(LogType, Object)
UnityEngine.Debug:Log(Object)
UIButtonHoverScale:IsMouseOverButton() (at D:/unity/FetaherLand623/FeatherLandNew/Assets/Scripts/UIButtonHoverScale.cs:458)
UIButtonHoverScale:Update() (at D:/unity/FetaherLand623/FeatherLandNew/Assets/Scripts/UIButtonHoverScale.cs:236)

[SteamButton] 鼠标在按钮区域内: (-257.27, 44.33), 按钮区域: (x:-303.00, y:-57.50, width:606.00, height:115.00)
UnityEngine.DebugLogHandler:Internal_Log(LogType, LogOption, String, Object)
UnityEngine.Logger:Log(LogType, Object)
UnityEngine.Debug:Log(Object)
UIButtonHoverScale:IsMouseOverButton() (at D:/unity/FetaherLand623/FeatherLandNew/Assets/Scripts/UIButtonHoverScale.cs:458)
UIButtonHoverScale:Update() (at D:/unity/FetaherLand623/FeatherLandNew/Assets/Scripts/UIButtonHoverScale.cs:236)

[SteamButton] 鼠标在按钮区域内: (-257.27, 44.33), 按钮区域: (x:-303.00, y:-57.50, width:606.00, height:115.00)
UnityEngine.DebugLogHandler:Internal_Log(LogType, LogOption, String, Object)
UnityEngine.Logger:Log(LogType, Object)
UnityEngine.Debug:Log(Object)
UIButtonHoverScale:IsMouseOverButton() (at D:/unity/FetaherLand623/FeatherLandNew/Assets/Scripts/UIButtonHoverScale.cs:458)
UIButtonHoverScale:Update() (at D:/unity/FetaherLand623/FeatherLandNew/Assets/Scripts/UIButtonHoverScale.cs:236)

[SteamButton] 鼠标在按钮区域内: (-257.27, 44.33), 按钮区域: (x:-303.00, y:-57.50, width:606.00, height:115.00)
UnityEngine.DebugLogHandler:Internal_Log(LogType, LogOption, String, Object)
UnityEngine.Logger:Log(LogType, Object)
UnityEngine.Debug:Log(Object)
UIButtonHoverScale:IsMouseOverButton() (at D:/unity/FetaherLand623/FeatherLandNew/Assets/Scripts/UIButtonHoverScale.cs:458)
UIButtonHoverScale:Update() (at D:/unity/FetaherLand623/FeatherLandNew/Assets/Scripts/UIButtonHoverScale.cs:236)

[SteamButton] 鼠标在按钮区域内: (-257.27, 44.33), 按钮区域: (x:-303.00, y:-57.50, width:606.00, height:115.00)
UnityEngine.DebugLogHandler:Internal_Log(LogType, LogOption, String, Object)
UnityEngine.Logger:Log(LogType, Object)
UnityEngine.Debug:Log(Object)
UIButtonHoverScale:IsMouseOverButton() (at D:/unity/FetaherLand623/FeatherLandNew/Assets/Scripts/UIButtonHoverScale.cs:458)
UIButtonHoverScale:Update() (at D:/unity/FetaherLand623/FeatherLandNew/Assets/Scripts/UIButtonHoverScale.cs:236)

[SteamButton] 鼠标在按钮区域内: (-257.27, 44.33), 按钮区域: (x:-303.00, y:-57.50, width:606.00, height:115.00)
UnityEngine.DebugLogHandler:Internal_Log(LogType, LogOption, String, Object)
UnityEngine.Logger:Log(LogType, Object)
UnityEngine.Debug:Log(Object)
UIButtonHoverScale:IsMouseOverButton() (at D:/unity/FetaherLand623/FeatherLandNew/Assets/Scripts/UIButtonHoverScale.cs:458)
UIButtonHoverScale:Update() (at D:/unity/FetaherLand623/FeatherLandNew/Assets/Scripts/UIButtonHoverScale.cs:236)

[SteamButton] 鼠标在按钮区域内: (-257.27, 44.33), 按钮区域: (x:-303.00, y:-57.50, width:606.00, height:115.00)
UnityEngine.DebugLogHandler:Internal_Log(LogType, LogOption, String, Object)
UnityEngine.Logger:Log(LogType, Object)
UnityEngine.Debug:Log(Object)
UIButtonHoverScale:IsMouseOverButton() (at D:/unity/FetaherLand623/FeatherLandNew/Assets/Scripts/UIButtonHoverScale.cs:458)
UIButtonHoverScale:Update() (at D:/unity/FetaherLand623/FeatherLandNew/Assets/Scripts/UIButtonHoverScale.cs:236)

[SteamButton] 鼠标在按钮区域内: (-257.27, 44.33), 按钮区域: (x:-303.00, y:-57.50, width:606.00, height:115.00)
UnityEngine.DebugLogHandler:Internal_Log(LogType, LogOption, String, Object)
UnityEngine.Logger:Log(LogType, Object)
UnityEngine.Debug:Log(Object)
UIButtonHoverScale:IsMouseOverButton() (at D:/unity/FetaherLand623/FeatherLandNew/Assets/Scripts/UIButtonHoverScale.cs:458)
UIButtonHoverScale:Update() (at D:/unity/FetaherLand623/FeatherLandNew/Assets/Scripts/UIButtonHoverScale.cs:236)

[SteamButton] 鼠标在按钮区域内: (-242.73, 44.33), 按钮区域: (x:-303.00, y:-57.50, width:606.00, height:115.00)
UnityEngine.DebugLogHandler:Internal_Log(LogType, LogOption, String, Object)
UnityEngine.Logger:Log(LogType, Object)
UnityEngine.Debug:Log(Object)
UIButtonHoverScale:IsMouseOverButton() (at D:/unity/FetaherLand623/FeatherLandNew/Assets/Scripts/UIButtonHoverScale.cs:458)
UIButtonHoverScale:Update() (at D:/unity/FetaherLand623/FeatherLandNew/Assets/Scripts/UIButtonHoverScale.cs:236)

[SteamButton] 鼠标在按钮区域内: (-153.03, 49.18), 按钮区域: (x:-303.00, y:-57.50, width:606.00, height:115.00)
UnityEngine.DebugLogHandler:Internal_Log(LogType, LogOption, String, Object)
UnityEngine.Logger:Log(LogType, Object)
UnityEngine.Debug:Log(Object)
UIButtonHoverScale:IsMouseOverButton() (at D:/unity/FetaherLand623/FeatherLandNew/Assets/Scripts/UIButtonHoverScale.cs:458)
UIButtonHoverScale:Update() (at D:/unity/FetaherLand623/FeatherLandNew/Assets/Scripts/UIButtonHoverScale.cs:236)

[QuestionButton] 鼠标在按钮区域内: (207.67, -39.08), 按钮区域: (x:-305.50, y:-60.00, width:611.00, height:120.00)
UnityEngine.DebugLogHandler:Internal_Log(LogType, LogOption, String, Object)
UnityEngine.Logger:Log(LogType, Object)
UnityEngine.Debug:Log(Object)
UIButtonHoverScale:IsMouseOverButton() (at D:/unity/FetaherLand623/FeatherLandNew/Assets/Scripts/UIButtonHoverScale.cs:458)
UIButtonHoverScale:Update() (at D:/unity/FetaherLand623/FeatherLandNew/Assets/Scripts/UIButtonHoverScale.cs:236)

存档更新成功! {"coins":179.8786163330078,"sceneDecorationInfos":[{"decorations":[{"count":0,"position":[],"usedFixedPositionIndices":[]},{"count":0,"position":[],"usedFixedPositionIndices":[]},{"count":0,"position":[],"usedFixedPositionIndices":[]},{"count":0,"position":[],"usedFixedPositionIndices":[]}]}],"sceneTools":[{"tools":[{"equipedId":0,"unlockedList":[0]},{"equipedId":0,"unlockedList":[]}]},{"tools":[]},{"tools":[]},{"tools":[]},{"tools":[]},{"tools":[]},{"tools":[]},{"tools":[]},{"tools":[]},{"tools":[]},{"tools":[]},{"tools":[]}]}
UnityEngine.DebugLogHandler:Internal_Log(LogType, LogOption, String, Object)
UnityEngine.Logger:Log(LogType, Object)
UnityEngine.Debug:Log(Object)
BirdGame.SaveSystem:SaveData(String, T) (at D:/unity/FetaherLand623/FeatherLandNew/Assets/Scripts/New/Systems/ISaveSystem.cs:80)
BirdGame.SaveSystem:SaveData() (at D:/unity/FetaherLand623/FeatherLandNew/Assets/Scripts/New/Systems/ISaveSystem.cs:278)
BirdGame.BirdSystem:SyncBirdDataToSave() (at D:/unity/FetaherLand623/FeatherLandNew/Assets/Scripts/New/Systems/IBirdSystem.cs:114)
BirdGame.BirdSystem:AddAllMapsIncome() (at D:/unity/FetaherLand623/FeatherLandNew/Assets/Scripts/New/Systems/IBirdSystem.cs:55)
BirdGame.<AllMapsIncomeCoroutine>d__5:MoveNext() (at D:/unity/FetaherLand623/FeatherLandNew/Assets/Scripts/New/Systems/IBirdSystem.cs:47)
UnityEngine.SetupCoroutine:InvokeMoveNext(IEnumerator, IntPtr)

存档更新成功! {"screenMode":1,"gameLanguage":40}
UnityEngine.DebugLogHandler:Internal_Log(LogType, LogOption, String, Object)
UnityEngine.Logger:Log(LogType, Object)
UnityEngine.Debug:Log(Object)
BirdGame.SaveSystem:SaveData(String, T) (at D:/unity/FetaherLand623/FeatherLandNew/Assets/Scripts/New/Systems/ISaveSystem.cs:80)
BirdGame.SaveSystem:SaveData() (at D:/unity/FetaherLand623/FeatherLandNew/Assets/Scripts/New/Systems/ISaveSystem.cs:279)
BirdGame.BirdSystem:SyncBirdDataToSave() (at D:/unity/FetaherLand623/FeatherLandNew/Assets/Scripts/New/Systems/IBirdSystem.cs:114)
BirdGame.BirdSystem:AddAllMapsIncome() (at D:/unity/FetaherLand623/FeatherLandNew/Assets/Scripts/New/Systems/IBirdSystem.cs:55)
BirdGame.<AllMapsIncomeCoroutine>d__5:MoveNext() (at D:/unity/FetaherLand623/FeatherLandNew/Assets/Scripts/New/Systems/IBirdSystem.cs:47)
UnityEngine.SetupCoroutine:InvokeMoveNext(IEnumerator, IntPtr)

存档更新成功! {"bgmVolume":0.5,"environmentVolumes":[0.0,0.6000000238418579,0.0,0.0,0.0,0.0,0.0],"likes":[]}
UnityEngine.DebugLogHandler:Internal_Log(LogType, LogOption, String, Object)
UnityEngine.Logger:Log(LogType, Object)
UnityEngine.Debug:Log(Object)
BirdGame.SaveSystem:SaveData(String, T) (at D:/unity/FetaherLand623/FeatherLandNew/Assets/Scripts/New/Systems/ISaveSystem.cs:80)
BirdGame.SaveSystem:SaveData() (at D:/unity/FetaherLand623/FeatherLandNew/Assets/Scripts/New/Systems/ISaveSystem.cs:280)
BirdGame.BirdSystem:SyncBirdDataToSave() (at D:/unity/FetaherLand623/FeatherLandNew/Assets/Scripts/New/Systems/IBirdSystem.cs:114)
BirdGame.BirdSystem:AddAllMapsIncome() (at D:/unity/FetaherLand623/FeatherLandNew/Assets/Scripts/New/Systems/IBirdSystem.cs:55)
BirdGame.<AllMapsIncomeCoroutine>d__5:MoveNext() (at D:/unity/FetaherLand623/FeatherLandNew/Assets/Scripts/New/Systems/IBirdSystem.cs:47)
UnityEngine.SetupCoroutine:InvokeMoveNext(IEnumerator, IntPtr)

存档更新成功! {"currentMap":0,"mapBirds":[{"birdList":[{"birdType":4,"customName":"","isSmall":false,"currentExp":11.0,"currentFavorability":0,"totalFavorability":10,"petTime":0.0,"position":{"x":-6.099569320678711,"y":4.298766136169434,"z":-0.008333267644047737},"walkArea":6,"isLocked":false,"individualEarningSmall":0.0,"individualEarningBig":0.17651669681072236,"individualPriceSmall":0.8665522336959839,"individualPriceBig":2.9868321418762209},{"birdType":21,"customName":"","isSmall":false,"currentExp":6.099996566772461,"currentFavorability":0,"totalFavorability":10,"petTime":0.0,"position":{"x":5.2829999923706059,"y":-1.2100000381469727,"z":-0.008333182893693447},"walkArea":4,"isLocked":false,"individualEarningSmall":0.0,"individualEarningBig":0.29302653670310976,"individualPriceSmall":0.9916295409202576,"individualPriceBig":3.346353054046631},{"birdType":6,"customName":"","isSmall":false,"currentExp":6.099996566772461,"currentFavorability":0,"totalFavorability":10,"petTime":0.0,"position":{"x":-1.3535079956054688,"y":-4.041537761688232,"z":-0.008333180099725724},"walkArea":3,"isLocked":false,"individualEarningSmall":0.0,"individualEarningBig":0.255359411239624,"individualPriceSmall":0.864160418510437,"individualPriceBig":2.9161956310272219},{"birdType":22,"customName":"","isSmall":false,"currentExp":6.099996566772461,"currentFavorability":0,"totalFavorability":10,"petTime":0.0,"position":{"x":1.9430954456329346,"y":-3.155545234680176,"z":-0.008333285339176655},"walkArea":6,"isLocked":false,"individualEarningSmall":0.0,"individualEarningBig":0.2127465307712555,"individualPriceSmall":0.7199543714523315,"individualPriceBig":2.429558038711548},{"birdType":3,"customName":"","isSmall":false,"currentExp":11.0,"currentFavorability":0,"totalFavorability":10,"petTime":0.0,"position":{"x":-11.144881248474121,"y":-5.947146892547607,"z":-0.008332952857017517},"walkArea":3,"isLocked":false,"individualEarningSmall":0.0,"individualEarningBig":0.5509607791900635,"individualPriceSmall":0.8730165958404541,"individualPriceBig":2.4732558727264406}],"eggList":[]}],"addedBirdCountList":[0]}
UnityEngine.DebugLogHandler:Internal_Log(LogType, LogOption, String, Object)
UnityEngine.Logger:Log(LogType, Object)
UnityEngine.Debug:Log(Object)
BirdGame.SaveSystem:SaveData(String, T) (at D:/unity/FetaherLand623/FeatherLandNew/Assets/Scripts/New/Systems/ISaveSystem.cs:80)
BirdGame.SaveSystem:SaveData() (at D:/unity/FetaherLand623/FeatherLandNew/Assets/Scripts/New/Systems/ISaveSystem.cs:281)
BirdGame.BirdSystem:SyncBirdDataToSave() (at D:/unity/FetaherLand623/FeatherLandNew/Assets/Scripts/New/Systems/IBirdSystem.cs:114)
BirdGame.BirdSystem:AddAllMapsIncome() (at D:/unity/FetaherLand623/FeatherLandNew/Assets/Scripts/New/Systems/IBirdSystem.cs:55)
BirdGame.<AllMapsIncomeCoroutine>d__5:MoveNext() (at D:/unity/FetaherLand623/FeatherLandNew/Assets/Scripts/New/Systems/IBirdSystem.cs:47)
UnityEngine.SetupCoroutine:InvokeMoveNext(IEnumerator, IntPtr)

存档更新成功! {"bookList":[]}
UnityEngine.DebugLogHandler:Internal_Log(LogType, LogOption, String, Object)
UnityEngine.Logger:Log(LogType, Object)
UnityEngine.Debug:Log(Object)
BirdGame.SaveSystem:SaveData(String, T) (at D:/unity/FetaherLand623/FeatherLandNew/Assets/Scripts/New/Systems/ISaveSystem.cs:80)
BirdGame.SaveSystem:SaveData() (at D:/unity/FetaherLand623/FeatherLandNew/Assets/Scripts/New/Systems/ISaveSystem.cs:282)
BirdGame.BirdSystem:SyncBirdDataToSave() (at D:/unity/FetaherLand623/FeatherLandNew/Assets/Scripts/New/Systems/IBirdSystem.cs:114)
BirdGame.BirdSystem:AddAllMapsIncome() (at D:/unity/FetaherLand623/FeatherLandNew/Assets/Scripts/New/Systems/IBirdSystem.cs:55)
BirdGame.<AllMapsIncomeCoroutine>d__5:MoveNext() (at D:/unity/FetaherLand623/FeatherLandNew/Assets/Scripts/New/Systems/IBirdSystem.cs:47)
UnityEngine.SetupCoroutine:InvokeMoveNext(IEnumerator, IntPtr)

存档更新成功! {"scheduleList":[{"scheduleText":"","isCompleted":false}]}
UnityEngine.DebugLogHandler:Internal_Log(LogType, LogOption, String, Object)
UnityEngine.Logger:Log(LogType, Object)
UnityEngine.Debug:Log(Object)
BirdGame.SaveSystem:SaveData(String, T) (at D:/unity/FetaherLand623/FeatherLandNew/Assets/Scripts/New/Systems/ISaveSystem.cs:80)
BirdGame.SaveSystem:SaveData() (at D:/unity/FetaherLand623/FeatherLandNew/Assets/Scripts/New/Systems/ISaveSystem.cs:283)
BirdGame.BirdSystem:SyncBirdDataToSave() (at D:/unity/FetaherLand623/FeatherLandNew/Assets/Scripts/New/Systems/IBirdSystem.cs:114)
BirdGame.BirdSystem:AddAllMapsIncome() (at D:/unity/FetaherLand623/FeatherLandNew/Assets/Scripts/New/Systems/IBirdSystem.cs:55)
BirdGame.<AllMapsIncomeCoroutine>d__5:MoveNext() (at D:/unity/FetaherLand623/FeatherLandNew/Assets/Scripts/New/Systems/IBirdSystem.cs:47)
UnityEngine.SetupCoroutine:InvokeMoveNext(IEnumerator, IntPtr)

存档更新成功! {"birds":[4,21,3,6,22]}
UnityEngine.DebugLogHandler:Internal_Log(LogType, LogOption, String, Object)
UnityEngine.Logger:Log(LogType, Object)
UnityEngine.Debug:Log(Object)
BirdGame.SaveSystem:SaveData(String, T) (at D:/unity/FetaherLand623/FeatherLandNew/Assets/Scripts/New/Systems/ISaveSystem.cs:80)
BirdGame.BirdSystem:SyncBirdDataToSave() (at D:/unity/FetaherLand623/FeatherLandNew/Assets/Scripts/New/Systems/IBirdSystem.cs:114)
BirdGame.BirdSystem:AddAllMapsIncome() (at D:/unity/FetaherLand623/FeatherLandNew/Assets/Scripts/New/Systems/IBirdSystem.cs:55)
BirdGame.<AllMapsIncomeCoroutine>d__5:MoveNext() (at D:/unity/FetaherLand623/FeatherLandNew/Assets/Scripts/New/Systems/IBirdSystem.cs:47)
UnityEngine.SetupCoroutine:InvokeMoveNext(IEnumerator, IntPtr)

不存在为8的区域!
UnityEngine.DebugLogHandler:Internal_Log(LogType, LogOption, String, Object)
UnityEngine.Logger:Log(LogType, Object)
UnityEngine.Debug:Log(Object)
NavigationManager:GetRandomTarget(Int32) (at D:/unity/FetaherLand623/FeatherLandNew/Assets/Scripts/Managers/NavigationManager.cs:165)
BirdGame.BirdFlyDownState:OnEnter() (at D:/unity/FetaherLand623/FeatherLandNew/Assets/Scripts/BirdStates/BirdFlyDownState.cs:37)
DG.Tweening.Tween:OnTweenCallback(TweenCallback, Tween)
DG.Tweening.Sequence:ApplyInternalCycle(Sequence, Single, Single, UpdateMode, Boolean, Boolean, Boolean)
DG.Tweening.Sequence:DoApplyTween(Sequence, Single, Int32, Int32, Boolean, UpdateMode)
DG.Tweening.Tween:DoGoto(Tween, Single, Int32, UpdateMode)
DG.Tweening.Core.TweenManager:Update(Tween, Single, Single, Boolean)
DG.Tweening.Core.TweenManager:Update(UpdateType, Single, Single)
DG.Tweening.Core.DOTweenComponent:Update()

不存在为8的区域!
UnityEngine.DebugLogHandler:Internal_Log(LogType, LogOption, String, Object)
UnityEngine.Logger:Log(LogType, Object)
UnityEngine.Debug:Log(Object)
NavigationManager:GetRandomTarget(Int32) (at D:/unity/FetaherLand623/FeatherLandNew/Assets/Scripts/Managers/NavigationManager.cs:165)
BirdGame.BirdFlyDownState:OnEnter() (at D:/unity/FetaherLand623/FeatherLandNew/Assets/Scripts/BirdStates/BirdFlyDownState.cs:37)
DG.Tweening.Tween:OnTweenCallback(TweenCallback, Tween)
DG.Tweening.Sequence:ApplyInternalCycle(Sequence, Single, Single, UpdateMode, Boolean, Boolean, Boolean)
DG.Tweening.Sequence:DoApplyTween(Sequence, Single, Int32, Int32, Boolean, UpdateMode)
DG.Tweening.Tween:DoGoto(Tween, Single, Int32, UpdateMode)
DG.Tweening.Core.TweenManager:Update(Tween, Single, Single, Boolean)
DG.Tweening.Core.TweenManager:Update(UpdateType, Single, Single)
DG.Tweening.Core.DOTweenComponent:Update()

